{"type":"FeatureCollection","features":[{"type":"Feature","geometry":{"type":"Polygon","coordinates":[[[14.759278,50.091939],[14.759261,50.091991],[14.759215,50.091985],[14.7592,50.092035],[14.759247,50.092041],[14.759238,50.092071],[14.759225,50.09207],[14.759172,50.092244],[14.759271,50.092257],[14.759364,50.091948],[14.759278,50.091939]]]},"properties":{"kod":14369010,"cislo":"1","typ":"budova s číslem popisným","vyuziti":"rodinný dům","cast_obce":"Tlustovousy","parcela":"Tlustovousy st. 6","dokonceni":"1945","byty":2,"podlazi":1,"plocha":256}},{"type":"Feature","geometry":{"type":"Polygon","coordinates":[[[14.759102,50.091677],[14.759148,50.091472],[14.759053,50.091464],[14.759007,50.091666],[14.759102,50.091677]]]},"properties":{"kod":14369028,"cislo":"2","typ":"budova s číslem popisným","vyuziti":"rodinný dům","cast_obce":"Tlustovousy","parcela":"Tlustovousy st. 7/3","dokonceni":"1919","byty":1,"podlazi":2,"plocha":157}},{"type":"Feature","geometry":{"type":"Polygon","coordinates":[[[14.753534,50.08889],[14.753636,50.088909],[14.753647,50.088882],[14.753686,50.088889],[14.753705,50.088843],[14.753667,50.088836],[14.753684,50.088795],[14.753583,50.088777],[14.753558,50.088835],[14.753533,50.088831],[14.75352,50.088861],[14.753545,50.088865],[14.753534,50.08889]]]},"properties":{"kod":14369036,"cislo":"3","typ":"budova s číslem popisným","vyuziti":"rodinný dům","cast_obce":"Tlustovousy","parcela":"Tlustovousy st. 70","dokonceni":"1970","byty":1,"podlazi":2,"plocha":120}},{"type":"Feature","geometry":{"type":"Polygon","coordinates":[[[14.758585,50.088071],[14.75846,50.088065],[14.758456,50.088102],[14.75843,50.088101],[14.758427,50.08813],[14.758454,50.088131],[14.758451,50.088155],[14.758576,50.088161],[14.758585,50.088071]]]},"properties":{"kod":14369044,"cislo":"4","typ":"budova s číslem popisným","vyuziti":"rodinný dům","cast_obce":"Tlustovousy","parcela":"Tlustovousy st. 78","dokonceni":"1970","byty":1,"podlazi":2,"plocha":96}},{"type":"Feature","geometry":{"type":"Polygon","coordinates":[[[14.758921,50.090219],[14.759001,50.09021],[14.758958,50.09007],[14.758879,50.090079],[14.758921,50.090219]]]},"properties":{"kod":14369052,"cislo":"5","typ":"budova s číslem popisným","vyuziti":"rodinný dům","cast_obce":"Tlustovousy","parcela":"Tlustovousy st. 30","dokonceni":null,"byty":1,"podlazi":1,"plocha":91}},{"type":"Feature","geometry":{"type":"Polygon","coordinates":[[[14.758837,50.089812],[14.75892,50.08983],[14.758996,50.089694],[14.758921,50.089677],[14.75888,50.089753],[14.758843,50.089745],[14.758831,50.089769],[14.758857,50.089775],[14.758837,50.089812]]]},"properties":{"kod":14369061,"cislo":"6","typ":"budova s číslem popisným","vyuziti":"rodinný dům","cast_obce":"Tlustovousy","parcela":"Tlustovousy st. 29","dokonceni":"1919","byty":1,"podlazi":1,"plocha":102}},{"type":"Feature","geometry":{"type":"Polygon","coordinates":[[[14.755324,50.089202],[14.755409,50.089207],[14.755418,50.089158],[14.755443,50.08916],[14.755459,50.089073],[14.755348,50.089065],[14.755324,50.089202]]]},"properties":{"kod":14369079,"cislo":"7","typ":"budova s číslem popisným","vyuziti":"rodinný dům","cast_obce":"Tlustovousy","parcela":"Tlustovousy st. 76","dokonceni":"2000","byty":1,"podlazi":2,"plocha":112}},{"type":"Feature","geometry":{"type":"Polygon","coordinates":[[[14.753887,50.091046],[14.753749,50.09102],[14.753713,50.091101],[14.753849,50.091129],[14.753887,50.091046]]]},"properties":{"kod":14369109,"cislo":"10","typ":"budova s číslem popisným","vyuziti":"rodinný dům","cast_obce":"Tlustovousy","parcela":"Tlustovousy st. 80","dokonceni":"1945","byty":1,"podlazi":1,"plocha":97}},{"type":"Feature","geometry":{"type":"Polygon","coordinates":[[[14.758552,50.08969],[14.758581,50.089906],[14.75866,50.0899],[14.758653,50.089858],[14.758689,50.089856],[14.758683,50.08981],[14.758647,50.089812],[14.758632,50.089685],[14.758552,50.08969]]]},"properties":{"kod":14369117,"cislo":"11","typ":"budova s číslem popisným","vyuziti":"rodinný dům","cast_obce":"Tlustovousy","parcela":"Tlustovousy st. 21","dokonceni":"1919","byty":1,"podlazi":1,"plocha":149}},{"type":"Feature","geometry":{"type":"Polygon","coordinates":[[[14.758539,50.09018],[14.758747,50.090156],[14.758713,50.090024],[14.758506,50.090047],[14.758539,50.09018]]]},"properties":{"kod":14369125,"cislo":"12","typ":"budova s číslem popisným","vyuziti":"rodinný dům","cast_obce":"Tlustovousy","parcela":"Tlustovousy st. 19/1","dokonceni":null,"byty":1,"podlazi":1,"plocha":225}},{"type":"Feature","geometry":{"type":"Polygon","coordinates":[[[14.758813,50.090418],[14.758711,50.090418],[14.758715,50.090624],[14.758817,50.090618],[14.758813,50.090418]]]},"properties":{"kod":14369133,"cislo":"13","typ":"budova s číslem popisným","vyuziti":"rodinný dům","cast_obce":"Tlustovousy","parcela":"Tlustovousy st. 18/1","dokonceni":null,"byty":2,"podlazi":1,"plocha":165}},{"type":"Feature","geometry":{"type":"Polygon","coordinates":[[[14.758423,50.090833],[14.758428,50.090981],[14.758548,50.090978],[14.758549,50.090941],[14.758502,50.090942],[14.758493,50.090831],[14.758423,50.090833]]]},"properties":{"kod":14369141,"cislo":"15","typ":"budova s číslem popisným","vyuziti":"rodinný dům","cast_obce":"Tlustovousy","parcela":"Tlustovousy st. 16","dokonceni":null,"byty":1,"podlazi":null,"plocha":100}},{"type":"Feature","geometry":{"type":"Polygon","coordinates":[[[14.758692,50.09135],[14.758709,50.091195],[14.758684,50.091194],[14.758689,50.091156],[14.758637,50.091153],[14.758628,50.091184],[14.758609,50.091348],[14.758692,50.09135]]]},"properties":{"kod":14369150,"cislo":"17","typ":"budova s číslem popisným","vyuziti":"rodinný dům","cast_obce":"Tlustovousy","parcela":"Tlustovousy st. 14/1","dokonceni":"1945","byty":1,"podlazi":1,"plocha":120}},{"type":"Feature","geometry":{"type":"Polygon","coordinates":[[[14.759023,50.091238],[14.75901,50.091152],[14.759039,50.09115],[14.759034,50.09112],[14.759068,50.091117],[14.759054,50.091072],[14.758945,50.09108],[14.758966,50.091237],[14.759023,50.091238]]]},"properties":{"kod":14369168,"cislo":"18","typ":"budova s číslem popisným","vyuziti":"rodinný dům","cast_obce":"Tlustovousy","parcela":"Tlustovousy st. 12/1","dokonceni":"1945","byty":1,"podlazi":1,"plocha":99}},{"type":"Feature","geometry":{"type":"Polygon","coordinates":[[[14.758929,50.091237],[14.758814,50.091238],[14.758803,50.091353],[14.758886,50.091355],[14.75892,50.091341],[14.758929,50.091237]]]},"properties":{"kod":14369176,"cislo":"19","typ":"budova s číslem popisným","vyuziti":"rodinný dům","cast_obce":"Tlustovousy","parcela":"Tlustovousy st. 13","dokonceni":"1945","byty":1,"podlazi":2,"plocha":106}},{"type":"Feature","geometry":{"type":"Polygon","coordinates":[[[14.758283,50.091452],[14.758283,50.091439],[14.758342,50.091435],[14.758343,50.091392],[14.758282,50.091391],[14.758282,50.091401],[14.758183,50.091399],[14.758189,50.091301],[14.758105,50.091299],[14.758096,50.091453],[14.758242,50.091456],[14.758283,50.091452]]]},"properties":{"kod":14369184,"cislo":"20","typ":"budova s číslem popisným","vyuziti":"rodinný dům","cast_obce":"Tlustovousy","parcela":"Tlustovousy st. 2","dokonceni":"2009","byty":1,"podlazi":2,"plocha":169}},{"type":"Feature","geometry":{"type":"Polygon","coordinates":[[[14.757691,50.091095],[14.757705,50.091044],[14.757735,50.091047],[14.757746,50.091008],[14.757716,50.091004],[14.757732,50.090942],[14.757588,50.090926],[14.75757,50.090992],[14.757546,50.090989],[14.75754,50.091011],[14.757564,50.091014],[14.757546,50.091079],[14.757691,50.091095]]]},"properties":{"kod":14369192,"cislo":"21","typ":"budova s číslem popisným","vyuziti":"rodinný dům","cast_obce":"Tlustovousy","parcela":"Tlustovousy st. 1/5","dokonceni":"1919","byty":1,"podlazi":1,"plocha":195}},{"type":"Feature","geometry":{"type":"Polygon","coordinates":[[[14.758226,50.091574],[14.758501,50.091614],[14.758515,50.09157],[14.758448,50.091561],[14.758453,50.09154],[14.758382,50.09153],[14.758377,50.091551],[14.758336,50.091546],[14.758333,50.091491],[14.758247,50.091497],[14.758226,50.091574]]]},"properties":{"kod":14369206,"cislo":"22","typ":"budova s číslem popisným","vyuziti":"rodinný dům","cast_obce":"Tlustovousy","parcela":"Tlustovousy st. 3","dokonceni":"1945","byty":1,"podlazi":1,"plocha":143}},{"type":"Feature","geometry":{"type":"Polygon","coordinates":[[[14.758774,50.091842],[14.758745,50.09194],[14.758781,50.091944],[14.758792,50.09191],[14.758911,50.091927],[14.758879,50.091855],[14.758774,50.091842]]]},"properties":{"kod":14369214,"cislo":"23","typ":"budova s číslem popisným","vyuziti":"rodinný dům","cast_obce":"Tlustovousy","parcela":"Tlustovousy st. 4/1","dokonceni":null,"byty":1,"podlazi":1,"plocha":80}},{"type":"Feature","geometry":{"type":"Polygon","coordinates":[[[14.755699,50.097035],[14.755367,50.097284],[14.75553,50.097374],[14.755537,50.097366],[14.755529,50.097362],[14.7556,50.097308],[14.755553,50.097283],[14.755807,50.097093],[14.755699,50.097035]]]},"properties":{"kod":14369222,"cislo":"24","typ":"budova s číslem popisným","vyuziti":"rodinný dům","cast_obce":"Tlustovousy","parcela":"Tlustovousy st. 31/1","dokonceni":"1919","byty":1,"podlazi":2,"plocha":406}},{"type":"Feature","geometry":{"type":"Polygon","coordinates":[[[14.758722,50.090952],[14.758641,50.090959],[14.758652,50.091003],[14.758941,50.090984],[14.758934,50.090938],[14.758858,50.090943],[14.758855,50.090927],[14.758719,50.090936],[14.758722,50.090952]]]},"properties":{"kod":14369231,"cislo":"25","typ":"budova s číslem popisným","vyuziti":"rodinný dům","cast_obce":"Tlustovousy","parcela":"Tlustovousy st. 11","dokonceni":"2011","byty":1,"podlazi":2,"plocha":157}},{"type":"Feature","geometry":{"type":"Polygon","coordinates":[[[14.760355,50.091081],[14.760349,50.091029],[14.76021,50.091036],[14.760206,50.090996],[14.760071,50.090998],[14.760078,50.091081],[14.760207,50.091077],[14.760208,50.091086],[14.760355,50.091081]]]},"properties":{"kod":14369249,"cislo":"26","typ":"budova s číslem popisným","vyuziti":"rodinný dům","cast_obce":"Tlustovousy","parcela":"Tlustovousy st. 9","dokonceni":"1987","byty":1,"podlazi":1,"plocha":146}},{"type":"Feature","geometry":{"type":"Polygon","coordinates":[[[14.758657,50.091092],[14.758541,50.091092],[14.758543,50.091229],[14.758612,50.091228],[14.758621,50.091122],[14.758654,50.091121],[14.758657,50.091092]]]},"properties":{"kod":14369257,"cislo":"27","typ":"budova s číslem popisným","vyuziti":"rodinný dům","cast_obce":"Tlustovousy","parcela":"Tlustovousy st. 14/2","dokonceni":null,"byty":1,"podlazi":1,"plocha":91}},{"type":"Feature","geometry":{"type":"Polygon","coordinates":[[[14.758742,50.088918],[14.758721,50.088914],[14.758671,50.089047],[14.758775,50.089064],[14.758842,50.088899],[14.758757,50.088885],[14.758742,50.088918]]]},"properties":{"kod":14369265,"cislo":"28","typ":"budova s číslem popisným","vyuziti":"rodinný dům","cast_obce":"Tlustovousy","parcela":"Tlustovousy st. 32","dokonceni":null,"byty":1,"podlazi":1,"plocha":142}},{"type":"Feature","geometry":{"type":"Polygon","coordinates":[[[14.757493,50.091275],[14.757542,50.091281],[14.757538,50.091292],[14.757585,50.091297],[14.757589,50.091286],[14.757648,50.091293],[14.757689,50.09114],[14.757534,50.091122],[14.757493,50.091275]]]},"properties":{"kod":14369273,"cislo":"29","typ":"budova s číslem popisným","vyuziti":"rodinný dům","cast_obce":"Tlustovousy","parcela":"Tlustovousy st. 1/2","dokonceni":"1919","byty":1,"podlazi":2,"plocha":199}},{"type":"Feature","geometry":{"type":"Polygon","coordinates":[[[14.759329,50.09106],[14.759552,50.091061],[14.759553,50.091019],[14.759573,50.091013],[14.759573,50.090994],[14.759554,50.090987],[14.759553,50.090975],[14.759478,50.090974],[14.759478,50.090959],[14.759406,50.090959],[14.759406,50.090974],[14.75933,50.090974],[14.759329,50.09106]]]},"properties":{"kod":14369281,"cislo":"30","typ":"budova s číslem popisným","vyuziti":"rodinný dům","cast_obce":"Tlustovousy","parcela":"Tlustovousy st. 8/2","dokonceni":null,"byty":1,"podlazi":1,"plocha":167}},{"type":"Feature","geometry":{"type":"Polygon","coordinates":[[[14.755973,50.091187],[14.756,50.091095],[14.755956,50.09109],[14.755964,50.09106],[14.75591,50.091054],[14.755904,50.091072],[14.755843,50.091064],[14.755823,50.091133],[14.755833,50.091134],[14.755829,50.091146],[14.755861,50.09115],[14.755855,50.091173],[14.755973,50.091187]]]},"properties":{"kod":14369290,"cislo":"31","typ":"budova s číslem popisným","vyuziti":"rodinný dům","cast_obce":"Tlustovousy","parcela":"Tlustovousy st. 1/8","dokonceni":"1980","byty":2,"podlazi":2,"plocha":132}},{"type":"Feature","geometry":{"type":"Polygon","coordinates":[[[14.756094,50.091201],[14.756127,50.09108],[14.756058,50.091071],[14.756049,50.091101],[14.756,50.091095],[14.755973,50.091187],[14.756094,50.091201]]]},"properties":{"kod":14369303,"cislo":"32","typ":"budova s číslem popisným","vyuziti":"rodinný dům","cast_obce":"Tlustovousy","parcela":"Tlustovousy st. 1/3","dokonceni":"1945","byty":1,"podlazi":1,"plocha":108}},{"type":"Feature","geometry":{"type":"Polygon","coordinates":[[[14.759078,50.091353],[14.759069,50.091395],[14.759041,50.091393],[14.759032,50.09143],[14.75906,50.091433],[14.759053,50.091464],[14.759166,50.091474],[14.759191,50.091364],[14.759078,50.091353]]]},"properties":{"kod":14369311,"cislo":"33","typ":"budova s číslem popisným","vyuziti":"rodinný dům","cast_obce":"Tlustovousy","parcela":"Tlustovousy st. 7/2","dokonceni":"1919","byty":1,"podlazi":1,"plocha":109}},{"type":"Feature","geometry":{"type":"Polygon","coordinates":[[[14.759314,50.091423],[14.759291,50.091597],[14.759363,50.0916],[14.759376,50.091509],[14.759435,50.091508],[14.759437,50.091499],[14.759413,50.091498],[14.759422,50.091433],[14.759314,50.091423]]]},"properties":{"kod":14369320,"cislo":"34","typ":"budova s číslem popisným","vyuziti":"rodinný dům","cast_obce":"Tlustovousy","parcela":"Tlustovousy st. 7/1","dokonceni":"1945","byty":1,"podlazi":1,"plocha":124}},{"type":"Feature","geometry":{"type":"Polygon","coordinates":[[[14.758966,50.091237],[14.758945,50.09108],[14.758884,50.091084],[14.758907,50.091237],[14.758966,50.091237]]]},"properties":{"kod":14369338,"cislo":"35","typ":"budova s číslem popisným","vyuziti":"rodinný dům","cast_obce":"Tlustovousy","parcela":"Tlustovousy st. 12/2","dokonceni":"1919","byty":1,"podlazi":1,"plocha":75}},{"type":"Feature","geometry":{"type":"Polygon","coordinates":[[[14.757918,50.091601],[14.757951,50.091604],[14.757945,50.091629],[14.758036,50.091639],[14.758053,50.091634],[14.758172,50.091648],[14.758175,50.091639],[14.758208,50.091642],[14.758224,50.091574],[14.757927,50.091541],[14.757918,50.091601]]]},"properties":{"kod":14369346,"cislo":"36","typ":"budova s číslem popisným","vyuziti":"rodinný dům","cast_obce":"Tlustovousy","parcela":"Tlustovousy st. 35","dokonceni":"1919","byty":3,"podlazi":2,"plocha":183}},{"type":"Feature","geometry":{"type":"Polygon","coordinates":[[[14.758391,50.089976],[14.758134,50.089943],[14.758095,50.090065],[14.758202,50.090079],[14.758135,50.09029],[14.758285,50.090309],[14.758391,50.089976]]]},"properties":{"kod":14369354,"cislo":"37","typ":"budova s číslem popisným","vyuziti":"jiná stavba","cast_obce":"Tlustovousy","parcela":"Tlustovousy st. 36","dokonceni":null,"byty":0,"podlazi":1,"plocha":522}},{"type":"Feature","geometry":{"type":"Polygon","coordinates":[[[14.757871,50.090153],[14.757849,50.090151],[14.757852,50.090136],[14.757828,50.090133],[14.757832,50.090109],[14.757767,50.090103],[14.757758,50.090142],[14.75771,50.090138],[14.757693,50.09021],[14.757854,50.090225],[14.757871,50.090153]]]},"properties":{"kod":14369362,"cislo":"38","typ":"budova s číslem popisným","vyuziti":"rodinný dům","cast_obce":"Tlustovousy","parcela":"Tlustovousy st. 37","dokonceni":"1919","byty":1,"podlazi":1,"plocha":118}},{"type":"Feature","geometry":{"type":"Polygon","coordinates":[[[14.759311,50.088752],[14.759127,50.088721],[14.759107,50.088771],[14.75929,50.088801],[14.759311,50.088752]]]},"properties":{"kod":14369371,"cislo":"39","typ":"budova s číslem popisným","vyuziti":"rodinný dům","cast_obce":"Tlustovousy","parcela":"Tlustovousy st. 39","dokonceni":"2018","byty":1,"podlazi":1,"plocha":121}},{"type":"Feature","geometry":{"type":"Polygon","coordinates":[[[14.759357,50.088634],[14.759174,50.088604],[14.759153,50.088655],[14.759337,50.088685],[14.759357,50.088634]]]},"properties":{"kod":14369389,"cislo":"40","typ":"budova s číslem popisným","vyuziti":"rodinný dům","cast_obce":"Tlustovousy","parcela":"Tlustovousy st. 38","dokonceni":"1945","byty":1,"podlazi":1,"plocha":80}},{"type":"Feature","geometry":{"type":"Polygon","coordinates":[[[14.759038,50.08942],[14.759026,50.089367],[14.758988,50.08937],[14.75898,50.089334],[14.758858,50.089347],[14.758866,50.089436],[14.759038,50.08942]]]},"properties":{"kod":14369397,"cislo":"41","typ":"budova s číslem popisným","vyuziti":"rodinný dům","cast_obce":"Tlustovousy","parcela":"Tlustovousy st. 27/2","dokonceni":"2019","byty":1,"podlazi":1,"plocha":267}},{"type":"Feature","geometry":{"type":"Polygon","coordinates":[[[14.758869,50.089234],[14.759048,50.089264],[14.75907,50.089213],[14.75889,50.089182],[14.758869,50.089234]]]},"properties":{"kod":14369401,"cislo":"42","typ":"budova s číslem popisným","vyuziti":"rodinný dům","cast_obce":"Tlustovousy","parcela":"Tlustovousy st. 27/3","dokonceni":"1945","byty":1,"podlazi":2,"plocha":80}},{"type":"Feature","geometry":{"type":"Polygon","coordinates":[[[14.757516,50.091544],[14.757491,50.09168],[14.757617,50.091689],[14.757642,50.091553],[14.757516,50.091544]]]},"properties":{"kod":14369419,"cislo":"43","typ":"budova s číslem popisným","vyuziti":"rodinný dům","cast_obce":"Tlustovousy","parcela":"Tlustovousy st. 40","dokonceni":"1945","byty":1,"podlazi":1,"plocha":138}},{"type":"Feature","geometry":{"type":"Polygon","coordinates":[[[14.757203,50.091521],[14.757177,50.091634],[14.757241,50.09164],[14.757249,50.091605],[14.757306,50.09161],[14.757312,50.091584],[14.757294,50.091583],[14.757304,50.091528],[14.757203,50.091521]]]},"properties":{"kod":14369427,"cislo":"44","typ":"budova s číslem popisným","vyuziti":"rodinný dům","cast_obce":"Tlustovousy","parcela":"Tlustovousy st. 43","dokonceni":"1945","byty":1,"podlazi":1,"plocha":88}},{"type":"Feature","geometry":{"type":"Polygon","coordinates":[[[14.756898,50.091483],[14.756865,50.09163],[14.756948,50.091638],[14.756981,50.091494],[14.756898,50.091483]]]},"properties":{"kod":14369435,"cislo":"45","typ":"budova s číslem popisným","vyuziti":"rodinný dům","cast_obce":"Tlustovousy","parcela":"Tlustovousy st. 41/1","dokonceni":"1945","byty":1,"podlazi":1,"plocha":99}},{"type":"Feature","geometry":{"type":"Polygon","coordinates":[[[14.756537,50.091647],[14.756622,50.091662],[14.75662,50.091668],[14.756666,50.091723],[14.756661,50.091734],[14.756597,50.091723],[14.756573,50.091778],[14.756544,50.091773],[14.75653,50.091807],[14.756681,50.091834],[14.756719,50.091744],[14.756684,50.091738],[14.756691,50.091724],[14.756645,50.091668],[14.756653,50.091667],[14.756663,50.091644],[14.756687,50.091649],[14.756707,50.0916],[14.756649,50.091589],[14.756685,50.091501],[14.756604,50.091487],[14.756537,50.091647]]]},"properties":{"kod":14369443,"cislo":"46","typ":"budova s číslem popisným","vyuziti":"rodinný dům","cast_obce":"Tlustovousy","parcela":"Tlustovousy st. 46/5","dokonceni":"1970","byty":2,"podlazi":2,"plocha":259}},{"type":"Feature","geometry":{"type":"Polygon","coordinates":[[[14.756139,50.091496],[14.756248,50.091515],[14.756262,50.091481],[14.756331,50.091492],[14.75636,50.091421],[14.756184,50.091391],[14.756139,50.091496]]]},"properties":{"kod":14369451,"cislo":"47","typ":"budova s číslem popisným","vyuziti":"rodinný dům","cast_obce":"Tlustovousy","parcela":"Tlustovousy st. 45","dokonceni":"1945","byty":1,"podlazi":1,"plocha":140}},{"type":"Feature","geometry":{"type":"Polygon","coordinates":[[[14.755851,50.091428],[14.755931,50.091442],[14.755984,50.091316],[14.755904,50.091302],[14.755851,50.091428]]]},"properties":{"kod":14369460,"cislo":"48","typ":"budova s číslem popisným","vyuziti":"rodinný dům","cast_obce":"Tlustovousy","parcela":"Tlustovousy st. 44","dokonceni":null,"byty":1,"podlazi":1,"plocha":87}},{"type":"Feature","geometry":{"type":"Polygon","coordinates":[[[14.755266,50.091288],[14.755347,50.091302],[14.755388,50.091206],[14.755307,50.091191],[14.755266,50.091288]]]},"properties":{"kod":14369478,"cislo":"49","typ":"budova s číslem popisným","vyuziti":"rodinný dům","cast_obce":"Tlustovousy","parcela":"Tlustovousy st. 42","dokonceni":"2005","byty":1,"podlazi":1,"plocha":66}},{"type":"Feature","geometry":{"type":"Polygon","coordinates":[[[14.754959,50.091231],[14.755071,50.091251],[14.755082,50.091228],[14.755055,50.091223],[14.755087,50.09115],[14.755004,50.091135],[14.754959,50.091231]]]},"properties":{"kod":14369486,"cislo":"50","typ":"budova s číslem popisným","vyuziti":"rodinný dům","cast_obce":"Tlustovousy","parcela":"Tlustovousy st. 50/1","dokonceni":"1945","byty":1,"podlazi":1,"plocha":73}},{"type":"Feature","geometry":{"type":"Polygon","coordinates":[[[14.754709,50.09108],[14.754671,50.091164],[14.754814,50.091191],[14.754816,50.091187],[14.754841,50.091192],[14.754862,50.091145],[14.754837,50.09114],[14.754852,50.091107],[14.754709,50.09108]]]},"properties":{"kod":14369494,"cislo":"51","typ":"budova s číslem popisným","vyuziti":"rodinný dům","cast_obce":"Tlustovousy","parcela":"Tlustovousy st. 49","dokonceni":"1919","byty":1,"podlazi":1,"plocha":114}},{"type":"Feature","geometry":{"type":"Polygon","coordinates":[[[14.754126,50.091039],[14.753972,50.091261],[14.754063,50.091288],[14.75416,50.091148],[14.754186,50.091155],[14.754213,50.091117],[14.754187,50.091109],[14.754217,50.091066],[14.754126,50.091039]]]},"properties":{"kod":14369516,"cislo":"53","typ":"budova s číslem popisným","vyuziti":"rodinný dům","cast_obce":"Tlustovousy","parcela":"Tlustovousy st. 67","dokonceni":null,"byty":1,"podlazi":1,"plocha":202}},{"type":"Feature","geometry":{"type":"Polygon","coordinates":[[[14.759247,50.092367],[14.759147,50.092354],[14.759152,50.092336],[14.759102,50.09233],[14.759096,50.092347],[14.759047,50.092341],[14.759024,50.092413],[14.759176,50.092433],[14.759186,50.092399],[14.759235,50.092405],[14.759247,50.092367]]]},"properties":{"kod":14369524,"cislo":"54","typ":"budova s číslem popisným","vyuziti":"rodinný dům","cast_obce":"Tlustovousy","parcela":"Tlustovousy st. 63","dokonceni":"1945","byty":1,"podlazi":1,"plocha":114}},{"type":"Feature","geometry":{"type":"Polygon","coordinates":[[[14.759011,50.092595],[14.759095,50.0926],[14.759107,50.092518],[14.759022,50.092514],[14.759011,50.092595]]]},"properties":{"kod":14369532,"cislo":"55","typ":"budova s číslem popisným","vyuziti":"rodinný dům","cast_obce":"Tlustovousy","parcela":"Tlustovousy st. 64","dokonceni":"1919","byty":1,"podlazi":1,"plocha":55}},{"type":"Feature","geometry":{"type":"Polygon","coordinates":[[[14.759558,50.09349],[14.759489,50.093564],[14.759694,50.093645],[14.759762,50.093571],[14.759558,50.09349]]]},"properties":{"kod":14369559,"cislo":"57","typ":"budova s číslem popisným","vyuziti":"rodinný dům","cast_obce":"Tlustovousy","parcela":"Tlustovousy st. 66","dokonceni":"2018","byty":1,"podlazi":3,"plocha":220}},{"type":"Feature","geometry":{"type":"Polygon","coordinates":[[[14.760398,50.095796],[14.760442,50.095826],[14.760553,50.095753],[14.760506,50.095723],[14.760398,50.095796]]]},"properties":{"kod":14369567,"cislo":"58","typ":"budova s číslem popisným","vyuziti":"rodinný dům","cast_obce":"Tlustovousy","parcela":"Tlustovousy st. 73","dokonceni":"2000","byty":1,"podlazi":2,"plocha":52}},{"type":"Feature","geometry":{"type":"Polygon","coordinates":[[[14.759202,50.093036],[14.759335,50.093047],[14.759353,50.092953],[14.759261,50.092944],[14.759255,50.092967],[14.759215,50.092964],[14.759202,50.093036]]]},"properties":{"kod":14369575,"cislo":"59","typ":"budova s číslem popisným","vyuziti":"rodinný dům","cast_obce":"Tlustovousy","parcela":"Tlustovousy st. 74","dokonceni":"1945","byty":1,"podlazi":1,"plocha":95}},{"type":"Feature","geometry":{"type":"Polygon","coordinates":[[[14.758792,50.093133],[14.758784,50.093132],[14.758789,50.093119],[14.758722,50.093107],[14.758716,50.09312],[14.758668,50.093112],[14.758647,50.093165],[14.758769,50.093186],[14.758792,50.093133]]]},"properties":{"kod":14369583,"cislo":"60","typ":"budova s číslem popisným","vyuziti":"rodinný dům","cast_obce":"Tlustovousy","parcela":"Tlustovousy st. 55/1","dokonceni":null,"byty":1,"podlazi":1,"plocha":64}},{"type":"Feature","geometry":{"type":"Polygon","coordinates":[[[14.758594,50.093296],[14.75879,50.093328],[14.758796,50.093313],[14.75882,50.093311],[14.75883,50.093284],[14.758811,50.093275],[14.758615,50.093243],[14.758594,50.093296]]]},"properties":{"kod":14369591,"cislo":"61","typ":"budova s číslem popisným","vyuziti":"rodinný dům","cast_obce":"Tlustovousy","parcela":"Tlustovousy st. 54","dokonceni":"1997","byty":1,"podlazi":2,"plocha":123}},{"type":"Feature","geometry":{"type":"Polygon","coordinates":[[[14.758738,50.093442],[14.758756,50.093399],[14.758564,50.093365],[14.758546,50.093409],[14.758738,50.093442]]]},"properties":{"kod":14369605,"cislo":"62","typ":"budova s číslem popisným","vyuziti":"rodinný dům","cast_obce":"Tlustovousy","parcela":"Tlustovousy st. 53","dokonceni":"2000","byty":1,"podlazi":2,"plocha":85}},{"type":"Feature","geometry":{"type":"Polygon","coordinates":[[[14.758465,50.093189],[14.758297,50.09316],[14.758266,50.093231],[14.758435,50.09326],[14.758465,50.093189]]]},"properties":{"kod":14369613,"cislo":"63","typ":"budova s číslem popisným","vyuziti":"rodinný dům","cast_obce":"Tlustovousy","parcela":"Tlustovousy st. 56","dokonceni":"1945","byty":1,"podlazi":1,"plocha":102}},{"type":"Feature","geometry":{"type":"Polygon","coordinates":[[[14.758489,50.093125],[14.758523,50.093044],[14.758408,50.093027],[14.758406,50.093032],[14.758389,50.09303],[14.75838,50.093051],[14.758243,50.093027],[14.75822,50.093085],[14.758384,50.093113],[14.758388,50.093108],[14.758489,50.093125]]]},"properties":{"kod":14369621,"cislo":"64","typ":"budova s číslem popisným","vyuziti":"rodinný dům","cast_obce":"Tlustovousy","parcela":"Tlustovousy st. 57","dokonceni":"2000","byty":1,"podlazi":1,"plocha":157}},{"type":"Feature","geometry":{"type":"Polygon","coordinates":[[[14.758498,50.092911],[14.758463,50.092905],[14.758448,50.092936],[14.7584,50.092928],[14.758382,50.092971],[14.758542,50.092999],[14.758574,50.09292],[14.758499,50.092907],[14.758498,50.092911]]]},"properties":{"kod":14369630,"cislo":"65","typ":"budova s číslem popisným","vyuziti":"rodinný dům","cast_obce":"Tlustovousy","parcela":"Tlustovousy st. 58","dokonceni":"2000","byty":1,"podlazi":2,"plocha":91}},{"type":"Feature","geometry":{"type":"Polygon","coordinates":[[[14.758594,50.092871],[14.75863,50.092785],[14.758534,50.092769],[14.758525,50.092791],[14.758501,50.092787],[14.758493,50.092809],[14.758449,50.092801],[14.75843,50.092844],[14.758594,50.092871]]]},"properties":{"kod":14369648,"cislo":"66","typ":"budova s číslem popisným","vyuziti":"rodinný dům","cast_obce":"Tlustovousy","parcela":"Tlustovousy st. 51","dokonceni":"1945","byty":1,"podlazi":1,"plocha":99}},{"type":"Feature","geometry":{"type":"Polygon","coordinates":[[[14.758649,50.092737],[14.758671,50.092684],[14.758502,50.092656],[14.75848,50.092709],[14.758649,50.092737]]]},"properties":{"kod":14369656,"cislo":"67","typ":"budova s číslem popisným","vyuziti":"rodinný dům","cast_obce":"Tlustovousy","parcela":"Tlustovousy st. 59","dokonceni":"1980","byty":1,"podlazi":1,"plocha":76}},{"type":"Feature","geometry":{"type":"Polygon","coordinates":[[[14.758701,50.092611],[14.758736,50.092523],[14.758654,50.092509],[14.758652,50.092514],[14.758621,50.092509],[14.758605,50.09255],[14.758528,50.092537],[14.758516,50.09258],[14.758701,50.092611]]]},"properties":{"kod":14369664,"cislo":"68","typ":"budova s číslem popisným","vyuziti":"rodinný dům","cast_obce":"Tlustovousy","parcela":"Tlustovousy st. 52","dokonceni":"1945","byty":1,"podlazi":1,"plocha":110}},{"type":"Feature","geometry":{"type":"Polygon","coordinates":[[[14.758019,50.093297],[14.758007,50.093325],[14.758382,50.093391],[14.758412,50.093319],[14.75831,50.093302],[14.758303,50.093321],[14.75811,50.093288],[14.758101,50.093311],[14.758019,50.093297]]]},"properties":{"kod":14369699,"cislo":"71","typ":"budova s číslem popisným","vyuziti":"rodinný dům","cast_obce":"Tlustovousy","parcela":"Tlustovousy st. 62/1","dokonceni":"2013","byty":2,"podlazi":1,"plocha":169}},{"type":"Feature","geometry":{"type":"Polygon","coordinates":[[[14.75917,50.088863],[14.759177,50.088847],[14.759136,50.08884],[14.759129,50.088856],[14.759074,50.088847],[14.759053,50.088901],[14.759237,50.088933],[14.759259,50.088879],[14.75917,50.088863]]]},"properties":{"kod":14369702,"cislo":"72","typ":"budova s číslem popisným","vyuziti":"rodinný dům","cast_obce":"Tlustovousy","parcela":"Tlustovousy st. 60","dokonceni":"1945","byty":1,"podlazi":1,"plocha":91}},{"type":"Feature","geometry":{"type":"Polygon","coordinates":[[[14.759203,50.091823],[14.759202,50.091804],[14.759155,50.091801],[14.759154,50.091815],[14.759068,50.09181],[14.759067,50.091866],[14.759201,50.091873],[14.75919,50.091823],[14.759203,50.091823]]]},"properties":{"kod":14369711,"cislo":"73","typ":"budova s číslem popisným","vyuziti":"rodinný dům","cast_obce":"Tlustovousy","parcela":"Tlustovousy st. 4/2","dokonceni":"1945","byty":1,"podlazi":2,"plocha":62}},{"type":"Feature","geometry":{"type":"Polygon","coordinates":[[[14.753561,50.091066],[14.753571,50.091044],[14.753584,50.091046],[14.753609,50.090993],[14.753443,50.090961],[14.753407,50.091036],[14.753561,50.091066]]]},"properties":{"kod":14369729,"cislo":"74","typ":"budova s číslem popisným","vyuziti":"rodinný dům","cast_obce":"Tlustovousy","parcela":"Tlustovousy st. 79","dokonceni":"1960","byty":2,"podlazi":1,"plocha":107}},{"type":"Feature","geometry":{"type":"Polygon","coordinates":[[[14.756098,50.089251],[14.756108,50.089188],[14.756209,50.089193],[14.756197,50.089162],[14.756113,50.089158],[14.756116,50.089134],[14.756031,50.089128],[14.756012,50.089245],[14.756098,50.089251]]]},"properties":{"kod":14369745,"cislo":"76","typ":"budova s číslem popisným","vyuziti":"rodinný dům","cast_obce":"Tlustovousy","parcela":"Tlustovousy st. 72","dokonceni":"2021","byty":1,"podlazi":2,"plocha":196}},{"type":"Feature","geometry":{"type":"Polygon","coordinates":[[[14.755772,50.089229],[14.755856,50.089235],[14.755879,50.089101],[14.755795,50.089096],[14.755772,50.089229]]]},"properties":{"kod":14369753,"cislo":"77","typ":"budova s číslem popisným","vyuziti":"rodinný dům","cast_obce":"Tlustovousy","parcela":"Tlustovousy st. 71","dokonceni":null,"byty":1,"podlazi":1,"plocha":91}},{"type":"Feature","geometry":{"type":"Polygon","coordinates":[[[14.755537,50.089215],[14.755677,50.089224],[14.755694,50.089115],[14.755554,50.089106],[14.755537,50.089215]]]},"properties":{"kod":14369761,"cislo":"78","typ":"budova s číslem popisným","vyuziti":"rodinný dům","cast_obce":"Tlustovousy","parcela":"Tlustovousy st. 69","dokonceni":"2023","byty":1,"podlazi":2,"plocha":127}},{"type":"Feature","geometry":{"type":"Polygon","coordinates":[[[14.754909,50.089045],[14.754883,50.089164],[14.755019,50.089176],[14.755045,50.089055],[14.754909,50.089045]]]},"properties":{"kod":14369770,"cislo":"79","typ":"budova s číslem popisným","vyuziti":"rodinný dům","cast_obce":"Tlustovousy","parcela":"Tlustovousy st. 77/1","dokonceni":"2000","byty":2,"podlazi":1,"plocha":132}},{"type":"Feature","geometry":{"type":"Polygon","coordinates":[[[14.758424,50.091166],[14.758372,50.09108],[14.758298,50.091099],[14.758349,50.091185],[14.758424,50.091166]]]},"properties":{"kod":14369788,"cislo":"80","typ":"budova s číslem popisným","vyuziti":"rodinný dům","cast_obce":"Tlustovousy","parcela":"Tlustovousy st. 15/1","dokonceni":"1945","byty":1,"podlazi":2,"plocha":59}},{"type":"Feature","geometry":{"type":"Polygon","coordinates":[[[14.75876,50.091889],[14.758811,50.091724],[14.758543,50.091691],[14.758503,50.091805],[14.758574,50.091814],[14.758566,50.091842],[14.758666,50.091852],[14.758658,50.091877],[14.75876,50.091889]]]},"properties":{"kod":14369796,"cislo":"81","typ":"budova s číslem popisným","vyuziti":"rodinný dům","cast_obce":"Tlustovousy","parcela":"Tlustovousy st. 4/3","dokonceni":"1919","byty":1,"podlazi":1,"plocha":321}},{"type":"Feature","geometry":{"type":"Polygon","coordinates":[[[14.757176,50.091209],[14.75718,50.091198],[14.757124,50.09119],[14.757116,50.091213],[14.757093,50.091209],[14.757081,50.09124],[14.757002,50.091227],[14.757007,50.091214],[14.756953,50.091205],[14.756931,50.091263],[14.757145,50.091297],[14.757169,50.091227],[14.757193,50.09123],[14.757198,50.091212],[14.757176,50.091209]]]},"properties":{"kod":14369800,"cislo":"82","typ":"budova s číslem popisným","vyuziti":"rodinný dům","cast_obce":"Tlustovousy","parcela":"Tlustovousy st. 1/6","dokonceni":"1960","byty":1,"podlazi":1,"plocha":120}},{"type":"Feature","geometry":{"type":"Polygon","coordinates":[[[14.75658,50.091193],[14.756566,50.091236],[14.756733,50.091258],[14.756756,50.091187],[14.756631,50.091169],[14.756621,50.091198],[14.75658,50.091193]]]},"properties":{"kod":14369818,"cislo":"83","typ":"budova s číslem popisným","vyuziti":"rodinný dům","cast_obce":"Tlustovousy","parcela":"Tlustovousy st. 1/7","dokonceni":null,"byty":1,"podlazi":null,"plocha":90}},{"type":"Feature","geometry":{"type":"Polygon","coordinates":[[[14.759048,50.088912],[14.75901,50.089004],[14.759032,50.089008],[14.759026,50.089022],[14.759049,50.089027],[14.759045,50.089037],[14.759128,50.089051],[14.759137,50.089026],[14.759146,50.089028],[14.759174,50.088953],[14.759128,50.088946],[14.759135,50.088927],[14.759048,50.088912]]]},"properties":{"kod":14369826,"cislo":"84","typ":"budova s číslem popisným","vyuziti":"rodinný dům","cast_obce":"Tlustovousy","parcela":"Tlustovousy st. 82","dokonceni":"1980","byty":1,"podlazi":1,"plocha":120}},{"type":"Feature","geometry":{"type":"Polygon","coordinates":[[[14.759439,50.093223],[14.759433,50.093243],[14.759364,50.093234],[14.759344,50.093302],[14.759535,50.093326],[14.759555,50.093258],[14.759487,50.093249],[14.759493,50.09323],[14.759439,50.093223]]]},"properties":{"kod":14369834,"cislo":"85","typ":"budova s číslem popisným","vyuziti":"rodinný dům","cast_obce":"Tlustovousy","parcela":"Tlustovousy st. 75","dokonceni":"1945","byty":1,"podlazi":1,"plocha":117}},{"type":"Feature","geometry":{"type":"Polygon","coordinates":[[[14.758293,50.089618],[14.758303,50.08953],[14.75816,50.089522],[14.758147,50.089628],[14.758228,50.089632],[14.75823,50.089615],[14.758293,50.089618]]]},"properties":{"kod":14369842,"cislo":"86","typ":"budova s číslem popisným","vyuziti":"rodinný dům","cast_obce":"Tlustovousy","parcela":"Tlustovousy st. 91","dokonceni":"1980","byty":1,"podlazi":1,"plocha":113}},{"type":"Feature","geometry":{"type":"Polygon","coordinates":[[[14.758539,50.093929],[14.758535,50.09382],[14.758387,50.093821],[14.758391,50.093931],[14.758539,50.093929]]]},"properties":{"kod":14369851,"cislo":"87","typ":"budova s číslem popisným","vyuziti":"rodinný dům","cast_obce":"Tlustovousy","parcela":"Tlustovousy st. 94","dokonceni":"1990","byty":1,"podlazi":2,"plocha":129}},{"type":"Feature","geometry":{"type":"Polygon","coordinates":[[[14.758396,50.092403],[14.758431,50.092319],[14.758318,50.092301],[14.75829,50.092373],[14.758307,50.092376],[14.758302,50.092388],[14.758396,50.092403]]]},"properties":{"kod":14369869,"cislo":"88","typ":"budova s číslem popisným","vyuziti":"rodinný dům","cast_obce":"Tlustovousy","parcela":"Tlustovousy st. 92","dokonceni":"2000","byty":1,"podlazi":3,"plocha":78}},{"type":"Feature","geometry":{"type":"Polygon","coordinates":[[[14.752973,50.090974],[14.753009,50.090885],[14.752874,50.090863],[14.752837,50.090952],[14.752973,50.090974]]]},"properties":{"kod":14369877,"cislo":"89","typ":"budova s číslem popisným","vyuziti":"rodinný dům","cast_obce":"Tlustovousy","parcela":"Tlustovousy st. 84","dokonceni":"2000","byty":1,"podlazi":2,"plocha":103}},{"type":"Feature","geometry":{"type":"Polygon","coordinates":[[[14.753264,50.091037],[14.753284,50.09099],[14.753319,50.090996],[14.753336,50.090954],[14.753301,50.090948],[14.753309,50.090929],[14.753173,50.090906],[14.753129,50.091014],[14.753264,50.091037]]]},"properties":{"kod":14369885,"cislo":"90","typ":"budova s číslem popisným","vyuziti":"rodinný dům","cast_obce":"Tlustovousy","parcela":"Tlustovousy st. 98","dokonceni":"2000","byty":1,"podlazi":2,"plocha":138}},{"type":"Feature","geometry":{"type":"Polygon","coordinates":[[[14.760185,50.093909],[14.760052,50.093975],[14.760137,50.094047],[14.760271,50.093981],[14.760185,50.093909]]]},"properties":{"kod":14369893,"cislo":"91","typ":"budova s číslem popisným","vyuziti":"rodinný dům","cast_obce":"Tlustovousy","parcela":"Tlustovousy st. 100","dokonceni":"2000","byty":1,"podlazi":2,"plocha":121}},{"type":"Feature","geometry":{"type":"Polygon","coordinates":[[[14.758348,50.094247],[14.758338,50.09419],[14.758307,50.094193],[14.758302,50.094167],[14.758174,50.094175],[14.758187,50.094258],[14.758348,50.094247]]]},"properties":{"kod":14369907,"cislo":"92","typ":"budova s číslem popisným","vyuziti":"rodinný dům","cast_obce":"Tlustovousy","parcela":"Tlustovousy st. 101","dokonceni":"2000","byty":3,"podlazi":2,"plocha":100}},{"type":"Feature","geometry":{"type":"Polygon","coordinates":[[[14.761191,50.088916],[14.761307,50.088899],[14.761286,50.088844],[14.761172,50.088862],[14.761191,50.088916]]]},"properties":{"kod":14369915,"cislo":"č.ev. 5002","typ":"budova s číslem evidenčním","vyuziti":"stavba pro rodinnou rekreaci","cast_obce":"Tlustovousy","parcela":"Tlustovousy st. 97","dokonceni":null,"byty":0,"podlazi":null,"plocha":54}},{"type":"Feature","geometry":{"type":"Polygon","coordinates":[[[14.760915,50.088888],[14.760905,50.088846],[14.760836,50.088854],[14.760847,50.088896],[14.760915,50.088888]]]},"properties":{"kod":14369923,"cislo":"č.ev. 5003","typ":"budova s číslem evidenčním","vyuziti":"stavba pro rodinnou rekreaci","cast_obce":"Tlustovousy","parcela":"Tlustovousy st. 96","dokonceni":null,"byty":0,"podlazi":null,"plocha":24}},{"type":"Feature","geometry":{"type":"Polygon","coordinates":[[[14.758653,50.093697],[14.758723,50.093696],[14.758721,50.093651],[14.758651,50.093653],[14.758653,50.093697]]]},"properties":{"kod":14369931,"cislo":"č.ev. 5004","typ":"budova s číslem evidenčním","vyuziti":"stavba pro rodinnou rekreaci","cast_obce":"Tlustovousy","parcela":"Tlustovousy st. 154","dokonceni":"2011","byty":0,"podlazi":1,"plocha":25}},{"type":"Feature","geometry":{"type":"Polygon","coordinates":[[[14.757147,50.093308],[14.757268,50.093327],[14.757264,50.093337],[14.757322,50.093347],[14.757338,50.093308],[14.757273,50.093297],[14.757279,50.093282],[14.757235,50.093274],[14.757229,50.09329],[14.757158,50.093279],[14.757147,50.093308]]]},"properties":{"kod":14369940,"cislo":"č.ev. 5005","typ":"budova s číslem evidenčním","vyuziti":"stavba pro rodinnou rekreaci","cast_obce":"Tlustovousy","parcela":"Tlustovousy st. 127","dokonceni":null,"byty":0,"podlazi":null,"plocha":55}},{"type":"Feature","geometry":{"type":"Polygon","coordinates":[[[14.757534,50.092861],[14.757506,50.092931],[14.757642,50.092954],[14.757671,50.092884],[14.757534,50.092861]]]},"properties":{"kod":26035600,"cislo":"95","typ":"budova s číslem popisným","vyuziti":"rodinný dům","cast_obce":"Tlustovousy","parcela":"Tlustovousy st. 113","dokonceni":"2006","byty":1,"podlazi":2,"plocha":81}},{"type":"Feature","geometry":{"type":"Polygon","coordinates":[[[14.759386,50.094156],[14.759374,50.09408],[14.759227,50.09409],[14.75924,50.094166],[14.759293,50.094162],[14.759295,50.094173],[14.759335,50.09417],[14.759333,50.094159],[14.759386,50.094156]]]},"properties":{"kod":26524643,"cislo":"16","typ":"budova s číslem popisným","vyuziti":"rodinný dům","cast_obce":"Tlustovousy","parcela":"Tlustovousy st. 112","dokonceni":"2007","byty":1,"podlazi":2,"plocha":93}},{"type":"Feature","geometry":{"type":"Polygon","coordinates":[[[14.755588,50.091313],[14.75575,50.091342],[14.755776,50.09128],[14.755614,50.091252],[14.755588,50.091313]]]},"properties":{"kod":26524651,"cislo":"94","typ":"budova s číslem popisným","vyuziti":"rodinný dům","cast_obce":"Tlustovousy","parcela":"Tlustovousy st. 106","dokonceni":"2018","byty":1,"podlazi":1,"plocha":130}},{"type":"Feature","geometry":{"type":"Polygon","coordinates":[[[14.756367,50.093811],[14.756245,50.093791],[14.756239,50.093804],[14.756214,50.093814],[14.756194,50.093811],[14.756166,50.093881],[14.756329,50.093907],[14.756367,50.093811]]]},"properties":{"kod":26739674,"cislo":"100","typ":"budova s číslem popisným","vyuziti":"rodinný dům","cast_obce":"Tlustovousy","parcela":"Tlustovousy st. 116","dokonceni":"2007","byty":1,"podlazi":1,"plocha":126}},{"type":"Feature","geometry":{"type":"Polygon","coordinates":[[[14.756686,50.093862],[14.756638,50.093855],[14.756612,50.093916],[14.756757,50.093939],[14.756762,50.093927],[14.756785,50.093931],[14.756799,50.093894],[14.756776,50.09389],[14.756781,50.093878],[14.756734,50.09387],[14.756735,50.093866],[14.756687,50.093858],[14.756686,50.093862]]]},"properties":{"kod":27103706,"cislo":"110","typ":"budova s číslem popisným","vyuziti":"rodinný dům","cast_obce":"Tlustovousy","parcela":"Tlustovousy st. 125","dokonceni":"2008","byty":1,"podlazi":2,"plocha":84}},{"type":"Feature","geometry":{"type":"Polygon","coordinates":[[[14.756978,50.094027],[14.757146,50.094055],[14.757169,50.093997],[14.757101,50.093986],[14.757114,50.093954],[14.757014,50.093937],[14.756978,50.094027]]]},"properties":{"kod":27119807,"cislo":"101","typ":"budova s číslem popisným","vyuziti":"rodinný dům","cast_obce":"Tlustovousy","parcela":"Tlustovousy st. 119","dokonceni":"2008","byty":1,"podlazi":2,"plocha":109}},{"type":"Feature","geometry":{"type":"Polygon","coordinates":[[[14.756377,50.093477],[14.756299,50.093464],[14.756268,50.093543],[14.756429,50.09357],[14.756422,50.093587],[14.75651,50.093602],[14.75655,50.093506],[14.756523,50.093501],[14.756542,50.093454],[14.756419,50.093434],[14.756406,50.093466],[14.756377,50.093477]]]},"properties":{"kod":27155323,"cislo":"111","typ":"budova s číslem popisným","vyuziti":"rodinný dům","cast_obce":"Tlustovousy","parcela":"Tlustovousy st. 120","dokonceni":"2008","byty":2,"podlazi":2,"plocha":231}},{"type":"Feature","geometry":{"type":"Polygon","coordinates":[[[14.757984,50.089303],[14.758024,50.089158],[14.758004,50.089138],[14.757863,50.08912],[14.757818,50.089282],[14.757984,50.089303]]]},"properties":{"kod":27309908,"cislo":"102","typ":"budova s číslem popisným","vyuziti":"rodinný dům","cast_obce":"Tlustovousy","parcela":"Tlustovousy st. 23/2","dokonceni":"2009","byty":1,"podlazi":1,"plocha":220}},{"type":"Feature","geometry":{"type":"Polygon","coordinates":[[[14.754117,50.089516],[14.754173,50.089525],[14.754156,50.089576],[14.754239,50.089587],[14.754251,50.089552],[14.754241,50.089551],[14.75428,50.089438],[14.754151,50.089419],[14.754117,50.089516]]]},"properties":{"kod":27428826,"cislo":"99","typ":"budova s číslem popisným","vyuziti":"rodinný dům","cast_obce":"Tlustovousy","parcela":"Tlustovousy st. 133","dokonceni":"2009","byty":1,"podlazi":2,"plocha":140}},{"type":"Feature","geometry":{"type":"Polygon","coordinates":[[[14.754637,50.090618],[14.75478,50.090644],[14.754782,50.090638],[14.754834,50.090648],[14.754863,50.09058],[14.754811,50.090571],[14.754813,50.090565],[14.75467,50.09054],[14.754637,50.090618]]]},"properties":{"kod":27463613,"cislo":"107","typ":"budova s číslem popisným","vyuziti":"rodinný dům","cast_obce":"Tlustovousy","parcela":"Tlustovousy st. 135","dokonceni":"2009","byty":1,"podlazi":2,"plocha":126}},{"type":"Feature","geometry":{"type":"Polygon","coordinates":[[[14.755084,50.090777],[14.755204,50.090788],[14.755224,50.0907],[14.755106,50.090689],[14.755084,50.090777]]]},"properties":{"kod":27687091,"cislo":"112","typ":"budova s číslem popisným","vyuziti":"rodinný dům","cast_obce":"Tlustovousy","parcela":"Tlustovousy st. 138","dokonceni":"2010","byty":1,"podlazi":1,"plocha":85}},{"type":"Feature","geometry":{"type":"Polygon","coordinates":[[[14.757394,50.089873],[14.757599,50.0899],[14.757623,50.089824],[14.757418,50.089797],[14.757394,50.089873]]]},"properties":{"kod":27696430,"cislo":"98","typ":"budova s číslem popisným","vyuziti":"rodinný dům","cast_obce":"Tlustovousy","parcela":"Tlustovousy st. 122","dokonceni":"2010","byty":2,"podlazi":2,"plocha":130}},{"type":"Feature","geometry":{"type":"Polygon","coordinates":[[[14.759139,50.087869],[14.759176,50.08782],[14.759163,50.087816],[14.759186,50.087785],[14.759054,50.087745],[14.759031,50.087775],[14.758986,50.087762],[14.75895,50.08781],[14.759139,50.087869]]]},"properties":{"kod":27747875,"cislo":"97","typ":"budova s číslem popisným","vyuziti":"rodinný dům","cast_obce":"Tlustovousy","parcela":"Tlustovousy st. 117","dokonceni":"2010","byty":1,"podlazi":3,"plocha":130}},{"type":"Feature","geometry":{"type":"Polygon","coordinates":[[[14.753457,50.089338],[14.753418,50.089472],[14.753513,50.089483],[14.753521,50.089456],[14.753553,50.089459],[14.753552,50.089464],[14.753625,50.089473],[14.753624,50.089477],[14.753686,50.089485],[14.753711,50.089401],[14.753543,50.089381],[14.753552,50.08935],[14.753457,50.089338]]]},"properties":{"kod":27817105,"cislo":"117","typ":"budova s číslem popisným","vyuziti":"rodinný dům","cast_obce":"Tlustovousy","parcela":"Tlustovousy st. 147","dokonceni":"2014","byty":1,"podlazi":1,"plocha":216}},{"type":"Feature","geometry":{"type":"Polygon","coordinates":[[[14.75336,50.089674],[14.753405,50.089679],[14.753399,50.089708],[14.753517,50.089721],[14.753526,50.089691],[14.753495,50.089687],[14.753515,50.089615],[14.753382,50.089599],[14.75336,50.089674]]]},"properties":{"kod":27838129,"cislo":"108","typ":"budova s číslem popisným","vyuziti":"rodinný dům","cast_obce":"Tlustovousy","parcela":"Tlustovousy st. 134","dokonceni":"2011","byty":1,"podlazi":2,"plocha":110}},{"type":"Feature","geometry":{"type":"Polygon","coordinates":[[[14.753922,50.090155],[14.754072,50.090176],[14.754095,50.090105],[14.75389,50.090077],[14.75388,50.090107],[14.753935,50.090115],[14.753922,50.090155]]]},"properties":{"kod":27842011,"cislo":"115","typ":"budova s číslem popisným","vyuziti":"rodinný dům","cast_obce":"Tlustovousy","parcela":"Tlustovousy st. 137","dokonceni":"2011","byty":1,"podlazi":1,"plocha":102}},{"type":"Feature","geometry":{"type":"Polygon","coordinates":[[[14.759115,50.090752],[14.759157,50.090844],[14.759233,50.090829],[14.759215,50.090787],[14.759254,50.090779],[14.759232,50.090729],[14.759115,50.090752]]]},"properties":{"kod":30391466,"cislo":"14","typ":"budova s číslem popisným","vyuziti":"stavba občanského vybavení","cast_obce":"Tlustovousy","parcela":"Tlustovousy st. 10","dokonceni":null,"byty":0,"podlazi":null,"plocha":79}},{"type":"Feature","geometry":{"type":"Polygon","coordinates":[[[14.757797,50.090716],[14.757787,50.090758],[14.757983,50.090776],[14.758003,50.090692],[14.757951,50.090688],[14.757942,50.09073],[14.757797,50.090716]]]},"properties":{"kod":30391474,"cislo":"93","typ":"budova s číslem popisným","vyuziti":"jiná stavba","cast_obce":"Tlustovousy","parcela":"Tlustovousy st. 81","dokonceni":null,"byty":0,"podlazi":null,"plocha":84}},{"type":"Feature","geometry":{"type":"Polygon","coordinates":[[[14.757868,50.093429],[14.757898,50.093355],[14.757762,50.093331],[14.757757,50.093344],[14.757689,50.093333],[14.757665,50.093394],[14.757868,50.093429]]]},"properties":{"kod":30391482,"cislo":"96","typ":"budova s číslem popisným","vyuziti":"rodinný dům","cast_obce":"Tlustovousy","parcela":"Tlustovousy st. 126","dokonceni":"2008","byty":1,"podlazi":2,"plocha":120}},{"type":"Feature","geometry":{"type":"Polygon","coordinates":[[[14.757829,50.093563],[14.757998,50.093591],[14.758005,50.093573],[14.758104,50.09359],[14.758133,50.093521],[14.758028,50.093503],[14.758021,50.093521],[14.757858,50.093493],[14.757829,50.093563]]]},"properties":{"kod":30391491,"cislo":"103","typ":"budova s číslem popisným","vyuziti":"rodinný dům","cast_obce":"Tlustovousy","parcela":"Tlustovousy st. 132","dokonceni":"2009","byty":1,"podlazi":1,"plocha":159}},{"type":"Feature","geometry":{"type":"Polygon","coordinates":[[[14.756709,50.093375],[14.756878,50.093403],[14.756886,50.093386],[14.756988,50.093403],[14.757015,50.093334],[14.756908,50.093316],[14.756902,50.093333],[14.756737,50.093306],[14.756709,50.093375]]]},"properties":{"kod":30391504,"cislo":"104","typ":"budova s číslem popisným","vyuziti":"rodinný dům","cast_obce":"Tlustovousy","parcela":"Tlustovousy st. 131","dokonceni":"2009","byty":1,"podlazi":1,"plocha":161}},{"type":"Feature","geometry":{"type":"Polygon","coordinates":[[[14.758793,50.090352],[14.758759,50.090205],[14.758718,50.090209],[14.75855,50.090207],[14.75855,50.09021],[14.758598,50.090211],[14.758597,50.090282],[14.758461,50.090279],[14.758461,50.090269],[14.758428,50.090268],[14.758428,50.090279],[14.758399,50.090278],[14.758369,50.090342],[14.758793,50.090352]]]},"properties":{"kod":30391512,"cislo":"105","typ":"budova s číslem popisným","vyuziti":"víceúčelová stavba","cast_obce":"Tlustovousy","parcela":"Tlustovousy st. 19/2","dokonceni":null,"byty":0,"podlazi":null,"plocha":318}},{"type":"Feature","geometry":{"type":"Polygon","coordinates":[[[14.757722,50.093715],[14.757663,50.093705],[14.757665,50.093701],[14.757529,50.093678],[14.757494,50.093763],[14.757691,50.093792],[14.757722,50.093715]]]},"properties":{"kod":30391521,"cislo":"109","typ":"budova s číslem popisným","vyuziti":"rodinný dům","cast_obce":"Tlustovousy","parcela":"Tlustovousy st. 144","dokonceni":"2010","byty":1,"podlazi":2,"plocha":136}},{"type":"Feature","geometry":{"type":"Polygon","coordinates":[[[14.753406,50.089835],[14.753403,50.089845],[14.753346,50.089837],[14.753325,50.089902],[14.75351,50.089926],[14.75352,50.089893],[14.753503,50.089891],[14.753513,50.089859],[14.753455,50.089851],[14.753458,50.089842],[14.753406,50.089835]]]},"properties":{"kod":30391539,"cislo":"113","typ":"budova s číslem popisným","vyuziti":"rodinný dům","cast_obce":"Tlustovousy","parcela":"Tlustovousy st. 136","dokonceni":"2010","byty":1,"podlazi":2,"plocha":99}},{"type":"Feature","geometry":{"type":"Polygon","coordinates":[[[14.757859,50.093753],[14.75783,50.093825],[14.757883,50.093834],[14.757878,50.093847],[14.757938,50.093857],[14.757943,50.093844],[14.758002,50.093853],[14.758008,50.093836],[14.758063,50.093845],[14.758082,50.093796],[14.758103,50.093799],[14.758125,50.093743],[14.758015,50.093725],[14.75801,50.093738],[14.757949,50.093727],[14.757937,50.093757],[14.757919,50.093763],[14.757859,50.093753]]]},"properties":{"kod":30391547,"cislo":"114","typ":"budova s číslem popisným","vyuziti":"rodinný dům","cast_obce":"Tlustovousy","parcela":"Tlustovousy st. 145","dokonceni":"2010","byty":1,"podlazi":2,"plocha":205}},{"type":"Feature","geometry":{"type":"Polygon","coordinates":[[[14.75542,50.090959],[14.755416,50.090978],[14.755406,50.090977],[14.755401,50.091001],[14.755412,50.091002],[14.755406,50.091034],[14.755552,50.091045],[14.755546,50.091081],[14.755591,50.091085],[14.755623,50.090942],[14.755551,50.090937],[14.755547,50.09096],[14.755524,50.090972],[14.755509,50.09097],[14.75551,50.090966],[14.75542,50.090959]]]},"properties":{"kod":30391555,"cislo":"116","typ":"budova s číslem popisným","vyuziti":"rodinný dům","cast_obce":"Tlustovousy","parcela":"Tlustovousy st. 146","dokonceni":"2010","byty":1,"podlazi":1,"plocha":153}},{"type":"Feature","geometry":{"type":"Polygon","coordinates":[[[14.758921,50.093942],[14.758912,50.093879],[14.758807,50.093885],[14.758815,50.093948],[14.758921,50.093942]]]},"properties":{"kod":30391563,"cislo":"130","typ":"budova s číslem popisným","vyuziti":"stavba pro rodinnou rekreaci","cast_obce":"Tlustovousy","parcela":"Tlustovousy st. 143","dokonceni":null,"byty":0,"podlazi":2,"plocha":53}},{"type":"Feature","geometry":{"type":"Polygon","coordinates":[[[14.757965,50.094022],[14.757797,50.093992],[14.75777,50.094054],[14.757839,50.094067],[14.757809,50.094141],[14.757906,50.094159],[14.757965,50.094022]]]},"properties":{"kod":34131949,"cislo":"106","typ":"budova s číslem popisným","vyuziti":"rodinný dům","cast_obce":"Tlustovousy","parcela":"Tlustovousy st. 149","dokonceni":"2010","byty":1,"podlazi":1,"plocha":151}},{"type":"Feature","geometry":{"type":"Polygon","coordinates":[[[14.75513,50.089832],[14.755214,50.089843],[14.755218,50.089828],[14.755385,50.08985],[14.75541,50.089771],[14.755239,50.089749],[14.755226,50.089787],[14.755147,50.089777],[14.75513,50.089832]]]},"properties":{"kod":50687395,"cislo":"120","typ":"budova s číslem popisným","vyuziti":"rodinný dům","cast_obce":"Tlustovousy","parcela":"Tlustovousy st. 142","dokonceni":"2011","byty":1,"podlazi":1,"plocha":149}},{"type":"Feature","geometry":{"type":"Polygon","coordinates":[[[14.754936,50.089806],[14.755044,50.08982],[14.755078,50.089716],[14.75497,50.089701],[14.754936,50.089806]]]},"properties":{"kod":50694359,"cislo":"119","typ":"budova s číslem popisným","vyuziti":"rodinný dům","cast_obce":"Tlustovousy","parcela":"Tlustovousy st. 150","dokonceni":"2011","byty":1,"podlazi":1,"plocha":94}},{"type":"Feature","geometry":{"type":"Polygon","coordinates":[[[14.755115,50.090949],[14.755125,50.090915],[14.755042,50.090904],[14.755031,50.090939],[14.755015,50.090947],[14.755011,50.090961],[14.755022,50.090972],[14.755016,50.090992],[14.755028,50.091003],[14.755162,50.09102],[14.75518,50.090957],[14.755115,50.090949]]]},"properties":{"kod":50960563,"cislo":"126","typ":"budova s číslem popisným","vyuziti":"rodinný dům","cast_obce":"Tlustovousy","parcela":"Tlustovousy st. 139","dokonceni":"2011","byty":1,"podlazi":1,"plocha":160}},{"type":"Feature","geometry":{"type":"Polygon","coordinates":[[[14.755654,50.090669],[14.755627,50.090754],[14.755685,50.090761],[14.755673,50.090799],[14.755805,50.090816],[14.755829,50.090742],[14.755781,50.090736],[14.755784,50.090725],[14.755797,50.090727],[14.755809,50.090689],[14.755654,50.090669]]]},"properties":{"kod":51130904,"cislo":"121","typ":"budova s číslem popisným","vyuziti":"rodinný dům","cast_obce":"Tlustovousy","parcela":"Tlustovousy st. 156","dokonceni":"2012","byty":1,"podlazi":1,"plocha":160}},{"type":"Feature","geometry":{"type":"Polygon","coordinates":[[[14.754278,50.090552],[14.754376,50.090564],[14.754392,50.090509],[14.754293,50.090497],[14.754278,50.090552]]]},"properties":{"kod":51333279,"cislo":"123","typ":"budova s číslem popisným","vyuziti":"rodinný dům","cast_obce":"Tlustovousy","parcela":"Tlustovousy st. 153","dokonceni":"2012","byty":1,"podlazi":2,"plocha":47}},{"type":"Feature","geometry":{"type":"Polygon","coordinates":[[[14.754637,50.089365],[14.754612,50.089451],[14.75478,50.089471],[14.754804,50.089385],[14.754637,50.089365]]]},"properties":{"kod":52075371,"cislo":"125","typ":"budova s číslem popisným","vyuziti":"rodinný dům","cast_obce":"Tlustovousy","parcela":"Tlustovousy st. 151","dokonceni":"2012","byty":1,"podlazi":1,"plocha":119}},{"type":"Feature","geometry":{"type":"Polygon","coordinates":[[[14.754079,50.089661],[14.754058,50.089723],[14.754192,50.089742],[14.754221,50.089658],[14.754128,50.089645],[14.754121,50.089667],[14.754079,50.089661]]]},"properties":{"kod":52169961,"cislo":"127","typ":"budova s číslem popisným","vyuziti":"rodinný dům","cast_obce":"Tlustovousy","parcela":"Tlustovousy st. 140","dokonceni":"2012","byty":1,"podlazi":1,"plocha":87}},{"type":"Feature","geometry":{"type":"Polygon","coordinates":[[[14.754524,50.089711],[14.754511,50.089752],[14.754702,50.089776],[14.754715,50.089735],[14.754687,50.089732],[14.754701,50.089687],[14.754565,50.08967],[14.754552,50.089714],[14.754524,50.089711]]]},"properties":{"kod":77739353,"cislo":"129","typ":"budova s číslem popisným","vyuziti":"rodinný dům","cast_obce":"Tlustovousy","parcela":"Tlustovousy st. 148","dokonceni":"2014","byty":1,"podlazi":2,"plocha":114}},{"type":"Feature","geometry":{"type":"Polygon","coordinates":[[[14.75336,50.090593],[14.753348,50.090629],[14.753307,50.090624],[14.753302,50.090641],[14.753234,50.090632],[14.753216,50.090685],[14.753429,50.090713],[14.753463,50.090606],[14.75336,50.090593]]]},"properties":{"kod":77986253,"cislo":"118","typ":"budova s číslem popisným","vyuziti":"rodinný dům","cast_obce":"Tlustovousy","parcela":"Tlustovousy st. 158","dokonceni":"2014","byty":1,"podlazi":2,"plocha":150}},{"type":"Feature","geometry":{"type":"Polygon","coordinates":[[[14.756006,50.090508],[14.756092,50.090517],[14.756094,50.090508],[14.75619,50.090519],[14.756203,50.090469],[14.756107,50.090458],[14.756109,50.09045],[14.756022,50.09044],[14.756006,50.090508]]]},"properties":{"kod":78043191,"cislo":"132","typ":"budova s číslem popisným","vyuziti":"rodinný dům","cast_obce":"Tlustovousy","parcela":"Tlustovousy st. 170","dokonceni":"2014","byty":1,"podlazi":1,"plocha":87}},{"type":"Feature","geometry":{"type":"Polygon","coordinates":[[[14.753165,50.0904],[14.753252,50.09041],[14.753255,50.090397],[14.753336,50.090407],[14.753361,50.090321],[14.753194,50.090301],[14.753165,50.0904]]]},"properties":{"kod":78211646,"cislo":"122","typ":"budova s číslem popisným","vyuziti":"rodinný dům","cast_obce":"Tlustovousy","parcela":"Tlustovousy st. 160","dokonceni":"2014","byty":1,"podlazi":2,"plocha":127}},{"type":"Feature","geometry":{"type":"Polygon","coordinates":[[[14.75322,50.090155],[14.75334,50.09017],[14.753343,50.090159],[14.753363,50.090151],[14.753367,50.090138],[14.753354,50.090125],[14.753357,50.090114],[14.753237,50.090099],[14.75322,50.090155]]]},"properties":{"kod":78290589,"cislo":"133","typ":"budova s číslem popisným","vyuziti":"rodinný dům","cast_obce":"Tlustovousy","parcela":"Tlustovousy st. 164","dokonceni":"2014","byty":1,"podlazi":2,"plocha":59}},{"type":"Feature","geometry":{"type":"Polygon","coordinates":[[[14.754808,50.090266],[14.754779,50.090355],[14.754888,50.09037],[14.754881,50.09039],[14.755005,50.090407],[14.755028,50.090336],[14.754935,50.090324],[14.754948,50.090285],[14.754808,50.090266]]]},"properties":{"kod":78733685,"cislo":"134","typ":"budova s číslem popisným","vyuziti":"rodinný dům","cast_obce":"Tlustovousy","parcela":"Tlustovousy st. 167","dokonceni":"2014","byty":1,"podlazi":2,"plocha":163}},{"type":"Feature","geometry":{"type":"Polygon","coordinates":[[[14.754405,50.090314],[14.754498,50.090331],[14.754503,50.090319],[14.754565,50.090329],[14.7546,50.090242],[14.754532,50.09023],[14.754521,50.090255],[14.754434,50.09024],[14.754405,50.090314]]]},"properties":{"kod":78902550,"cislo":"135","typ":"budova s číslem popisným","vyuziti":"rodinný dům","cast_obce":"Tlustovousy","parcela":"Tlustovousy st. 168","dokonceni":"2014","byty":1,"podlazi":1,"plocha":107}},{"type":"Feature","geometry":{"type":"Polygon","coordinates":[[[14.758722,50.089262],[14.758762,50.089112],[14.758651,50.0891],[14.75863,50.089179],[14.758548,50.08917],[14.758529,50.089241],[14.758722,50.089262]]]},"properties":{"kod":79045944,"cislo":"136","typ":"budova s číslem popisným","vyuziti":"rodinný dům","cast_obce":"Tlustovousy","parcela":"Tlustovousy st. 33","dokonceni":"2015","byty":1,"podlazi":1,"plocha":184}},{"type":"Feature","geometry":{"type":"Polygon","coordinates":[[[14.754138,50.090742],[14.754101,50.090818],[14.754217,50.090841],[14.754253,50.090764],[14.754218,50.090757],[14.754221,50.090751],[14.754176,50.090742],[14.754173,50.090749],[14.754138,50.090742]]]},"properties":{"kod":79073301,"cislo":"137","typ":"budova s číslem popisným","vyuziti":"rodinný dům","cast_obce":"Tlustovousy","parcela":"Tlustovousy st. 157","dokonceni":"2015","byty":1,"podlazi":2,"plocha":80}},{"type":"Feature","geometry":{"type":"Polygon","coordinates":[[[14.756736,50.090573],[14.756724,50.090646],[14.756931,50.09066],[14.756943,50.090587],[14.756736,50.090573]]]},"properties":{"kod":79393934,"cislo":"138","typ":"budova s číslem popisným","vyuziti":"rodinný dům","cast_obce":"Tlustovousy","parcela":"Tlustovousy st. 173","dokonceni":"2015","byty":1,"podlazi":1,"plocha":120}},{"type":"Feature","geometry":{"type":"Polygon","coordinates":[[[14.759077,50.087714],[14.759054,50.087745],[14.759186,50.087785],[14.759209,50.087755],[14.759222,50.087758],[14.759258,50.08771],[14.759069,50.087651],[14.759033,50.0877],[14.759077,50.087714]]]},"properties":{"kod":79695132,"cislo":"140","typ":"budova s číslem popisným","vyuziti":"rodinný dům","cast_obce":"Tlustovousy","parcela":"Tlustovousy st. 118","dokonceni":"2015","byty":1,"podlazi":2,"plocha":130}},{"type":"Feature","geometry":{"type":"Polygon","coordinates":[[[14.755692,50.09042],[14.755535,50.090407],[14.755518,50.090485],[14.755676,50.090499],[14.755692,50.09042]]]},"properties":{"kod":80012701,"cislo":"139","typ":"budova s číslem popisným","vyuziti":"rodinný dům","cast_obce":"Tlustovousy","parcela":"Tlustovousy st. 174","dokonceni":"2015","byty":1,"podlazi":1,"plocha":100}},{"type":"Feature","geometry":{"type":"Polygon","coordinates":[[[14.753511,50.089246],[14.753768,50.089285],[14.753794,50.089211],[14.753638,50.089188],[14.753658,50.08913],[14.753558,50.089115],[14.753541,50.089163],[14.753527,50.089161],[14.753516,50.089191],[14.75353,50.089193],[14.753511,50.089246]]]},"properties":{"kod":80733875,"cislo":"124","typ":"budova s číslem popisným","vyuziti":"rodinný dům","cast_obce":"Tlustovousy","parcela":"Tlustovousy st. 155","dokonceni":"2015","byty":1,"podlazi":1,"plocha":211}},{"type":"Feature","geometry":{"type":"Polygon","coordinates":[[[14.756899,50.090915],[14.756919,50.090844],[14.756796,50.090829],[14.756775,50.0909],[14.756899,50.090915]]]},"properties":{"kod":83467718,"cislo":"141","typ":"budova s číslem popisným","vyuziti":"rodinný dům","cast_obce":"Tlustovousy","parcela":"Tlustovousy st. 176","dokonceni":"2016","byty":1,"podlazi":2,"plocha":91}},{"type":"Feature","geometry":{"type":"Polygon","coordinates":[[[14.754816,50.089946],[14.754703,50.089931],[14.754669,50.090034],[14.754777,50.090049],[14.754769,50.090075],[14.754827,50.090082],[14.754853,50.090003],[14.7548,50.089996],[14.754816,50.089946]]]},"properties":{"kod":86468146,"cislo":"131","typ":"budova s číslem popisným","vyuziti":"rodinný dům","cast_obce":"Tlustovousy","parcela":"Tlustovousy st. 163","dokonceni":"2016","byty":1,"podlazi":2,"plocha":134}},{"type":"Feature","geometry":{"type":"Polygon","coordinates":[[[14.757386,50.093925],[14.757349,50.094018],[14.757522,50.094046],[14.75751,50.094078],[14.757567,50.094087],[14.757599,50.094007],[14.757549,50.093999],[14.757566,50.093955],[14.757386,50.093925]]]},"properties":{"kod":90654536,"cislo":"142","typ":"budova s číslem popisným","vyuziti":"rodinný dům","cast_obce":"Tlustovousy","parcela":"Tlustovousy st. 180","dokonceni":"2017","byty":1,"podlazi":1,"plocha":178}},{"type":"Feature","geometry":{"type":"Polygon","coordinates":[[[14.754447,50.090898],[14.754649,50.090935],[14.754674,50.090877],[14.754575,50.09086],[14.754595,50.090815],[14.754492,50.090796],[14.754447,50.090898]]]},"properties":{"kod":92079997,"cislo":"143","typ":"budova s číslem popisným","vyuziti":"rodinný dům","cast_obce":"Tlustovousy","parcela":"Tlustovousy st. 182","dokonceni":"2017","byty":1,"podlazi":1,"plocha":139}},{"type":"Feature","geometry":{"type":"Polygon","coordinates":[[[14.755483,50.091645],[14.755622,50.091669],[14.755636,50.091635],[14.755656,50.091639],[14.755676,50.09159],[14.755656,50.091587],[14.755668,50.091558],[14.755529,50.091534],[14.755483,50.091645]]]},"properties":{"kod":93066058,"cislo":"144","typ":"budova s číslem popisným","vyuziti":"rodinný dům","cast_obce":"Tlustovousy","parcela":"Tlustovousy st. 178","dokonceni":"2018","byty":1,"podlazi":1,"plocha":139}},{"type":"Feature","geometry":{"type":"Polygon","coordinates":[[[14.757285,50.090904],[14.757144,50.090889],[14.757128,50.090953],[14.757268,50.090968],[14.757285,50.090904]]]},"properties":{"kod":93829248,"cislo":"146","typ":"budova s číslem popisným","vyuziti":"rodinný dům","cast_obce":"Tlustovousy","parcela":"Tlustovousy st. 184","dokonceni":"2018","byty":1,"podlazi":2,"plocha":73}},{"type":"Feature","geometry":{"type":"Polygon","coordinates":[[[14.756029,50.090811],[14.756134,50.090824],[14.756155,50.090758],[14.75605,50.090744],[14.756048,50.090749],[14.755982,50.09074],[14.755965,50.090798],[14.75603,50.090806],[14.756029,50.090811]]]},"properties":{"kod":93834659,"cislo":"145","typ":"budova s číslem popisným","vyuziti":"rodinný dům","cast_obce":"Tlustovousy","parcela":"Tlustovousy st. 185/1","dokonceni":"2018","byty":1,"podlazi":2,"plocha":89}},{"type":"Feature","geometry":{"type":"Polygon","coordinates":[[[14.755246,50.090069],[14.755236,50.090099],[14.755364,50.090116],[14.7554,50.090004],[14.755348,50.089997],[14.755345,50.090006],[14.755276,50.089997],[14.755279,50.089987],[14.755196,50.089977],[14.75517,50.090059],[14.755246,50.090069]]]},"properties":{"kod":97026247,"cislo":"147","typ":"budova s číslem popisným","vyuziti":"rodinný dům","cast_obce":"Tlustovousy","parcela":"Tlustovousy st. 186","dokonceni":"2019","byty":1,"podlazi":1,"plocha":165}},{"type":"Feature","geometry":{"type":"Polygon","coordinates":[[[14.753918,50.090027],[14.754034,50.090043],[14.754038,50.09003],[14.754124,50.090042],[14.754174,50.089893],[14.754079,50.08988],[14.754047,50.089974],[14.75394,50.089959],[14.753918,50.090027]]]},"properties":{"kod":98425617,"cislo":"148","typ":"budova s číslem popisným","vyuziti":"rodinný dům","cast_obce":"Tlustovousy","parcela":"Tlustovousy st. 188","dokonceni":"2019","byty":1,"podlazi":1,"plocha":180}},{"type":"Feature","geometry":{"type":"Polygon","coordinates":[[[14.756507,50.091011],[14.756527,50.090934],[14.756318,50.090911],[14.756298,50.090989],[14.756507,50.091011]]]},"properties":{"kod":102418063,"cislo":"149","typ":"budova s číslem popisným","vyuziti":"rodinný dům","cast_obce":"Tlustovousy","parcela":"Tlustovousy st. 190","dokonceni":"2020","byty":1,"podlazi":1,"plocha":132}},{"type":"Feature","geometry":{"type":"Polygon","coordinates":[[[14.75637,50.090624],[14.756445,50.090634],[14.756449,50.090622],[14.756562,50.090637],[14.756599,50.090485],[14.756516,50.090477],[14.756505,50.090532],[14.756467,50.090528],[14.756457,50.090576],[14.756388,50.090567],[14.75637,50.090624]]]},"properties":{"kod":103736557,"cislo":"150","typ":"budova s číslem popisným","vyuziti":"rodinný dům","cast_obce":"Tlustovousy","parcela":"Tlustovousy st. 193","dokonceni":"2021","byty":1,"podlazi":2,"plocha":164}},{"type":"Feature","geometry":{"type":"Polygon","coordinates":[[[14.75548,50.089556],[14.755498,50.089492],[14.755385,50.089479],[14.755361,50.08949],[14.75535,50.089527],[14.755367,50.089543],[14.75548,50.089556]]]},"properties":{"kod":103851071,"cislo":"151","typ":"budova s číslem popisným","vyuziti":"rodinný dům","cast_obce":"Tlustovousy","parcela":"Tlustovousy st. 197","dokonceni":"2021","byty":1,"podlazi":2,"plocha":68}},{"type":"Feature","geometry":{"type":"Polygon","coordinates":[[[14.75621,50.089494],[14.756174,50.089664],[14.756297,50.089675],[14.756332,50.089504],[14.75621,50.089494]]]},"properties":{"kod":104389877,"cislo":"153","typ":"budova s číslem popisným","vyuziti":"rodinný dům","cast_obce":"Tlustovousy","parcela":"Tlustovousy st. 195","dokonceni":"2021","byty":2,"podlazi":1,"plocha":169}},{"type":"Feature","geometry":{"type":"Polygon","coordinates":[[[14.756103,50.090008],[14.756226,50.090019],[14.75627,50.089807],[14.756147,50.089796],[14.756103,50.090008]]]},"properties":{"kod":104389893,"cislo":"152","typ":"budova s číslem popisným","vyuziti":"rodinný dům","cast_obce":"Tlustovousy","parcela":"Tlustovousy st. 194","dokonceni":"2021","byty":2,"podlazi":1,"plocha":212}},{"type":"Feature","geometry":{"type":"Polygon","coordinates":[[[14.757092,50.093719],[14.757158,50.09373],[14.757169,50.093703],[14.757292,50.093724],[14.757335,50.093618],[14.757175,50.093591],[14.757155,50.093642],[14.757125,50.093637],[14.757092,50.093719]]]},"properties":{"kod":105490393,"cislo":"154","typ":"budova s číslem popisným","vyuziti":"rodinný dům","cast_obce":"Tlustovousy","parcela":"Tlustovousy st. 192","dokonceni":"2021","byty":1,"podlazi":2,"plocha":172}},{"type":"Feature","geometry":{"type":"Polygon","coordinates":[[[14.756824,50.090363],[14.756968,50.090375],[14.756981,50.090313],[14.756837,50.090301],[14.756824,50.090363]]]},"properties":{"kod":105558834,"cislo":"155","typ":"budova s číslem popisným","vyuziti":"rodinný dům","cast_obce":"Tlustovousy","parcela":"Tlustovousy st. 198","dokonceni":"2021","byty":1,"podlazi":2,"plocha":73}},{"type":"Feature","geometry":{"type":"Polygon","coordinates":[[[14.757085,50.09061],[14.757068,50.090688],[14.757328,50.090711],[14.757344,50.090632],[14.757278,50.090626],[14.757285,50.090593],[14.757163,50.090583],[14.757156,50.090616],[14.757085,50.09061]]]},"properties":{"kod":106368681,"cislo":"156","typ":"budova s číslem popisným","vyuziti":"rodinný dům","cast_obce":"Tlustovousy","parcela":"Tlustovousy st. 204","dokonceni":"2021","byty":1,"podlazi":1,"plocha":198}},{"type":"Feature","geometry":{"type":"Polygon","coordinates":[[[14.755025,50.089373],[14.755034,50.089374],[14.755018,50.089429],[14.755142,50.089444],[14.755167,50.08936],[14.755131,50.089356],[14.755135,50.089343],[14.755038,50.089331],[14.755025,50.089373]]]},"properties":{"kod":107508923,"cislo":"157","typ":"budova s číslem popisným","vyuziti":"rodinný dům","cast_obce":"Tlustovousy","parcela":"Tlustovousy st. 206","dokonceni":"2022","byty":1,"podlazi":1,"plocha":103}},{"type":"Feature","geometry":{"type":"Polygon","coordinates":[[[14.759285,50.089307],[14.759185,50.089315],[14.75917,50.08925],[14.75905,50.08926],[14.759042,50.089267],[14.759061,50.089354],[14.759024,50.089358],[14.759038,50.08942],[14.759306,50.089396],[14.759285,50.089307]]]},"properties":{"kod":117619809,"cislo":"158","typ":"budova s číslem popisným","vyuziti":"rodinný dům","cast_obce":"Tlustovousy","parcela":"Tlustovousy st. 27/1","dokonceni":"2022","byty":2,"podlazi":2,"plocha":206}},{"type":"Feature","geometry":{"type":"Polygon","coordinates":[[[14.757401,50.090722],[14.757459,50.090728],[14.757484,50.090619],[14.757426,50.090614],[14.757401,50.090722]]]},"properties":{"kod":121154050,"cislo":"128","typ":"budova s číslem popisným","vyuziti":"rodinný dům","cast_obce":"Tlustovousy","parcela":"Tlustovousy st. 208","dokonceni":"2023","byty":1,"podlazi":1,"plocha":52}},{"type":"Feature","geometry":{"type":"Polygon","coordinates":[[[14.755904,50.089456],[14.75589,50.089514],[14.756029,50.089528],[14.75606,50.089407],[14.755893,50.08939],[14.755878,50.089454],[14.755904,50.089456]]]},"properties":{"kod":145919196,"cislo":"159","typ":"budova s číslem popisným","vyuziti":"rodinný dům","cast_obce":"Tlustovousy","parcela":"Tlustovousy st. 209","dokonceni":"2024","byty":1,"podlazi":1,"plocha":163}},{"type":"Feature","geometry":{"type":"Polygon","coordinates":[[[14.760184,50.096146],[14.760307,50.096054],[14.760216,50.096003],[14.760093,50.096095],[14.760184,50.096146]]]},"properties":{"kod":149409982,"cislo":"160","typ":"budova s číslem popisným","vyuziti":"rodinný dům","cast_obce":"Tlustovousy","parcela":"Tlustovousy st. 201","dokonceni":"2024","byty":1,"podlazi":1,"plocha":116}},{"type":"Feature","geometry":{"type":"Polygon","coordinates":[[[14.75532,50.090369],[14.755246,50.090358],[14.755265,50.090309],[14.755149,50.090291],[14.755104,50.090415],[14.755292,50.090443],[14.75532,50.090369]]]},"properties":{"kod":150005750,"cislo":"161","typ":"budova s číslem popisným","vyuziti":"rodinný dům","cast_obce":"Tlustovousy","parcela":"Tlustovousy st. 199","dokonceni":"2025","byty":1,"podlazi":1,"plocha":166}},{"type":"Feature","geometry":{"type":"Polygon","coordinates":[[[14.766828,50.085461],[14.7665,50.085471],[14.766505,50.085545],[14.766834,50.085534],[14.766828,50.085461]]]},"properties":{"kod":14369958,"cislo":"1","typ":"budova s číslem popisným","vyuziti":"rodinný dům","cast_obce":"Tuklaty","parcela":"Tuklaty st. 31/1","dokonceni":"1945","byty":1,"podlazi":1,"plocha":195}},{"type":"Feature","geometry":{"type":"Polygon","coordinates":[[[14.766945,50.085362],[14.767001,50.085284],[14.766798,50.085225],[14.766743,50.085303],[14.766945,50.085362]]]},"properties":{"kod":14369966,"cislo":"2","typ":"budova s číslem popisným","vyuziti":"stavba ubytovacího zařízení","cast_obce":"Tuklaty","parcela":"Tuklaty st. 30/1","dokonceni":"2020","byty":2,"podlazi":2,"plocha":240}},{"type":"Feature","geometry":{"type":"Polygon","coordinates":[[[14.766937,50.084674],[14.76723,50.084698],[14.76725,50.084634],[14.766954,50.084611],[14.766937,50.084674]]]},"properties":{"kod":14369974,"cislo":"3","typ":"budova s číslem popisným","vyuziti":"objekt k bydlení","cast_obce":"Tuklaty","parcela":"Tuklaty st. 29","dokonceni":"1919","byty":2,"podlazi":null,"plocha":152}},{"type":"Feature","geometry":{"type":"Polygon","coordinates":[[[14.766865,50.084186],[14.767092,50.0842],[14.7671,50.084143],[14.766873,50.084129],[14.766865,50.084186]]]},"properties":{"kod":14369982,"cislo":"4","typ":"budova s číslem popisným","vyuziti":"rodinný dům","cast_obce":"Tuklaty","parcela":"Tuklaty st. 27/1","dokonceni":null,"byty":2,"podlazi":null,"plocha":104}},{"type":"Feature","geometry":{"type":"Polygon","coordinates":[[[14.766619,50.083284],[14.766638,50.083301],[14.766623,50.083308],[14.766662,50.083342],[14.766672,50.083337],[14.766745,50.083401],[14.766812,50.083374],[14.766675,50.083259],[14.766619,50.083284]]]},"properties":{"kod":14369991,"cislo":"5","typ":"budova s číslem popisným","vyuziti":"rodinný dům","cast_obce":"Tuklaty","parcela":"Tuklaty st. 20","dokonceni":"2011","byty":1,"podlazi":1,"plocha":117}},{"type":"Feature","geometry":{"type":"Polygon","coordinates":[[[14.766734,50.0838],[14.76674,50.083866],[14.766879,50.083861],[14.766876,50.083827],[14.766855,50.083828],[14.766852,50.083795],[14.766734,50.0838]]]},"properties":{"kod":14370000,"cislo":"7","typ":"budova s číslem popisným","vyuziti":"rodinný dům","cast_obce":"Tuklaty","parcela":"Tuklaty st. 24","dokonceni":"2004","byty":1,"podlazi":2,"plocha":68}},{"type":"Feature","geometry":{"type":"Polygon","coordinates":[[[14.767084,50.083611],[14.767185,50.08372],[14.767306,50.083675],[14.76727,50.083636],[14.767295,50.083627],[14.767252,50.083582],[14.767228,50.083591],[14.767205,50.083566],[14.767084,50.083611]]]},"properties":{"kod":14370018,"cislo":"8","typ":"budova s číslem popisným","vyuziti":"rodinný dům","cast_obce":"Tuklaty","parcela":"Tuklaty st. 18","dokonceni":"1919","byty":1,"podlazi":1,"plocha":153}},{"type":"Feature","geometry":{"type":"Polygon","coordinates":[[[14.767383,50.084306],[14.767547,50.084566],[14.767641,50.084541],[14.767473,50.084282],[14.767383,50.084306]]]},"properties":{"kod":14370026,"cislo":"9","typ":"budova s číslem popisným","vyuziti":"rodinný dům","cast_obce":"Tuklaty","parcela":"Tuklaty st. 17/1","dokonceni":"1919","byty":2,"podlazi":1,"plocha":221}},{"type":"Feature","geometry":{"type":"Polygon","coordinates":[[[14.767954,50.084886],[14.768198,50.08478],[14.768143,50.084727],[14.767899,50.084832],[14.767954,50.084886]]]},"properties":{"kod":14370034,"cislo":"10","typ":"budova s číslem popisným","vyuziti":"rodinný dům","cast_obce":"Tuklaty","parcela":"Tuklaty st. 13","dokonceni":"2019","byty":1,"podlazi":2,"plocha":159}},{"type":"Feature","geometry":{"type":"Polygon","coordinates":[[[14.769539,50.084318],[14.76957,50.084332],[14.769721,50.084354],[14.769746,50.084281],[14.769563,50.084256],[14.769539,50.084318]]]},"properties":{"kod":14370042,"cislo":"11","typ":"budova s číslem popisným","vyuziti":"rodinný dům","cast_obce":"Tuklaty","parcela":"Tuklaty st. 80","dokonceni":"1980","byty":1,"podlazi":2,"plocha":110}},{"type":"Feature","geometry":{"type":"Polygon","coordinates":[[[14.767746,50.085037],[14.767773,50.084912],[14.767704,50.084905],[14.767676,50.08503],[14.767746,50.085037]]]},"properties":{"kod":14370051,"cislo":"12","typ":"budova s číslem popisným","vyuziti":"rodinný dům","cast_obce":"Tuklaty","parcela":"Tuklaty st. 53","dokonceni":"1945","byty":1,"podlazi":1,"plocha":71}},{"type":"Feature","geometry":{"type":"Polygon","coordinates":[[[14.769319,50.084924],[14.769326,50.084904],[14.769447,50.084922],[14.769463,50.084874],[14.769158,50.084832],[14.769143,50.08488],[14.769257,50.084894],[14.76925,50.084914],[14.769319,50.084924]]]},"properties":{"kod":14370069,"cislo":"13","typ":"budova s číslem popisným","vyuziti":"rodinný dům","cast_obce":"Tuklaty","parcela":"Tuklaty st. 12","dokonceni":"1970","byty":1,"podlazi":1,"plocha":131}},{"type":"Feature","geometry":{"type":"Polygon","coordinates":[[[14.769409,50.084653],[14.769653,50.084719],[14.769699,50.08465],[14.769597,50.084623],[14.76961,50.084603],[14.769543,50.084585],[14.76953,50.084605],[14.769456,50.084585],[14.769409,50.084653]]]},"properties":{"kod":14370077,"cislo":"14","typ":"budova s číslem popisným","vyuziti":"stavba občanského vybavení","cast_obce":"Tuklaty","parcela":"Tuklaty st. 11","dokonceni":"2018","byty":0,"podlazi":3,"plocha":470}},{"type":"Feature","geometry":{"type":"Polygon","coordinates":[[[14.77005,50.084709],[14.770073,50.084628],[14.770013,50.08462],[14.77001,50.08463],[14.769809,50.084604],[14.769787,50.084674],[14.77005,50.084709]]]},"properties":{"kod":14370085,"cislo":"15","typ":"budova s číslem popisným","vyuziti":"rodinný dům","cast_obce":"Tuklaty","parcela":"Tuklaty st. 10/1","dokonceni":"2003","byty":1,"podlazi":1,"plocha":159}},{"type":"Feature","geometry":{"type":"Polygon","coordinates":[[[14.77011,50.084688],[14.770349,50.084685],[14.770349,50.084652],[14.770371,50.084652],[14.77037,50.084625],[14.77011,50.084625],[14.77011,50.084688]]]},"properties":{"kod":14370093,"cislo":"16","typ":"budova s číslem popisným","vyuziti":"rodinný dům","cast_obce":"Tuklaty","parcela":"Tuklaty st. 9","dokonceni":"1919","byty":1,"podlazi":1,"plocha":125}},{"type":"Feature","geometry":{"type":"Polygon","coordinates":[[[14.766921,50.083562],[14.766985,50.083535],[14.766814,50.083376],[14.76675,50.083404],[14.766921,50.083562]]]},"properties":{"kod":14370107,"cislo":"17","typ":"budova s číslem popisným","vyuziti":"objekt k bydlení","cast_obce":"Tuklaty","parcela":"Tuklaty st. 21","dokonceni":null,"byty":0,"podlazi":null,"plocha":118}},{"type":"Feature","geometry":{"type":"Polygon","coordinates":[[[14.769906,50.085243],[14.769949,50.085193],[14.769554,50.085054],[14.76951,50.085103],[14.769906,50.085243]]]},"properties":{"kod":14370115,"cislo":"18","typ":"budova s číslem popisným","vyuziti":"rodinný dům","cast_obce":"Tuklaty","parcela":"Tuklaty st. 7/1","dokonceni":"1919","byty":1,"podlazi":1,"plocha":203}},{"type":"Feature","geometry":{"type":"Polygon","coordinates":[[[14.768946,50.085522],[14.769129,50.085614],[14.769215,50.085613],[14.769214,50.085536],[14.76924,50.085529],[14.769299,50.085478],[14.769297,50.085462],[14.769357,50.085452],[14.769333,50.0854],[14.769218,50.08535],[14.769149,50.085351],[14.76915,50.085408],[14.769094,50.085456],[14.769008,50.08547],[14.768946,50.085522]]]},"properties":{"kod":14370123,"cislo":"19","typ":"budova s číslem popisným","vyuziti":"jiná stavba","cast_obce":"Tuklaty","parcela":"Tuklaty st. 3/1","dokonceni":null,"byty":0,"podlazi":1,"plocha":433}},{"type":"Feature","geometry":{"type":"Polygon","coordinates":[[[14.768345,50.086156],[14.768276,50.086128],[14.768163,50.086248],[14.768305,50.086304],[14.768345,50.086262],[14.768304,50.086246],[14.76835,50.086197],[14.768317,50.086184],[14.768345,50.086156]]]},"properties":{"kod":14370131,"cislo":"20","typ":"budova s číslem popisným","vyuziti":"rodinný dům","cast_obce":"Tuklaty","parcela":"Tuklaty st. 47","dokonceni":"2019","byty":1,"podlazi":1,"plocha":141}},{"type":"Feature","geometry":{"type":"Polygon","coordinates":[[[14.767911,50.086551],[14.767926,50.086483],[14.767818,50.086473],[14.767802,50.086541],[14.767911,50.086551]]]},"properties":{"kod":14370140,"cislo":"21","typ":"budova s číslem popisným","vyuziti":"rodinný dům","cast_obce":"Tuklaty","parcela":"Tuklaty st. 45","dokonceni":"1919","byty":1,"podlazi":1,"plocha":60}},{"type":"Feature","geometry":{"type":"Polygon","coordinates":[[[14.767005,50.086327],[14.767087,50.086353],[14.767283,50.086074],[14.7672,50.086049],[14.767005,50.086327]]]},"properties":{"kod":14370158,"cislo":"22","typ":"budova s číslem popisným","vyuziti":"rodinný dům","cast_obce":"Tuklaty","parcela":"Tuklaty st. 41/1","dokonceni":"1919","byty":3,"podlazi":1,"plocha":222}},{"type":"Feature","geometry":{"type":"Polygon","coordinates":[[[14.766488,50.08591],[14.766557,50.085947],[14.766731,50.085827],[14.766666,50.08579],[14.766488,50.08591]]]},"properties":{"kod":14370166,"cislo":"24","typ":"budova s číslem popisným","vyuziti":"stavba pro výrobu a skladování","cast_obce":"Tuklaty","parcela":"Tuklaty st. 36","dokonceni":"2025","byty":1,"podlazi":1,"plocha":134}},{"type":"Feature","geometry":{"type":"Polygon","coordinates":[[[14.766383,50.085743],[14.766638,50.085642],[14.766609,50.085612],[14.766559,50.085633],[14.766504,50.085575],[14.766297,50.085655],[14.766383,50.085743]]]},"properties":{"kod":14370174,"cislo":"25","typ":"budova s číslem popisným","vyuziti":"rodinný dům","cast_obce":"Tuklaty","parcela":"Tuklaty st. 32","dokonceni":"1919","byty":2,"podlazi":1,"plocha":214}},{"type":"Feature","geometry":{"type":"Polygon","coordinates":[[[14.767421,50.084844],[14.767439,50.085006],[14.767565,50.085002],[14.767556,50.084837],[14.767421,50.084844]]]},"properties":{"kod":14370182,"cislo":"26","typ":"budova s číslem popisným","vyuziti":"rodinný dům","cast_obce":"Tuklaty","parcela":"Tuklaty st. 54","dokonceni":"1919","byty":1,"podlazi":1,"plocha":170}},{"type":"Feature","geometry":{"type":"Polygon","coordinates":[[[14.767411,50.086645],[14.76752,50.086659],[14.767539,50.086599],[14.767558,50.086602],[14.767588,50.086508],[14.767463,50.086491],[14.767411,50.086645]]]},"properties":{"kod":14370191,"cislo":"27","typ":"budova s číslem popisným","vyuziti":"rodinný dům","cast_obce":"Tuklaty","parcela":"Tuklaty st. 42/3","dokonceni":"2000","byty":2,"podlazi":1,"plocha":152}},{"type":"Feature","geometry":{"type":"Polygon","coordinates":[[[14.76768,50.085954],[14.76777,50.085988],[14.767851,50.085873],[14.767891,50.085887],[14.767963,50.085803],[14.767884,50.085745],[14.767734,50.085916],[14.767718,50.08591],[14.76768,50.085954]]]},"properties":{"kod":14370204,"cislo":"28","typ":"budova s číslem popisným","vyuziti":"rodinný dům","cast_obce":"Tuklaty","parcela":"Tuklaty st. 50","dokonceni":"1919","byty":1,"podlazi":2,"plocha":183}},{"type":"Feature","geometry":{"type":"Polygon","coordinates":[[[14.770458,50.084633],[14.770457,50.084683],[14.770752,50.084682],[14.770756,50.084635],[14.770744,50.084635],[14.770744,50.084606],[14.770671,50.084606],[14.770671,50.08461],[14.770564,50.084609],[14.770563,50.084634],[14.770458,50.084633]]]},"properties":{"kod":14370221,"cislo":"31","typ":"budova s číslem popisným","vyuziti":"rodinný dům","cast_obce":"Tuklaty","parcela":"Tuklaty st. 8","dokonceni":"1970","byty":1,"podlazi":1,"plocha":153}},{"type":"Feature","geometry":{"type":"Polygon","coordinates":[[[14.766471,50.083623],[14.766541,50.083606],[14.766527,50.083581],[14.76652,50.083582],[14.766513,50.083571],[14.766618,50.083547],[14.766585,50.083492],[14.766324,50.083556],[14.766329,50.083565],[14.766277,50.083577],[14.766301,50.083619],[14.76645,50.083585],[14.766471,50.083623]]]},"properties":{"kod":14370239,"cislo":"32","typ":"budova s číslem popisným","vyuziti":"rodinný dům","cast_obce":"Tuklaty","parcela":"Tuklaty st. 23","dokonceni":"2008","byty":3,"podlazi":2,"plocha":168}},{"type":"Feature","geometry":{"type":"Polygon","coordinates":[[[14.767195,50.087276],[14.767234,50.087305],[14.767295,50.08727],[14.767317,50.087287],[14.76738,50.087252],[14.767319,50.087206],[14.767195,50.087276]]]},"properties":{"kod":14370247,"cislo":"33","typ":"budova s číslem popisným","vyuziti":"rodinný dům","cast_obce":"Tuklaty","parcela":"Tuklaty st. 159","dokonceni":"1960","byty":2,"podlazi":1,"plocha":64}},{"type":"Feature","geometry":{"type":"Polygon","coordinates":[[[14.7669,50.08451],[14.766888,50.084602],[14.767251,50.084622],[14.76727,50.084378],[14.767049,50.084367],[14.767024,50.084428],[14.767131,50.084436],[14.767125,50.08452],[14.7669,50.08451]]]},"properties":{"kod":14370255,"cislo":"34","typ":"budova s číslem popisným","vyuziti":"rodinný dům","cast_obce":"Tuklaty","parcela":"Tuklaty st. 28","dokonceni":"1919","byty":1,"podlazi":1,"plocha":480}},{"type":"Feature","geometry":{"type":"Polygon","coordinates":[[[14.770014,50.083165],[14.7701,50.083177],[14.77012,50.083122],[14.770107,50.083121],[14.770112,50.083106],[14.770038,50.083095],[14.770014,50.083165]]]},"properties":{"kod":14370263,"cislo":"35","typ":"budova s číslem popisným","vyuziti":"rodinný dům","cast_obce":"Tuklaty","parcela":"Tuklaty st. 173","dokonceni":null,"byty":1,"podlazi":null,"plocha":49}},{"type":"Feature","geometry":{"type":"Polygon","coordinates":[[[14.766344,50.083507],[14.766385,50.083536],[14.766439,50.083523],[14.76645,50.083516],[14.766461,50.083524],[14.766585,50.083492],[14.766479,50.083415],[14.766379,50.083473],[14.766389,50.08348],[14.766344,50.083507]]]},"properties":{"kod":14370271,"cislo":"36","typ":"budova s číslem popisným","vyuziti":"rodinný dům","cast_obce":"Tuklaty","parcela":"Tuklaty st. 22","dokonceni":"2017","byty":1,"podlazi":2,"plocha":125}},{"type":"Feature","geometry":{"type":"Polygon","coordinates":[[[14.766897,50.085184],[14.767048,50.085211],[14.767084,50.08512],[14.767089,50.08512],[14.767143,50.084977],[14.766986,50.084953],[14.766897,50.085184]]]},"properties":{"kod":14370280,"cislo":"37","typ":"budova s číslem popisným","vyuziti":"stavba ubytovacího zařízení","cast_obce":"Tuklaty","parcela":"Tuklaty st. 30/2","dokonceni":"2017","byty":4,"podlazi":2,"plocha":313}},{"type":"Feature","geometry":{"type":"Polygon","coordinates":[[[14.767373,50.084231],[14.767488,50.084224],[14.767481,50.084182],[14.7675,50.084181],[14.767495,50.084146],[14.767475,50.084147],[14.767469,50.084109],[14.767354,50.084117],[14.767373,50.084231]]]},"properties":{"kod":14370298,"cislo":"38","typ":"budova s číslem popisným","vyuziti":"rodinný dům","cast_obce":"Tuklaty","parcela":"Tuklaty st. 59","dokonceni":null,"byty":1,"podlazi":1,"plocha":111}},{"type":"Feature","geometry":{"type":"Polygon","coordinates":[[[14.770872,50.077161],[14.770905,50.077162],[14.77091,50.077123],[14.770762,50.077114],[14.770754,50.077181],[14.770764,50.077182],[14.77076,50.077214],[14.77086,50.077219],[14.770872,50.077161]]]},"properties":{"kod":14370301,"cislo":"39","typ":"budova s číslem popisným","vyuziti":"rodinný dům","cast_obce":"Tuklaty","parcela":"Tuklaty st. 57","dokonceni":"1919","byty":1,"podlazi":1,"plocha":98}},{"type":"Feature","geometry":{"type":"Polygon","coordinates":[[[14.766642,50.085353],[14.766902,50.085429],[14.766941,50.085368],[14.766684,50.085293],[14.766642,50.085353]]]},"properties":{"kod":14370310,"cislo":"41","typ":"budova s číslem popisným","vyuziti":"rodinný dům","cast_obce":"Tuklaty","parcela":"Tuklaty st. 31/2","dokonceni":"1919","byty":1,"podlazi":1,"plocha":149}},{"type":"Feature","geometry":{"type":"Polygon","coordinates":[[[14.767154,50.08567],[14.767095,50.085809],[14.767232,50.085832],[14.767282,50.085698],[14.767154,50.08567]]]},"properties":{"kod":14370328,"cislo":"42","typ":"budova s číslem popisným","vyuziti":"objekt k bydlení","cast_obce":"Tuklaty","parcela":"Tuklaty st. 37/2","dokonceni":"2011","byty":1,"podlazi":2,"plocha":null,"obrys":"stavební parcela (RÚIAN bez obrysu budovy)"}},{"type":"Feature","geometry":{"type":"Polygon","coordinates":[[[14.766072,50.082657],[14.766089,50.082651],[14.766112,50.082679],[14.766181,50.082657],[14.766157,50.082625],[14.766143,50.08263],[14.766054,50.082519],[14.765982,50.082543],[14.766072,50.082657]]]},"properties":{"kod":14370336,"cislo":"43","typ":"budova s číslem popisným","vyuziti":"rodinný dům","cast_obce":"Tuklaty","parcela":"Tuklaty st. 62","dokonceni":"1919","byty":1,"podlazi":1,"plocha":103}},{"type":"Feature","geometry":{"type":"Polygon","coordinates":[[[14.766118,50.082953],[14.766035,50.082852],[14.765944,50.082882],[14.766029,50.082984],[14.766118,50.082953]]]},"properties":{"kod":14370344,"cislo":"44","typ":"budova s číslem popisným","vyuziti":"rodinný dům","cast_obce":"Tuklaty","parcela":"Tuklaty st. 63/1","dokonceni":null,"byty":1,"podlazi":1,"plocha":93}},{"type":"Feature","geometry":{"type":"Polygon","coordinates":[[[14.766238,50.082862],[14.766362,50.083016],[14.766474,50.082978],[14.76645,50.082948],[14.766445,50.08295],[14.766398,50.08289],[14.766364,50.082901],[14.766311,50.082837],[14.766238,50.082862]]]},"properties":{"kod":14370352,"cislo":"45","typ":"budova s číslem popisným","vyuziti":"rodinný dům","cast_obce":"Tuklaty","parcela":"Tuklaty st. 65","dokonceni":"1919","byty":1,"podlazi":1,"plocha":147}},{"type":"Feature","geometry":{"type":"Polygon","coordinates":[[[14.767304,50.083957],[14.767434,50.083931],[14.767417,50.083896],[14.76748,50.083883],[14.767444,50.083813],[14.767392,50.083805],[14.767375,50.083816],[14.767245,50.083843],[14.767304,50.083957]]]},"properties":{"kod":14370361,"cislo":"46","typ":"budova s číslem popisným","vyuziti":"rodinný dům","cast_obce":"Tuklaty","parcela":"Tuklaty st. 64","dokonceni":"1919","byty":1,"podlazi":2,"plocha":176}},{"type":"Feature","geometry":{"type":"Polygon","coordinates":[[[14.765621,50.082574],[14.76564,50.082566],[14.765663,50.082594],[14.765638,50.082602],[14.765674,50.082647],[14.765827,50.082597],[14.765757,50.08251],[14.765658,50.082543],[14.765635,50.082538],[14.765597,50.082551],[14.765621,50.082574]]]},"properties":{"kod":14370379,"cislo":"47","typ":"budova s číslem popisným","vyuziti":"objekt k bydlení","cast_obce":"Tuklaty","parcela":"Tuklaty st. 155","dokonceni":"2012","byty":2,"podlazi":2,"plocha":141}},{"type":"Feature","geometry":{"type":"Polygon","coordinates":[[[14.765587,50.082419],[14.765673,50.082525],[14.765748,50.082499],[14.765663,50.082394],[14.765587,50.082419]]]},"properties":{"kod":14370387,"cislo":"48","typ":"budova s číslem popisným","vyuziti":"rodinný dům","cast_obce":"Tuklaty","parcela":"Tuklaty st. 67","dokonceni":null,"byty":1,"podlazi":1,"plocha":82}},{"type":"Feature","geometry":{"type":"Polygon","coordinates":[[[14.765515,50.082331],[14.765587,50.082419],[14.765663,50.082394],[14.765591,50.082306],[14.765515,50.082331]]]},"properties":{"kod":14370395,"cislo":"49","typ":"budova s číslem popisným","vyuziti":"rodinný dům","cast_obce":"Tuklaty","parcela":"Tuklaty st. 68","dokonceni":"1919","byty":2,"podlazi":1,"plocha":68}},{"type":"Feature","geometry":{"type":"Polygon","coordinates":[[[14.767079,50.084369],[14.767256,50.084377],[14.767229,50.084252],[14.7671,50.084265],[14.767109,50.084306],[14.767067,50.08431],[14.767079,50.084369]]]},"properties":{"kod":14370409,"cislo":"50","typ":"budova s číslem popisným","vyuziti":"rodinný dům","cast_obce":"Tuklaty","parcela":"Tuklaty st. 27/2","dokonceni":"1990","byty":1,"podlazi":1,"plocha":144}},{"type":"Feature","geometry":{"type":"Polygon","coordinates":[[[14.76988,50.084385],[14.769933,50.084393],[14.769926,50.084411],[14.769988,50.084419],[14.769994,50.084401],[14.770049,50.084409],[14.770078,50.084324],[14.769909,50.0843],[14.76988,50.084385]]]},"properties":{"kod":14370417,"cislo":"51","typ":"budova s číslem popisným","vyuziti":"rodinný dům","cast_obce":"Tuklaty","parcela":"Tuklaty st. 69","dokonceni":"1970","byty":2,"podlazi":2,"plocha":129}},{"type":"Feature","geometry":{"type":"Polygon","coordinates":[[[14.765815,50.082809],[14.765883,50.082892],[14.765942,50.082878],[14.765944,50.082882],[14.766035,50.082852],[14.765958,50.082758],[14.765815,50.082809]]]},"properties":{"kod":14370425,"cislo":"52","typ":"budova s číslem popisným","vyuziti":"rodinný dům","cast_obce":"Tuklaty","parcela":"Tuklaty st. 63/2","dokonceni":"1945","byty":1,"podlazi":1,"plocha":134}},{"type":"Feature","geometry":{"type":"Polygon","coordinates":[[[14.767728,50.084583],[14.767745,50.084595],[14.767651,50.084646],[14.767753,50.084723],[14.767882,50.08465],[14.767861,50.084633],[14.76788,50.084623],[14.767808,50.084569],[14.767852,50.084535],[14.767816,50.08451],[14.767728,50.084583]]]},"properties":{"kod":14370433,"cislo":"53","typ":"budova s číslem popisným","vyuziti":"rodinný dům","cast_obce":"Tuklaty","parcela":"Tuklaty st. 17/2","dokonceni":"1970","byty":2,"podlazi":2,"plocha":183}},{"type":"Feature","geometry":{"type":"Polygon","coordinates":[[[14.76984,50.084016],[14.769809,50.084011],[14.769818,50.083984],[14.769735,50.083973],[14.769726,50.084],[14.769694,50.083996],[14.769677,50.084048],[14.769823,50.084068],[14.76984,50.084016]]]},"properties":{"kod":14370441,"cislo":"54","typ":"budova s číslem popisným","vyuziti":"rodinný dům","cast_obce":"Tuklaty","parcela":"Tuklaty st. 70","dokonceni":"1990","byty":1,"podlazi":2,"plocha":83}},{"type":"Feature","geometry":{"type":"Polygon","coordinates":[[[14.769899,50.083946],[14.769913,50.083902],[14.769874,50.083896],[14.769885,50.083865],[14.76973,50.083843],[14.769699,50.083855],[14.769679,50.083915],[14.769899,50.083946]]]},"properties":{"kod":14370450,"cislo":"55","typ":"budova s číslem popisným","vyuziti":"rodinný dům","cast_obce":"Tuklaty","parcela":"Tuklaty st. 71","dokonceni":"2012","byty":1,"podlazi":1,"plocha":126}},{"type":"Feature","geometry":{"type":"Polygon","coordinates":[[[14.767763,50.086765],[14.76775,50.086787],[14.767802,50.0868],[14.767852,50.086701],[14.767882,50.086707],[14.767905,50.086661],[14.767778,50.086647],[14.767733,50.086758],[14.767763,50.086765]]]},"properties":{"kod":14370468,"cislo":"56","typ":"budova s číslem popisným","vyuziti":"rodinný dům","cast_obce":"Tuklaty","parcela":"Tuklaty st. 42/2","dokonceni":null,"byty":1,"podlazi":1,"plocha":110}},{"type":"Feature","geometry":{"type":"Polygon","coordinates":[[[14.76757,50.086968],[14.767469,50.087065],[14.767588,50.087116],[14.76762,50.087086],[14.767594,50.087075],[14.767623,50.087047],[14.767595,50.087035],[14.767635,50.086997],[14.76757,50.086968]]]},"properties":{"kod":14370476,"cislo":"57","typ":"budova s číslem popisným","vyuziti":"rodinný dům","cast_obce":"Tuklaty","parcela":"Tuklaty st. 42/4","dokonceni":"1970","byty":1,"podlazi":1,"plocha":101}},{"type":"Feature","geometry":{"type":"Polygon","coordinates":[[[14.765297,50.082263],[14.765279,50.082269],[14.765321,50.082318],[14.76554,50.082242],[14.765461,50.082144],[14.765356,50.082179],[14.765381,50.08221],[14.765281,50.082245],[14.765297,50.082263]]]},"properties":{"kod":14370484,"cislo":"58","typ":"budova s číslem popisným","vyuziti":"rodinný dům","cast_obce":"Tuklaty","parcela":"Tuklaty st. 74","dokonceni":"2010","byty":1,"podlazi":2,"plocha":182}},{"type":"Feature","geometry":{"type":"Polygon","coordinates":[[[14.771601,50.084599],[14.771572,50.084543],[14.771528,50.084553],[14.771521,50.084536],[14.771487,50.084543],[14.771481,50.084531],[14.771461,50.084535],[14.771453,50.084567],[14.77141,50.084575],[14.77144,50.084633],[14.771601,50.084599]]]},"properties":{"kod":14370492,"cislo":"59","typ":"budova s číslem popisným","vyuziti":"objekt k bydlení","cast_obce":"Tuklaty","parcela":"Tuklaty st. 75/1","dokonceni":"1990","byty":1,"podlazi":1,"plocha":92}},{"type":"Feature","geometry":{"type":"Polygon","coordinates":[[[14.770273,50.084079],[14.770402,50.08409],[14.770414,50.084034],[14.770285,50.084023],[14.770273,50.084079]]]},"properties":{"kod":14370506,"cislo":"60","typ":"budova s číslem popisným","vyuziti":"rodinný dům","cast_obce":"Tuklaty","parcela":"Tuklaty st. 76","dokonceni":"2000","byty":2,"podlazi":2,"plocha":58}},{"type":"Feature","geometry":{"type":"Polygon","coordinates":[[[14.770325,50.083751],[14.770468,50.083766],[14.770494,50.083648],[14.770352,50.083634],[14.770325,50.083751]]]},"properties":{"kod":14370514,"cislo":"61","typ":"budova s číslem popisným","vyuziti":"rodinný dům","cast_obce":"Tuklaty","parcela":"Tuklaty st. 77","dokonceni":"1990","byty":1,"podlazi":2,"plocha":136}},{"type":"Feature","geometry":{"type":"Polygon","coordinates":[[[14.770159,50.08359],[14.770241,50.083603],[14.770243,50.083598],[14.770349,50.083608],[14.77037,50.083549],[14.770269,50.083533],[14.770285,50.083491],[14.770199,50.083481],[14.770159,50.08359]]]},"properties":{"kod":14370522,"cislo":"62","typ":"budova s číslem popisným","vyuziti":"rodinný dům","cast_obce":"Tuklaty","parcela":"Tuklaty st. 79","dokonceni":null,"byty":1,"podlazi":1,"plocha":132}},{"type":"Feature","geometry":{"type":"Polygon","coordinates":[[[14.769925,50.083815],[14.769931,50.083801],[14.769947,50.083803],[14.769985,50.083705],[14.769908,50.083693],[14.769885,50.083755],[14.769859,50.083751],[14.769839,50.083801],[14.769925,50.083815]]]},"properties":{"kod":14370531,"cislo":"63","typ":"budova s číslem popisným","vyuziti":"rodinný dům","cast_obce":"Tuklaty","parcela":"Tuklaty st. 81","dokonceni":"1945","byty":1,"podlazi":1,"plocha":81}},{"type":"Feature","geometry":{"type":"Polygon","coordinates":[[[14.769812,50.083679],[14.769985,50.083705],[14.770037,50.083573],[14.769864,50.083543],[14.769812,50.083679]]]},"properties":{"kod":14370549,"cislo":"64","typ":"budova s číslem popisným","vyuziti":"rodinný dům","cast_obce":"Tuklaty","parcela":"Tuklaty st. 82/1","dokonceni":"2000","byty":2,"podlazi":2,"plocha":196}},{"type":"Feature","geometry":{"type":"Polygon","coordinates":[[[14.765745,50.081982],[14.765689,50.081996],[14.765667,50.08197],[14.76555,50.08201],[14.76562,50.082095],[14.765675,50.082077],[14.765686,50.082091],[14.765804,50.082053],[14.765745,50.081982]]]},"properties":{"kod":14370557,"cislo":"65","typ":"budova s číslem popisným","vyuziti":"rodinný dům","cast_obce":"Tuklaty","parcela":"Tuklaty st. 84/1","dokonceni":"1945","byty":2,"podlazi":1,"plocha":150}},{"type":"Feature","geometry":{"type":"Polygon","coordinates":[[[14.77085,50.081884],[14.770978,50.081904],[14.770985,50.081888],[14.771007,50.081891],[14.771026,50.081843],[14.77107,50.08185],[14.771085,50.081812],[14.770889,50.081781],[14.77085,50.081884]]]},"properties":{"kod":14370565,"cislo":"66","typ":"budova s číslem popisným","vyuziti":"rodinný dům","cast_obce":"Tuklaty","parcela":"Tuklaty st. 90/2","dokonceni":"1945","byty":2,"podlazi":1,"plocha":142}},{"type":"Feature","geometry":{"type":"Polygon","coordinates":[[[14.77066,50.082476],[14.770816,50.082501],[14.770835,50.082451],[14.77079,50.082444],[14.770813,50.082386],[14.770701,50.082368],[14.77066,50.082476]]]},"properties":{"kod":14370573,"cislo":"67","typ":"budova s číslem popisným","vyuziti":"rodinný dům","cast_obce":"Tuklaty","parcela":"Tuklaty st. 332","dokonceni":"2008","byty":1,"podlazi":1,"plocha":120}},{"type":"Feature","geometry":{"type":"Polygon","coordinates":[[[14.770584,50.081611],[14.770528,50.081603],[14.770552,50.081541],[14.770469,50.081528],[14.770426,50.081643],[14.770719,50.081689],[14.77074,50.081636],[14.770662,50.081624],[14.770671,50.0816],[14.770593,50.081587],[14.770584,50.081611]]]},"properties":{"kod":14370581,"cislo":"68","typ":"budova s číslem popisným","vyuziti":"rodinný dům","cast_obce":"Tuklaty","parcela":"Tuklaty st. 86","dokonceni":"2000","byty":2,"podlazi":1,"plocha":189}},{"type":"Feature","geometry":{"type":"Polygon","coordinates":[[[14.770575,50.082145],[14.770589,50.082111],[14.770497,50.082097],[14.770472,50.082119],[14.770424,50.082096],[14.77038,50.08209],[14.770365,50.082129],[14.770324,50.082124],[14.770305,50.082156],[14.770333,50.082168],[14.770325,50.082191],[14.77052,50.082221],[14.770544,50.082158],[14.770559,50.08216],[14.770575,50.082145]]]},"properties":{"kod":14370590,"cislo":"69","typ":"budova s číslem popisným","vyuziti":"rodinný dům","cast_obce":"Tuklaty","parcela":"Tuklaty st. 87","dokonceni":null,"byty":1,"podlazi":1,"plocha":187}},{"type":"Feature","geometry":{"type":"Polygon","coordinates":[[[14.77057,50.08194],[14.770576,50.081923],[14.77048,50.081908],[14.770471,50.081932],[14.770458,50.08193],[14.770446,50.081962],[14.77046,50.081964],[14.770444,50.082009],[14.770593,50.08203],[14.770623,50.081948],[14.77057,50.08194]]]},"properties":{"kod":14370603,"cislo":"70","typ":"budova s číslem popisným","vyuziti":"rodinný dům","cast_obce":"Tuklaty","parcela":"Tuklaty st. 112","dokonceni":"1990","byty":1,"podlazi":2,"plocha":120}},{"type":"Feature","geometry":{"type":"Polygon","coordinates":[[[14.770985,50.081888],[14.770978,50.081904],[14.77085,50.081884],[14.77081,50.081987],[14.77096,50.082012],[14.77099,50.081937],[14.771004,50.08194],[14.771003,50.081944],[14.771157,50.081974],[14.771175,50.08194],[14.771,50.081908],[14.771007,50.081891],[14.770985,50.081888]]]},"properties":{"kod":14370611,"cislo":"71","typ":"budova s číslem popisným","vyuziti":"jiná stavba","cast_obce":"Tuklaty","parcela":"Tuklaty st. 90/1","dokonceni":"1980","byty":1,"podlazi":1,"plocha":184}},{"type":"Feature","geometry":{"type":"Polygon","coordinates":[[[14.771234,50.08233],[14.7713,50.08234],[14.771291,50.082364],[14.77136,50.082375],[14.77137,50.082351],[14.771377,50.082352],[14.771408,50.082273],[14.771264,50.08225],[14.771234,50.08233]]]},"properties":{"kod":14370620,"cislo":"72","typ":"budova s číslem popisným","vyuziti":"rodinný dům","cast_obce":"Tuklaty","parcela":"Tuklaty st. 95","dokonceni":"1945","byty":1,"podlazi":2,"plocha":110}},{"type":"Feature","geometry":{"type":"Polygon","coordinates":[[[14.771566,50.082173],[14.77157,50.082161],[14.771665,50.082176],[14.771716,50.082046],[14.771676,50.082039],[14.771657,50.082089],[14.771571,50.082075],[14.771566,50.082089],[14.771546,50.082086],[14.771516,50.082165],[14.771566,50.082173]]]},"properties":{"kod":14370638,"cislo":"73","typ":"budova s číslem popisným","vyuziti":"rodinný dům","cast_obce":"Tuklaty","parcela":"Tuklaty st. 93","dokonceni":"2000","byty":1,"podlazi":1,"plocha":119}},{"type":"Feature","geometry":{"type":"Polygon","coordinates":[[[14.771764,50.082192],[14.771776,50.082162],[14.771832,50.08217],[14.771845,50.082134],[14.771691,50.08211],[14.771665,50.082176],[14.771764,50.082192]]]},"properties":{"kod":14370646,"cislo":"74","typ":"budova s číslem popisným","vyuziti":"rodinný dům","cast_obce":"Tuklaty","parcela":"Tuklaty st. 94","dokonceni":"2017","byty":1,"podlazi":1,"plocha":194}},{"type":"Feature","geometry":{"type":"Polygon","coordinates":[[[14.77092,50.081706],[14.771123,50.081738],[14.771143,50.081686],[14.77094,50.081653],[14.77092,50.081706]]]},"properties":{"kod":14370654,"cislo":"75","typ":"budova s číslem popisným","vyuziti":"rodinný dům","cast_obce":"Tuklaty","parcela":"Tuklaty st. 91","dokonceni":null,"byty":1,"podlazi":1,"plocha":90}},{"type":"Feature","geometry":{"type":"Polygon","coordinates":[[[14.770766,50.079074],[14.770926,50.079059],[14.770912,50.078969],[14.770746,50.078984],[14.770766,50.079074]]]},"properties":{"kod":14370662,"cislo":"76","typ":"budova s číslem popisným","vyuziti":"rodinný dům","cast_obce":"Tuklaty","parcela":"Tuklaty st. 97","dokonceni":"1945","byty":1,"podlazi":1,"plocha":119}},{"type":"Feature","geometry":{"type":"Polygon","coordinates":[[[14.770616,50.078798],[14.77063,50.07886],[14.770653,50.078859],[14.770655,50.078869],[14.770717,50.078868],[14.770723,50.078898],[14.770894,50.078885],[14.770879,50.078808],[14.770687,50.078827],[14.770682,50.078793],[14.770616,50.078798]]]},"properties":{"kod":14370671,"cislo":"77","typ":"budova s číslem popisným","vyuziti":"rodinný dům","cast_obce":"Tuklaty","parcela":"Tuklaty st. 98","dokonceni":"1945","byty":2,"podlazi":2,"plocha":149}},{"type":"Feature","geometry":{"type":"Polygon","coordinates":[[[14.770837,50.0786],[14.770817,50.078506],[14.770686,50.078517],[14.770694,50.078556],[14.770616,50.078563],[14.770627,50.078618],[14.770837,50.0786]]]},"properties":{"kod":14370689,"cislo":"78","typ":"budova s číslem popisným","vyuziti":"rodinný dům","cast_obce":"Tuklaty","parcela":"Tuklaty st. 103","dokonceni":"1990","byty":2,"podlazi":2,"plocha":136}},{"type":"Feature","geometry":{"type":"Polygon","coordinates":[[[14.770792,50.078386],[14.770774,50.0783],[14.770597,50.078315],[14.770604,50.078346],[14.770579,50.078348],[14.770582,50.078362],[14.770536,50.078366],[14.770541,50.078408],[14.770792,50.078386]]]},"properties":{"kod":14370697,"cislo":"79","typ":"budova s číslem popisným","vyuziti":"rodinný dům","cast_obce":"Tuklaty","parcela":"Tuklaty st. 104","dokonceni":"1945","byty":1,"podlazi":1,"plocha":151}},{"type":"Feature","geometry":{"type":"Polygon","coordinates":[[[14.770428,50.078002],[14.770709,50.077977],[14.770698,50.077922],[14.770491,50.07794],[14.770486,50.07791],[14.770412,50.077916],[14.770428,50.078002]]]},"properties":{"kod":14370701,"cislo":"80","typ":"budova s číslem popisným","vyuziti":"rodinný dům","cast_obce":"Tuklaty","parcela":"Tuklaty st. 105","dokonceni":"2000","byty":1,"podlazi":2,"plocha":144}},{"type":"Feature","geometry":{"type":"Polygon","coordinates":[[[14.770465,50.077681],[14.770645,50.077666],[14.770628,50.077583],[14.770578,50.077587],[14.770575,50.077574],[14.770491,50.077582],[14.770502,50.07763],[14.770454,50.077634],[14.770465,50.077681]]]},"properties":{"kod":14370719,"cislo":"81","typ":"budova s číslem popisným","vyuziti":"rodinný dům","cast_obce":"Tuklaty","parcela":"Tuklaty st. 106","dokonceni":"2017","byty":1,"podlazi":2,"plocha":115}},{"type":"Feature","geometry":{"type":"Polygon","coordinates":[[[14.770371,50.077462],[14.770598,50.077443],[14.770588,50.077389],[14.770404,50.077404],[14.770404,50.077381],[14.770372,50.077381],[14.770371,50.077462]]]},"properties":{"kod":14370727,"cislo":"82","typ":"budova s číslem popisným","vyuziti":"rodinný dům","cast_obce":"Tuklaty","parcela":"Tuklaty st. 107","dokonceni":"1945","byty":1,"podlazi":1,"plocha":104}},{"type":"Feature","geometry":{"type":"Polygon","coordinates":[[[14.770268,50.083377],[14.770247,50.083431],[14.770454,50.083464],[14.770467,50.083429],[14.770508,50.083436],[14.770531,50.083376],[14.770484,50.083369],[14.770476,50.083389],[14.770382,50.083374],[14.770374,50.083394],[14.770268,50.083377]]]},"properties":{"kod":14370735,"cislo":"83","typ":"budova s číslem popisným","vyuziti":"rodinný dům","cast_obce":"Tuklaty","parcela":"Tuklaty st. 88","dokonceni":"1945","byty":2,"podlazi":2,"plocha":133}},{"type":"Feature","geometry":{"type":"Polygon","coordinates":[[[14.771016,50.081453],[14.771139,50.081473],[14.771163,50.081414],[14.771109,50.081404],[14.77111,50.0814],[14.771103,50.081399],[14.771093,50.081383],[14.771065,50.081379],[14.771047,50.081391],[14.77104,50.08139],[14.771016,50.081453]]]},"properties":{"kod":14370743,"cislo":"84","typ":"budova s číslem popisným","vyuziti":"rodinný dům","cast_obce":"Tuklaty","parcela":"Tuklaty st. 92","dokonceni":"1945","byty":1,"podlazi":2,"plocha":69}},{"type":"Feature","geometry":{"type":"Polygon","coordinates":[[[14.77061,50.081777],[14.770621,50.081748],[14.770539,50.081734],[14.770529,50.081759],[14.77054,50.081761],[14.770528,50.081793],[14.77056,50.081798],[14.770542,50.081847],[14.770654,50.081864],[14.770682,50.081788],[14.77061,50.081777]]]},"properties":{"kod":14370751,"cislo":"85","typ":"budova s číslem popisným","vyuziti":"objekt k bydlení","cast_obce":"Tuklaty","parcela":"Tuklaty st. 113/1","dokonceni":"1945","byty":1,"podlazi":1,"plocha":98}},{"type":"Feature","geometry":{"type":"Polygon","coordinates":[[[14.74117,50.074292],[14.741178,50.074276],[14.741577,50.074358],[14.741638,50.074233],[14.741625,50.074211],[14.741526,50.07419],[14.741502,50.074232],[14.741177,50.074164],[14.741116,50.07428],[14.74117,50.074292]]]},"properties":{"kod":14370760,"cislo":"86","typ":"budova s číslem popisným","vyuziti":"rodinný dům","cast_obce":"Tuklaty","parcela":"Tuklaty st. 129","dokonceni":null,"byty":1,"podlazi":1,"plocha":452}},{"type":"Feature","geometry":{"type":"Polygon","coordinates":[[[14.770338,50.082287],[14.770487,50.08231],[14.77052,50.082221],[14.770436,50.082208],[14.77043,50.082225],[14.770365,50.082214],[14.770338,50.082287]]]},"properties":{"kod":14370778,"cislo":"87","typ":"budova s číslem popisným","vyuziti":"rodinný dům","cast_obce":"Tuklaty","parcela":"Tuklaty st. 96","dokonceni":"2009","byty":1,"podlazi":2,"plocha":103}},{"type":"Feature","geometry":{"type":"Polygon","coordinates":[[[14.770551,50.083275],[14.770567,50.083231],[14.770547,50.083229],[14.770531,50.083214],[14.770494,50.083209],[14.770471,50.083217],[14.770458,50.083216],[14.770443,50.083201],[14.770428,50.083199],[14.770448,50.083146],[14.770361,50.083132],[14.770321,50.08324],[14.770551,50.083275]]]},"properties":{"kod":14370786,"cislo":"88","typ":"budova s číslem popisným","vyuziti":"rodinný dům","cast_obce":"Tuklaty","parcela":"Tuklaty st. 89","dokonceni":"1945","byty":1,"podlazi":1,"plocha":138}},{"type":"Feature","geometry":{"type":"Polygon","coordinates":[[[14.770693,50.081449],[14.770687,50.081466],[14.770796,50.081483],[14.770838,50.081379],[14.770703,50.081357],[14.770687,50.081396],[14.770644,50.081389],[14.770625,50.081438],[14.770693,50.081449]]]},"properties":{"kod":14370794,"cislo":"89","typ":"budova s číslem popisným","vyuziti":"rodinný dům","cast_obce":"Tuklaty","parcela":"Tuklaty st. 114","dokonceni":"1945","byty":2,"podlazi":1,"plocha":134}},{"type":"Feature","geometry":{"type":"Polygon","coordinates":[[[14.77402,50.083635],[14.774108,50.083604],[14.774125,50.083628],[14.774192,50.083608],[14.774175,50.083584],[14.774216,50.083572],[14.774161,50.083495],[14.774024,50.083536],[14.774007,50.083511],[14.773943,50.083531],[14.77402,50.083635]]]},"properties":{"kod":14370808,"cislo":"90","typ":"budova s číslem popisným","vyuziti":"rodinný dům","cast_obce":"Tuklaty","parcela":"Tuklaty st. 102/1","dokonceni":"1945","byty":1,"podlazi":2,"plocha":180}},{"type":"Feature","geometry":{"type":"Polygon","coordinates":[[[14.771261,50.081278],[14.771281,50.081226],[14.771236,50.081218],[14.771259,50.08116],[14.771138,50.081141],[14.771095,50.081252],[14.771261,50.081278]]]},"properties":{"kod":14370816,"cislo":"91","typ":"budova s číslem popisným","vyuziti":"rodinný dům","cast_obce":"Tuklaty","parcela":"Tuklaty st. 115","dokonceni":"1945","byty":1,"podlazi":1,"plocha":133}},{"type":"Feature","geometry":{"type":"Polygon","coordinates":[[[14.765921,50.082432],[14.766143,50.082378],[14.766094,50.082294],[14.765955,50.082328],[14.765974,50.082361],[14.76589,50.082382],[14.765921,50.082432]]]},"properties":{"kod":14370824,"cislo":"92","typ":"budova s číslem popisným","vyuziti":"rodinný dům","cast_obce":"Tuklaty","parcela":"Tuklaty st. 109","dokonceni":"1945","byty":2,"podlazi":1,"plocha":145}},{"type":"Feature","geometry":{"type":"Polygon","coordinates":[[[14.770806,50.081],[14.770977,50.081027],[14.770998,50.080974],[14.770976,50.08097],[14.77099,50.080933],[14.770919,50.080921],[14.770904,50.080958],[14.770827,50.080947],[14.770806,50.081]]]},"properties":{"kod":14370832,"cislo":"93","typ":"budova s číslem popisným","vyuziti":"objekt k bydlení","cast_obce":"Tuklaty","parcela":"Tuklaty st. 99/1","dokonceni":"1945","byty":1,"podlazi":1,"plocha":100}},{"type":"Feature","geometry":{"type":"Polygon","coordinates":[[[14.770975,50.080731],[14.771086,50.08075],[14.771118,50.080669],[14.771006,50.080651],[14.770975,50.080731]]]},"properties":{"kod":14370841,"cislo":"94","typ":"budova s číslem popisným","vyuziti":"rodinný dům","cast_obce":"Tuklaty","parcela":"Tuklaty st. 100","dokonceni":"2000","byty":1,"podlazi":2,"plocha":76}},{"type":"Feature","geometry":{"type":"Polygon","coordinates":[[[14.771841,50.08326],[14.771849,50.083237],[14.771887,50.083243],[14.771907,50.083183],[14.771799,50.083167],[14.771769,50.083249],[14.771841,50.08326]]]},"properties":{"kod":14370859,"cislo":"95","typ":"budova s číslem popisným","vyuziti":"rodinný dům","cast_obce":"Tuklaty","parcela":"Tuklaty st. 101","dokonceni":null,"byty":1,"podlazi":1,"plocha":68}},{"type":"Feature","geometry":{"type":"Polygon","coordinates":[[[14.77217,50.081965],[14.772166,50.08201],[14.772112,50.082008],[14.772108,50.082077],[14.772312,50.082082],[14.772314,50.082049],[14.772299,50.082048],[14.772305,50.081969],[14.77217,50.081965]]]},"properties":{"kod":14370867,"cislo":"96","typ":"budova s číslem popisným","vyuziti":"rodinný dům","cast_obce":"Tuklaty","parcela":"Tuklaty st. 117","dokonceni":null,"byty":1,"podlazi":1,"plocha":156}},{"type":"Feature","geometry":{"type":"Polygon","coordinates":[[[14.772133,50.082517],[14.772132,50.082519],[14.772249,50.082538],[14.772266,50.082494],[14.772252,50.082492],[14.772268,50.082448],[14.772253,50.082446],[14.772267,50.082411],[14.77218,50.082396],[14.772167,50.082429],[14.772126,50.082422],[14.772092,50.082511],[14.772133,50.082517]]]},"properties":{"kod":14370875,"cislo":"97","typ":"budova s číslem popisným","vyuziti":"rodinný dům","cast_obce":"Tuklaty","parcela":"Tuklaty st. 111","dokonceni":"1945","byty":2,"podlazi":2,"plocha":138}},{"type":"Feature","geometry":{"type":"Polygon","coordinates":[[[14.772239,50.080718],[14.772233,50.0808],[14.772291,50.080802],[14.772289,50.080821],[14.772389,50.080825],[14.772397,50.080724],[14.772239,50.080718]]]},"properties":{"kod":14370883,"cislo":"98","typ":"budova s číslem popisným","vyuziti":"rodinný dům","cast_obce":"Tuklaty","parcela":"Tuklaty st. 118","dokonceni":"1960","byty":2,"podlazi":2,"plocha":118}},{"type":"Feature","geometry":{"type":"Polygon","coordinates":[[[14.770817,50.077528],[14.770828,50.077581],[14.771095,50.077554],[14.771078,50.077478],[14.770968,50.077488],[14.770972,50.077501],[14.770933,50.077504],[14.770926,50.077472],[14.770814,50.077482],[14.770823,50.077528],[14.770817,50.077528]]]},"properties":{"kod":14370891,"cislo":"99","typ":"budova s číslem popisným","vyuziti":"rodinný dům","cast_obce":"Tuklaty","parcela":"Tuklaty st. 108","dokonceni":"1945","byty":2,"podlazi":2,"plocha":180}},{"type":"Feature","geometry":{"type":"Polygon","coordinates":[[[14.770036,50.084475],[14.769882,50.084464],[14.769873,50.084518],[14.769929,50.084522],[14.769923,50.084551],[14.769973,50.084555],[14.76998,50.084525],[14.770026,50.084529],[14.770036,50.084475]]]},"properties":{"kod":14370905,"cislo":"100","typ":"budova s číslem popisným","vyuziti":"rodinný dům","cast_obce":"Tuklaty","parcela":"Tuklaty st. 10/2","dokonceni":"2000","byty":1,"podlazi":1,"plocha":79}},{"type":"Feature","geometry":{"type":"Polygon","coordinates":[[[14.770166,50.080591],[14.770244,50.080587],[14.770245,50.080596],[14.770329,50.080592],[14.770328,50.080582],[14.770348,50.080581],[14.770342,50.08053],[14.770316,50.080532],[14.770311,50.080499],[14.770155,50.080507],[14.770166,50.080591]]]},"properties":{"kod":14370913,"cislo":"101","typ":"budova s číslem popisným","vyuziti":"rodinný dům","cast_obce":"Tuklaty","parcela":"Tuklaty st. 120","dokonceni":"1980","byty":2,"podlazi":2,"plocha":122}},{"type":"Feature","geometry":{"type":"Polygon","coordinates":[[[14.7705,50.083088],[14.770533,50.083008],[14.770422,50.082991],[14.770385,50.08307],[14.7705,50.083088]]]},"properties":{"kod":14370921,"cislo":"102","typ":"budova s číslem popisným","vyuziti":"rodinný dům","cast_obce":"Tuklaty","parcela":"Tuklaty st. 116","dokonceni":"1945","byty":1,"podlazi":2,"plocha":77}},{"type":"Feature","geometry":{"type":"Polygon","coordinates":[[[14.769356,50.080675],[14.769423,50.080671],[14.769418,50.080637],[14.769495,50.080633],[14.76949,50.080597],[14.769459,50.080599],[14.769452,50.080548],[14.769338,50.080554],[14.769356,50.080675]]]},"properties":{"kod":14370930,"cislo":"103","typ":"budova s číslem popisným","vyuziti":"rodinný dům","cast_obce":"Tuklaty","parcela":"Tuklaty st. 122","dokonceni":"1945","byty":1,"podlazi":1,"plocha":106}},{"type":"Feature","geometry":{"type":"Polygon","coordinates":[[[14.770008,50.080572],[14.77,50.080516],[14.769814,50.080527],[14.769821,50.080584],[14.76989,50.080579],[14.769894,50.080598],[14.769987,50.080592],[14.769985,50.080574],[14.770008,50.080572]]]},"properties":{"kod":14370948,"cislo":"104","typ":"budova s číslem popisným","vyuziti":"rodinný dům","cast_obce":"Tuklaty","parcela":"Tuklaty st. 121","dokonceni":"1945","byty":1,"podlazi":1,"plocha":99}},{"type":"Feature","geometry":{"type":"Polygon","coordinates":[[[14.772972,50.081051],[14.773014,50.081067],[14.773027,50.081054],[14.773084,50.081072],[14.773111,50.081045],[14.773086,50.081035],[14.773116,50.081004],[14.773009,50.080956],[14.772946,50.081021],[14.772985,50.081037],[14.772972,50.081051]]]},"properties":{"kod":14370956,"cislo":"105","typ":"budova s číslem popisným","vyuziti":"rodinný dům","cast_obce":"Tuklaty","parcela":"Tuklaty st. 126","dokonceni":"1945","byty":1,"podlazi":2,"plocha":91}},{"type":"Feature","geometry":{"type":"Polygon","coordinates":[[[14.772145,50.081673],[14.772318,50.081678],[14.77232,50.081645],[14.772332,50.081645],[14.772336,50.081588],[14.772107,50.081581],[14.772103,50.081637],[14.772147,50.081638],[14.772145,50.081673]]]},"properties":{"kod":14370964,"cislo":"106","typ":"budova s číslem popisným","vyuziti":"rodinný dům","cast_obce":"Tuklaty","parcela":"Tuklaty st. 119","dokonceni":"2007","byty":1,"podlazi":2,"plocha":151}},{"type":"Feature","geometry":{"type":"Polygon","coordinates":[[[14.770813,50.081201],[14.770902,50.081216],[14.770936,50.081131],[14.770893,50.081124],[14.7709,50.081106],[14.770854,50.081099],[14.770813,50.081201]]]},"properties":{"kod":14370972,"cislo":"107","typ":"budova s číslem popisným","vyuziti":"rodinný dům","cast_obce":"Tuklaty","parcela":"Tuklaty st. 123","dokonceni":"1945","byty":1,"podlazi":1,"plocha":71}},{"type":"Feature","geometry":{"type":"Polygon","coordinates":[[[14.772736,50.080933],[14.772778,50.08095],[14.772838,50.080887],[14.772734,50.080845],[14.772671,50.080919],[14.772651,50.080911],[14.77262,50.080944],[14.772695,50.080974],[14.772736,50.080933]]]},"properties":{"kod":14370981,"cislo":"108","typ":"budova s číslem popisným","vyuziti":"rodinný dům","cast_obce":"Tuklaty","parcela":"Tuklaty st. 124","dokonceni":"1945","byty":1,"podlazi":1,"plocha":104}},{"type":"Feature","geometry":{"type":"Polygon","coordinates":[[[14.772888,50.080972],[14.772898,50.080976],[14.772945,50.080929],[14.772838,50.080887],[14.772778,50.08095],[14.772872,50.080988],[14.772888,50.080972]]]},"properties":{"kod":14370999,"cislo":"109","typ":"budova s číslem popisným","vyuziti":"rodinný dům","cast_obce":"Tuklaty","parcela":"Tuklaty st. 125","dokonceni":"2010","byty":1,"podlazi":1,"plocha":72}},{"type":"Feature","geometry":{"type":"Polygon","coordinates":[[[14.772058,50.082812],[14.772053,50.082876],[14.772225,50.082882],[14.772238,50.082801],[14.772147,50.082797],[14.772146,50.082815],[14.772058,50.082812]]]},"properties":{"kod":14371006,"cislo":"110","typ":"budova s číslem popisným","vyuziti":"rodinný dům","cast_obce":"Tuklaty","parcela":"Tuklaty st. 128","dokonceni":"1990","byty":1,"podlazi":2,"plocha":103}},{"type":"Feature","geometry":{"type":"Polygon","coordinates":[[[14.773076,50.081498],[14.773087,50.081315],[14.773042,50.081314],[14.77303,50.081375],[14.773003,50.081375],[14.772999,50.081414],[14.772951,50.081413],[14.772946,50.081494],[14.773076,50.081498]]]},"properties":{"kod":14371014,"cislo":"111","typ":"budova s číslem popisným","vyuziti":"rodinný dům","cast_obce":"Tuklaty","parcela":"Tuklaty st. 110/1","dokonceni":"1990","byty":2,"podlazi":2,"plocha":164}},{"type":"Feature","geometry":{"type":"Polygon","coordinates":[[[14.741231,50.074549],[14.741231,50.074562],[14.741368,50.074592],[14.741384,50.074561],[14.741452,50.074576],[14.741478,50.074524],[14.741266,50.074477],[14.741231,50.074549]]]},"properties":{"kod":14371022,"cislo":"112","typ":"budova s číslem popisným","vyuziti":"rodinný dům","cast_obce":"Tuklaty","parcela":"Tuklaty st. 130","dokonceni":"1945","byty":1,"podlazi":1,"plocha":136}},{"type":"Feature","geometry":{"type":"Polygon","coordinates":[[[14.773148,50.081393],[14.773083,50.081391],[14.773076,50.081498],[14.773216,50.081502],[14.773223,50.081421],[14.773147,50.081418],[14.773148,50.081393]]]},"properties":{"kod":14371031,"cislo":"113","typ":"budova s číslem popisným","vyuziti":"objekt k bydlení","cast_obce":"Tuklaty","parcela":"Tuklaty st. 127/1","dokonceni":"1980","byty":1,"podlazi":1,"plocha":105}},{"type":"Feature","geometry":{"type":"Polygon","coordinates":[[[14.740894,50.074212],[14.740905,50.074173],[14.740885,50.074168],[14.740906,50.07412],[14.740763,50.074091],[14.740719,50.074176],[14.740894,50.074212]]]},"properties":{"kod":14371049,"cislo":"114","typ":"budova s číslem popisným","vyuziti":"rodinný dům","cast_obce":"Tuklaty","parcela":"Tuklaty st. 131/1","dokonceni":"2022","byty":1,"podlazi":2,"plocha":106}},{"type":"Feature","geometry":{"type":"Polygon","coordinates":[[[14.741525,50.074662],[14.741591,50.074676],[14.741608,50.074644],[14.741639,50.07465],[14.741682,50.074567],[14.741584,50.074547],[14.741525,50.074662]]]},"properties":{"kod":14371057,"cislo":"115","typ":"budova s číslem popisným","vyuziti":"rodinný dům","cast_obce":"Tuklaty","parcela":"Tuklaty st. 132/1","dokonceni":"2004","byty":1,"podlazi":2,"plocha":91}},{"type":"Feature","geometry":{"type":"Polygon","coordinates":[[[14.77111,50.083163],[14.771125,50.08312],[14.771153,50.083124],[14.771174,50.083068],[14.771044,50.083048],[14.770992,50.083183],[14.771073,50.083196],[14.771088,50.083159],[14.77111,50.083163]]]},"properties":{"kod":14371065,"cislo":"116","typ":"budova s číslem popisným","vyuziti":"rodinný dům","cast_obce":"Tuklaty","parcela":"Tuklaty st. 133","dokonceni":"2019","byty":2,"podlazi":1,"plocha":363}},{"type":"Feature","geometry":{"type":"Polygon","coordinates":[[[14.773302,50.081167],[14.773328,50.081177],[14.773337,50.081167],[14.773388,50.081188],[14.773381,50.081196],[14.773469,50.08123],[14.773532,50.081164],[14.773368,50.0811],[14.773302,50.081167]]]},"properties":{"kod":14371073,"cislo":"117","typ":"budova s číslem popisným","vyuziti":"rodinný dům","cast_obce":"Tuklaty","parcela":"Tuklaty st. 134","dokonceni":"1970","byty":2,"podlazi":1,"plocha":115}},{"type":"Feature","geometry":{"type":"Polygon","coordinates":[[[14.771295,50.08106],[14.771449,50.081075],[14.771459,50.081034],[14.771495,50.081038],[14.771512,50.080959],[14.771322,50.080942],[14.771295,50.08106]]]},"properties":{"kod":14371081,"cislo":"118","typ":"budova s číslem popisným","vyuziti":"rodinný dům","cast_obce":"Tuklaty","parcela":"Tuklaty st. 135","dokonceni":"1945","byty":2,"podlazi":3,"plocha":171}},{"type":"Feature","geometry":{"type":"Polygon","coordinates":[[[14.768877,50.080581],[14.768902,50.080773],[14.768985,50.080769],[14.768966,50.080631],[14.769028,50.080627],[14.769023,50.080586],[14.768991,50.080588],[14.768989,50.080575],[14.768877,50.080581]]]},"properties":{"kod":14371090,"cislo":"119","typ":"budova s číslem popisným","vyuziti":"rodinný dům","cast_obce":"Tuklaty","parcela":"Tuklaty st. 136","dokonceni":"2017","byty":1,"podlazi":1,"plocha":156}},{"type":"Feature","geometry":{"type":"Polygon","coordinates":[[[14.771599,50.08237],[14.771658,50.08238],[14.771633,50.082446],[14.771664,50.082451],[14.771669,50.082437],[14.771688,50.08244],[14.771695,50.082419],[14.771755,50.082429],[14.771762,50.082411],[14.771746,50.082408],[14.771751,50.082395],[14.771796,50.082402],[14.77182,50.082339],[14.771623,50.082307],[14.771599,50.08237]]]},"properties":{"kod":14371111,"cislo":"121","typ":"budova s číslem popisným","vyuziti":"rodinný dům","cast_obce":"Tuklaty","parcela":"Tuklaty st. 138","dokonceni":"1968","byty":1,"podlazi":2,"plocha":125}},{"type":"Feature","geometry":{"type":"Polygon","coordinates":[[[14.770244,50.08275],[14.770323,50.08276],[14.770355,50.082659],[14.770279,50.082647],[14.770244,50.08275]]]},"properties":{"kod":14371138,"cislo":"123","typ":"budova s číslem popisným","vyuziti":"rodinný dům","cast_obce":"Tuklaty","parcela":"Tuklaty st. 139","dokonceni":"1919","byty":1,"podlazi":1,"plocha":66}},{"type":"Feature","geometry":{"type":"Polygon","coordinates":[[[14.764777,50.082218],[14.764796,50.082148],[14.764625,50.08213],[14.764648,50.082051],[14.7646,50.082045],[14.764605,50.082029],[14.764523,50.082018],[14.764493,50.082114],[14.764349,50.082097],[14.764335,50.082144],[14.764734,50.08219],[14.764728,50.082212],[14.764777,50.082218]]]},"properties":{"kod":14371146,"cislo":"124","typ":"budova s číslem popisným","vyuziti":"rodinný dům","cast_obce":"Tuklaty","parcela":"Tuklaty st. 83/1","dokonceni":"1945","byty":1,"podlazi":1,"plocha":277}},{"type":"Feature","geometry":{"type":"Polygon","coordinates":[[[14.772559,50.081404],[14.772553,50.081481],[14.77272,50.081485],[14.772723,50.081443],[14.772687,50.081442],[14.77269,50.081409],[14.772559,50.081404]]]},"properties":{"kod":14371154,"cislo":"125","typ":"budova s číslem popisným","vyuziti":"rodinný dům","cast_obce":"Tuklaty","parcela":"Tuklaty st. 144","dokonceni":"1980","byty":1,"podlazi":2,"plocha":92}},{"type":"Feature","geometry":{"type":"Polygon","coordinates":[[[14.766154,50.081766],[14.766256,50.08185],[14.766382,50.081788],[14.766344,50.081757],[14.76632,50.081769],[14.766254,50.081715],[14.766154,50.081766]]]},"properties":{"kod":14371162,"cislo":"126","typ":"budova s číslem popisným","vyuziti":"objekt k bydlení","cast_obce":"Tuklaty","parcela":"Tuklaty st. 142/1","dokonceni":"1960","byty":2,"podlazi":1,"plocha":119}},{"type":"Feature","geometry":{"type":"Polygon","coordinates":[[[14.771709,50.082912],[14.771646,50.082903],[14.771654,50.082881],[14.77158,50.082869],[14.771543,50.082966],[14.77168,50.082988],[14.771709,50.082912]]]},"properties":{"kod":14371171,"cislo":"127","typ":"budova s číslem popisným","vyuziti":"rodinný dům","cast_obce":"Tuklaty","parcela":"Tuklaty st. 140/1","dokonceni":"1960","byty":2,"podlazi":2,"plocha":101}},{"type":"Feature","geometry":{"type":"Polygon","coordinates":[[[14.771312,50.083189],[14.77151,50.083221],[14.771528,50.083175],[14.7715,50.083171],[14.77151,50.083144],[14.771338,50.083117],[14.771312,50.083189]]]},"properties":{"kod":14371189,"cislo":"128","typ":"budova s číslem popisným","vyuziti":"rodinný dům","cast_obce":"Tuklaty","parcela":"Tuklaty st. 143","dokonceni":"1960","byty":1,"podlazi":2,"plocha":114}},{"type":"Feature","geometry":{"type":"Polygon","coordinates":[[[14.770943,50.08022],[14.770954,50.080297],[14.77101,50.080293],[14.771015,50.080324],[14.771146,50.080315],[14.771135,50.080239],[14.771078,50.080242],[14.771073,50.080212],[14.770943,50.08022]]]},"properties":{"kod":14371197,"cislo":"129","typ":"budova s číslem popisným","vyuziti":"rodinný dům","cast_obce":"Tuklaty","parcela":"Tuklaty st. 150","dokonceni":"1960","byty":2,"podlazi":3,"plocha":133}},{"type":"Feature","geometry":{"type":"Polygon","coordinates":[[[14.772161,50.081423],[14.772245,50.081425],[14.772244,50.081455],[14.772339,50.081457],[14.772342,50.081424],[14.772313,50.081423],[14.772319,50.081308],[14.772253,50.081307],[14.77225,50.081343],[14.772191,50.081342],[14.772189,50.081383],[14.772163,50.081383],[14.772161,50.081423]]]},"properties":{"kod":14371201,"cislo":"130","typ":"budova s číslem popisným","vyuziti":"rodinný dům","cast_obce":"Tuklaty","parcela":"Tuklaty st. 149","dokonceni":"2000","byty":2,"podlazi":3,"plocha":134}},{"type":"Feature","geometry":{"type":"Polygon","coordinates":[[[14.770095,50.077126],[14.770085,50.077217],[14.770152,50.077221],[14.77015,50.077234],[14.770211,50.077237],[14.770211,50.077223],[14.770312,50.077228],[14.770322,50.077137],[14.770222,50.077132],[14.770225,50.07711],[14.770163,50.077107],[14.770161,50.077129],[14.770095,50.077126]]]},"properties":{"kod":14371219,"cislo":"131","typ":"budova s číslem popisným","vyuziti":"rodinný dům","cast_obce":"Tuklaty","parcela":"Tuklaty st. 146","dokonceni":"1960","byty":1,"podlazi":1,"plocha":183}},{"type":"Feature","geometry":{"type":"Polygon","coordinates":[[[14.770668,50.08283],[14.770684,50.082782],[14.770596,50.082771],[14.770613,50.082724],[14.770527,50.08271],[14.770502,50.082776],[14.770517,50.082778],[14.770512,50.082789],[14.770501,50.082794],[14.770539,50.082834],[14.770555,50.082837],[14.7706,50.082819],[14.770668,50.08283]]]},"properties":{"kod":14371227,"cislo":"132","typ":"budova s číslem popisným","vyuziti":"rodinný dům","cast_obce":"Tuklaty","parcela":"Tuklaty st. 147","dokonceni":"1970","byty":1,"podlazi":1,"plocha":108}},{"type":"Feature","geometry":{"type":"Polygon","coordinates":[[[14.770588,50.082654],[14.770726,50.082675],[14.770764,50.082574],[14.770626,50.082553],[14.770588,50.082654]]]},"properties":{"kod":14371235,"cislo":"133","typ":"budova s číslem popisným","vyuziti":"rodinný dům","cast_obce":"Tuklaty","parcela":"Tuklaty st. 217","dokonceni":"1990","byty":1,"podlazi":2,"plocha":117}},{"type":"Feature","geometry":{"type":"Polygon","coordinates":[[[14.770902,50.080034],[14.770909,50.080068],[14.770946,50.080065],[14.770954,50.0801],[14.771102,50.080087],[14.771083,50.079991],[14.770935,50.080004],[14.770941,50.080032],[14.770902,50.080034]]]},"properties":{"kod":14371243,"cislo":"134","typ":"budova s číslem popisným","vyuziti":"rodinný dům","cast_obce":"Tuklaty","parcela":"Tuklaty st. 151","dokonceni":"1970","byty":3,"podlazi":2,"plocha":125}},{"type":"Feature","geometry":{"type":"Polygon","coordinates":[[[14.77101,50.079626],[14.770864,50.079639],[14.770876,50.079702],[14.770839,50.079705],[14.770847,50.079749],[14.770923,50.079743],[14.77092,50.079728],[14.771029,50.079719],[14.77101,50.079626]]]},"properties":{"kod":14371251,"cislo":"135","typ":"budova s číslem popisným","vyuziti":"rodinný dům","cast_obce":"Tuklaty","parcela":"Tuklaty st. 152","dokonceni":"1970","byty":1,"podlazi":2,"plocha":128}},{"type":"Feature","geometry":{"type":"Polygon","coordinates":[[[14.770867,50.079852],[14.770876,50.079896],[14.770922,50.079892],[14.770926,50.079909],[14.771065,50.079897],[14.771046,50.079808],[14.770907,50.079819],[14.770911,50.079849],[14.770867,50.079852]]]},"properties":{"kod":14371260,"cislo":"136","typ":"budova s číslem popisným","vyuziti":"rodinný dům","cast_obce":"Tuklaty","parcela":"Tuklaty st. 170","dokonceni":"1970","byty":1,"podlazi":1,"plocha":118}},{"type":"Feature","geometry":{"type":"Polygon","coordinates":[[[14.766357,50.083978],[14.766385,50.084072],[14.766413,50.084069],[14.76642,50.084091],[14.766491,50.084081],[14.766484,50.084059],[14.766529,50.084054],[14.766501,50.08396],[14.766357,50.083978]]]},"properties":{"kod":14371278,"cislo":"137","typ":"budova s číslem popisným","vyuziti":"rodinný dům","cast_obce":"Tuklaty","parcela":"Tuklaty st. 25/2","dokonceni":"1970","byty":2,"podlazi":2,"plocha":124}},{"type":"Feature","geometry":{"type":"Polygon","coordinates":[[[14.770588,50.080328],[14.770576,50.080241],[14.770432,50.080249],[14.770446,50.080354],[14.770529,50.080349],[14.770527,50.080331],[14.770588,50.080328]]]},"properties":{"kod":14371286,"cislo":"138","typ":"budova s číslem popisným","vyuziti":"rodinný dům","cast_obce":"Tuklaty","parcela":"Tuklaty st. 172","dokonceni":"1980","byty":1,"podlazi":2,"plocha":112}},{"type":"Feature","geometry":{"type":"Polygon","coordinates":[[[14.770152,50.080257],[14.770167,50.08037],[14.770222,50.080367],[14.77022,50.080354],[14.770313,50.080349],[14.770298,50.080249],[14.770152,50.080257]]]},"properties":{"kod":14371294,"cislo":"139","typ":"budova s číslem popisným","vyuziti":"rodinný dům","cast_obce":"Tuklaty","parcela":"Tuklaty st. 171","dokonceni":"1980","byty":2,"podlazi":2,"plocha":124}},{"type":"Feature","geometry":{"type":"Polygon","coordinates":[[[14.769608,50.080402],[14.769698,50.080397],[14.769697,50.080386],[14.769754,50.080382],[14.769741,50.080283],[14.769593,50.080291],[14.769608,50.080402]]]},"properties":{"kod":14371308,"cislo":"140","typ":"budova s číslem popisným","vyuziti":"rodinný dům","cast_obce":"Tuklaty","parcela":"Tuklaty st. 177","dokonceni":"1980","byty":1,"podlazi":2,"plocha":126}},{"type":"Feature","geometry":{"type":"Polygon","coordinates":[[[14.769859,50.080272],[14.769871,50.080367],[14.769921,50.080364],[14.769925,50.080382],[14.769938,50.080381],[14.769941,50.080392],[14.769973,50.08039],[14.769971,50.080379],[14.770018,50.080376],[14.770004,50.080264],[14.769859,50.080272]]]},"properties":{"kod":14371316,"cislo":"141","typ":"budova s číslem popisným","vyuziti":"rodinný dům","cast_obce":"Tuklaty","parcela":"Tuklaty st. 178","dokonceni":"1980","byty":1,"podlazi":2,"plocha":126}},{"type":"Feature","geometry":{"type":"Polygon","coordinates":[[[14.772196,50.081081],[14.772311,50.081084],[14.772312,50.081066],[14.77234,50.081067],[14.772347,50.080979],[14.772204,50.080975],[14.772196,50.081081]]]},"properties":{"kod":14371324,"cislo":"142","typ":"budova s číslem popisným","vyuziti":"rodinný dům","cast_obce":"Tuklaty","parcela":"Tuklaty st. 175","dokonceni":"1980","byty":2,"podlazi":2,"plocha":116}},{"type":"Feature","geometry":{"type":"Polygon","coordinates":[[[14.770867,50.077787],[14.770893,50.077784],[14.770898,50.077806],[14.77102,50.077796],[14.770996,50.077671],[14.770847,50.077683],[14.770867,50.077787]]]},"properties":{"kod":14371332,"cislo":"143","typ":"budova s číslem popisným","vyuziti":"rodinný dům","cast_obce":"Tuklaty","parcela":"Tuklaty st. 181","dokonceni":"1980","byty":2,"podlazi":2,"plocha":145}},{"type":"Feature","geometry":{"type":"Polygon","coordinates":[[[14.769311,50.080304],[14.769323,50.0804],[14.769373,50.080397],[14.769376,50.080414],[14.769471,50.080409],[14.769457,50.080297],[14.769311,50.080304]]]},"properties":{"kod":14371341,"cislo":"144","typ":"budova s číslem popisným","vyuziti":"rodinný dům","cast_obce":"Tuklaty","parcela":"Tuklaty st. 176","dokonceni":"1980","byty":2,"podlazi":2,"plocha":125}},{"type":"Feature","geometry":{"type":"Polygon","coordinates":[[[14.769097,50.080429],[14.769191,50.080424],[14.769178,50.080319],[14.769033,50.080328],[14.769044,50.080413],[14.769095,50.080411],[14.769097,50.080429]]]},"properties":{"kod":14371359,"cislo":"145","typ":"budova s číslem popisným","vyuziti":"rodinný dům","cast_obce":"Tuklaty","parcela":"Tuklaty st. 189","dokonceni":"1980","byty":1,"podlazi":2,"plocha":113}},{"type":"Feature","geometry":{"type":"Polygon","coordinates":[[[14.770109,50.079907],[14.770122,50.079992],[14.770336,50.079979],[14.770323,50.079895],[14.770109,50.079907]]]},"properties":{"kod":14371367,"cislo":"146","typ":"budova s číslem popisným","vyuziti":"rodinný dům","cast_obce":"Tuklaty","parcela":"Tuklaty st. 184","dokonceni":"1990","byty":2,"podlazi":2,"plocha":145}},{"type":"Feature","geometry":{"type":"Polygon","coordinates":[[[14.770851,50.07955],[14.770967,50.079541],[14.770963,50.079521],[14.770994,50.079519],[14.770976,50.07943],[14.77083,50.079441],[14.770851,50.07955]]]},"properties":{"kod":14371375,"cislo":"147","typ":"budova s číslem popisným","vyuziti":"rodinný dům","cast_obce":"Tuklaty","parcela":"Tuklaty st. 182","dokonceni":"1980","byty":2,"podlazi":2,"plocha":124}},{"type":"Feature","geometry":{"type":"Polygon","coordinates":[[[14.768667,50.080612],[14.768685,50.080718],[14.768766,50.080712],[14.768763,50.080695],[14.768829,50.080691],[14.768812,50.080601],[14.768667,50.080612]]]},"properties":{"kod":14371383,"cislo":"148","typ":"budova s číslem popisným","vyuziti":"rodinný dům","cast_obce":"Tuklaty","parcela":"Tuklaty st. 188","dokonceni":"1980","byty":1,"podlazi":2,"plocha":116}},{"type":"Feature","geometry":{"type":"Polygon","coordinates":[[[14.768094,50.083649],[14.768286,50.083629],[14.768257,50.083512],[14.768064,50.083533],[14.768094,50.083649]]]},"properties":{"kod":14371391,"cislo":"149","typ":"budova s číslem popisným","vyuziti":"bytový dům","cast_obce":"Tuklaty","parcela":"Tuklaty st. 179","dokonceni":"1980","byty":6,"podlazi":4,"plocha":183}},{"type":"Feature","geometry":{"type":"Polygon","coordinates":[[[14.768515,50.083696],[14.768707,50.083676],[14.768678,50.083559],[14.768485,50.08358],[14.768515,50.083696]]]},"properties":{"kod":14371405,"cislo":"150","typ":"budova s číslem popisným","vyuziti":"bytový dům","cast_obce":"Tuklaty","parcela":"Tuklaty st. 180","dokonceni":"1980","byty":6,"podlazi":4,"plocha":184}},{"type":"Feature","geometry":{"type":"Polygon","coordinates":[[[14.771258,50.082902],[14.771246,50.082936],[14.771261,50.082939],[14.771268,50.082922],[14.771345,50.082934],[14.771384,50.082833],[14.771244,50.082811],[14.771212,50.082895],[14.771258,50.082902]]]},"properties":{"kod":14371413,"cislo":"151","typ":"budova s číslem popisným","vyuziti":"rodinný dům","cast_obce":"Tuklaty","parcela":"Tuklaty st. 190","dokonceni":"1977","byty":1,"podlazi":2,"plocha":115}},{"type":"Feature","geometry":{"type":"Polygon","coordinates":[[[14.765466,50.083264],[14.765487,50.083262],[14.765494,50.083286],[14.765638,50.083266],[14.765639,50.08327],[14.765646,50.083269],[14.765647,50.083245],[14.765639,50.08322],[14.765665,50.083218],[14.765656,50.083133],[14.765437,50.08316],[14.765466,50.083264]]]},"properties":{"kod":14371421,"cislo":"152","typ":"budova s číslem popisným","vyuziti":"rodinný dům","cast_obce":"Tuklaty","parcela":"Tuklaty st. 191","dokonceni":"2000","byty":1,"podlazi":1,"plocha":207}},{"type":"Feature","geometry":{"type":"Polygon","coordinates":[[[14.770716,50.08222],[14.770754,50.082228],[14.770728,50.082287],[14.770855,50.082308],[14.770901,50.082205],[14.770773,50.082183],[14.770763,50.082207],[14.770736,50.082203],[14.770733,50.082208],[14.770722,50.082207],[14.770716,50.08222]]]},"properties":{"kod":14371430,"cislo":"153","typ":"budova s číslem popisným","vyuziti":"rodinný dům","cast_obce":"Tuklaty","parcela":"Tuklaty st. 187","dokonceni":"1980","byty":1,"podlazi":1,"plocha":118}},{"type":"Feature","geometry":{"type":"Polygon","coordinates":[[[14.771402,50.080702],[14.771551,50.080717],[14.771579,50.080606],[14.771556,50.080603],[14.77156,50.08059],[14.771455,50.080579],[14.771452,50.080592],[14.771429,50.08059],[14.771402,50.080702]]]},"properties":{"kod":14371448,"cislo":"154","typ":"budova s číslem popisným","vyuziti":"rodinný dům","cast_obce":"Tuklaty","parcela":"Tuklaty st. 185","dokonceni":"1990","byty":1,"podlazi":2,"plocha":147}},{"type":"Feature","geometry":{"type":"Polygon","coordinates":[[[14.769811,50.079994],[14.76986,50.07999],[14.769864,50.080007],[14.769961,50.079999],[14.769939,50.079893],[14.769792,50.079906],[14.769811,50.079994]]]},"properties":{"kod":14371464,"cislo":"156","typ":"budova s číslem popisným","vyuziti":"rodinný dům","cast_obce":"Tuklaty","parcela":"Tuklaty st. 183","dokonceni":"1990","byty":1,"podlazi":2,"plocha":119}},{"type":"Feature","geometry":{"type":"Polygon","coordinates":[[[14.771939,50.080787],[14.771963,50.080663],[14.771887,50.080656],[14.771884,50.080667],[14.771812,50.080661],[14.77179,50.080774],[14.771939,50.080787]]]},"properties":{"kod":14371472,"cislo":"157","typ":"budova s číslem popisným","vyuziti":"rodinný dům","cast_obce":"Tuklaty","parcela":"Tuklaty st. 186","dokonceni":"1980","byty":1,"podlazi":2,"plocha":143}},{"type":"Feature","geometry":{"type":"Polygon","coordinates":[[[14.765247,50.086341],[14.765255,50.086353],[14.765397,50.086315],[14.76543,50.086363],[14.765465,50.086354],[14.765468,50.086359],[14.765768,50.086276],[14.765698,50.086169],[14.765402,50.08625],[14.765365,50.086195],[14.76533,50.086204],[14.765315,50.086182],[14.765089,50.086244],[14.765167,50.086363],[14.765247,50.086341]]]},"properties":{"kod":14371481,"cislo":"158","typ":"budova s číslem popisným","vyuziti":"stavba občanského vybavení","cast_obce":"Tuklaty","parcela":"Tuklaty st. 205","dokonceni":null,"byty":0,"podlazi":1,"plocha":623}},{"type":"Feature","geometry":{"type":"Polygon","coordinates":[[[14.766088,50.086178],[14.766216,50.0861],[14.76613,50.086043],[14.766045,50.086095],[14.766066,50.086109],[14.766024,50.086136],[14.766088,50.086178]]]},"properties":{"kod":14371499,"cislo":"159","typ":"budova s číslem popisným","vyuziti":"rodinný dům","cast_obce":"Tuklaty","parcela":"Tuklaty st. 206","dokonceni":"1980","byty":1,"podlazi":1,"plocha":102}},{"type":"Feature","geometry":{"type":"Polygon","coordinates":[[[14.766537,50.086683],[14.766626,50.086628],[14.766531,50.086565],[14.766442,50.08662],[14.766537,50.086683]]]},"properties":{"kod":14371502,"cislo":"160","typ":"budova s číslem popisným","vyuziti":"rodinný dům","cast_obce":"Tuklaty","parcela":"Tuklaty st. 207","dokonceni":"1980","byty":1,"podlazi":2,"plocha":86}},{"type":"Feature","geometry":{"type":"Polygon","coordinates":[[[14.766231,50.086485],[14.766324,50.086547],[14.766365,50.086522],[14.766384,50.086535],[14.766452,50.086492],[14.766338,50.086417],[14.766231,50.086485]]]},"properties":{"kod":14371511,"cislo":"161","typ":"budova s číslem popisným","vyuziti":"rodinný dům","cast_obce":"Tuklaty","parcela":"Tuklaty st. 216","dokonceni":"1990","byty":2,"podlazi":2,"plocha":117}},{"type":"Feature","geometry":{"type":"Polygon","coordinates":[[[14.766074,50.086352],[14.766108,50.086375],[14.766089,50.086386],[14.766157,50.086432],[14.766277,50.086357],[14.766173,50.08629],[14.766074,50.086352]]]},"properties":{"kod":14371529,"cislo":"162","typ":"budova s číslem popisným","vyuziti":"rodinný dům","cast_obce":"Tuklaty","parcela":"Tuklaty st. 218","dokonceni":"1990","byty":2,"podlazi":2,"plocha":118}},{"type":"Feature","geometry":{"type":"Polygon","coordinates":[[[14.765918,50.086623],[14.76601,50.086561],[14.765993,50.08655],[14.766,50.086545],[14.765903,50.086483],[14.765802,50.086549],[14.765918,50.086623]]]},"properties":{"kod":14371537,"cislo":"163","typ":"budova s číslem popisným","vyuziti":"rodinný dům","cast_obce":"Tuklaty","parcela":"Tuklaty st. 215","dokonceni":"1990","byty":2,"podlazi":2,"plocha":118}},{"type":"Feature","geometry":{"type":"Polygon","coordinates":[[[14.765976,50.086663],[14.766128,50.086765],[14.76623,50.086702],[14.766204,50.086684],[14.766208,50.086682],[14.766067,50.086589],[14.765976,50.086663]]]},"properties":{"kod":14371545,"cislo":"164","typ":"budova s číslem popisným","vyuziti":"rodinný dům","cast_obce":"Tuklaty","parcela":"Tuklaty st. 214","dokonceni":"1990","byty":2,"podlazi":2,"plocha":170}},{"type":"Feature","geometry":{"type":"Polygon","coordinates":[[[14.766337,50.0869],[14.766438,50.086836],[14.766321,50.086758],[14.766218,50.086822],[14.766337,50.0869]]]},"properties":{"kod":14371553,"cislo":"165","typ":"budova s číslem popisným","vyuziti":"rodinný dům","cast_obce":"Tuklaty","parcela":"Tuklaty st. 213","dokonceni":"1980","byty":1,"podlazi":2,"plocha":124}},{"type":"Feature","geometry":{"type":"Polygon","coordinates":[[[14.766941,50.086867],[14.766948,50.08686],[14.766971,50.086869],[14.767043,50.0868],[14.766896,50.086737],[14.766817,50.086815],[14.766941,50.086867]]]},"properties":{"kod":14371561,"cislo":"166","typ":"budova s číslem popisným","vyuziti":"rodinný dům","cast_obce":"Tuklaty","parcela":"Tuklaty st. 211","dokonceni":"1990","byty":2,"podlazi":2,"plocha":128}},{"type":"Feature","geometry":{"type":"Polygon","coordinates":[[[14.76707,50.087011],[14.767077,50.087004],[14.767156,50.087037],[14.76722,50.086973],[14.767198,50.086964],[14.767249,50.086913],[14.767183,50.086885],[14.767191,50.086877],[14.767127,50.08685],[14.766997,50.086979],[14.76707,50.087011]]]},"properties":{"kod":14371570,"cislo":"167","typ":"budova s číslem popisným","vyuziti":"rodinný dům","cast_obce":"Tuklaty","parcela":"Tuklaty st. 219","dokonceni":"1990","byty":1,"podlazi":1,"plocha":198}},{"type":"Feature","geometry":{"type":"Polygon","coordinates":[[[14.767004,50.087524],[14.767041,50.087499],[14.767062,50.087511],[14.767093,50.087489],[14.767072,50.087476],[14.767105,50.087453],[14.766988,50.087385],[14.766888,50.087456],[14.767004,50.087524]]]},"properties":{"kod":14371588,"cislo":"168","typ":"budova s číslem popisným","vyuziti":"rodinný dům","cast_obce":"Tuklaty","parcela":"Tuklaty st. 210","dokonceni":"1990","byty":2,"podlazi":2,"plocha":127}},{"type":"Feature","geometry":{"type":"Polygon","coordinates":[[[14.76692,50.087691],[14.767003,50.087635],[14.766851,50.08754],[14.766768,50.087596],[14.76692,50.087691]]]},"properties":{"kod":14371596,"cislo":"169","typ":"budova s číslem popisným","vyuziti":"rodinný dům","cast_obce":"Tuklaty","parcela":"Tuklaty st. 209","dokonceni":"1990","byty":1,"podlazi":2,"plocha":131}},{"type":"Feature","geometry":{"type":"Polygon","coordinates":[[[14.766684,50.087653],[14.766837,50.087746],[14.76692,50.087691],[14.766768,50.087596],[14.766684,50.087653]]]},"properties":{"kod":14371600,"cislo":"170","typ":"budova s číslem popisným","vyuziti":"rodinný dům","cast_obce":"Tuklaty","parcela":"Tuklaty st. 208","dokonceni":"1990","byty":2,"podlazi":2,"plocha":131}},{"type":"Feature","geometry":{"type":"Polygon","coordinates":[[[14.768685,50.086745],[14.768813,50.086809],[14.768896,50.086742],[14.768874,50.08673],[14.768881,50.086725],[14.768775,50.086671],[14.768685,50.086745]]]},"properties":{"kod":14371618,"cislo":"171","typ":"budova s číslem popisným","vyuziti":"rodinný dům","cast_obce":"Tuklaty","parcela":"Tuklaty st. 46/2","dokonceni":"1990","byty":1,"podlazi":2,"plocha":120}},{"type":"Feature","geometry":{"type":"Polygon","coordinates":[[[14.77042,50.085118],[14.770411,50.085129],[14.770384,50.085202],[14.770565,50.085229],[14.770591,50.085157],[14.770484,50.085141],[14.770489,50.085128],[14.77042,50.085118]]]},"properties":{"kod":14371626,"cislo":"172","typ":"budova s číslem popisným","vyuziti":"rodinný dům","cast_obce":"Tuklaty","parcela":"Tuklaty st. 220","dokonceni":"1990","byty":1,"podlazi":1,"plocha":116}},{"type":"Feature","geometry":{"type":"Polygon","coordinates":[[[14.77062,50.085354],[14.770775,50.085382],[14.770806,50.085299],[14.770651,50.085275],[14.77062,50.085354]]]},"properties":{"kod":14371634,"cislo":"173","typ":"budova s číslem popisným","vyuziti":"rodinný dům","cast_obce":"Tuklaty","parcela":"Tuklaty st. 225","dokonceni":"1990","byty":1,"podlazi":2,"plocha":107}},{"type":"Feature","geometry":{"type":"Polygon","coordinates":[[[14.770569,50.085428],[14.770726,50.085456],[14.770755,50.085378],[14.7706,50.08535],[14.770569,50.085428]]]},"properties":{"kod":14371642,"cislo":"174","typ":"budova s číslem popisným","vyuziti":"rodinný dům","cast_obce":"Tuklaty","parcela":"Tuklaty st. 378","dokonceni":"2011","byty":1,"podlazi":2,"plocha":143}},{"type":"Feature","geometry":{"type":"Polygon","coordinates":[[[14.770522,50.085505],[14.770674,50.085532],[14.770705,50.085452],[14.770549,50.085425],[14.770522,50.085505]]]},"properties":{"kod":14371651,"cislo":"175","typ":"budova s číslem popisným","vyuziti":"rodinný dům","cast_obce":"Tuklaty","parcela":"Tuklaty st. 222","dokonceni":"1990","byty":1,"podlazi":2,"plocha":104}},{"type":"Feature","geometry":{"type":"Polygon","coordinates":[[[14.770469,50.085579],[14.770624,50.085608],[14.770653,50.085528],[14.770499,50.085501],[14.770469,50.085579]]]},"properties":{"kod":14371669,"cislo":"176","typ":"budova s číslem popisným","vyuziti":"rodinný dům","cast_obce":"Tuklaty","parcela":"Tuklaty st. 379","dokonceni":"2016","byty":1,"podlazi":1,"plocha":169}},{"type":"Feature","geometry":{"type":"Polygon","coordinates":[[[14.770573,50.085683],[14.770603,50.085604],[14.77045,50.085576],[14.770418,50.085654],[14.770573,50.085683]]]},"properties":{"kod":14371677,"cislo":"177","typ":"budova s číslem popisným","vyuziti":"rodinný dům","cast_obce":"Tuklaty","parcela":"Tuklaty st. 319","dokonceni":"2000","byty":1,"podlazi":1,"plocha":103}},{"type":"Feature","geometry":{"type":"Polygon","coordinates":[[[14.770524,50.08576],[14.770553,50.085679],[14.770399,50.085651],[14.770367,50.085735],[14.770524,50.08576]]]},"properties":{"kod":14371685,"cislo":"178","typ":"budova s číslem popisným","vyuziti":"rodinný dům","cast_obce":"Tuklaty","parcela":"Tuklaty st. 297","dokonceni":"2000","byty":1,"podlazi":2,"plocha":109}},{"type":"Feature","geometry":{"type":"Polygon","coordinates":[[[14.76648,50.086964],[14.766607,50.087051],[14.766713,50.086988],[14.766637,50.086936],[14.76663,50.086939],[14.76658,50.086904],[14.76648,50.086964]]]},"properties":{"kod":14371693,"cislo":"179","typ":"budova s číslem popisným","vyuziti":"rodinný dům","cast_obce":"Tuklaty","parcela":"Tuklaty st. 230","dokonceni":"1990","byty":1,"podlazi":2,"plocha":134}},{"type":"Feature","geometry":{"type":"Polygon","coordinates":[[[14.770685,50.085115],[14.770834,50.085139],[14.770872,50.08504],[14.770723,50.085016],[14.770685,50.085115]]]},"properties":{"kod":14371707,"cislo":"180","typ":"budova s číslem popisným","vyuziti":"rodinný dům","cast_obce":"Tuklaty","parcela":"Tuklaty st. 294","dokonceni":"1990","byty":1,"podlazi":2,"plocha":125}},{"type":"Feature","geometry":{"type":"Polygon","coordinates":[[[14.766656,50.087172],[14.766734,50.087233],[14.766857,50.087172],[14.766782,50.087109],[14.766656,50.087172]]]},"properties":{"kod":14371715,"cislo":"181","typ":"budova s číslem popisným","vyuziti":"rodinný dům","cast_obce":"Tuklaty","parcela":"Tuklaty st. 293","dokonceni":"2000","byty":1,"podlazi":3,"plocha":100}},{"type":"Feature","geometry":{"type":"Polygon","coordinates":[[[14.773111,50.071623],[14.773117,50.07169],[14.77334,50.071682],[14.773333,50.071592],[14.773146,50.071598],[14.773111,50.071623]]]},"properties":{"kod":14371723,"cislo":"182","typ":"budova s číslem popisným","vyuziti":"stavba technického vybavení","cast_obce":"Tuklaty","parcela":"Tuklaty st. 286","dokonceni":null,"byty":0,"podlazi":1,"plocha":158}},{"type":"Feature","geometry":{"type":"Polygon","coordinates":[[[14.766212,50.08737],[14.766245,50.087421],[14.766315,50.087402],[14.766307,50.08739],[14.766435,50.087356],[14.766393,50.087289],[14.766353,50.087299],[14.766335,50.087273],[14.766243,50.087297],[14.766279,50.087353],[14.766212,50.08737]]]},"properties":{"kod":14371731,"cislo":"183","typ":"budova s číslem popisným","vyuziti":"rodinný dům","cast_obce":"Tuklaty","parcela":"Tuklaty st. 288","dokonceni":"2000","byty":2,"podlazi":2,"plocha":137}},{"type":"Feature","geometry":{"type":"Polygon","coordinates":[[[14.766347,50.087134],[14.766433,50.087225],[14.766533,50.087186],[14.766445,50.087095],[14.766347,50.087134]]]},"properties":{"kod":14371740,"cislo":"184","typ":"budova s číslem popisným","vyuziti":"rodinný dům","cast_obce":"Tuklaty","parcela":"Tuklaty st. 290","dokonceni":"2000","byty":1,"podlazi":2,"plocha":98}},{"type":"Feature","geometry":{"type":"Polygon","coordinates":[[[14.773727,50.081504],[14.773911,50.081523],[14.773932,50.08144],[14.7739,50.081437],[14.773891,50.081422],[14.773865,50.081419],[14.77385,50.081432],[14.773747,50.081421],[14.773727,50.081504]]]},"properties":{"kod":25316664,"cislo":"188","typ":"budova s číslem popisným","vyuziti":"rodinný dům","cast_obce":"Tuklaty","parcela":"Tuklaty st. 307","dokonceni":"2001","byty":1,"podlazi":2,"plocha":128}},{"type":"Feature","geometry":{"type":"Polygon","coordinates":[[[14.771084,50.078217],[14.771084,50.07822],[14.771155,50.078215],[14.771136,50.0781],[14.770996,50.07811],[14.771013,50.078222],[14.771084,50.078217]]]},"properties":{"kod":25404032,"cislo":"193","typ":"budova s číslem popisným","vyuziti":"rodinný dům","cast_obce":"Tuklaty","parcela":"Tuklaty st. 310","dokonceni":"2002","byty":1,"podlazi":2,"plocha":129}},{"type":"Feature","geometry":{"type":"Polygon","coordinates":[[[14.771527,50.081551],[14.771544,50.081544],[14.771549,50.081525],[14.771538,50.081514],[14.771388,50.081495],[14.771399,50.08146],[14.771348,50.081453],[14.771315,50.08156],[14.771516,50.081587],[14.771527,50.081551]]]},"properties":{"kod":25518411,"cislo":"189","typ":"budova s číslem popisným","vyuziti":"rodinný dům","cast_obce":"Tuklaty","parcela":"Tuklaty st. 308","dokonceni":"2001","byty":1,"podlazi":2,"plocha":138}},{"type":"Feature","geometry":{"type":"Polygon","coordinates":[[[14.77142,50.084265],[14.771433,50.084278],[14.771423,50.084307],[14.771478,50.084314],[14.771459,50.084375],[14.771557,50.084388],[14.771576,50.084326],[14.77159,50.084328],[14.771618,50.084239],[14.771643,50.084242],[14.771652,50.084216],[14.771764,50.08423],[14.771787,50.084165],[14.771669,50.08415],[14.771666,50.08416],[14.771396,50.084124],[14.77137,50.084207],[14.771451,50.084217],[14.771445,50.08424],[14.771425,50.08425],[14.77142,50.084265]]]},"properties":{"kod":25677888,"cislo":"194","typ":"budova s číslem popisným","vyuziti":"rodinný dům","cast_obce":"Tuklaty","parcela":"Tuklaty st. 314","dokonceni":"2015","byty":1,"podlazi":2,"plocha":425}},{"type":"Feature","geometry":{"type":"Polygon","coordinates":[[[14.771161,50.078348],[14.771247,50.078348],[14.771283,50.078344],[14.771275,50.078245],[14.771209,50.078247],[14.771212,50.078283],[14.771155,50.078285],[14.771161,50.078348]]]},"properties":{"kod":25911601,"cislo":"200","typ":"budova s číslem popisným","vyuziti":"rodinný dům","cast_obce":"Tuklaty","parcela":"Tuklaty st. 318","dokonceni":"2005","byty":1,"podlazi":1,"plocha":81}},{"type":"Feature","geometry":{"type":"Polygon","coordinates":[[[14.770463,50.084849],[14.770465,50.084973],[14.770638,50.084972],[14.770636,50.084849],[14.770463,50.084849]]]},"properties":{"kod":25983741,"cislo":"195","typ":"budova s číslem popisným","vyuziti":"rodinný dům","cast_obce":"Tuklaty","parcela":"Tuklaty st. 322","dokonceni":"2006","byty":1,"podlazi":2,"plocha":169}},{"type":"Feature","geometry":{"type":"Polygon","coordinates":[[[14.77346,50.083685],[14.773433,50.083687],[14.773409,50.083679],[14.77338,50.083681],[14.77336,50.083694],[14.773332,50.083696],[14.773353,50.083795],[14.773424,50.083788],[14.773442,50.083798],[14.773467,50.083796],[14.773481,50.083783],[14.77346,50.083685]]]},"properties":{"kod":26044129,"cislo":"185","typ":"budova s číslem popisným","vyuziti":"objekt k bydlení","cast_obce":"Tuklaty","parcela":"Tuklaty st. 299","dokonceni":"2000","byty":1,"podlazi":3,"plocha":110}},{"type":"Feature","geometry":{"type":"Polygon","coordinates":[[[14.760639,50.073016],[14.760363,50.072978],[14.760254,50.073299],[14.76053,50.073337],[14.760639,50.073016]]]},"properties":{"kod":26212692,"cislo":"186","typ":"budova s číslem popisným","vyuziti":"jiná stavba","cast_obce":"Tuklaty","parcela":"Tuklaty st. 360","dokonceni":null,"byty":0,"podlazi":null,"plocha":736}},{"type":"Feature","geometry":{"type":"Polygon","coordinates":[[[14.772597,50.081674],[14.77259,50.081767],[14.772623,50.081768],[14.77262,50.081807],[14.772746,50.08181],[14.772761,50.081679],[14.772597,50.081674]]]},"properties":{"kod":26233746,"cislo":"196","typ":"budova s číslem popisným","vyuziti":"rodinný dům","cast_obce":"Tuklaty","parcela":"Tuklaty st. 321","dokonceni":"2006","byty":1,"podlazi":2,"plocha":160}},{"type":"Feature","geometry":{"type":"Polygon","coordinates":[[[14.773087,50.071256],[14.773689,50.07124],[14.773689,50.071237],[14.773679,50.071237],[14.773672,50.071129],[14.773079,50.071146],[14.773087,50.071256]]]},"properties":{"kod":26635160,"cislo":"187","typ":"budova s číslem popisným","vyuziti":"jiná stavba","cast_obce":"Tuklaty","parcela":"Tuklaty st. 305","dokonceni":null,"byty":0,"podlazi":1,"plocha":523}},{"type":"Feature","geometry":{"type":"Polygon","coordinates":[[[14.771151,50.078675],[14.771152,50.078692],[14.77117,50.078704],[14.771171,50.078715],[14.771322,50.078709],[14.771316,50.078644],[14.771299,50.078645],[14.771294,50.078595],[14.7712,50.078598],[14.771205,50.078648],[14.771165,50.07865],[14.771166,50.078661],[14.771151,50.078675]]]},"properties":{"kod":26815699,"cislo":"206","typ":"budova s číslem popisným","vyuziti":"rodinný dům","cast_obce":"Tuklaty","parcela":"Tuklaty st. 316","dokonceni":"2008","byty":2,"podlazi":2,"plocha":120}},{"type":"Feature","geometry":{"type":"Polygon","coordinates":[[[14.772546,50.08227],[14.772542,50.08231],[14.772665,50.082314],[14.772667,50.082281],[14.77271,50.082283],[14.772716,50.082205],[14.772664,50.082203],[14.772654,50.082189],[14.772621,50.082188],[14.772607,50.082201],[14.77257,50.0822],[14.772563,50.082271],[14.772546,50.08227]]]},"properties":{"kod":26978083,"cislo":"198","typ":"budova s číslem popisným","vyuziti":"rodinný dům","cast_obce":"Tuklaty","parcela":"Tuklaty st. 326","dokonceni":"2008","byty":1,"podlazi":2,"plocha":129}},{"type":"Feature","geometry":{"type":"Polygon","coordinates":[[[14.769322,50.079865],[14.769429,50.079866],[14.769429,50.07985],[14.769446,50.07985],[14.769447,50.079825],[14.76943,50.079824],[14.769431,50.079776],[14.769325,50.079775],[14.769322,50.079865]]]},"properties":{"kod":27161251,"cislo":"197","typ":"budova s číslem popisným","vyuziti":"rodinný dům","cast_obce":"Tuklaty","parcela":"Tuklaty st. 338","dokonceni":"2008","byty":1,"podlazi":3,"plocha":80}},{"type":"Feature","geometry":{"type":"Polygon","coordinates":[[[14.773558,50.081831],[14.773564,50.081772],[14.773537,50.081771],[14.773544,50.081695],[14.773416,50.08169],[14.773408,50.081766],[14.77337,50.081764],[14.773364,50.081823],[14.773558,50.081831]]]},"properties":{"kod":27178919,"cislo":"205","typ":"budova s číslem popisným","vyuziti":"rodinný dům","cast_obce":"Tuklaty","parcela":"Tuklaty st. 335","dokonceni":"2009","byty":1,"podlazi":2,"plocha":169}},{"type":"Feature","geometry":{"type":"Polygon","coordinates":[[[14.77173,50.081623],[14.771899,50.08165],[14.771933,50.081562],[14.771763,50.081535],[14.77173,50.081623]]]},"properties":{"kod":27196330,"cislo":"199","typ":"budova s číslem popisným","vyuziti":"rodinný dům","cast_obce":"Tuklaty","parcela":"Tuklaty st. 317","dokonceni":"2006","byty":1,"podlazi":2,"plocha":126}},{"type":"Feature","geometry":{"type":"Polygon","coordinates":[[[14.770947,50.07796],[14.770951,50.077979],[14.770968,50.077977],[14.770972,50.077996],[14.770979,50.077995],[14.770986,50.07803],[14.771101,50.07802],[14.77109,50.077964],[14.77111,50.077955],[14.771106,50.077938],[14.771084,50.077932],[14.771079,50.077912],[14.770956,50.077923],[14.77096,50.077959],[14.770947,50.07796]]]},"properties":{"kod":27263487,"cislo":"208","typ":"budova s číslem popisným","vyuziti":"rodinný dům","cast_obce":"Tuklaty","parcela":"Tuklaty st. 328","dokonceni":"2009","byty":1,"podlazi":2,"plocha":113}},{"type":"Feature","geometry":{"type":"Polygon","coordinates":[[[14.766402,50.087865],[14.76637,50.087846],[14.766335,50.087869],[14.766329,50.087865],[14.766302,50.087883],[14.766308,50.087887],[14.766273,50.08791],[14.766366,50.087967],[14.76652,50.087864],[14.76646,50.087827],[14.766402,50.087865]]]},"properties":{"kod":27309916,"cislo":"209","typ":"budova s číslem popisným","vyuziti":"rodinný dům","cast_obce":"Tuklaty","parcela":"Tuklaty st. 333","dokonceni":"2009","byty":1,"podlazi":2,"plocha":128}},{"type":"Feature","geometry":{"type":"Polygon","coordinates":[[[14.772145,50.083367],[14.772257,50.083399],[14.77226,50.083394],[14.772251,50.083392],[14.772278,50.083353],[14.772303,50.083361],[14.772326,50.083329],[14.772309,50.083324],[14.772344,50.083275],[14.772234,50.083242],[14.772221,50.08326],[14.772198,50.083266],[14.772179,50.083293],[14.772187,50.083308],[14.772145,50.083367]]]},"properties":{"kod":27320286,"cislo":"201","typ":"budova s číslem popisným","vyuziti":"rodinný dům","cast_obce":"Tuklaty","parcela":"Tuklaty st. 325","dokonceni":"2009","byty":1,"podlazi":2,"plocha":140}},{"type":"Feature","geometry":{"type":"Polygon","coordinates":[[[14.759355,50.083308],[14.759374,50.083323],[14.75942,50.083299],[14.7594,50.083284],[14.759502,50.083231],[14.75945,50.08319],[14.759271,50.083283],[14.759323,50.083325],[14.759355,50.083308]]]},"properties":{"kod":27449483,"cislo":"210","typ":"budova s číslem popisným","vyuziti":"rodinný dům","cast_obce":"Tuklaty","parcela":"Tuklaty st. 341","dokonceni":"2019","byty":1,"podlazi":1,"plocha":107}},{"type":"Feature","geometry":{"type":"Polygon","coordinates":[[[14.759564,50.082967],[14.759645,50.083079],[14.759728,50.083053],[14.759685,50.082995],[14.759707,50.082988],[14.75972,50.083004],[14.759792,50.082982],[14.75978,50.082966],[14.759804,50.082958],[14.759765,50.082905],[14.759564,50.082967]]]},"properties":{"kod":27449491,"cislo":"211","typ":"budova s číslem popisným","vyuziti":"rodinný dům","cast_obce":"Tuklaty","parcela":"Tuklaty st. 340","dokonceni":"2019","byty":1,"podlazi":1,"plocha":197}},{"type":"Feature","geometry":{"type":"Polygon","coordinates":[[[14.77386,50.082688],[14.773876,50.082643],[14.773851,50.08264],[14.773874,50.082578],[14.773697,50.082551],[14.773658,50.082657],[14.77386,50.082688]]]},"properties":{"kod":27498182,"cislo":"207","typ":"budova s číslem popisným","vyuziti":"rodinný dům","cast_obce":"Tuklaty","parcela":"Tuklaty st. 336","dokonceni":"2009","byty":1,"podlazi":2,"plocha":167}},{"type":"Feature","geometry":{"type":"Polygon","coordinates":[[[14.773117,50.082715],[14.773295,50.082744],[14.773337,50.082636],[14.773159,50.082607],[14.773117,50.082715]]]},"properties":{"kod":27622274,"cislo":"204","typ":"budova s číslem popisným","vyuziti":"rodinný dům","cast_obce":"Tuklaty","parcela":"Tuklaty st. 329","dokonceni":"2008","byty":1,"podlazi":2,"plocha":164}},{"type":"Feature","geometry":{"type":"Polygon","coordinates":[[[14.772022,50.083518],[14.77215,50.083556],[14.772204,50.08348],[14.772162,50.083468],[14.772168,50.083459],[14.772123,50.083446],[14.772117,50.083454],[14.772075,50.083442],[14.772022,50.083518]]]},"properties":{"kod":27633888,"cislo":"202","typ":"budova s číslem popisným","vyuziti":"rodinný dům","cast_obce":"Tuklaty","parcela":"Tuklaty st. 324","dokonceni":"2007","byty":1,"podlazi":2,"plocha":98}},{"type":"Feature","geometry":{"type":"Polygon","coordinates":[[[14.745924,50.072739],[14.746094,50.072745],[14.746102,50.072636],[14.745897,50.07263],[14.745893,50.072684],[14.745928,50.072685],[14.745924,50.072739]]]},"properties":{"kod":27822362,"cislo":"215","typ":"budova s číslem popisným","vyuziti":"stavba pro administrativu","cast_obce":"Tuklaty","parcela":"Tuklaty st. 371","dokonceni":"1975","byty":0,"podlazi":1,"plocha":132}},{"type":"Feature","geometry":{"type":"Polygon","coordinates":[[[14.764576,50.086729],[14.764922,50.086612],[14.76487,50.086546],[14.76485,50.086553],[14.764845,50.086546],[14.764781,50.086568],[14.764787,50.086574],[14.764523,50.086663],[14.764576,50.086729]]]},"properties":{"kod":30391571,"cislo":"23","typ":"budova s číslem popisným","vyuziti":"objekt občanské vybavenosti","cast_obce":"Tuklaty","parcela":"Tuklaty st. 160","dokonceni":null,"byty":0,"podlazi":null,"plocha":234}},{"type":"Feature","geometry":{"type":"Polygon","coordinates":[[[14.768149,50.085536],[14.768219,50.085518],[14.768278,50.085495],[14.768247,50.085454],[14.768184,50.085472],[14.768189,50.08548],[14.768126,50.085498],[14.768149,50.085536]]]},"properties":{"kod":30391580,"cislo":"30","typ":"budova s číslem popisným","vyuziti":"jiná stavba","cast_obce":"Tuklaty","parcela":"Tuklaty st. 169/1","dokonceni":null,"byty":0,"podlazi":null,"plocha":50}},{"type":"Feature","geometry":{"type":"Polygon","coordinates":[[[14.774243,50.081681],[14.774434,50.081708],[14.774485,50.081554],[14.774294,50.081527],[14.774243,50.081681]]]},"properties":{"kod":30391598,"cislo":"190","typ":"budova s číslem popisným","vyuziti":"rodinný dům","cast_obce":"Tuklaty","parcela":"Tuklaty st. 309","dokonceni":"2002","byty":2,"podlazi":2,"plocha":245}},{"type":"Feature","geometry":{"type":"Polygon","coordinates":[[[14.773027,50.082946],[14.773204,50.082975],[14.773248,50.082866],[14.77307,50.082837],[14.773027,50.082946]]]},"properties":{"kod":30391601,"cislo":"203","typ":"budova s číslem popisným","vyuziti":"rodinný dům","cast_obce":"Tuklaty","parcela":"Tuklaty st. 330","dokonceni":"2008","byty":1,"podlazi":2,"plocha":165}},{"type":"Feature","geometry":{"type":"Polygon","coordinates":[[[14.77357,50.083173],[14.773614,50.08318],[14.773625,50.083191],[14.773653,50.083196],[14.77367,50.083189],[14.773778,50.083207],[14.773824,50.083091],[14.773615,50.083057],[14.77357,50.083173]]]},"properties":{"kod":30391610,"cislo":"212","typ":"budova s číslem popisným","vyuziti":"rodinný dům","cast_obce":"Tuklaty","parcela":"Tuklaty st. 346","dokonceni":"2010","byty":1,"podlazi":1,"plocha":208}},{"type":"Feature","geometry":{"type":"Polygon","coordinates":[[[14.772794,50.083138],[14.772891,50.083149],[14.772886,50.083167],[14.772921,50.083171],[14.772926,50.083154],[14.772989,50.083161],[14.77301,50.083089],[14.772886,50.083074],[14.772894,50.083048],[14.772823,50.083039],[14.772794,50.083138]]]},"properties":{"kod":30391628,"cislo":"213","typ":"budova s číslem popisným","vyuziti":"rodinný dům","cast_obce":"Tuklaty","parcela":"Tuklaty st. 344","dokonceni":"2010","byty":1,"podlazi":1,"plocha":137}},{"type":"Feature","geometry":{"type":"Polygon","coordinates":[[[14.768178,50.081499],[14.768292,50.081484],[14.768288,50.081471],[14.768369,50.081461],[14.768341,50.081373],[14.768146,50.081398],[14.768178,50.081499]]]},"properties":{"kod":30391636,"cislo":"222","typ":"budova s číslem popisným","vyuziti":"rodinný dům","cast_obce":"Tuklaty","parcela":"Tuklaty st. 351","dokonceni":"2011","byty":1,"podlazi":1,"plocha":155}},{"type":"Feature","geometry":{"type":"Polygon","coordinates":[[[14.771011,50.082573],[14.770917,50.082561],[14.770904,50.082601],[14.770999,50.082614],[14.771011,50.082573]]]},"properties":{"kod":30391652,"cislo":"č.ev. 132","typ":"budova s číslem evidenčním","vyuziti":"garáž","cast_obce":"Tuklaty","parcela":"Tuklaty st. 148","dokonceni":null,"byty":0,"podlazi":null,"plocha":null,"obrys":"stavební parcela (RÚIAN bez obrysu budovy)"}},{"type":"Feature","geometry":{"type":"Polygon","coordinates":[[[14.769911,50.083182],[14.769866,50.083174],[14.769843,50.083226],[14.769887,50.083233],[14.769911,50.083182]]]},"properties":{"kod":30391661,"cislo":"č.ev. 5001","typ":"budova s číslem evidenčním","vyuziti":"jiná stavba","cast_obce":"Tuklaty","parcela":"Tuklaty st. 145","dokonceni":null,"byty":0,"podlazi":null,"plocha":null,"obrys":"stavební parcela (RÚIAN bez obrysu budovy)"}},{"type":"Feature","geometry":{"type":"Polygon","coordinates":[[[14.768571,50.080753],[14.768574,50.080793],[14.768659,50.080789],[14.768656,50.08075],[14.768571,50.080753]]]},"properties":{"kod":30391679,"cislo":"č.ev. 5003","typ":"budova s číslem evidenčním","vyuziti":"jiná stavba","cast_obce":"Tuklaty","parcela":"Tuklaty st. 154","dokonceni":null,"byty":0,"podlazi":null,"plocha":27}},{"type":"Feature","geometry":{"type":"Polygon","coordinates":[[[14.773273,50.082291],[14.773452,50.08232],[14.773494,50.082209],[14.773314,50.082181],[14.773273,50.082291]]]},"properties":{"kod":34131957,"cislo":"216","typ":"budova s číslem popisným","vyuziti":"rodinný dům","cast_obce":"Tuklaty","parcela":"Tuklaty st. 342","dokonceni":"2010","byty":1,"podlazi":2,"plocha":161}},{"type":"Feature","geometry":{"type":"Polygon","coordinates":[[[14.767601,50.08541],[14.767711,50.085559],[14.767855,50.085517],[14.76777,50.085397],[14.767716,50.085414],[14.767695,50.085385],[14.767601,50.08541]]]},"properties":{"kod":34131965,"cislo":"220","typ":"budova s číslem popisným","vyuziti":"rodinný dům","cast_obce":"Tuklaty","parcela":"Tuklaty st. 51/3","dokonceni":"2010","byty":1,"podlazi":2,"plocha":193}},{"type":"Feature","geometry":{"type":"Polygon","coordinates":[[[14.767944,50.085506],[14.767864,50.085529],[14.767856,50.085518],[14.767712,50.08556],[14.767784,50.085657],[14.768005,50.085593],[14.767944,50.085506]]]},"properties":{"kod":39884724,"cislo":"29","typ":"budova s číslem popisným","vyuziti":"rodinný dům","cast_obce":"Tuklaty","parcela":"Tuklaty st. 51/2","dokonceni":"2018","byty":3,"podlazi":3,"plocha":195}},{"type":"Feature","geometry":{"type":"Polygon","coordinates":[[[14.774281,50.085458],[14.774301,50.085533],[14.774376,50.085525],[14.774356,50.08545],[14.774281,50.085458]]]},"properties":{"kod":43613101,"cislo":"265","typ":"budova s číslem popisným","vyuziti":"stavba pro administrativu","cast_obce":"Tuklaty","parcela":"Tuklaty st. 165","dokonceni":"1984","byty":0,"podlazi":1,"plocha":81}},{"type":"Feature","geometry":{"type":"Polygon","coordinates":[[[14.768058,50.082514],[14.768072,50.0826],[14.768254,50.082587],[14.768248,50.082552],[14.768237,50.082552],[14.768234,50.082529],[14.768244,50.082528],[14.768237,50.082484],[14.76811,50.082493],[14.768113,50.08251],[14.768058,50.082514]]]},"properties":{"kod":50549103,"cislo":"221","typ":"budova s číslem popisným","vyuziti":"rodinný dům","cast_obce":"Tuklaty","parcela":"Tuklaty st. 354","dokonceni":"2011","byty":1,"podlazi":1,"plocha":137}},{"type":"Feature","geometry":{"type":"Polygon","coordinates":[[[14.76664,50.082098],[14.766659,50.082151],[14.766642,50.082154],[14.76667,50.08223],[14.766806,50.082209],[14.766778,50.082133],[14.766751,50.082137],[14.766731,50.082084],[14.76664,50.082098]]]},"properties":{"kod":50563319,"cislo":"214","typ":"budova s číslem popisným","vyuziti":"rodinný dům","cast_obce":"Tuklaty","parcela":"Tuklaty st. 348","dokonceni":"2011","byty":1,"podlazi":1,"plocha":123}},{"type":"Feature","geometry":{"type":"Polygon","coordinates":[[[14.765071,50.08257],[14.76517,50.082536],[14.765117,50.082471],[14.765112,50.082473],[14.76509,50.082448],[14.764997,50.082479],[14.765071,50.08257]]]},"properties":{"kod":50589121,"cislo":"218","typ":"budova s číslem popisným","vyuziti":"rodinný dům","cast_obce":"Tuklaty","parcela":"Tuklaty st. 357","dokonceni":"2012","byty":1,"podlazi":2,"plocha":90}},{"type":"Feature","geometry":{"type":"Polygon","coordinates":[[[14.770799,50.084049],[14.770966,50.084096],[14.771065,50.083952],[14.770865,50.083896],[14.770822,50.083959],[14.770855,50.083968],[14.770799,50.084049]]]},"properties":{"kod":50694154,"cislo":"219","typ":"budova s číslem popisným","vyuziti":"rodinný dům","cast_obce":"Tuklaty","parcela":"Tuklaty st. 337","dokonceni":"2011","byty":1,"podlazi":1,"plocha":271}},{"type":"Feature","geometry":{"type":"Polygon","coordinates":[[[14.771584,50.083955],[14.77153,50.084032],[14.771726,50.084092],[14.771755,50.084051],[14.771734,50.084046],[14.771804,50.083948],[14.771657,50.083905],[14.771616,50.083964],[14.771584,50.083955]]]},"properties":{"kod":51130653,"cislo":"217","typ":"budova s číslem popisným","vyuziti":"rodinný dům","cast_obce":"Tuklaty","parcela":"Tuklaty st. 347","dokonceni":"2011","byty":1,"podlazi":1,"plocha":235}},{"type":"Feature","geometry":{"type":"Polygon","coordinates":[[[14.759714,50.082704],[14.75973,50.082764],[14.759763,50.082761],[14.759772,50.082794],[14.759938,50.082776],[14.75992,50.082709],[14.759845,50.082717],[14.759839,50.082691],[14.759714,50.082704]]]},"properties":{"kod":51573075,"cislo":"224","typ":"budova s číslem popisným","vyuziti":"rodinný dům","cast_obce":"Tuklaty","parcela":"Tuklaty st. 359","dokonceni":"2012","byty":1,"podlazi":2,"plocha":90}},{"type":"Feature","geometry":{"type":"Polygon","coordinates":[[[14.767788,50.082867],[14.767783,50.082836],[14.767832,50.082833],[14.767825,50.082795],[14.767812,50.082796],[14.767806,50.082765],[14.767666,50.082774],[14.767682,50.082874],[14.767788,50.082867]]]},"properties":{"kod":51677253,"cislo":"223","typ":"budova s číslem popisným","vyuziti":"rodinný dům","cast_obce":"Tuklaty","parcela":"Tuklaty st. 363","dokonceni":"2012","byty":1,"podlazi":2,"plocha":109}},{"type":"Feature","geometry":{"type":"Polygon","coordinates":[[[14.767842,50.083309],[14.767852,50.083367],[14.767876,50.083365],[14.76788,50.083388],[14.767992,50.083379],[14.767978,50.083299],[14.767842,50.083309]]]},"properties":{"kod":51686139,"cislo":"226","typ":"budova s číslem popisným","vyuziti":"rodinný dům","cast_obce":"Tuklaty","parcela":"Tuklaty st. 365","dokonceni":"2012","byty":1,"podlazi":2,"plocha":83}},{"type":"Feature","geometry":{"type":"Polygon","coordinates":[[[14.767798,50.083068],[14.767808,50.083119],[14.767835,50.083117],[14.767838,50.083135],[14.768071,50.083117],[14.768057,50.083048],[14.767953,50.083056],[14.767956,50.08307],[14.767875,50.083075],[14.767872,50.083062],[14.767798,50.083068]]]},"properties":{"kod":51842572,"cislo":"225","typ":"budova s číslem popisným","vyuziti":"rodinný dům","cast_obce":"Tuklaty","parcela":"Tuklaty st. 361","dokonceni":"2012","byty":1,"podlazi":1,"plocha":123}},{"type":"Feature","geometry":{"type":"Polygon","coordinates":[[[14.742108,50.074315],[14.742101,50.07442],[14.742254,50.074424],[14.74226,50.074319],[14.742108,50.074315]]]},"properties":{"kod":52144488,"cislo":"230","typ":"budova s číslem popisným","vyuziti":"stavba pro administrativu","cast_obce":"Tuklaty","parcela":"Tuklaty st. 356","dokonceni":"2012","byty":1,"podlazi":2,"plocha":127}},{"type":"Feature","geometry":{"type":"Polygon","coordinates":[[[14.772329,50.083097],[14.772485,50.083116],[14.772517,50.083004],[14.772361,50.082986],[14.772351,50.08302],[14.772323,50.083017],[14.772314,50.083049],[14.772342,50.083052],[14.772329,50.083097]]]},"properties":{"kod":54354439,"cislo":"229","typ":"budova s číslem popisným","vyuziti":"rodinný dům","cast_obce":"Tuklaty","parcela":"Tuklaty st. 373","dokonceni":"2013","byty":1,"podlazi":2,"plocha":151}},{"type":"Feature","geometry":{"type":"Polygon","coordinates":[[[14.772628,50.080577],[14.772651,50.080582],[14.772635,50.080612],[14.772717,50.080631],[14.772774,50.080529],[14.772674,50.080507],[14.772681,50.080494],[14.772599,50.080475],[14.772586,50.080499],[14.772576,50.080497],[14.772562,50.080522],[14.772572,50.080524],[14.772559,50.080547],[14.772635,50.080565],[14.772628,50.080577]]]},"properties":{"kod":68568541,"cislo":"232","typ":"budova s číslem popisným","vyuziti":"rodinný dům","cast_obce":"Tuklaty","parcela":"Tuklaty st. 368","dokonceni":"2013","byty":1,"podlazi":2,"plocha":142}},{"type":"Feature","geometry":{"type":"Polygon","coordinates":[[[14.766537,50.082508],[14.766893,50.082444],[14.766871,50.082392],[14.766778,50.082409],[14.766786,50.08243],[14.766766,50.082433],[14.766738,50.082368],[14.766495,50.082411],[14.766537,50.082508]]]},"properties":{"kod":70570426,"cislo":"234","typ":"budova s číslem popisným","vyuziti":"rodinný dům","cast_obce":"Tuklaty","parcela":"Tuklaty st. 367","dokonceni":"2013","byty":1,"podlazi":1,"plocha":247}},{"type":"Feature","geometry":{"type":"Polygon","coordinates":[[[14.772177,50.080482],[14.772287,50.080511],[14.772331,50.08044],[14.772221,50.080412],[14.772207,50.080434],[14.772193,50.080439],[14.772186,50.08045],[14.772191,50.08046],[14.772177,50.080482]]]},"properties":{"kod":74399268,"cislo":"235","typ":"budova s číslem popisným","vyuziti":"rodinný dům","cast_obce":"Tuklaty","parcela":"Tuklaty st. 369","dokonceni":"2014","byty":1,"podlazi":2,"plocha":73}},{"type":"Feature","geometry":{"type":"Polygon","coordinates":[[[14.773796,50.082395],[14.773784,50.08243],[14.77387,50.082442],[14.773882,50.082408],[14.773917,50.082413],[14.773944,50.082339],[14.773806,50.082318],[14.773797,50.082342],[14.773775,50.082338],[14.773756,50.082389],[14.773796,50.082395]]]},"properties":{"kod":77410319,"cislo":"228","typ":"budova s číslem popisným","vyuziti":"rodinný dům","cast_obce":"Tuklaty","parcela":"Tuklaty st. 370","dokonceni":"2013","byty":1,"podlazi":2,"plocha":121}},{"type":"Feature","geometry":{"type":"Polygon","coordinates":[[[14.768177,50.082838],[14.76818,50.082853],[14.768246,50.082849],[14.768244,50.082834],[14.768292,50.082831],[14.768281,50.082755],[14.768105,50.082765],[14.768103,50.08275],[14.768036,50.082754],[14.768052,50.082863],[14.768124,50.082859],[14.768122,50.082841],[14.768177,50.082838]]]},"properties":{"kod":77935756,"cislo":"231","typ":"budova s číslem popisným","vyuziti":"rodinný dům","cast_obce":"Tuklaty","parcela":"Tuklaty st. 362","dokonceni":"2014","byty":1,"podlazi":2,"plocha":186}},{"type":"Feature","geometry":{"type":"Polygon","coordinates":[[[14.766453,50.082001],[14.766491,50.082057],[14.766725,50.081992],[14.766697,50.081917],[14.766453,50.082001]]]},"properties":{"kod":77986148,"cislo":"236","typ":"budova s číslem popisným","vyuziti":"rodinný dům","cast_obce":"Tuklaty","parcela":"Tuklaty st. 387","dokonceni":"2014","byty":1,"podlazi":2,"plocha":144}},{"type":"Feature","geometry":{"type":"Polygon","coordinates":[[[14.767163,50.082353],[14.767202,50.082457],[14.767472,50.082437],[14.767457,50.08235],[14.767229,50.082366],[14.767227,50.082349],[14.767163,50.082353]]]},"properties":{"kod":78256810,"cislo":"237","typ":"budova s číslem popisným","vyuziti":"rodinný dům","cast_obce":"Tuklaty","parcela":"Tuklaty st. 374","dokonceni":"2014","byty":1,"podlazi":1,"plocha":206}},{"type":"Feature","geometry":{"type":"Polygon","coordinates":[[[14.767544,50.081314],[14.767613,50.081381],[14.767837,50.081286],[14.767737,50.081189],[14.767636,50.081232],[14.767667,50.081262],[14.767544,50.081314]]]},"properties":{"kod":81114346,"cislo":"238","typ":"budova s číslem popisným","vyuziti":"rodinný dům","cast_obce":"Tuklaty","parcela":"Tuklaty st. 366","dokonceni":"2015","byty":1,"podlazi":1,"plocha":206}},{"type":"Feature","geometry":{"type":"Polygon","coordinates":[[[14.767343,50.086701],[14.767207,50.086652],[14.767153,50.086712],[14.767288,50.086761],[14.767343,50.086701]]]},"properties":{"kod":81117078,"cislo":"241","typ":"budova s číslem popisným","vyuziti":"rodinný dům","cast_obce":"Tuklaty","parcela":"Tuklaty st. 392","dokonceni":"2016","byty":1,"podlazi":1,"plocha":86}},{"type":"Feature","geometry":{"type":"Polygon","coordinates":[[[14.774019,50.081821],[14.774012,50.08186],[14.773879,50.081849],[14.773866,50.081914],[14.774006,50.081926],[14.774008,50.081916],[14.774162,50.081929],[14.774181,50.081835],[14.774019,50.081821]]]},"properties":{"kod":81261802,"cislo":"242","typ":"budova s číslem popisným","vyuziti":"rodinný dům","cast_obce":"Tuklaty","parcela":"Tuklaty st. 393","dokonceni":"2016","byty":1,"podlazi":2,"plocha":192}},{"type":"Feature","geometry":{"type":"Polygon","coordinates":[[[14.77027,50.082608],[14.770364,50.082623],[14.770408,50.082521],[14.770307,50.08251],[14.77027,50.082608]]]},"properties":{"kod":81888791,"cislo":"243","typ":"budova s číslem popisným","vyuziti":"rodinný dům","cast_obce":"Tuklaty","parcela":"Tuklaty st. 355","dokonceni":"2015","byty":1,"podlazi":3,"plocha":78}},{"type":"Feature","geometry":{"type":"Polygon","coordinates":[[[14.770269,50.079426],[14.770276,50.079318],[14.770191,50.079316],[14.770188,50.079358],[14.770123,50.079356],[14.77012,50.07941],[14.770184,50.079413],[14.770183,50.079424],[14.770269,50.079426]]]},"properties":{"kod":83655506,"cislo":"244","typ":"budova s číslem popisným","vyuziti":"rodinný dům","cast_obce":"Tuklaty","parcela":"Tuklaty st. 396","dokonceni":"2016","byty":1,"podlazi":2,"plocha":102}},{"type":"Feature","geometry":{"type":"Polygon","coordinates":[[[14.76738,50.08146],[14.767384,50.081475],[14.767327,50.081482],[14.767341,50.08153],[14.767302,50.081535],[14.767324,50.081606],[14.767421,50.081593],[14.767416,50.081578],[14.767518,50.081565],[14.767508,50.081531],[14.767523,50.081529],[14.767502,50.08146],[14.767429,50.081469],[14.767424,50.081454],[14.76738,50.08146]]]},"properties":{"kod":86945190,"cislo":"233","typ":"budova s číslem popisným","vyuziti":"rodinný dům","cast_obce":"Tuklaty","parcela":"Tuklaty st. 345","dokonceni":"2016","byty":2,"podlazi":2,"plocha":176}},{"type":"Feature","geometry":{"type":"Polygon","coordinates":[[[14.770095,50.079008],[14.770093,50.079121],[14.7702,50.079122],[14.770203,50.079009],[14.770095,50.079008]]]},"properties":{"kod":86950126,"cislo":"245","typ":"budova s číslem popisným","vyuziti":"rodinný dům","cast_obce":"Tuklaty","parcela":"Tuklaty st. 391","dokonceni":"2016","byty":1,"podlazi":1,"plocha":97}},{"type":"Feature","geometry":{"type":"Polygon","coordinates":[[[14.770101,50.078716],[14.7701,50.078785],[14.770222,50.078787],[14.770224,50.078717],[14.770101,50.078716]]]},"properties":{"kod":87136627,"cislo":"246","typ":"budova s číslem popisným","vyuziti":"rodinný dům","cast_obce":"Tuklaty","parcela":"Tuklaty st. 395","dokonceni":"2016","byty":1,"podlazi":2,"plocha":68}},{"type":"Feature","geometry":{"type":"Polygon","coordinates":[[[14.761294,50.073425],[14.761652,50.073458],[14.761664,50.073401],[14.761609,50.073396],[14.761694,50.073015],[14.762256,50.073067],[14.762301,50.07287],[14.761518,50.072797],[14.761474,50.072994],[14.761391,50.072986],[14.761294,50.073425]]]},"properties":{"kod":87318628,"cislo":"250","typ":"budova s číslem popisným","vyuziti":"stavba pro obchod","cast_obce":"Tuklaty","parcela":"Tuklaty st. 397","dokonceni":"2016","byty":0,"podlazi":2,"plocha":2358}},{"type":"Feature","geometry":{"type":"Polygon","coordinates":[[[14.770103,50.078033],[14.770103,50.078209],[14.770232,50.078209],[14.770233,50.078034],[14.770103,50.078033]]]},"properties":{"kod":90610229,"cislo":"247","typ":"budova s číslem popisným","vyuziti":"rodinný dům","cast_obce":"Tuklaty","parcela":"Tuklaty st. 399","dokonceni":"2017","byty":1,"podlazi":1,"plocha":168}},{"type":"Feature","geometry":{"type":"Polygon","coordinates":[[[14.771171,50.079009],[14.771429,50.078988],[14.771413,50.078911],[14.771298,50.07892],[14.771283,50.078847],[14.77116,50.078857],[14.771176,50.078936],[14.771186,50.078935],[14.771188,50.078945],[14.771158,50.078948],[14.771171,50.079009]]]},"properties":{"kod":92363113,"cislo":"249","typ":"budova s číslem popisným","vyuziti":"rodinný dům","cast_obce":"Tuklaty","parcela":"Tuklaty st. 398","dokonceni":"2017","byty":1,"podlazi":1,"plocha":231}},{"type":"Feature","geometry":{"type":"Polygon","coordinates":[[[14.770434,50.07961],[14.770296,50.079619],[14.770302,50.079659],[14.770233,50.079663],[14.77025,50.079777],[14.770305,50.079773],[14.770307,50.079786],[14.770457,50.079778],[14.770434,50.07961]]]},"properties":{"kod":93919671,"cislo":"251","typ":"budova s číslem popisným","vyuziti":"rodinný dům","cast_obce":"Tuklaty","parcela":"Tuklaty st. 227","dokonceni":"2018","byty":3,"podlazi":3,"plocha":290}},{"type":"Feature","geometry":{"type":"Polygon","coordinates":[[[14.765704,50.084317],[14.765683,50.084468],[14.765788,50.084474],[14.765795,50.084427],[14.765838,50.084429],[14.765848,50.084361],[14.765805,50.084359],[14.76581,50.084323],[14.765704,50.084317]]]},"properties":{"kod":94751251,"cislo":"252","typ":"budova s číslem popisným","vyuziti":"rodinný dům","cast_obce":"Tuklaty","parcela":"Tuklaty st. 403","dokonceni":"2018","byty":1,"podlazi":2,"plocha":152}},{"type":"Feature","geometry":{"type":"Polygon","coordinates":[[[14.767285,50.082674],[14.767459,50.082661],[14.767446,50.08259],[14.767273,50.082602],[14.767285,50.082674]]]},"properties":{"kod":94955298,"cislo":"253","typ":"budova s číslem popisným","vyuziti":"rodinný dům","cast_obce":"Tuklaty","parcela":"Tuklaty st. 402","dokonceni":"2018","byty":1,"podlazi":2,"plocha":106}},{"type":"Feature","geometry":{"type":"Polygon","coordinates":[[[14.770104,50.077468],[14.770104,50.07761],[14.770238,50.077609],[14.770239,50.077467],[14.770104,50.077468]]]},"properties":{"kod":95060731,"cislo":"254","typ":"budova s číslem popisným","vyuziti":"rodinný dům","cast_obce":"Tuklaty","parcela":"Tuklaty st. 401","dokonceni":"2018","byty":1,"podlazi":1,"plocha":152}},{"type":"Feature","geometry":{"type":"Polygon","coordinates":[[[14.767049,50.082903],[14.767042,50.082845],[14.766969,50.082849],[14.766963,50.0828],[14.766851,50.082805],[14.766857,50.082855],[14.766715,50.082862],[14.766722,50.082919],[14.767049,50.082903]]]},"properties":{"kod":97196321,"cislo":"255","typ":"budova s číslem popisným","vyuziti":"rodinný dům","cast_obce":"Tuklaty","parcela":"Tuklaty st. 404","dokonceni":"2019","byty":1,"podlazi":1,"plocha":195}},{"type":"Feature","geometry":{"type":"Polygon","coordinates":[[[14.770105,50.077914],[14.770235,50.077914],[14.770235,50.077779],[14.770105,50.077779],[14.770105,50.077914]]]},"properties":{"kod":97270091,"cislo":"256","typ":"budova s číslem popisným","vyuziti":"rodinný dům","cast_obce":"Tuklaty","parcela":"Tuklaty st. 400","dokonceni":"2019","byty":1,"podlazi":1,"plocha":140}},{"type":"Feature","geometry":{"type":"Polygon","coordinates":[[[14.767693,50.08737],[14.767788,50.087407],[14.767891,50.087301],[14.767796,50.087263],[14.767693,50.08737]]]},"properties":{"kod":98632043,"cislo":"257","typ":"budova s číslem popisným","vyuziti":"rodinný dům","cast_obce":"Tuklaty","parcela":"Tuklaty st. 375","dokonceni":"2019","byty":1,"podlazi":2,"plocha":118}},{"type":"Feature","geometry":{"type":"Polygon","coordinates":[[[14.772308,50.083789],[14.772291,50.08387],[14.77241,50.08388],[14.772403,50.083918],[14.772461,50.083924],[14.772469,50.083883],[14.772444,50.083881],[14.77246,50.083802],[14.772308,50.083789]]]},"properties":{"kod":100454534,"cislo":"258","typ":"budova s číslem popisným","vyuziti":"rodinný dům","cast_obce":"Tuklaty","parcela":"Tuklaty st. 407","dokonceni":"2020","byty":2,"podlazi":2,"plocha":119}},{"type":"Feature","geometry":{"type":"Polygon","coordinates":[[[14.768369,50.083037],[14.76839,50.083187],[14.768508,50.08318],[14.768486,50.08303],[14.768369,50.083037]]]},"properties":{"kod":100740600,"cislo":"259","typ":"budova s číslem popisným","vyuziti":"rodinný dům","cast_obce":"Tuklaty","parcela":"Tuklaty st. 410","dokonceni":"2020","byty":1,"podlazi":1,"plocha":142}},{"type":"Feature","geometry":{"type":"Polygon","coordinates":[[[14.760706,50.072851],[14.760849,50.072847],[14.760841,50.07272],[14.760815,50.072705],[14.760698,50.072708],[14.760706,50.072851]]]},"properties":{"kod":102148104,"cislo":"227","typ":"budova s číslem popisným","vyuziti":"jiná stavba","cast_obce":"Tuklaty","parcela":"Tuklaty st. 364","dokonceni":"2012","byty":0,"podlazi":2,"plocha":660}},{"type":"Feature","geometry":{"type":"Polygon","coordinates":[[[14.768555,50.082394],[14.768777,50.082379],[14.768762,50.082294],[14.768651,50.082303],[14.768648,50.082285],[14.768538,50.082292],[14.768555,50.082394]]]},"properties":{"kod":102194068,"cislo":"239","typ":"budova s číslem popisným","vyuziti":"rodinný dům","cast_obce":"Tuklaty","parcela":"Tuklaty st. 409","dokonceni":"2020","byty":1,"podlazi":1,"plocha":190}},{"type":"Feature","geometry":{"type":"Polygon","coordinates":[[[14.769893,50.085314],[14.769562,50.085214],[14.769515,50.085277],[14.769845,50.085378],[14.769893,50.085314]]]},"properties":{"kod":102418985,"cislo":"260","typ":"budova s číslem popisným","vyuziti":"stavba občanského vybavení","cast_obce":"Tuklaty","parcela":"Tuklaty st. 3/2","dokonceni":"2019","byty":0,"podlazi":1,"plocha":201}},{"type":"Feature","geometry":{"type":"Polygon","coordinates":[[[14.768557,50.082554],[14.76857,50.082626],[14.768763,50.082612],[14.768751,50.08254],[14.768557,50.082554]]]},"properties":{"kod":102827125,"cislo":"240","typ":"budova s číslem popisným","vyuziti":"rodinný dům","cast_obce":"Tuklaty","parcela":"Tuklaty st. 408","dokonceni":"2020","byty":1,"podlazi":1,"plocha":112}},{"type":"Feature","geometry":{"type":"Polygon","coordinates":[[[14.768632,50.083021],[14.768647,50.08313],[14.768754,50.083125],[14.768759,50.083158],[14.768914,50.083149],[14.76891,50.08312],[14.768948,50.083118],[14.768936,50.083037],[14.768752,50.083048],[14.768747,50.083015],[14.768632,50.083021]]]},"properties":{"kod":103097741,"cislo":"261","typ":"budova s číslem popisným","vyuziti":"rodinný dům","cast_obce":"Tuklaty","parcela":"Tuklaty st. 411","dokonceni":"2020","byty":1,"podlazi":2,"plocha":250}},{"type":"Feature","geometry":{"type":"Polygon","coordinates":[[[14.767426,50.080715],[14.767426,50.080758],[14.767448,50.080758],[14.767448,50.080815],[14.767636,50.080815],[14.767636,50.080772],[14.767626,50.080772],[14.767626,50.080716],[14.767426,50.080715]]]},"properties":{"kod":104016809,"cislo":"262","typ":"budova s číslem popisným","vyuziti":"rodinný dům","cast_obce":"Tuklaty","parcela":"Tuklaty st. 405","dokonceni":"2021","byty":1,"podlazi":1,"plocha":152}},{"type":"Feature","geometry":{"type":"Polygon","coordinates":[[[14.7701,50.078443],[14.770109,50.078443],[14.770108,50.078481],[14.7701,50.078481],[14.7701,50.078518],[14.770253,50.078518],[14.770254,50.078404],[14.770223,50.078404],[14.770223,50.078353],[14.770101,50.078352],[14.7701,50.078443]]]},"properties":{"kod":105330841,"cislo":"263","typ":"budova s číslem popisným","vyuziti":"rodinný dům","cast_obce":"Tuklaty","parcela":"Tuklaty st. 413","dokonceni":"2021","byty":1,"podlazi":1,"plocha":187}},{"type":"Feature","geometry":{"type":"Polygon","coordinates":[[[14.767956,50.08209],[14.767971,50.082175],[14.768148,50.082162],[14.768133,50.082077],[14.767956,50.08209]]]},"properties":{"kod":115385746,"cislo":"264","typ":"budova s číslem popisným","vyuziti":"rodinný dům","cast_obce":"Tuklaty","parcela":"Tuklaty st. 419","dokonceni":"2022","byty":1,"podlazi":2,"plocha":121}},{"type":"Feature","geometry":{"type":"Polygon","coordinates":[[[14.767895,50.081461],[14.767719,50.081484],[14.767739,50.081546],[14.76781,50.081537],[14.767816,50.081543],[14.767829,50.081544],[14.767917,50.081529],[14.767895,50.081461]]]},"properties":{"kod":146996461,"cislo":"266","typ":"budova s číslem popisným","vyuziti":"rodinný dům","cast_obce":"Tuklaty","parcela":"Tuklaty st. 352","dokonceni":"2024","byty":1,"podlazi":2,"plocha":92}},{"type":"Feature","geometry":{"type":"Polygon","coordinates":[[[14.765503,50.087921],[14.765587,50.088015],[14.765868,50.087912],[14.765784,50.087817],[14.765503,50.087921]]]},"properties":{"kod":147301530,"cislo":"267","typ":"budova s číslem popisným","vyuziti":"stavba občanského vybavení","cast_obce":"Tuklaty","parcela":"Tuklaty st. 426","dokonceni":"2024","byty":0,"podlazi":1,"plocha":277}},{"type":"Feature","geometry":{"type":"Polygon","coordinates":[[[14.766607,50.086076],[14.766594,50.08623],[14.766826,50.086237],[14.766834,50.086145],[14.766709,50.08614],[14.766714,50.08608],[14.766607,50.086076]]]},"properties":{"kod":148390340,"cislo":"268","typ":"budova s číslem popisným","vyuziti":"rodinný dům","cast_obce":"Tuklaty","parcela":"Tuklaty st. 37/1","dokonceni":"2024","byty":1,"podlazi":2,"plocha":224}},{"type":"Feature","geometry":{"type":"Polygon","coordinates":[[[14.77018,50.085063],[14.770299,50.08504],[14.770198,50.084831],[14.770079,50.084854],[14.77018,50.085063]]]},"properties":{"kod":148568726,"cislo":"269","typ":"budova s číslem popisným","vyuziti":"rodinný dům","cast_obce":"Tuklaty","parcela":"Tuklaty st. 424","dokonceni":"2024","byty":1,"podlazi":1,"plocha":218}},{"type":"Feature","geometry":{"type":"Polygon","coordinates":[[[14.766661,50.082624],[14.766703,50.082721],[14.766978,50.082672],[14.766957,50.082623],[14.766875,50.082637],[14.766882,50.082654],[14.766864,50.082657],[14.766837,50.082593],[14.766661,50.082624]]]},"properties":{"kod":148827373,"cislo":"248","typ":"budova s číslem popisným","vyuziti":"rodinný dům","cast_obce":"Tuklaty","parcela":"Tuklaty st. 416","dokonceni":"2024","byty":1,"podlazi":1,"plocha":185}},{"type":"Feature","geometry":{"type":"Polygon","coordinates":[[[14.773678,50.08508],[14.774238,50.08501],[14.774203,50.084893],[14.774226,50.084892],[14.774219,50.08487],[14.773636,50.084942],[14.773678,50.08508]]]},"properties":{"kod":149976097,"cislo":"270","typ":"budova s číslem popisným","vyuziti":"jiná stavba","cast_obce":"Tuklaty","parcela":"Tuklaty st. 161/2","dokonceni":"2024","byty":0,"podlazi":1,"plocha":754}},{"type":"Feature","geometry":{"type":"Polygon","coordinates":[[[14.768952,50.078486],[14.768952,50.078547],[14.769141,50.078547],[14.769141,50.078486],[14.768952,50.078486]]]},"properties":{"kod":155455982,"cislo":"271","typ":"budova s číslem popisným","vyuziti":"rodinný dům","cast_obce":"Tuklaty","parcela":"Tuklaty st. 437","dokonceni":"2026","byty":1,"podlazi":2,"plocha":92}},{"type":"Feature","geometry":{"type":"Polygon","coordinates":[[[14.768955,50.078287],[14.768955,50.078347],[14.769145,50.078348],[14.769145,50.078287],[14.768955,50.078287]]]},"properties":{"kod":155456482,"cislo":"272","typ":"budova s číslem popisným","vyuziti":"rodinný dům","cast_obce":"Tuklaty","parcela":"Tuklaty st. 435","dokonceni":"2026","byty":1,"podlazi":2,"plocha":92}},{"type":"Feature","geometry":{"type":"Polygon","coordinates":[[[14.769581,50.07835],[14.76977,50.07835],[14.76977,50.078289],[14.769581,50.078289],[14.769581,50.07835]]]},"properties":{"kod":155460935,"cislo":"276","typ":"budova s číslem popisným","vyuziti":"rodinný dům","cast_obce":"Tuklaty","parcela":"Tuklaty st. 436","dokonceni":"2026","byty":1,"podlazi":2,"plocha":92}},{"type":"Feature","geometry":{"type":"Polygon","coordinates":[[[14.76896,50.078087],[14.76896,50.078148],[14.769149,50.078149],[14.769149,50.078088],[14.76896,50.078087]]]},"properties":{"kod":155461109,"cislo":"273","typ":"budova s číslem popisným","vyuziti":"rodinný dům","cast_obce":"Tuklaty","parcela":"Tuklaty st. 433","dokonceni":"2026","byty":1,"podlazi":2,"plocha":92}},{"type":"Feature","geometry":{"type":"Polygon","coordinates":[[[14.769153,50.077949],[14.769153,50.077887],[14.768964,50.077887],[14.768964,50.077948],[14.769153,50.077949]]]},"properties":{"kod":155461141,"cislo":"274","typ":"budova s číslem popisným","vyuziti":"rodinný dům","cast_obce":"Tuklaty","parcela":"Tuklaty st. 431","dokonceni":"2026","byty":1,"podlazi":2,"plocha":92}},{"type":"Feature","geometry":{"type":"Polygon","coordinates":[[[14.76958,50.078488],[14.769579,50.078549],[14.769768,50.078549],[14.769769,50.078488],[14.76958,50.078488]]]},"properties":{"kod":155461168,"cislo":"275","typ":"budova s číslem popisným","vyuziti":"rodinný dům","cast_obce":"Tuklaty","parcela":"Tuklaty st. 438","dokonceni":"2026","byty":1,"podlazi":2,"plocha":92}},{"type":"Feature","geometry":{"type":"Polygon","coordinates":[[[14.769583,50.078089],[14.769582,50.07815],[14.769772,50.078151],[14.769772,50.07809],[14.769583,50.078089]]]},"properties":{"kod":155461184,"cislo":"277","typ":"budova s číslem popisným","vyuziti":"rodinný dům","cast_obce":"Tuklaty","parcela":"Tuklaty st. 434","dokonceni":"2026","byty":1,"podlazi":2,"plocha":92}},{"type":"Feature","geometry":{"type":"Polygon","coordinates":[[[14.769583,50.07795],[14.769772,50.077951],[14.769774,50.07789],[14.769584,50.077889],[14.769583,50.07795]]]},"properties":{"kod":155461206,"cislo":"278","typ":"budova s číslem popisným","vyuziti":"rodinný dům","cast_obce":"Tuklaty","parcela":"Tuklaty st. 432","dokonceni":"2026","byty":1,"podlazi":2,"plocha":92}},{"type":"Feature","geometry":{"type":"Polygon","coordinates":[[[14.769353,50.079119],[14.769352,50.079192],[14.769405,50.079192],[14.769404,50.079211],[14.769509,50.079212],[14.76951,50.079104],[14.769405,50.079103],[14.769405,50.079119],[14.769353,50.079119]]]},"properties":{"kod":155809121,"cislo":"280","typ":"budova s číslem popisným","vyuziti":"rodinný dům","cast_obce":"Tuklaty","parcela":"Tuklaty st. 440","dokonceni":"2026","byty":1,"podlazi":2,"plocha":121}},{"type":"Feature","geometry":{"type":"Polygon","coordinates":[[[14.769647,50.079193],[14.769699,50.079193],[14.769699,50.079212],[14.769803,50.079213],[14.769805,50.079105],[14.7697,50.079104],[14.7697,50.07912],[14.769648,50.07912],[14.769647,50.079193]]]},"properties":{"kod":155809601,"cislo":"279","typ":"budova s číslem popisným","vyuziti":"rodinný dům","cast_obce":"Tuklaty","parcela":"Tuklaty st. 441","dokonceni":"2026","byty":1,"podlazi":2,"plocha":120}},{"type":"Feature","geometry":{"type":"Polygon","coordinates":[[[14.75806,50.090081],[14.758097,50.089976],[14.757986,50.089966],[14.757949,50.090071],[14.75806,50.090081]]]},"properties":{"kod":39882837,"cislo":null,"typ":"budova bez č.p. i č.ev.","vyuziti":"jiná stavba","cast_obce":null,"parcela":"Tlustovousy st. 19/3","dokonceni":null,"byty":null,"podlazi":null,"plocha":null}},{"type":"Feature","geometry":{"type":"Polygon","coordinates":[[[14.759145,50.090637],[14.759062,50.090648],[14.75908,50.090704],[14.759162,50.090693],[14.759145,50.090637]]]},"properties":{"kod":39882845,"cislo":null,"typ":"budova bez č.p. i č.ev.","vyuziti":"garáž","cast_obce":null,"parcela":"Tlustovousy st. 93","dokonceni":null,"byty":null,"podlazi":null,"plocha":null}},{"type":"Feature","geometry":{"type":"Polygon","coordinates":[[[14.756317,50.097053],[14.756295,50.097079],[14.756358,50.097101],[14.756363,50.097095],[14.756347,50.097089],[14.756362,50.09707],[14.756317,50.097053]]]},"properties":{"kod":41573536,"cislo":null,"typ":"budova bez č.p. i č.ev.","vyuziti":"zemědělská stavba","cast_obce":null,"parcela":"Tlustovousy st. 31/2","dokonceni":null,"byty":null,"podlazi":null,"plocha":null}},{"type":"Feature","geometry":{"type":"Polygon","coordinates":[[[14.760139,50.094148],[14.760088,50.094104],[14.759954,50.094169],[14.760005,50.094213],[14.760139,50.094148]]]},"properties":{"kod":42432740,"cislo":null,"typ":"budova bez č.p. i č.ev.","vyuziti":"jiná stavba","cast_obce":null,"parcela":"Tlustovousy st. 107","dokonceni":null,"byty":null,"podlazi":null,"plocha":null}},{"type":"Feature","geometry":{"type":"Polygon","coordinates":[[[14.756214,50.089194],[14.756108,50.089188],[14.756098,50.089251],[14.756205,50.089257],[14.756214,50.089194]]]},"properties":{"kod":42432758,"cislo":null,"typ":"budova bez č.p. i č.ev.","vyuziti":"garáž","cast_obce":null,"parcela":"Tlustovousy st. 111","dokonceni":null,"byty":null,"podlazi":null,"plocha":null}},{"type":"Feature","geometry":{"type":"Polygon","coordinates":[[[14.758068,50.090217],[14.758053,50.090247],[14.75803,50.090242],[14.758032,50.090236],[14.757994,50.090229],[14.757975,50.090265],[14.758098,50.090293],[14.758128,50.090229],[14.758068,50.090217]]]},"properties":{"kod":42764491,"cislo":null,"typ":"budova bez č.p. i č.ev.","vyuziti":"garáž","cast_obce":null,"parcela":"Tlustovousy st. 124","dokonceni":null,"byty":null,"podlazi":null,"plocha":null}},{"type":"Feature","geometry":{"type":"Polygon","coordinates":[[[14.753465,50.091129],[14.753442,50.091185],[14.753529,50.0912],[14.753552,50.091144],[14.753465,50.091129]]]},"properties":{"kod":44258461,"cislo":null,"typ":"budova bez č.p. i č.ev.","vyuziti":"garáž","cast_obce":null,"parcela":"Tlustovousy st. 129","dokonceni":null,"byty":null,"podlazi":null,"plocha":null}},{"type":"Feature","geometry":{"type":"Polygon","coordinates":[[[14.755113,50.089059],[14.755127,50.088991],[14.755077,50.088987],[14.755062,50.089055],[14.755113,50.089059]]]},"properties":{"kod":46097244,"cislo":null,"typ":"budova bez č.p. i č.ev.","vyuziti":"garáž","cast_obce":null,"parcela":"Tlustovousy st. 83","dokonceni":null,"byty":null,"podlazi":null,"plocha":null}},{"type":"Feature","geometry":{"type":"Polygon","coordinates":[[[14.754946,50.091263],[14.755027,50.091276],[14.755039,50.091246],[14.754959,50.091231],[14.754946,50.091263]]]},"properties":{"kod":47023881,"cislo":null,"typ":"budova bez č.p. i č.ev.","vyuziti":"garáž","cast_obce":null,"parcela":"Tlustovousy st. 50/2","dokonceni":null,"byty":null,"podlazi":null,"plocha":null}},{"type":"Feature","geometry":{"type":"Polygon","coordinates":[[[14.758857,50.091648],[14.758888,50.091639],[14.758869,50.091614],[14.758839,50.091623],[14.758857,50.091648]]]},"properties":{"kod":48927546,"cislo":null,"typ":"budova bez č.p. i č.ev.","vyuziti":"stavba občanského vybavení","cast_obce":null,"parcela":"Tlustovousy st. 25/2","dokonceni":null,"byty":null,"podlazi":null,"plocha":null}},{"type":"Feature","geometry":{"type":"Polygon","coordinates":[[[14.758116,50.09293],[14.757878,50.092893],[14.757857,50.09295],[14.758095,50.092987],[14.758116,50.09293]]]},"properties":{"kod":48988561,"cislo":null,"typ":"budova bez č.p. i č.ev.","vyuziti":"garáž","cast_obce":null,"parcela":"Tlustovousy st. 114","dokonceni":null,"byty":null,"podlazi":null,"plocha":null}},{"type":"Feature","geometry":{"type":"Polygon","coordinates":[[[14.76017,50.091254],[14.76003,50.091236],[14.759965,50.091461],[14.760104,50.091478],[14.76017,50.091254]]]},"properties":{"kod":48988570,"cislo":null,"typ":"budova bez č.p. i č.ev.","vyuziti":"zemědělská stavba","cast_obce":null,"parcela":"Tlustovousy st. 8/1","dokonceni":null,"byty":null,"podlazi":null,"plocha":null}},{"type":"Feature","geometry":{"type":"Polygon","coordinates":[[[14.758257,50.092678],[14.758119,50.092655],[14.758105,50.092693],[14.758244,50.092715],[14.758257,50.092678]]]},"properties":{"kod":48988588,"cislo":null,"typ":"budova bez č.p. i č.ev.","vyuziti":"garáž","cast_obce":null,"parcela":"Tlustovousy st. 95","dokonceni":null,"byty":null,"podlazi":null,"plocha":null}},{"type":"Feature","geometry":{"type":"Polygon","coordinates":[[[14.757832,50.093017],[14.758071,50.093056],[14.758082,50.093025],[14.757844,50.092987],[14.757832,50.093017]]]},"properties":{"kod":49129961,"cislo":null,"typ":"budova bez č.p. i č.ev.","vyuziti":"jiná stavba","cast_obce":null,"parcela":"Tlustovousy st. 130","dokonceni":null,"byty":null,"podlazi":null,"plocha":null}},{"type":"Feature","geometry":{"type":"Polygon","coordinates":[[[14.757048,50.091677],[14.757139,50.091687],[14.757148,50.091647],[14.757057,50.091638],[14.757048,50.091677]]]},"properties":{"kod":49192493,"cislo":null,"typ":"budova bez č.p. i č.ev.","vyuziti":"jiná stavba","cast_obce":null,"parcela":"Tlustovousy st. 41/2","dokonceni":null,"byty":null,"podlazi":null,"plocha":null}},{"type":"Feature","geometry":{"type":"Polygon","coordinates":[[[14.753432,50.09113],[14.753367,50.091118],[14.753342,50.091171],[14.753407,50.091184],[14.753432,50.09113]]]},"properties":{"kod":50161539,"cislo":null,"typ":"budova bez č.p. i č.ev.","vyuziti":"jiná stavba","cast_obce":null,"parcela":"Tlustovousy st. 128","dokonceni":null,"byty":null,"podlazi":null,"plocha":null}},{"type":"Feature","geometry":{"type":"Polygon","coordinates":[[[14.758344,50.090412],[14.758302,50.090582],[14.758467,50.090601],[14.758511,50.090417],[14.758344,50.090412]]]},"properties":{"kod":50172697,"cislo":null,"typ":"budova bez č.p. i č.ev.","vyuziti":"zemědělská stavba","cast_obce":null,"parcela":"Tlustovousy st. 18/2","dokonceni":null,"byty":null,"podlazi":null,"plocha":null}},{"type":"Feature","geometry":{"type":"Polygon","coordinates":[[[14.75446,50.089672],[14.754534,50.089681],[14.754555,50.089615],[14.754481,50.089605],[14.75446,50.089672]]]},"properties":{"kod":77740394,"cislo":null,"typ":"budova bez č.p. i č.ev.","vyuziti":"garáž","cast_obce":null,"parcela":"Tlustovousy st. 152","dokonceni":null,"byty":null,"podlazi":null,"plocha":41}},{"type":"Feature","geometry":{"type":"Polygon","coordinates":[[[14.756014,50.091519],[14.75611,50.091533],[14.756123,50.091499],[14.756028,50.091483],[14.756014,50.091519]]]},"properties":{"kod":78693951,"cislo":null,"typ":"budova bez č.p. i č.ev.","vyuziti":"garáž","cast_obce":null,"parcela":"Tlustovousy st. 171","dokonceni":null,"byty":null,"podlazi":null,"plocha":null}},{"type":"Feature","geometry":{"type":"Polygon","coordinates":[[[14.758819,50.093064],[14.758829,50.09304],[14.758748,50.093023],[14.758738,50.09305],[14.758819,50.093064]]]},"properties":{"kod":88529282,"cislo":null,"typ":"budova bez č.p. i č.ev.","vyuziti":"jiná stavba","cast_obce":null,"parcela":"Tlustovousy st. 55/2","dokonceni":"2017","byty":null,"podlazi":1,"plocha":19}},{"type":"Feature","geometry":{"type":"Polygon","coordinates":[[[14.758808,50.093124],[14.758884,50.093136],[14.758895,50.093104],[14.758819,50.093093],[14.758808,50.093124]]]},"properties":{"kod":88529321,"cislo":null,"typ":"budova bez č.p. i č.ev.","vyuziti":"garáž","cast_obce":null,"parcela":"Tlustovousy st. 177","dokonceni":"2017","byty":null,"podlazi":null,"plocha":18}},{"type":"Feature","geometry":{"type":"Polygon","coordinates":[[[14.756017,50.091048],[14.756156,50.091064],[14.756162,50.091038],[14.756026,50.09102],[14.756017,50.091048]]]},"properties":{"kod":91763789,"cislo":null,"typ":"budova bez č.p. i č.ev.","vyuziti":"jiná stavba","cast_obce":null,"parcela":"Tlustovousy st. 1/11","dokonceni":"2016","byty":null,"podlazi":1,"plocha":29}},{"type":"Feature","geometry":{"type":"Polygon","coordinates":[[[14.755802,50.090946],[14.755792,50.091003],[14.755844,50.091008],[14.755856,50.090951],[14.755802,50.090946]]]},"properties":{"kod":94247536,"cislo":null,"typ":"budova bez č.p. i č.ev.","vyuziti":"jiná stavba","cast_obce":null,"parcela":"Tlustovousy st. 1/9","dokonceni":"2018","byty":null,"podlazi":1,"plocha":25}},{"type":"Feature","geometry":{"type":"Polygon","coordinates":[[[14.753939,50.091352],[14.753825,50.09154],[14.753998,50.091584],[14.754112,50.091395],[14.753939,50.091352]]]},"properties":{"kod":96673257,"cislo":null,"typ":"budova bez č.p. i č.ev.","vyuziti":"jiná stavba","cast_obce":null,"parcela":"Tlustovousy st. 109","dokonceni":"2002","byty":null,"podlazi":null,"plocha":297}},{"type":"Feature","geometry":{"type":"Polygon","coordinates":[[[14.752533,50.086977],[14.752524,50.087012],[14.752579,50.087018],[14.752588,50.086982],[14.752533,50.086977]]]},"properties":{"kod":96992549,"cislo":null,"typ":"budova bez č.p. i č.ev.","vyuziti":"jiná stavba","cast_obce":null,"parcela":"Tlustovousy st. 183","dokonceni":"2015","byty":null,"podlazi":1,"plocha":16}},{"type":"Feature","geometry":{"type":"Polygon","coordinates":[[[14.759408,50.09402],[14.759417,50.094075],[14.759547,50.094066],[14.759538,50.094012],[14.759408,50.09402]]]},"properties":{"kod":100624804,"cislo":null,"typ":"budova bez č.p. i č.ev.","vyuziti":"garáž","cast_obce":null,"parcela":"Tlustovousy st. 141","dokonceni":"2020","byty":0,"podlazi":1,"plocha":57}},{"type":"Feature","geometry":{"type":"Polygon","coordinates":[[[14.75659,50.090897],[14.756612,50.090812],[14.756523,50.090802],[14.756515,50.090832],[14.756556,50.090837],[14.756542,50.090893],[14.75659,50.090897]]]},"properties":{"kod":102418926,"cislo":null,"typ":"budova bez č.p. i č.ev.","vyuziti":"jiná stavba","cast_obce":null,"parcela":"Tlustovousy st. 191","dokonceni":"2020","byty":0,"podlazi":1,"plocha":44}},{"type":"Feature","geometry":{"type":"Polygon","coordinates":[[[14.755908,50.089203],[14.755899,50.08926],[14.755958,50.089264],[14.755968,50.089207],[14.755908,50.089203]]]},"properties":{"kod":103906797,"cislo":null,"typ":"budova bez č.p. i č.ev.","vyuziti":"garáž","cast_obce":null,"parcela":"Tlustovousy st. 189","dokonceni":"2021","byty":0,"podlazi":1,"plocha":27}},{"type":"Feature","geometry":{"type":"Polygon","coordinates":[[[14.755001,50.089613],[14.755063,50.08962],[14.755075,50.089575],[14.755013,50.089568],[14.755001,50.089613]]]},"properties":{"kod":118406205,"cislo":null,"typ":"budova bez č.p. i č.ev.","vyuziti":"jiná stavba","cast_obce":null,"parcela":"Tlustovousy st. 205","dokonceni":"2010","byty":0,"podlazi":1,"plocha":53}},{"type":"Feature","geometry":{"type":"Polygon","coordinates":[[[14.75492,50.090042],[14.754972,50.090048],[14.754983,50.090004],[14.754931,50.089998],[14.75492,50.090042]]]},"properties":{"kod":147354994,"cislo":null,"typ":"budova bez č.p. i č.ev.","vyuziti":"jiná stavba","cast_obce":null,"parcela":"Tlustovousy st. 200","dokonceni":"2017","byty":0,"podlazi":1,"plocha":59}},{"type":"Feature","geometry":{"type":"Polygon","coordinates":[[[14.755715,50.091515],[14.755796,50.091529],[14.755829,50.091449],[14.755748,50.091435],[14.755715,50.091515]]]},"properties":{"kod":147793581,"cislo":null,"typ":"budova bez č.p. i č.ev.","vyuziti":"garáž","cast_obce":null,"parcela":"Tlustovousy st. 179","dokonceni":"2024","byty":0,"podlazi":1,"plocha":55}},{"type":"Feature","geometry":{"type":"Polygon","coordinates":[[[14.766372,50.087527],[14.766514,50.08764],[14.766552,50.08762],[14.766592,50.087649],[14.766633,50.087626],[14.766454,50.087496],[14.766372,50.087527]]]},"properties":{"kod":39116751,"cislo":null,"typ":"budova bez č.p. i č.ev.","vyuziti":"jiná stavba","cast_obce":null,"parcela":"Tuklaty st. 229","dokonceni":null,"byty":null,"podlazi":null,"plocha":null}},{"type":"Feature","geometry":{"type":"Polygon","coordinates":[[[14.766002,50.082253],[14.76611,50.082219],[14.766074,50.082171],[14.765964,50.082205],[14.766002,50.082253]]]},"properties":{"kod":39883817,"cislo":null,"typ":"budova bez č.p. i č.ev.","vyuziti":"jiná stavba","cast_obce":null,"parcela":"Tuklaty st. 224","dokonceni":null,"byty":null,"podlazi":null,"plocha":null}},{"type":"Feature","geometry":{"type":"Polygon","coordinates":[[[14.770759,50.083716],[14.770877,50.083728],[14.770891,50.083669],[14.770772,50.083658],[14.770759,50.083716]]]},"properties":{"kod":39883833,"cislo":null,"typ":"budova bez č.p. i č.ev.","vyuziti":"jiná stavba","cast_obce":null,"parcela":"Tuklaty st. 291","dokonceni":null,"byty":null,"podlazi":null,"plocha":null}},{"type":"Feature","geometry":{"type":"Polygon","coordinates":[[[14.771342,50.082054],[14.771402,50.082064],[14.771444,50.081955],[14.771383,50.081945],[14.771342,50.082054]]]},"properties":{"kod":39884732,"cislo":null,"typ":"budova bez č.p. i č.ev.","vyuziti":"garáž","cast_obce":null,"parcela":"Tuklaty st. 231","dokonceni":null,"byty":null,"podlazi":null,"plocha":null}},{"type":"Feature","geometry":{"type":"Polygon","coordinates":[[[14.774204,50.071347],[14.774319,50.071349],[14.774326,50.071243],[14.77421,50.07124],[14.774204,50.071347]]]},"properties":{"kod":39884741,"cislo":null,"typ":"budova bez č.p. i č.ev.","vyuziti":"jiná stavba","cast_obce":null,"parcela":"Tuklaty st. 302","dokonceni":null,"byty":null,"podlazi":null,"plocha":null}},{"type":"Feature","geometry":{"type":"Polygon","coordinates":[[[14.774421,50.084771],[14.774493,50.085009],[14.775025,50.084942],[14.774964,50.084738],[14.774556,50.084789],[14.77455,50.084755],[14.774421,50.084771]]]},"properties":{"kod":39884759,"cislo":null,"typ":"budova bez č.p. i č.ev.","vyuziti":"zemědělská stavba","cast_obce":null,"parcela":"Tuklaty st. 162","dokonceni":null,"byty":null,"podlazi":null,"plocha":null}},{"type":"Feature","geometry":{"type":"Polygon","coordinates":[[[14.770238,50.085969],[14.770396,50.085824],[14.770283,50.085773],[14.770126,50.085917],[14.770238,50.085969]]]},"properties":{"kod":41233280,"cislo":null,"typ":"budova bez č.p. i č.ev.","vyuziti":"zemědělská stavba","cast_obce":null,"parcela":"Tuklaty st. 4","dokonceni":null,"byty":null,"podlazi":null,"plocha":null}},{"type":"Feature","geometry":{"type":"Polygon","coordinates":[[[14.76849,50.083957],[14.768533,50.083964],[14.768557,50.083906],[14.768513,50.083899],[14.76849,50.083957]]]},"properties":{"kod":41691253,"cislo":null,"typ":"budova bez č.p. i č.ev.","vyuziti":"garáž","cast_obce":null,"parcela":"Tuklaty st. 204","dokonceni":null,"byty":null,"podlazi":null,"plocha":null}},{"type":"Feature","geometry":{"type":"Polygon","coordinates":[[[14.768152,50.0839],[14.768174,50.083842],[14.768133,50.083835],[14.768109,50.083893],[14.768152,50.0839]]]},"properties":{"kod":41990889,"cislo":null,"typ":"budova bez č.p. i č.ev.","vyuziti":"garáž","cast_obce":null,"parcela":"Tuklaty st. 195","dokonceni":null,"byty":null,"podlazi":null,"plocha":null}},{"type":"Feature","geometry":{"type":"Polygon","coordinates":[[[14.768235,50.083914],[14.768277,50.083921],[14.768301,50.083863],[14.768258,50.083856],[14.768235,50.083914]]]},"properties":{"kod":42359121,"cislo":null,"typ":"budova bez č.p. i č.ev.","vyuziti":"garáž","cast_obce":null,"parcela":"Tuklaty st. 198","dokonceni":null,"byty":null,"podlazi":null,"plocha":null}},{"type":"Feature","geometry":{"type":"Polygon","coordinates":[[[14.768447,50.083949],[14.768471,50.083892],[14.768429,50.083885],[14.768406,50.083943],[14.768447,50.083949]]]},"properties":{"kod":42359139,"cislo":null,"typ":"budova bez č.p. i č.ev.","vyuziti":"garáž","cast_obce":null,"parcela":"Tuklaty st. 202","dokonceni":null,"byty":null,"podlazi":null,"plocha":null}},{"type":"Feature","geometry":{"type":"Polygon","coordinates":[[[14.768193,50.083907],[14.768217,50.083849],[14.768174,50.083842],[14.768152,50.0839],[14.768193,50.083907]]]},"properties":{"kod":42474558,"cislo":null,"typ":"budova bez č.p. i č.ev.","vyuziti":"garáž","cast_obce":null,"parcela":"Tuklaty st. 196","dokonceni":null,"byty":null,"podlazi":null,"plocha":null}},{"type":"Feature","geometry":{"type":"Polygon","coordinates":[[[14.766315,50.086348],[14.766374,50.086385],[14.766497,50.086307],[14.766442,50.08627],[14.766315,50.086348]]]},"properties":{"kod":43348815,"cislo":null,"typ":"budova bez č.p. i č.ev.","vyuziti":"zemědělská stavba","cast_obce":null,"parcela":"Tuklaty st. 349","dokonceni":null,"byty":null,"podlazi":null,"plocha":null}},{"type":"Feature","geometry":{"type":"Polygon","coordinates":[[[14.760573,50.073488],[14.760327,50.073453],[14.760297,50.073549],[14.760541,50.073584],[14.760573,50.073488]]]},"properties":{"kod":43482074,"cislo":null,"typ":"budova bez č.p. i č.ev.","vyuziti":"jiná stavba","cast_obce":null,"parcela":"Tuklaty st. 350","dokonceni":null,"byty":null,"podlazi":null,"plocha":null}},{"type":"Feature","geometry":{"type":"Polygon","coordinates":[[[14.768193,50.083907],[14.768235,50.083914],[14.768258,50.083856],[14.768217,50.083849],[14.768193,50.083907]]]},"properties":{"kod":43544398,"cislo":null,"typ":"budova bez č.p. i č.ev.","vyuziti":"garáž","cast_obce":null,"parcela":"Tuklaty st. 197","dokonceni":null,"byty":null,"podlazi":null,"plocha":null}},{"type":"Feature","geometry":{"type":"Polygon","coordinates":[[[14.76872,50.085725],[14.768994,50.085818],[14.769077,50.085718],[14.768809,50.085622],[14.76872,50.085725]]]},"properties":{"kod":43569218,"cislo":null,"typ":"budova bez č.p. i č.ev.","vyuziti":"objekt občanské vybavenosti","cast_obce":null,"parcela":"Tuklaty st. 1","dokonceni":null,"byty":null,"podlazi":null,"plocha":null}},{"type":"Feature","geometry":{"type":"Polygon","coordinates":[[[14.767365,50.08315],[14.76745,50.083492],[14.767617,50.083474],[14.767533,50.083133],[14.767365,50.08315]]]},"properties":{"kod":43569226,"cislo":null,"typ":"budova bez č.p. i č.ev.","vyuziti":"zemědělská stavba","cast_obce":null,"parcela":"Tuklaty st. 168/2","dokonceni":null,"byty":null,"podlazi":null,"plocha":null}},{"type":"Feature","geometry":{"type":"Polygon","coordinates":[[[14.770729,50.077251],[14.770733,50.077281],[14.770822,50.077277],[14.770818,50.077248],[14.770729,50.077251]]]},"properties":{"kod":46098054,"cislo":null,"typ":"budova bez č.p. i č.ev.","vyuziti":"garáž","cast_obce":null,"parcela":"Tuklaty st. 153","dokonceni":null,"byty":null,"podlazi":null,"plocha":null}},{"type":"Feature","geometry":{"type":"Polygon","coordinates":[[[14.741525,50.074626],[14.741569,50.074544],[14.741521,50.074534],[14.741478,50.074615],[14.741525,50.074626]]]},"properties":{"kod":46098062,"cislo":null,"typ":"budova bez č.p. i č.ev.","vyuziti":"garáž","cast_obce":null,"parcela":"Tuklaty st. 287","dokonceni":null,"byty":null,"podlazi":null,"plocha":null}},{"type":"Feature","geometry":{"type":"Polygon","coordinates":[[[14.771448,50.083368],[14.771458,50.08337],[14.771451,50.083386],[14.771494,50.083393],[14.771532,50.083312],[14.771474,50.083302],[14.771448,50.083368]]]},"properties":{"kod":46104968,"cislo":null,"typ":"budova bez č.p. i č.ev.","vyuziti":"garáž","cast_obce":null,"parcela":"Tuklaty st. 228","dokonceni":null,"byty":null,"podlazi":null,"plocha":null}},{"type":"Feature","geometry":{"type":"Polygon","coordinates":[[[14.770311,50.081877],[14.770405,50.08189],[14.770421,50.081842],[14.770328,50.081829],[14.770311,50.081877]]]},"properties":{"kod":46105671,"cislo":null,"typ":"budova bez č.p. i č.ev.","vyuziti":"garáž","cast_obce":null,"parcela":"Tuklaty st. 300","dokonceni":null,"byty":null,"podlazi":null,"plocha":null}},{"type":"Feature","geometry":{"type":"Polygon","coordinates":[[[14.767911,50.085946],[14.767825,50.085997],[14.767905,50.086054],[14.767991,50.086005],[14.767911,50.085946]]]},"properties":{"kod":46105689,"cislo":null,"typ":"budova bez č.p. i č.ev.","vyuziti":"objekt občanské vybavenosti","cast_obce":null,"parcela":"Tuklaty st. 48","dokonceni":null,"byty":null,"podlazi":null,"plocha":null}},{"type":"Feature","geometry":{"type":"Polygon","coordinates":[[[14.768707,50.087014],[14.768752,50.086972],[14.768681,50.08694],[14.768636,50.086983],[14.768707,50.087014]]]},"properties":{"kod":46111701,"cislo":null,"typ":"budova bez č.p. i č.ev.","vyuziti":"zemědělská stavba","cast_obce":null,"parcela":"Tuklaty st. 46/1","dokonceni":null,"byty":null,"podlazi":null,"plocha":null}},{"type":"Feature","geometry":{"type":"Polygon","coordinates":[[[14.768463,50.087079],[14.768789,50.087238],[14.768796,50.087241],[14.768852,50.087125],[14.768575,50.086984],[14.768463,50.087079]]]},"properties":{"kod":46111719,"cislo":null,"typ":"budova bez č.p. i č.ev.","vyuziti":"zemědělská stavba","cast_obce":null,"parcela":"Tuklaty st. 56","dokonceni":null,"byty":null,"podlazi":null,"plocha":null}},{"type":"Feature","geometry":{"type":"Polygon","coordinates":[[[14.773087,50.071256],[14.773098,50.071419],[14.773612,50.071405],[14.773605,50.071299],[14.773693,50.071297],[14.773689,50.07124],[14.773087,50.071256]]]},"properties":{"kod":46111727,"cislo":null,"typ":"budova bez č.p. i č.ev.","vyuziti":"jiná stavba","cast_obce":null,"parcela":"Tuklaty st. 301","dokonceni":null,"byty":null,"podlazi":null,"plocha":null}},{"type":"Feature","geometry":{"type":"Polygon","coordinates":[[[14.77457,50.085266],[14.774658,50.085551],[14.775153,50.085489],[14.775071,50.085219],[14.774612,50.085277],[14.774608,50.085261],[14.77457,50.085266]]]},"properties":{"kod":46111735,"cislo":null,"typ":"budova bez č.p. i č.ev.","vyuziti":"zemědělská stavba","cast_obce":null,"parcela":"Tuklaty st. 166/3","dokonceni":"2022","byty":0,"podlazi":1,"plocha":1110}},{"type":"Feature","geometry":{"type":"Polygon","coordinates":[[[14.775777,50.084811],[14.775778,50.084846],[14.775833,50.084846],[14.775832,50.084811],[14.775777,50.084811]]]},"properties":{"kod":46111743,"cislo":null,"typ":"budova bez č.p. i č.ev.","vyuziti":"jiná stavba","cast_obce":null,"parcela":"Tuklaty st. 167","dokonceni":null,"byty":null,"podlazi":null,"plocha":null}},{"type":"Feature","geometry":{"type":"Polygon","coordinates":[[[14.76745,50.083492],[14.767496,50.083684],[14.767665,50.083667],[14.767617,50.083474],[14.76745,50.083492]]]},"properties":{"kod":46111751,"cislo":null,"typ":"budova bez č.p. i č.ev.","vyuziti":"zemědělská stavba","cast_obce":null,"parcela":"Tuklaty st. 168/1","dokonceni":null,"byty":null,"podlazi":null,"plocha":null}},{"type":"Feature","geometry":{"type":"Polygon","coordinates":[[[14.76743,50.082961],[14.766697,50.082983],[14.766513,50.082989],[14.766579,50.083114],[14.76744,50.083086],[14.76743,50.082961]]]},"properties":{"kod":46112553,"cislo":null,"typ":"budova bez č.p. i č.ev.","vyuziti":"objekt občanské vybavenosti","cast_obce":null,"parcela":"Tuklaty st. 19","dokonceni":null,"byty":null,"podlazi":null,"plocha":null}},{"type":"Feature","geometry":{"type":"Polygon","coordinates":[[[14.773326,50.085126],[14.77352,50.085103],[14.773488,50.084991],[14.773293,50.085016],[14.773326,50.085126]]]},"properties":{"kod":46112561,"cislo":null,"typ":"budova bez č.p. i č.ev.","vyuziti":"stavba pro výrobu a skladování","cast_obce":null,"parcela":"Tuklaty st. 234","dokonceni":"2003","byty":0,"podlazi":1,"plocha":225}},{"type":"Feature","geometry":{"type":"Polygon","coordinates":[[[14.768447,50.083949],[14.76849,50.083957],[14.768513,50.083899],[14.768471,50.083892],[14.768447,50.083949]]]},"properties":{"kod":48222917,"cislo":null,"typ":"budova bez č.p. i č.ev.","vyuziti":"garáž","cast_obce":null,"parcela":"Tuklaty st. 203","dokonceni":null,"byty":null,"podlazi":null,"plocha":null}},{"type":"Feature","geometry":{"type":"Polygon","coordinates":[[[14.764694,50.076618],[14.76459,50.076611],[14.764586,50.076644],[14.764689,50.07665],[14.764694,50.076618]]]},"properties":{"kod":48444774,"cislo":null,"typ":"budova bez č.p. i č.ev.","vyuziti":"stavba technického vybavení","cast_obce":null,"parcela":"Tuklaty st. 312","dokonceni":null,"byty":null,"podlazi":null,"plocha":null}},{"type":"Feature","geometry":{"type":"Polygon","coordinates":[[[14.774072,50.083376],[14.774106,50.083422],[14.774215,50.083389],[14.774182,50.083342],[14.774166,50.083347],[14.774161,50.083339],[14.774075,50.083366],[14.774081,50.083373],[14.774072,50.083376]]]},"properties":{"kod":48873381,"cislo":null,"typ":"budova bez č.p. i č.ev.","vyuziti":"garáž","cast_obce":null,"parcela":"Tuklaty st. 102/2","dokonceni":null,"byty":null,"podlazi":null,"plocha":null}},{"type":"Feature","geometry":{"type":"Polygon","coordinates":[[[14.74139,50.074098],[14.741461,50.07396],[14.741666,50.074004],[14.741703,50.073932],[14.741259,50.073838],[14.741151,50.074047],[14.74139,50.074098]]]},"properties":{"kod":49049976,"cislo":null,"typ":"budova bez č.p. i č.ev.","vyuziti":"objekt občanské vybavenosti","cast_obce":null,"parcela":"Tuklaty st. 157/1","dokonceni":null,"byty":null,"podlazi":null,"plocha":null}},{"type":"Feature","geometry":{"type":"Polygon","coordinates":[[[14.768067,50.083886],[14.768109,50.083893],[14.768133,50.083835],[14.76809,50.083828],[14.768067,50.083886]]]},"properties":{"kod":49583476,"cislo":null,"typ":"budova bez č.p. i č.ev.","vyuziti":"garáž","cast_obce":null,"parcela":"Tuklaty st. 194","dokonceni":null,"byty":null,"podlazi":null,"plocha":null}},{"type":"Feature","geometry":{"type":"Polygon","coordinates":[[[14.768533,50.085728],[14.768594,50.08578],[14.768656,50.08575],[14.768594,50.085698],[14.768533,50.085728]]]},"properties":{"kod":49944002,"cislo":null,"typ":"budova bez č.p. i č.ev.","vyuziti":"objekt občanské vybavenosti","cast_obce":null,"parcela":"Tuklaty st. 2","dokonceni":null,"byty":null,"podlazi":null,"plocha":null}},{"type":"Feature","geometry":{"type":"Polygon","coordinates":[[[14.742335,50.074056],[14.742126,50.074051],[14.742113,50.074234],[14.742323,50.07424],[14.742335,50.074056]]]},"properties":{"kod":52149323,"cislo":null,"typ":"budova bez č.p. i č.ev.","vyuziti":"jiná stavba","cast_obce":null,"parcela":"Tuklaty st. 358","dokonceni":"2012","byty":null,"podlazi":null,"plocha":null}},{"type":"Feature","geometry":{"type":"Polygon","coordinates":[[[14.771551,50.082819],[14.771633,50.082832],[14.771668,50.082736],[14.771586,50.082723],[14.771551,50.082819]]]},"properties":{"kod":78068282,"cislo":null,"typ":"budova bez č.p. i č.ev.","vyuziti":"garáž","cast_obce":null,"parcela":"Tuklaty st. 140/2","dokonceni":"2014","byty":null,"podlazi":null,"plocha":69}},{"type":"Feature","geometry":{"type":"Polygon","coordinates":[[[14.772838,50.071072],[14.772863,50.071086],[14.772909,50.071051],[14.772885,50.071038],[14.772838,50.071072]]]},"properties":{"kod":81742215,"cislo":null,"typ":"budova bez č.p. i č.ev.","vyuziti":"stavba technického vybavení","cast_obce":null,"parcela":"Tuklaty st. 372","dokonceni":"2016","byty":null,"podlazi":null,"plocha":12}},{"type":"Feature","geometry":{"type":"Polygon","coordinates":[[[14.771758,50.080433],[14.771774,50.080408],[14.77175,50.080402],[14.771735,50.080427],[14.771758,50.080433]]]},"properties":{"kod":82153451,"cislo":null,"typ":"budova bez č.p. i č.ev.","vyuziti":"stavba technického vybavení","cast_obce":null,"parcela":"Tuklaty st. 394","dokonceni":"2016","byty":null,"podlazi":null,"plocha":5}},{"type":"Feature","geometry":{"type":"Polygon","coordinates":[[[14.75945,50.08319],[14.759502,50.083231],[14.759554,50.083204],[14.759501,50.083163],[14.75945,50.08319]]]},"properties":{"kod":98168991,"cislo":null,"typ":"budova bez č.p. i č.ev.","vyuziti":"garáž","cast_obce":null,"parcela":"Tuklaty st. 406","dokonceni":"2019","byty":null,"podlazi":1,"plocha":28}},{"type":"Feature","geometry":{"type":"Polygon","coordinates":[[[14.770117,50.078807],[14.770115,50.078839],[14.77022,50.078841],[14.770221,50.078809],[14.770117,50.078807]]]},"properties":{"kod":105868043,"cislo":null,"typ":"budova bez č.p. i č.ev.","vyuziti":"garáž","cast_obce":null,"parcela":"Tuklaty st. 412","dokonceni":"2021","byty":0,"podlazi":1,"plocha":27}},{"type":"Feature","geometry":{"type":"Polygon","coordinates":[[[14.775188,50.085204],[14.775271,50.085474],[14.77553,50.085442],[14.775447,50.085171],[14.775188,50.085204]]]},"properties":{"kod":111779120,"cislo":null,"typ":"budova bez č.p. i č.ev.","vyuziti":"zemědělská stavba","cast_obce":null,"parcela":"Tuklaty st. 166/4","dokonceni":"2022","byty":0,"podlazi":1,"plocha":933}},{"type":"Feature","geometry":{"type":"Polygon","coordinates":[[[14.759813,50.082858],[14.75993,50.082937],[14.759994,50.082899],[14.759909,50.082839],[14.75988,50.082856],[14.759851,50.082836],[14.759813,50.082858]]]},"properties":{"kod":115386114,"cislo":null,"typ":"budova bez č.p. i č.ev.","vyuziti":"jiná stavba","cast_obce":null,"parcela":"Tuklaty st. 421","dokonceni":"2022","byty":0,"podlazi":1,"plocha":68}},{"type":"Feature","geometry":{"type":"Polygon","coordinates":[[[14.770267,50.078242],[14.770362,50.078243],[14.770364,50.078196],[14.770269,50.078195],[14.770267,50.078242]]]},"properties":{"kod":119251558,"cislo":null,"typ":"budova bez č.p. i č.ev.","vyuziti":"garáž","cast_obce":null,"parcela":"Tuklaty st. 415","dokonceni":"2023","byty":0,"podlazi":1,"plocha":36}},{"type":"Feature","geometry":{"type":"Polygon","coordinates":[[[14.773138,50.08307],[14.773218,50.083079],[14.773234,50.083022],[14.773138,50.083011],[14.773127,50.083051],[14.773143,50.083053],[14.773138,50.08307]]]},"properties":{"kod":120144794,"cislo":null,"typ":"budova bez č.p. i č.ev.","vyuziti":"garáž","cast_obce":null,"parcela":"Tuklaty st. 422","dokonceni":"2023","byty":0,"podlazi":1,"plocha":43}},{"type":"Feature","geometry":{"type":"Polygon","coordinates":[[[14.769798,50.079387],[14.769829,50.079387],[14.769829,50.07936],[14.769798,50.07936],[14.769798,50.079387]]]},"properties":{"kod":146032560,"cislo":null,"typ":"budova bez č.p. i č.ev.","vyuziti":"stavba technického vybavení","cast_obce":null,"parcela":"Tuklaty st. 423","dokonceni":"2024","byty":0,"podlazi":1,"plocha":8}},{"type":"Feature","geometry":{"type":"Polygon","coordinates":[[[14.763823,50.08798],[14.763818,50.087974],[14.763825,50.087972],[14.763808,50.087951],[14.763776,50.087962],[14.763793,50.087982],[14.763802,50.087979],[14.763807,50.087985],[14.763823,50.08798]]]},"properties":{"kod":147615453,"cislo":null,"typ":"budova bez č.p. i č.ev.","vyuziti":"jiná stavba","cast_obce":null,"parcela":"Tuklaty st. 427","dokonceni":"2024","byty":0,"podlazi":1,"plocha":8}},{"type":"Feature","geometry":{"type":"Polygon","coordinates":[[[14.771843,50.082504],[14.771865,50.082442],[14.771794,50.082431],[14.771772,50.082494],[14.771843,50.082504]]]},"properties":{"kod":148311962,"cislo":null,"typ":"budova bez č.p. i č.ev.","vyuziti":"garáž","cast_obce":null,"parcela":"Tuklaty st. 174","dokonceni":"1968","byty":0,"podlazi":1,"plocha":36}},{"type":"Feature","geometry":{"type":"Polygon","coordinates":[[[14.766446,50.082725],[14.766498,50.082767],[14.766543,50.082744],[14.766491,50.082702],[14.766446,50.082725]]]},"properties":{"kod":148827284,"cislo":null,"typ":"budova bez č.p. i č.ev.","vyuziti":"jiná stavba","cast_obce":null,"parcela":"Tuklaty st. 417","dokonceni":"2024","byty":0,"podlazi":1,"plocha":25}},{"type":"Feature","geometry":{"type":"Polygon","coordinates":[[[14.772882,50.081316],[14.772877,50.081378],[14.772959,50.08138],[14.772964,50.081317],[14.772882,50.081316]]]},"properties":{"kod":150226403,"cislo":null,"typ":"budova bez č.p. i č.ev.","vyuziti":"garáž","cast_obce":null,"parcela":"Tuklaty st. 110/2","dokonceni":"1987","byty":0,"podlazi":1,"plocha":15}},{"type":"Feature","geometry":{"type":"Polygon","coordinates":[[[14.771468,50.082539],[14.771509,50.082545],[14.771524,50.082509],[14.771482,50.082502],[14.771468,50.082539]]]},"properties":{"kod":151795673,"cislo":null,"typ":"budova bez č.p. i č.ev.","vyuziti":"jiná stavba","cast_obce":null,"parcela":"Tuklaty st. 430","dokonceni":"2024","byty":0,"podlazi":1,"plocha":20}},{"type":"Feature","geometry":{"type":"Polygon","coordinates":[[[14.765423,50.086195],[14.765669,50.086127],[14.765612,50.086042],[14.765365,50.08611],[14.765423,50.086195]]]},"properties":{"kod":155385828,"cislo":null,"typ":"budova bez č.p. i č.ev.","vyuziti":"stavba občanského vybavení","cast_obce":null,"parcela":"Tuklaty st. 439","dokonceni":"2026","byty":0,"podlazi":1,"plocha":198}}]}