{"type":"FeatureCollection","features":[{"type":"Feature","geometry":{"type":"Polygon","coordinates":[[[14.759158,50.093596],[14.759081,50.093454],[14.759058,50.093458],[14.759109,50.093561],[14.759192,50.093668],[14.759556,50.094001],[14.759712,50.094163],[14.75973,50.094153],[14.759671,50.094088],[14.759263,50.093712],[14.759158,50.093596]]]},"properties":{"id":94392839010,"ku":"Tlustovousy","p":"263/19","druh":"ostatní plocha","vyuziti":"silnice","vymera":151,"lv":10001}},{"type":"Feature","geometry":{"type":"Polygon","coordinates":[[[14.759712,50.094163],[14.759556,50.094001],[14.759192,50.093668],[14.759254,50.093759],[14.759517,50.09399],[14.759697,50.094171],[14.759712,50.094163]]]},"properties":{"id":94392840010,"ku":"Tlustovousy","p":"263/20","druh":"ostatní plocha","vyuziti":"silnice","vymera":109,"lv":10001}},{"type":"Feature","geometry":{"type":"Polygon","coordinates":[[[14.759167,50.093641],[14.759109,50.093561],[14.759055,50.093458],[14.759066,50.093499],[14.759137,50.093621],[14.759167,50.093641]]]},"properties":{"id":94392841010,"ku":"Tlustovousy","p":"263/21","druh":"ostatní plocha","vyuziti":"silnice","vymera":12,"lv":10001}},{"type":"Feature","geometry":{"type":"Polygon","coordinates":[[[14.758864,50.091656],[14.758853,50.09166],[14.75897,50.091819],[14.759007,50.091924],[14.759006,50.092077],[14.758937,50.09251],[14.75894,50.092623],[14.75897,50.092769],[14.759023,50.092927],[14.75917,50.093472],[14.759192,50.093469],[14.759181,50.093439],[14.759197,50.09343],[14.759185,50.093385],[14.759164,50.093377],[14.75908,50.093046],[14.758993,50.092766],[14.758959,50.092573],[14.758966,50.092461],[14.759007,50.092221],[14.758996,50.092219],[14.759035,50.091913],[14.75894,50.091746],[14.758864,50.091656]]]},"properties":{"id":94392842010,"ku":"Tlustovousy","p":"263/22","druh":"ostatní plocha","vyuziti":"silnice","vymera":308,"lv":10001}},{"type":"Feature","geometry":{"type":"Polygon","coordinates":[[[14.758971,50.092591],[14.758997,50.092414],[14.759007,50.092221],[14.75896,50.092512],[14.758963,50.092624],[14.758993,50.092766],[14.75908,50.093046],[14.759164,50.093377],[14.759185,50.093385],[14.758979,50.092671],[14.758971,50.092591]]]},"properties":{"id":94392843010,"ku":"Tlustovousy","p":"263/23","druh":"ostatní plocha","vyuziti":"silnice","vymera":117,"lv":10001}},{"type":"Feature","geometry":{"type":"Polygon","coordinates":[[[14.759034,50.091952],[14.759039,50.09192],[14.759035,50.091913],[14.75903,50.09192],[14.759034,50.091952]]]},"properties":{"id":94392844010,"ku":"Tlustovousy","p":"263/24","druh":"ostatní plocha","vyuziti":"silnice","vymera":1,"lv":10001}},{"type":"Feature","geometry":{"type":"Polygon","coordinates":[[[14.759791,50.094229],[14.75977,50.094235],[14.759712,50.094163],[14.759697,50.094171],[14.759834,50.094377],[14.759927,50.094616],[14.759972,50.094809],[14.759989,50.094927],[14.759969,50.095149],[14.759919,50.095284],[14.76017,50.095274],[14.760183,50.094908],[14.760002,50.094277],[14.75983,50.0941],[14.75973,50.094153],[14.759791,50.094229]]]},"properties":{"id":94392845010,"ku":"Tlustovousy","p":"372/1","druh":"ostatní plocha","vyuziti":"silnice","vymera":1781,"lv":548}},{"type":"Feature","geometry":{"type":"Polygon","coordinates":[[[14.759712,50.094163],[14.75977,50.094235],[14.759791,50.094229],[14.75973,50.094153],[14.759712,50.094163]]]},"properties":{"id":94392846010,"ku":"Tlustovousy","p":"372/2","druh":"ostatní plocha","vyuziti":"silnice","vymera":15,"lv":10001}},{"type":"Feature","geometry":{"type":"Polygon","coordinates":[[[14.75532,50.090369],[14.755246,50.090358],[14.755265,50.090309],[14.755149,50.090291],[14.755104,50.090415],[14.755292,50.090443],[14.75532,50.090369]]]},"properties":{"id":86860268010,"ku":"Tlustovousy","p":"st. 199","druh":"zastavěná plocha a nádvoří","vyuziti":null,"vymera":165,"lv":615}},{"type":"Feature","geometry":{"type":"Polygon","coordinates":[[[14.754944,50.08995],[14.754908,50.090087],[14.754961,50.090093],[14.754996,50.089956],[14.754944,50.08995]]]},"properties":{"id":87495957010,"ku":"Tlustovousy","p":"st. 200","druh":"zastavěná plocha a nádvoří","vyuziti":null,"vymera":59,"lv":646}},{"type":"Feature","geometry":{"type":"Polygon","coordinates":[[[14.755893,50.08939],[14.755864,50.089511],[14.756029,50.089528],[14.75606,50.089407],[14.755893,50.08939]]]},"properties":{"id":96462167010,"ku":"Tlustovousy","p":"st. 209","druh":"zastavěná plocha a nádvoří","vyuziti":null,"vymera":163,"lv":656}},{"type":"Feature","geometry":{"type":"Polygon","coordinates":[[[14.757483,50.09171],[14.757518,50.091531],[14.757475,50.091532],[14.757208,50.091501],[14.757165,50.091684],[14.757483,50.09171]]]},"properties":{"id":1536503204,"ku":"Tlustovousy","p":"st. 43","druh":"zastavěná plocha a nádvoří","vyuziti":null,"vymera":459,"lv":172}},{"type":"Feature","geometry":{"type":"Polygon","coordinates":[[[14.754703,50.091071],[14.754579,50.091364],[14.754878,50.091423],[14.755004,50.091126],[14.754703,50.091071]]]},"properties":{"id":1536507204,"ku":"Tlustovousy","p":"st. 49","druh":"zastavěná plocha a nádvoří","vyuziti":null,"vymera":759,"lv":276}},{"type":"Feature","geometry":{"type":"Polygon","coordinates":[[[14.745116,50.08407],[14.739225,50.083187],[14.739072,50.083716],[14.738532,50.083636],[14.737813,50.083636],[14.737433,50.083626],[14.73731,50.083645],[14.737212,50.08363],[14.73711,50.083632],[14.73692,50.085962],[14.740176,50.086159],[14.743604,50.087062],[14.744043,50.085482],[14.745879,50.085757],[14.74569,50.085531],[14.745495,50.085273],[14.745374,50.085093],[14.74525,50.084869],[14.745121,50.084537],[14.745087,50.084358],[14.745084,50.084209],[14.745116,50.08407]]]},"properties":{"id":1974293204,"ku":"Tlustovousy","p":"381","druh":"orná půda","vyuziti":null,"vymera":171061,"lv":153}},{"type":"Feature","geometry":{"type":"Polygon","coordinates":[[[14.752895,50.090633],[14.749879,50.090089],[14.749732,50.090048],[14.749543,50.089971],[14.749271,50.089837],[14.749013,50.089687],[14.748875,50.089548],[14.748321,50.088704],[14.747526,50.087848],[14.747313,50.087546],[14.7466,50.086439],[14.746206,50.085923],[14.745641,50.085253],[14.74551,50.085047],[14.745363,50.084751],[14.745291,50.084518],[14.74527,50.084329],[14.745289,50.084088],[14.745364,50.083811],[14.745379,50.083642],[14.745318,50.083513],[14.745223,50.083399],[14.745114,50.083329],[14.744847,50.083223],[14.744317,50.08305],[14.744184,50.082996],[14.744163,50.083101],[14.744946,50.083368],[14.745061,50.083436],[14.745112,50.083489],[14.745186,50.08362],[14.745194,50.083736],[14.745084,50.084209],[14.745087,50.084358],[14.745121,50.084537],[14.745212,50.084783],[14.745374,50.085093],[14.745495,50.085273],[14.74569,50.085531],[14.746211,50.086168],[14.746443,50.086486],[14.747378,50.087893],[14.747522,50.088088],[14.748165,50.088752],[14.748713,50.089587],[14.748902,50.089817],[14.749111,50.089917],[14.749643,50.090137],[14.749985,50.09023],[14.750376,50.090293],[14.752842,50.090744],[14.752895,50.090633]]]},"properties":{"id":1974297204,"ku":"Tlustovousy","p":"385","druh":"ostatní plocha","vyuziti":"silnice","vymera":14046,"lv":548}},{"type":"Feature","geometry":{"type":"Polygon","coordinates":[[[14.749842,50.090191],[14.749643,50.090137],[14.749111,50.089917],[14.748902,50.089817],[14.747897,50.089545],[14.747803,50.089725],[14.74759,50.090226],[14.747516,50.090324],[14.747214,50.090519],[14.747053,50.090643],[14.746962,50.091063],[14.746791,50.092004],[14.746649,50.092533],[14.74635,50.093517],[14.746279,50.093838],[14.746263,50.093957],[14.748667,50.09366],[14.748866,50.093626],[14.749842,50.090191]]]},"properties":{"id":1974194204,"ku":"Tlustovousy","p":"359","druh":"orná půda","vyuziti":null,"vymera":79194,"lv":602}},{"type":"Feature","geometry":{"type":"Polygon","coordinates":[[[14.744858,50.088301],[14.745072,50.087546],[14.742583,50.08689],[14.742412,50.086838],[14.742096,50.087831],[14.744858,50.088301]]]},"properties":{"id":1974198204,"ku":"Tlustovousy","p":"363","druh":"orná půda","vyuziti":null,"vymera":20026,"lv":176}},{"type":"Feature","geometry":{"type":"Polygon","coordinates":[[[14.747522,50.088088],[14.747393,50.087914],[14.74734,50.08795],[14.745639,50.087598],[14.740176,50.086159],[14.736532,50.085938],[14.731803,50.086054],[14.731605,50.086149],[14.736528,50.086028],[14.739859,50.08623],[14.740105,50.086251],[14.742412,50.086838],[14.742583,50.08689],[14.745591,50.087682],[14.747461,50.08807],[14.747522,50.088088]]]},"properties":{"id":1978575204,"ku":"Tlustovousy","p":"367","druh":"ostatní plocha","vyuziti":"ostatní komunikace","vymera":11755,"lv":10001}},{"type":"Feature","geometry":{"type":"Polygon","coordinates":[[[14.746717,50.096564],[14.747129,50.095404],[14.746781,50.095416],[14.746574,50.095442],[14.746368,50.095424],[14.745999,50.096462],[14.746717,50.096564]]]},"properties":{"id":1974132204,"ku":"Tlustovousy","p":"349","druh":"orná půda","vyuziti":null,"vymera":6545,"lv":158}},{"type":"Feature","geometry":{"type":"Polygon","coordinates":[[[14.757995,50.094289],[14.758836,50.094232],[14.758814,50.094087],[14.758082,50.094143],[14.757995,50.094289]],[[14.758348,50.094247],[14.758187,50.094258],[14.758174,50.094175],[14.758334,50.094165],[14.758348,50.094247]]]},"properties":{"id":1536817204,"ku":"Tlustovousy","p":"204/10","druh":"zahrada","vyuziti":null,"vymera":790,"lv":434}},{"type":"Feature","geometry":{"type":"Polygon","coordinates":[[[14.758879,50.091855],[14.758832,50.091756],[14.758811,50.091724],[14.758774,50.091842],[14.758879,50.091855]]]},"properties":{"id":1536868204,"ku":"Tlustovousy","p":"262/4","druh":"ostatní plocha","vyuziti":"ostatní komunikace","vymera":53,"lv":438}},{"type":"Feature","geometry":{"type":"Polygon","coordinates":[[[14.758105,50.091299],[14.758189,50.091301],[14.758233,50.091288],[14.75822,50.091193],[14.758153,50.091091],[14.75809,50.091081],[14.758036,50.091088],[14.757978,50.091261],[14.758107,50.091266],[14.758105,50.091299]]]},"properties":{"id":1536873204,"ku":"Tlustovousy","p":"262/10","druh":"zahrada","vyuziti":null,"vymera":311,"lv":146}},{"type":"Feature","geometry":{"type":"Polygon","coordinates":[[[14.760378,50.095307],[14.760324,50.095259],[14.760132,50.095276],[14.760132,50.09534],[14.760378,50.095307]]]},"properties":{"id":1536940204,"ku":"Tlustovousy","p":"301/3","druh":"vodní plocha","vyuziti":"koryto vodního toku přirozené nebo upravené","vymera":102,"lv":548}},{"type":"Feature","geometry":{"type":"Polygon","coordinates":[[[14.758293,50.089618],[14.758303,50.08953],[14.75816,50.089522],[14.758147,50.089628],[14.758228,50.089632],[14.75823,50.089615],[14.758293,50.089618]]]},"properties":{"id":1536550204,"ku":"Tlustovousy","p":"st. 91","druh":"zastavěná plocha a nádvoří","vyuziti":null,"vymera":113,"lv":568}},{"type":"Feature","geometry":{"type":"Polygon","coordinates":[[[14.758257,50.092678],[14.758119,50.092655],[14.758105,50.092693],[14.758244,50.092715],[14.758257,50.092678]]]},"properties":{"id":1536554204,"ku":"Tlustovousy","p":"st. 95","druh":"zastavěná plocha a nádvoří","vyuziti":null,"vymera":43,"lv":186}},{"type":"Feature","geometry":{"type":"Polygon","coordinates":[[[14.759803,50.091503],[14.759832,50.091351],[14.759382,50.091287],[14.759386,50.09143],[14.759422,50.091433],[14.759413,50.091498],[14.759437,50.091499],[14.759435,50.091508],[14.759376,50.091509],[14.759365,50.091591],[14.759803,50.091503]]]},"properties":{"id":1536591204,"ku":"Tlustovousy","p":"27/2","druh":"zahrada","vyuziti":null,"vymera":765,"lv":543}},{"type":"Feature","geometry":{"type":"Polygon","coordinates":[[[14.758096,50.091459],[14.758107,50.091266],[14.757978,50.091261],[14.757947,50.091458],[14.758096,50.091459]]]},"properties":{"id":1536565204,"ku":"Tlustovousy","p":"4","druh":"zahrada","vyuziti":null,"vymera":217,"lv":146}},{"type":"Feature","geometry":{"type":"Polygon","coordinates":[[[14.757072,50.090244],[14.757079,50.090208],[14.756309,50.090122],[14.756297,50.090176],[14.756324,50.090179],[14.756328,50.090161],[14.757072,50.090244]]]},"properties":{"id":1536570204,"ku":"Tlustovousy","p":"7/2","druh":"ostatní plocha","vyuziti":"jiná plocha","vymera":228,"lv":655}},{"type":"Feature","geometry":{"type":"Polygon","coordinates":[[[14.749424,50.09711],[14.749047,50.097023],[14.74902,50.097031],[14.748364,50.096854],[14.747587,50.096694],[14.74706,50.096613],[14.745673,50.096415],[14.745111,50.096379],[14.744871,50.096351],[14.744423,50.096278],[14.744131,50.096211],[14.744061,50.096176],[14.74383,50.096122],[14.743687,50.096102],[14.743651,50.096115],[14.743422,50.096082],[14.743132,50.096052],[14.742632,50.095972],[14.741943,50.095898],[14.741287,50.095779],[14.740517,50.095593],[14.740026,50.095416],[14.739713,50.095323],[14.738911,50.094952],[14.738472,50.094841],[14.738281,50.094783],[14.738063,50.094674],[14.738022,50.094661],[14.737606,50.094578],[14.736614,50.094222],[14.73645,50.09415],[14.736349,50.094186],[14.736321,50.094249],[14.736308,50.094326],[14.736504,50.094346],[14.736887,50.094406],[14.737562,50.094644],[14.737995,50.094731],[14.738222,50.094845],[14.738421,50.094905],[14.738845,50.09501],[14.739657,50.095385],[14.739975,50.09548],[14.740469,50.095658],[14.740961,50.095781],[14.741254,50.095848],[14.741919,50.095969],[14.742609,50.096042],[14.74311,50.096123],[14.743389,50.096152],[14.743792,50.096209],[14.74439,50.096347],[14.744847,50.096422],[14.745096,50.09645],[14.745655,50.096486],[14.747035,50.096683],[14.747557,50.096764],[14.748325,50.096922],[14.74911,50.097133],[14.749574,50.097241],[14.752455,50.098053],[14.753707,50.098328],[14.754043,50.098389],[14.754076,50.098351],[14.754177,50.098276],[14.753991,50.098305],[14.75374,50.098259],[14.752495,50.097986],[14.750082,50.097302],[14.749494,50.097146],[14.749424,50.09711]]]},"properties":{"id":1974001204,"ku":"Tlustovousy","p":"324","druh":"ostatní plocha","vyuziti":"ostatní komunikace","vymera":11332,"lv":10001}},{"type":"Feature","geometry":{"type":"Polygon","coordinates":[[[14.760643,50.090475],[14.760734,50.090427],[14.760575,50.090389],[14.760498,50.090399],[14.760643,50.090475]]]},"properties":{"id":1993800204,"ku":"Tlustovousy","p":"47/7","druh":"ostatní plocha","vyuziti":"ostatní komunikace","vymera":73,"lv":10001}},{"type":"Feature","geometry":{"type":"Polygon","coordinates":[[[14.76177,50.093651],[14.761828,50.093549],[14.761818,50.09339],[14.761489,50.093349],[14.761404,50.093606],[14.76177,50.093651]]]},"properties":{"id":1536648204,"ku":"Tlustovousy","p":"55/17","druh":"trvalý travní porost","vyuziti":null,"vymera":780,"lv":191}},{"type":"Feature","geometry":{"type":"Polygon","coordinates":[[[14.738774,50.092204],[14.738748,50.092404],[14.73862,50.092587],[14.739381,50.092695],[14.740569,50.092957],[14.742114,50.093283],[14.743418,50.093582],[14.743183,50.093066],[14.742822,50.093048],[14.742168,50.092957],[14.741595,50.092863],[14.741193,50.092765],[14.740869,50.092707],[14.739194,50.092497],[14.738995,50.092439],[14.73888,50.092369],[14.738774,50.092204]]]},"properties":{"id":1974006204,"ku":"Tlustovousy","p":"328","druh":"trvalý travní porost","vyuziti":null,"vymera":10982,"lv":508}},{"type":"Feature","geometry":{"type":"Polygon","coordinates":[[[14.737204,50.093678],[14.737309,50.093726],[14.737369,50.093704],[14.737529,50.093611],[14.73774,50.093436],[14.737796,50.093377],[14.737707,50.093331],[14.737204,50.093678]]]},"properties":{"id":1973976204,"ku":"Tlustovousy","p":"314","druh":"ostatní plocha","vyuziti":"zeleň","vymera":563,"lv":10001}},{"type":"Feature","geometry":{"type":"Polygon","coordinates":[[[14.739493,50.09364],[14.739551,50.093522],[14.739283,50.093495],[14.738979,50.093353],[14.738805,50.093253],[14.738475,50.093109],[14.738222,50.092978],[14.73811,50.093054],[14.739493,50.09364]]]},"properties":{"id":1973995204,"ku":"Tlustovousy","p":"318","druh":"ostatní plocha","vyuziti":"zeleň","vymera":986,"lv":10001}},{"type":"Feature","geometry":{"type":"Polygon","coordinates":[[[14.757264,50.097625],[14.757333,50.097594],[14.75646,50.097286],[14.756435,50.09732],[14.75661,50.097375],[14.757264,50.097625]]]},"properties":{"id":1536920204,"ku":"Tlustovousy","p":"290","druh":"ostatní plocha","vyuziti":"ostatní komunikace","vymera":312,"lv":512}},{"type":"Feature","geometry":{"type":"Polygon","coordinates":[[[14.752922,50.087244],[14.752953,50.087121],[14.752327,50.087056],[14.752296,50.087178],[14.752922,50.087244]]]},"properties":{"id":1536713204,"ku":"Tlustovousy","p":"87/16","druh":"zahrada","vyuziti":null,"vymera":625,"lv":536}},{"type":"Feature","geometry":{"type":"Polygon","coordinates":[[[14.753047,50.086754],[14.753078,50.086633],[14.75245,50.086567],[14.752419,50.08669],[14.753047,50.086754]]]},"properties":{"id":1536717204,"ku":"Tlustovousy","p":"87/20","druh":"zahrada","vyuziti":null,"vymera":627,"lv":539}},{"type":"Feature","geometry":{"type":"Polygon","coordinates":[[[14.752017,50.088282],[14.75264,50.088347],[14.752671,50.088224],[14.752048,50.088159],[14.752017,50.088282]]]},"properties":{"id":1536704204,"ku":"Tlustovousy","p":"87/7","druh":"zahrada","vyuziti":null,"vymera":627,"lv":529}},{"type":"Feature","geometry":{"type":"Polygon","coordinates":[[[14.752765,50.087856],[14.752797,50.087734],[14.752172,50.087668],[14.752141,50.087791],[14.752765,50.087856]]]},"properties":{"id":1536708204,"ku":"Tlustovousy","p":"87/11","druh":"zahrada","vyuziti":null,"vymera":626,"lv":538}},{"type":"Feature","geometry":{"type":"Polygon","coordinates":[[[14.745593,50.085177],[14.745641,50.085253],[14.746206,50.085923],[14.746422,50.086206],[14.751357,50.086106],[14.75065,50.085074],[14.745593,50.085177]]]},"properties":{"id":1974374204,"ku":"Tlustovousy","p":"397","druh":"orná půda","vyuziti":null,"vymera":41593,"lv":152}},{"type":"Feature","geometry":{"type":"Polygon","coordinates":[[[14.759566,50.090166],[14.759434,50.090232],[14.759454,50.090268],[14.759451,50.090327],[14.759394,50.090563],[14.759403,50.090733],[14.759378,50.090794],[14.759405,50.090803],[14.759388,50.090823],[14.759413,50.090819],[14.759459,50.090844],[14.759411,50.090588],[14.759471,50.090284],[14.760159,50.090303],[14.760057,50.090246],[14.759618,50.090196],[14.759566,50.090166]]]},"properties":{"id":1536631204,"ku":"Tlustovousy","p":"48/2","druh":"ostatní plocha","vyuziti":"jiná plocha","vymera":521,"lv":10001}},{"type":"Feature","geometry":{"type":"Polygon","coordinates":[[[14.757605,50.089413],[14.757616,50.089318],[14.756434,50.089328],[14.756466,50.089375],[14.757605,50.089413]]]},"properties":{"id":1536581204,"ku":"Tlustovousy","p":"15","druh":"orná půda","vyuziti":null,"vymera":654,"lv":636}},{"type":"Feature","geometry":{"type":"Polygon","coordinates":[[[14.759227,50.091313],[14.759239,50.091379],[14.759314,50.091423],[14.759387,50.091428],[14.759381,50.091281],[14.759275,50.091293],[14.759227,50.091313]]]},"properties":{"id":1536585204,"ku":"Tlustovousy","p":"24","druh":"ostatní plocha","vyuziti":"manipulační plocha","vymera":145,"lv":6}},{"type":"Feature","geometry":{"type":"Polygon","coordinates":[[[14.759358,50.091648],[14.759249,50.091726],[14.759295,50.091849],[14.759742,50.091857],[14.759803,50.091503],[14.759365,50.091591],[14.759358,50.091648]]]},"properties":{"id":1536589204,"ku":"Tlustovousy","p":"26/2","druh":"zahrada","vyuziti":null,"vymera":1112,"lv":167}},{"type":"Feature","geometry":{"type":"Polygon","coordinates":[[[14.759062,50.090648],[14.759158,50.090635],[14.759153,50.090611],[14.758995,50.090594],[14.759012,50.090667],[14.759064,50.090657],[14.759062,50.090648]]]},"properties":{"id":1536597204,"ku":"Tlustovousy","p":"31/3","druh":"zahrada","vyuziti":null,"vymera":57,"lv":157}},{"type":"Feature","geometry":{"type":"Polygon","coordinates":[[[14.759237,50.088933],[14.75929,50.088801],[14.759107,50.088771],[14.759053,50.088901],[14.759237,50.088933]]]},"properties":{"id":1536518204,"ku":"Tlustovousy","p":"st. 60","druh":"zastavěná plocha a nádvoří","vyuziti":null,"vymera":205,"lv":202}},{"type":"Feature","geometry":{"type":"Polygon","coordinates":[[[14.759406,50.092466],[14.758997,50.092414],[14.758971,50.092591],[14.759222,50.092622],[14.759231,50.092588],[14.759271,50.092572],[14.759368,50.092585],[14.759406,50.092466]]]},"properties":{"id":1536522204,"ku":"Tlustovousy","p":"st. 64","druh":"zastavěná plocha a nádvoří","vyuziti":null,"vymera":511,"lv":46}},{"type":"Feature","geometry":{"type":"Polygon","coordinates":[[[14.758236,50.092045],[14.758237,50.092058],[14.758889,50.092116],[14.758911,50.091927],[14.758792,50.09191],[14.758781,50.091944],[14.758745,50.09194],[14.758735,50.091971],[14.758557,50.091949],[14.75853,50.092069],[14.758236,50.092045]]]},"properties":{"id":1536560204,"ku":"Tlustovousy","p":"1/1","druh":"zahrada","vyuziti":null,"vymera":482,"lv":438}},{"type":"Feature","geometry":{"type":"Polygon","coordinates":[[[14.758496,50.091684],[14.758543,50.091691],[14.758568,50.091622],[14.758546,50.091619],[14.758496,50.091684]]]},"properties":{"id":1536564204,"ku":"Tlustovousy","p":"2/3","druh":"zahrada","vyuziti":null,"vymera":19,"lv":438}},{"type":"Feature","geometry":{"type":"Polygon","coordinates":[[[14.755094,50.089203],[14.75513,50.089028],[14.755119,50.089026],[14.755113,50.089059],[14.755062,50.089055],[14.75507,50.08902],[14.754984,50.089008],[14.754981,50.089023],[14.754902,50.089017],[14.754862,50.089181],[14.755094,50.089203]]]},"properties":{"id":1536535204,"ku":"Tlustovousy","p":"st. 77/1","druh":"zastavěná plocha a nádvoří","vyuziti":null,"vymera":308,"lv":188}},{"type":"Feature","geometry":{"type":"Polygon","coordinates":[[[14.757787,50.090758],[14.757983,50.090776],[14.758003,50.090692],[14.757951,50.090688],[14.757942,50.09073],[14.757797,50.090716],[14.757787,50.090758]]]},"properties":{"id":1536540204,"ku":"Tlustovousy","p":"st. 81","druh":"zastavěná plocha a nádvoří","vyuziti":null,"vymera":84,"lv":687}},{"type":"Feature","geometry":{"type":"Polygon","coordinates":[[[14.764659,50.095227],[14.76484,50.095002],[14.762704,50.094262],[14.762423,50.094452],[14.764659,50.095227]]]},"properties":{"id":1974577204,"ku":"Tlustovousy","p":"473","druh":"orná půda","vyuziti":null,"vymera":4997,"lv":447}},{"type":"Feature","geometry":{"type":"Polygon","coordinates":[[[14.755873,50.09214],[14.7563,50.09221],[14.756378,50.092022],[14.755942,50.091972],[14.755873,50.09214]]]},"properties":{"id":1536802204,"ku":"Tlustovousy","p":"202/37","druh":"zahrada","vyuziti":null,"vymera":646,"lv":417}},{"type":"Feature","geometry":{"type":"Polygon","coordinates":[[[14.753565,50.091844],[14.754055,50.091927],[14.754123,50.091762],[14.753658,50.091708],[14.753565,50.091844]]]},"properties":{"id":1536808204,"ku":"Tlustovousy","p":"202/43","druh":"zahrada","vyuziti":null,"vymera":616,"lv":10001}},{"type":"Feature","geometry":{"type":"Polygon","coordinates":[[[14.757746,50.092312],[14.757827,50.091978],[14.757426,50.091933],[14.757345,50.092245],[14.757746,50.092312]]]},"properties":{"id":1536780204,"ku":"Tlustovousy","p":"202/13","druh":"zahrada","vyuziti":null,"vymera":1066,"lv":171}},{"type":"Feature","geometry":{"type":"Polygon","coordinates":[[[14.756378,50.092022],[14.756472,50.091796],[14.756046,50.09172],[14.755942,50.091972],[14.756378,50.092022]]]},"properties":{"id":1536784204,"ku":"Tlustovousy","p":"202/17","druh":"zahrada","vyuziti":null,"vymera":868,"lv":417}},{"type":"Feature","geometry":{"type":"Polygon","coordinates":[[[14.760487,50.095686],[14.760677,50.095785],[14.760652,50.095807],[14.760551,50.095865],[14.760504,50.095871],[14.760377,50.095781],[14.760289,50.095844],[14.760494,50.095958],[14.760767,50.095773],[14.760549,50.09566],[14.760506,50.095644],[14.760487,50.095686]]]},"properties":{"id":1536863204,"ku":"Tlustovousy","p":"261/3","druh":"zahrada","vyuziti":null,"vymera":337,"lv":676}},{"type":"Feature","geometry":{"type":"Polygon","coordinates":[[[14.758426,50.092307],[14.75844,50.09228],[14.758263,50.092258],[14.758251,50.092288],[14.758426,50.092307]]]},"properties":{"id":1536770204,"ku":"Tlustovousy","p":"201","druh":"ostatní plocha","vyuziti":"neplodná půda","vymera":42,"lv":11}},{"type":"Feature","geometry":{"type":"Polygon","coordinates":[[[14.756808,50.091856],[14.757116,50.091894],[14.757135,50.091816],[14.756823,50.09179],[14.756808,50.091856]]]},"properties":{"id":1536775204,"ku":"Tlustovousy","p":"202/6","druh":"zahrada","vyuziti":null,"vymera":182,"lv":162}},{"type":"Feature","geometry":{"type":"Polygon","coordinates":[[[14.759791,50.087266],[14.759763,50.087289],[14.759424,50.087566],[14.759494,50.087585],[14.759821,50.087265],[14.759791,50.087266]]]},"properties":{"id":1536699204,"ku":"Tlustovousy","p":"86/3","druh":"ostatní plocha","vyuziti":"neplodná půda","vymera":148,"lv":483}},{"type":"Feature","geometry":{"type":"Polygon","coordinates":[[[14.756098,50.088734],[14.756029,50.089092],[14.756179,50.089108],[14.756171,50.089161],[14.756197,50.089162],[14.756214,50.089194],[14.756205,50.089257],[14.756198,50.089256],[14.756202,50.08928],[14.756274,50.089265],[14.756366,50.088785],[14.756098,50.088734]]]},"properties":{"id":1536720204,"ku":"Tlustovousy","p":"88/9","druh":"zahrada","vyuziti":null,"vymera":882,"lv":193}},{"type":"Feature","geometry":{"type":"Polygon","coordinates":[[[14.755638,50.088665],[14.755558,50.089096],[14.755695,50.089107],[14.755703,50.089043],[14.755798,50.08905],[14.755861,50.088686],[14.755638,50.088665]]]},"properties":{"id":1536721204,"ku":"Tlustovousy","p":"88/11","druh":"zahrada","vyuziti":null,"vymera":736,"lv":168}},{"type":"Feature","geometry":{"type":"Polygon","coordinates":[[[14.755158,50.088892],[14.755126,50.089049],[14.755344,50.089064],[14.755374,50.088925],[14.755158,50.088892]]]},"properties":{"id":1536722204,"ku":"Tlustovousy","p":"88/13","druh":"zahrada","vyuziti":null,"vymera":261,"lv":199}},{"type":"Feature","geometry":{"type":"Polygon","coordinates":[[[14.75997,50.086511],[14.76,50.086356],[14.756985,50.086669],[14.756903,50.086829],[14.75997,50.086511]]]},"properties":{"id":1974564204,"ku":"Tlustovousy","p":"460","druh":"orná půda","vyuziti":null,"vymera":3671,"lv":175}},{"type":"Feature","geometry":{"type":"Polygon","coordinates":[[[14.759429,50.099557],[14.761954,50.099907],[14.761253,50.099445],[14.759444,50.099194],[14.75947,50.099317],[14.759429,50.099557]]]},"properties":{"id":1974568204,"ku":"Tlustovousy","p":"464","druh":"orná půda","vyuziti":null,"vymera":6241,"lv":154}},{"type":"Feature","geometry":{"type":"Polygon","coordinates":[[[14.761689,50.095804],[14.761649,50.095866],[14.761489,50.095942],[14.761374,50.095932],[14.761239,50.095886],[14.761209,50.095914],[14.761179,50.095919],[14.761305,50.095966],[14.76139,50.095988],[14.761525,50.095995],[14.761634,50.095955],[14.761725,50.095885],[14.761781,50.095808],[14.761836,50.095677],[14.761883,50.095544],[14.761996,50.095065],[14.762064,50.094873],[14.762128,50.094766],[14.762261,50.094607],[14.76243,50.094445],[14.763079,50.093999],[14.763365,50.093732],[14.763621,50.093458],[14.763922,50.09311],[14.764118,50.092858],[14.764281,50.092619],[14.764511,50.092322],[14.764644,50.092173],[14.764771,50.092056],[14.764883,50.091982],[14.765365,50.091715],[14.76568,50.091521],[14.76603,50.09136],[14.766609,50.091],[14.766677,50.090838],[14.76661,50.09091],[14.766411,50.091061],[14.765985,50.091325],[14.765635,50.091486],[14.765283,50.091703],[14.764827,50.09194],[14.764552,50.092045],[14.764248,50.092295],[14.764156,50.092417],[14.764081,50.092571],[14.763813,50.093007],[14.763676,50.093144],[14.763268,50.093679],[14.762996,50.093963],[14.762731,50.094179],[14.76235,50.094413],[14.762188,50.094584],[14.762054,50.094742],[14.761949,50.094943],[14.761689,50.095804]]]},"properties":{"id":1974584204,"ku":"Tlustovousy","p":"480","druh":"ostatní plocha","vyuziti":"ostatní komunikace","vymera":5957,"lv":10001}},{"type":"Feature","geometry":{"type":"Polygon","coordinates":[[[14.765265,50.094467],[14.765433,50.094251],[14.763505,50.093582],[14.763306,50.093788],[14.765265,50.094467]]]},"properties":{"id":1974588204,"ku":"Tlustovousy","p":"484","druh":"orná půda","vyuziti":null,"vymera":4237,"lv":484}},{"type":"Feature","geometry":{"type":"Polygon","coordinates":[[[14.766732,50.090755],[14.76352,50.090141],[14.763503,50.090155],[14.763186,50.090073],[14.762725,50.090014],[14.762202,50.089869],[14.76203,50.089862],[14.761885,50.089886],[14.761584,50.090006],[14.761396,50.090158],[14.762103,50.090549],[14.762276,50.090654],[14.762438,50.090822],[14.762504,50.09095],[14.765563,50.091531],[14.765635,50.091486],[14.765985,50.091325],[14.766411,50.091061],[14.76661,50.09091],[14.766677,50.090838],[14.766692,50.0908],[14.766732,50.090755]]]},"properties":{"id":1974592204,"ku":"Tlustovousy","p":"488","druh":"orná půda","vyuziti":null,"vymera":34238,"lv":677}},{"type":"Feature","geometry":{"type":"Polygon","coordinates":[[[14.762523,50.097888],[14.763521,50.096639],[14.762321,50.096224],[14.761269,50.097541],[14.761736,50.097677],[14.762523,50.097888]]]},"properties":{"id":1974573204,"ku":"Tlustovousy","p":"469","druh":"orná půda","vyuziti":null,"vymera":15680,"lv":70}},{"type":"Feature","geometry":{"type":"Polygon","coordinates":[[[14.744492,50.088867],[14.744684,50.088911],[14.744858,50.088301],[14.742096,50.087831],[14.741903,50.088437],[14.744204,50.088829],[14.744492,50.088867]]]},"properties":{"id":1974137204,"ku":"Tlustovousy","p":"354","druh":"orná půda","vyuziti":null,"vymera":14082,"lv":593}},{"type":"Feature","geometry":{"type":"Polygon","coordinates":[[[14.746561,50.095338],[14.74734,50.095329],[14.747678,50.095343],[14.748035,50.095397],[14.748571,50.095489],[14.748825,50.095553],[14.749067,50.095738],[14.749475,50.095793],[14.749539,50.095882],[14.749721,50.095853],[14.74992,50.095855],[14.750247,50.095763],[14.750526,50.095726],[14.750649,50.095725],[14.751539,50.095824],[14.75237,50.095971],[14.75276,50.096071],[14.753731,50.096368],[14.75412,50.09647],[14.754698,50.096638],[14.755058,50.096758],[14.755729,50.097013],[14.755925,50.097057],[14.756012,50.097051],[14.756051,50.097012],[14.756042,50.096983],[14.755279,50.09667],[14.755151,50.096645],[14.754827,50.09654],[14.754197,50.096351],[14.753765,50.096213],[14.753216,50.096017],[14.752869,50.095905],[14.752404,50.095858],[14.751919,50.095782],[14.750657,50.095622],[14.750418,50.09562],[14.749882,50.09568],[14.74953,50.095666],[14.749476,50.095647],[14.749123,50.095576],[14.748864,50.095506],[14.748056,50.095329],[14.747693,50.095294],[14.74736,50.095279],[14.746565,50.095279],[14.746251,50.09527],[14.745681,50.095128],[14.745346,50.095029],[14.74471,50.094904],[14.744489,50.094829],[14.744437,50.094908],[14.744713,50.094963],[14.7453,50.095066],[14.745695,50.095186],[14.74626,50.09532],[14.746561,50.095338]]]},"properties":{"id":1974193204,"ku":"Tlustovousy","p":"358","druh":"vodní plocha","vyuziti":"koryto vodního toku umělé","vymera":10098,"lv":512}},{"type":"Feature","geometry":{"type":"Polygon","coordinates":[[[14.74151,50.089877],[14.741786,50.089088],[14.741854,50.089059],[14.74175,50.089048],[14.741462,50.089871],[14.74151,50.089877]]]},"properties":{"id":1974054204,"ku":"Tlustovousy","p":"342","druh":"ostatní plocha","vyuziti":"ostatní komunikace","vymera":336,"lv":10001}},{"type":"Feature","geometry":{"type":"Polygon","coordinates":[[[14.749358,50.093527],[14.748667,50.09366],[14.746263,50.093957],[14.746242,50.094112],[14.74619,50.094102],[14.746214,50.09396],[14.745848,50.094008],[14.745339,50.094133],[14.745782,50.094269],[14.745738,50.094306],[14.745244,50.094154],[14.744166,50.094413],[14.73936,50.093061],[14.738705,50.092643],[14.738373,50.0929],[14.738907,50.093127],[14.739333,50.093332],[14.739611,50.093422],[14.740298,50.093673],[14.742527,50.094315],[14.743376,50.094525],[14.743841,50.094615],[14.74435,50.094702],[14.744912,50.094572],[14.745204,50.094441],[14.745801,50.094343],[14.746814,50.094188],[14.747206,50.094135],[14.747783,50.094041],[14.748777,50.093946],[14.749306,50.093845],[14.749782,50.093617],[14.74989,50.093488],[14.750067,50.093402],[14.749358,50.093527]]]},"properties":{"id":1974013204,"ku":"Tlustovousy","p":"331","druh":"ostatní plocha","vyuziti":"zeleň","vymera":28292,"lv":10001}},{"type":"Feature","geometry":{"type":"Polygon","coordinates":[[[14.741398,50.090196],[14.74151,50.089877],[14.739818,50.089628],[14.739713,50.089948],[14.741398,50.090196]]]},"properties":{"id":1974017204,"ku":"Tlustovousy","p":"335","druh":"orná půda","vyuziti":null,"vymera":4500,"lv":287}},{"type":"Feature","geometry":{"type":"Polygon","coordinates":[[[14.758226,50.091574],[14.758247,50.091497],[14.757863,50.091529],[14.757929,50.091529],[14.757862,50.091834],[14.758083,50.091855],[14.758101,50.091775],[14.758242,50.091753],[14.758271,50.091581],[14.758226,50.091574]]]},"properties":{"id":1536495204,"ku":"Tlustovousy","p":"st. 35","druh":"zastavěná plocha a nádvoří","vyuziti":null,"vymera":839,"lv":166}},{"type":"Feature","geometry":{"type":"Polygon","coordinates":[[[14.75929,50.088801],[14.759337,50.088685],[14.759153,50.088655],[14.759107,50.088771],[14.75929,50.088801]]]},"properties":{"id":1536499204,"ku":"Tlustovousy","p":"st. 39","druh":"zastavěná plocha a nádvoří","vyuziti":null,"vymera":180,"lv":15}},{"type":"Feature","geometry":{"type":"Polygon","coordinates":[[[14.756985,50.086669],[14.76,50.086356],[14.760015,50.086277],[14.756949,50.086596],[14.756985,50.086669]]]},"properties":{"id":1974563204,"ku":"Tlustovousy","p":"459","druh":"orná půda","vyuziti":null,"vymera":1869,"lv":546}},{"type":"Feature","geometry":{"type":"Polygon","coordinates":[[[14.759282,50.096917],[14.761269,50.097541],[14.762321,50.096224],[14.763507,50.096635],[14.763776,50.096349],[14.764136,50.095878],[14.761981,50.095131],[14.761883,50.095544],[14.761746,50.095892],[14.761661,50.096048],[14.761601,50.096069],[14.761232,50.096014],[14.761017,50.096004],[14.760841,50.096014],[14.760607,50.096064],[14.760389,50.096125],[14.760105,50.096243],[14.759752,50.096435],[14.759428,50.096588],[14.75929,50.096675],[14.759067,50.096856],[14.759282,50.096917]]]},"properties":{"id":1974567204,"ku":"Tlustovousy","p":"463","druh":"orná půda","vyuziti":null,"vymera":37964,"lv":491}},{"type":"Feature","geometry":{"type":"Polygon","coordinates":[[[14.763943,50.098105],[14.764824,50.097003],[14.763521,50.096639],[14.762523,50.097888],[14.763191,50.098034],[14.763542,50.098078],[14.763943,50.098105]]]},"properties":{"id":1974583204,"ku":"Tlustovousy","p":"479","druh":"orná půda","vyuziti":null,"vymera":15194,"lv":681}},{"type":"Feature","geometry":{"type":"Polygon","coordinates":[[[14.765597,50.094075],[14.765722,50.093887],[14.763821,50.093228],[14.763666,50.093406],[14.765597,50.094075]]]},"properties":{"id":1974587204,"ku":"Tlustovousy","p":"483","druh":"orná půda","vyuziti":null,"vymera":3532,"lv":634}},{"type":"Feature","geometry":{"type":"Polygon","coordinates":[[[14.766228,50.093186],[14.766385,50.092972],[14.764511,50.092322],[14.764281,50.092619],[14.764118,50.092858],[14.763922,50.09311],[14.765804,50.093762],[14.765993,50.09347],[14.766228,50.093186]]]},"properties":{"id":1974591204,"ku":"Tlustovousy","p":"487","druh":"orná půda","vyuziti":null,"vymera":14763,"lv":674}},{"type":"Feature","geometry":{"type":"Polygon","coordinates":[[[14.763181,50.100904],[14.763114,50.100741],[14.762718,50.100429],[14.761954,50.099907],[14.759429,50.099557],[14.759393,50.09976],[14.759398,50.099971],[14.759526,50.100355],[14.75956,50.100402],[14.763181,50.100904]]]},"properties":{"id":1974572204,"ku":"Tlustovousy","p":"468","druh":"orná půda","vyuziti":null,"vymera":21270,"lv":163}},{"type":"Feature","geometry":{"type":"Polygon","coordinates":[[[14.747994,50.095499],[14.74763,50.095437],[14.747227,50.0954],[14.747129,50.095404],[14.746717,50.096564],[14.747571,50.096692],[14.747994,50.095499]]]},"properties":{"id":1974136204,"ku":"Tlustovousy","p":"353","druh":"orná půda","vyuziti":null,"vymera":8503,"lv":176}},{"type":"Feature","geometry":{"type":"Polygon","coordinates":[[[14.74736,50.095279],[14.747693,50.095294],[14.748056,50.095329],[14.748864,50.095506],[14.749123,50.095576],[14.749476,50.095647],[14.749482,50.095598],[14.749,50.095487],[14.748628,50.095376],[14.74802,50.095286],[14.747601,50.095233],[14.746223,50.095227],[14.745895,50.095163],[14.745227,50.094973],[14.744661,50.094854],[14.744599,50.094868],[14.74471,50.094904],[14.745346,50.095029],[14.745681,50.095128],[14.746251,50.09527],[14.746565,50.095279],[14.74736,50.095279]]]},"properties":{"id":1974192204,"ku":"Tlustovousy","p":"357","druh":"ostatní plocha","vyuziti":"zeleň","vymera":1711,"lv":512}},{"type":"Feature","geometry":{"type":"Polygon","coordinates":[[[14.743903,50.09614],[14.744061,50.096176],[14.744131,50.096211],[14.744423,50.096278],[14.744871,50.096351],[14.745111,50.096379],[14.745673,50.096415],[14.745999,50.096462],[14.746368,50.095424],[14.746179,50.095384],[14.745509,50.095183],[14.744861,50.095038],[14.744463,50.094959],[14.74399,50.095765],[14.743849,50.096072],[14.743903,50.09614]]]},"properties":{"id":1974053204,"ku":"Tlustovousy","p":"341","druh":"orná půda","vyuziti":null,"vymera":20435,"lv":488}},{"type":"Feature","geometry":{"type":"Polygon","coordinates":[[[14.754643,50.098097],[14.756286,50.097836],[14.757264,50.097625],[14.75661,50.097375],[14.756456,50.097326],[14.756418,50.097414],[14.756017,50.097481],[14.755883,50.097463],[14.755801,50.097525],[14.755576,50.0974],[14.755496,50.097452],[14.754643,50.098097]]]},"properties":{"id":1536848204,"ku":"Tlustovousy","p":"233","druh":"orná půda","vyuziti":null,"vymera":6575,"lv":512}},{"type":"Feature","geometry":{"type":"Polygon","coordinates":[[[14.752265,50.0873],[14.752891,50.087366],[14.752922,50.087244],[14.752296,50.087178],[14.752265,50.0873]]]},"properties":{"id":1536712204,"ku":"Tlustovousy","p":"87/15","druh":"zahrada","vyuziti":null,"vymera":625,"lv":528}},{"type":"Feature","geometry":{"type":"Polygon","coordinates":[[[14.752389,50.086811],[14.753016,50.086877],[14.753047,50.086754],[14.752419,50.08669],[14.752389,50.086811]]]},"properties":{"id":1536716204,"ku":"Tlustovousy","p":"87/19","druh":"zahrada","vyuziti":null,"vymera":623,"lv":537}},{"type":"Feature","geometry":{"type":"Polygon","coordinates":[[[14.756051,50.097012],[14.75615,50.097046],[14.756199,50.097047],[14.756295,50.097079],[14.756317,50.097053],[14.756362,50.09707],[14.756347,50.097089],[14.756363,50.097095],[14.756358,50.097101],[14.756702,50.09721],[14.756718,50.097189],[14.757011,50.097205],[14.757077,50.097245],[14.757318,50.097149],[14.757098,50.097021],[14.75615,50.09654],[14.755999,50.096823],[14.756051,50.097012]]]},"properties":{"id":1536845204,"ku":"Tlustovousy","p":"231","druh":"ovocný sad","vyuziti":null,"vymera":3391,"lv":512}},{"type":"Feature","geometry":{"type":"Polygon","coordinates":[[[14.751931,50.088618],[14.752467,50.0865],[14.752373,50.086537],[14.751852,50.088601],[14.751931,50.088618]]]},"properties":{"id":1536702204,"ku":"Tlustovousy","p":"87/3","druh":"ostatní plocha","vyuziti":"ostatní komunikace","vymera":1409,"lv":534}},{"type":"Feature","geometry":{"type":"Polygon","coordinates":[[[14.751985,50.088405],[14.752608,50.08847],[14.75264,50.088347],[14.752017,50.088282],[14.751985,50.088405]]]},"properties":{"id":1536703204,"ku":"Tlustovousy","p":"87/6","druh":"zahrada","vyuziti":null,"vymera":625,"lv":529}},{"type":"Feature","geometry":{"type":"Polygon","coordinates":[[[14.752703,50.088101],[14.752734,50.087979],[14.752109,50.087913],[14.752079,50.088036],[14.752703,50.088101]]]},"properties":{"id":1536706204,"ku":"Tlustovousy","p":"87/9","druh":"zahrada","vyuziti":null,"vymera":625,"lv":527}},{"type":"Feature","geometry":{"type":"Polygon","coordinates":[[[14.752734,50.087979],[14.752765,50.087856],[14.752141,50.087791],[14.752109,50.087913],[14.752734,50.087979]]]},"properties":{"id":1536707204,"ku":"Tlustovousy","p":"87/10","druh":"zahrada","vyuziti":null,"vymera":625,"lv":531}},{"type":"Feature","geometry":{"type":"Polygon","coordinates":[[[14.761436,50.099185],[14.761637,50.099054],[14.76121,50.098781],[14.76093,50.098494],[14.76069,50.098486],[14.760378,50.09837],[14.760106,50.098062],[14.759796,50.097959],[14.759516,50.097778],[14.759283,50.097689],[14.758692,50.097431],[14.758484,50.097393],[14.758284,50.097368],[14.758157,50.097328],[14.75814,50.097313],[14.758047,50.097291],[14.757575,50.097143],[14.757249,50.096967],[14.75683,50.096659],[14.756458,50.096483],[14.756058,50.096232],[14.75582,50.096186],[14.755246,50.096013],[14.754878,50.095855],[14.754612,50.095767],[14.754051,50.095645],[14.753528,50.095488],[14.753099,50.095305],[14.751882,50.09517],[14.751611,50.095185],[14.751221,50.095173],[14.75129,50.095003],[14.75146,50.094938],[14.751655,50.094918],[14.751895,50.094704],[14.751885,50.094611],[14.7513,50.094122],[14.751544,50.093784],[14.75128,50.093713],[14.750543,50.093421],[14.750436,50.09339],[14.750255,50.093365],[14.750067,50.093402],[14.74989,50.093488],[14.749782,50.093617],[14.749306,50.093845],[14.748777,50.093946],[14.747783,50.094041],[14.747206,50.094135],[14.746814,50.094188],[14.745801,50.094343],[14.745204,50.094441],[14.744912,50.094572],[14.74435,50.094702],[14.743841,50.094615],[14.743376,50.094525],[14.742527,50.094315],[14.740298,50.093673],[14.739611,50.093422],[14.739333,50.093332],[14.738907,50.093127],[14.738363,50.092896],[14.738058,50.092748],[14.737989,50.092802],[14.738186,50.092859],[14.73808,50.092918],[14.738213,50.092973],[14.738475,50.093109],[14.738805,50.093253],[14.738979,50.093353],[14.739283,50.093495],[14.739551,50.093522],[14.739706,50.093572],[14.740302,50.093817],[14.741308,50.09408],[14.74259,50.094495],[14.743352,50.094701],[14.744409,50.094948],[14.744489,50.094829],[14.744645,50.094798],[14.744783,50.094738],[14.745525,50.094547],[14.746028,50.094443],[14.74721,50.094282],[14.748819,50.094099],[14.749808,50.093915],[14.750132,50.093807],[14.750311,50.093624],[14.751045,50.093871],[14.750775,50.094265],[14.750868,50.094405],[14.751094,50.094512],[14.751548,50.094658],[14.75137,50.094799],[14.751027,50.094831],[14.750809,50.094972],[14.750994,50.095384],[14.751383,50.095414],[14.751806,50.095405],[14.752247,50.095428],[14.752744,50.095491],[14.753171,50.095608],[14.753424,50.095693],[14.753575,50.095767],[14.7538,50.095906],[14.753959,50.095952],[14.75426,50.095987],[14.755176,50.096341],[14.75615,50.09654],[14.757098,50.097021],[14.757356,50.097172],[14.757827,50.097419],[14.757976,50.09742],[14.758372,50.097534],[14.758483,50.097529],[14.758594,50.09756],[14.759228,50.097847],[14.759629,50.098086],[14.759875,50.09819],[14.760269,50.098518],[14.760698,50.098628],[14.761232,50.098921],[14.761436,50.099185]]]},"properties":{"id":1974373204,"ku":"Tlustovousy","p":"396","druh":"vodní plocha","vyuziti":"koryto vodního toku přirozené nebo upravené","vymera":44164,"lv":522}},{"type":"Feature","geometry":{"type":"Polygon","coordinates":[[[14.75171,50.096623],[14.75133,50.097656],[14.752495,50.097986],[14.75374,50.098259],[14.753991,50.098305],[14.754177,50.098276],[14.754535,50.098129],[14.75553,50.097374],[14.755347,50.097274],[14.755504,50.09711],[14.755506,50.097009],[14.755372,50.096911],[14.755039,50.096796],[14.754031,50.096474],[14.752758,50.096102],[14.752335,50.096002],[14.751393,50.095828],[14.751109,50.095924],[14.75094,50.09634],[14.750889,50.096418],[14.75171,50.096623]]]},"properties":{"id":1974375204,"ku":"Tlustovousy","p":"398","druh":"orná půda","vyuziti":null,"vymera":54640,"lv":10001}},{"type":"Feature","geometry":{"type":"Polygon","coordinates":[[[14.760434,50.095619],[14.760446,50.095543],[14.760386,50.095435],[14.760374,50.09544],[14.760387,50.095504],[14.760372,50.095614],[14.760278,50.095728],[14.75998,50.095983],[14.759864,50.095941],[14.759795,50.096047],[14.759887,50.096035],[14.759995,50.095989],[14.76011,50.095912],[14.760311,50.095745],[14.760434,50.095619]]]},"properties":{"id":1974549204,"ku":"Tlustovousy","p":"445","druh":"ostatní plocha","vyuziti":"zeleň","vymera":292,"lv":10001}},{"type":"Feature","geometry":{"type":"Polygon","coordinates":[[[14.754051,50.085536],[14.756149,50.084602],[14.75598,50.084504],[14.755462,50.084325],[14.753746,50.085089],[14.754051,50.085536]]]},"properties":{"id":1974546204,"ku":"Tlustovousy","p":"442","druh":"orná půda","vyuziti":null,"vymera":8928,"lv":293}},{"type":"Feature","geometry":{"type":"Polygon","coordinates":[[[14.741642,50.089357],[14.74175,50.089048],[14.741516,50.089024],[14.741128,50.088935],[14.740264,50.088769],[14.740142,50.088901],[14.740024,50.089119],[14.741642,50.089357]]]},"properties":{"id":1974055204,"ku":"Tlustovousy","p":"343","druh":"orná půda","vyuziti":null,"vymera":4403,"lv":175}},{"type":"Feature","geometry":{"type":"Polygon","coordinates":[[[14.746289,50.093521],[14.74645,50.092938],[14.746584,50.092508],[14.746719,50.091996],[14.746991,50.090499],[14.747154,50.090479],[14.747527,50.090225],[14.747749,50.089689],[14.747834,50.089515],[14.747397,50.08945],[14.746047,50.089299],[14.745556,50.089221],[14.744901,50.089072],[14.743764,50.09307],[14.744034,50.093139],[14.744236,50.093211],[14.744285,50.093247],[14.744292,50.093468],[14.744346,50.093588],[14.74449,50.093666],[14.745007,50.093863],[14.745529,50.094086],[14.745848,50.094008],[14.746214,50.09396],[14.746289,50.093521]]]},"properties":{"id":1974073204,"ku":"Tlustovousy","p":"345","druh":"orná půda","vyuziti":null,"vymera":94657,"lv":602}},{"type":"Feature","geometry":{"type":"Polygon","coordinates":[[[14.743937,50.095753],[14.744409,50.094948],[14.743352,50.094701],[14.742743,50.094536],[14.742017,50.095308],[14.742593,50.095432],[14.743324,50.095551],[14.74383,50.095649],[14.74391,50.095683],[14.743937,50.095753]]]},"properties":{"id":1974014204,"ku":"Tlustovousy","p":"332","druh":"orná půda","vyuziti":null,"vymera":12656,"lv":674}},{"type":"Feature","geometry":{"type":"Polygon","coordinates":[[[14.744226,50.093403],[14.744285,50.093247],[14.744236,50.093211],[14.744034,50.093139],[14.743773,50.093071],[14.743551,50.093056],[14.743183,50.093066],[14.743282,50.093294],[14.743546,50.093329],[14.743633,50.093256],[14.743802,50.093225],[14.744065,50.093271],[14.744101,50.093382],[14.744226,50.093403]]]},"properties":{"id":1974015204,"ku":"Tlustovousy","p":"333","druh":"ostatní plocha","vyuziti":"zeleň","vymera":1598,"lv":602}},{"type":"Feature","geometry":{"type":"Polygon","coordinates":[[[14.743849,50.096072],[14.74399,50.095765],[14.744463,50.094959],[14.744473,50.09496],[14.744522,50.094924],[14.744437,50.094908],[14.743937,50.095753],[14.743795,50.096063],[14.743687,50.096102],[14.743903,50.09614],[14.743849,50.096072]]]},"properties":{"id":1974018204,"ku":"Tlustovousy","p":"336","druh":"ostatní plocha","vyuziti":"ostatní komunikace","vymera":612,"lv":10001}},{"type":"Feature","geometry":{"type":"Polygon","coordinates":[[[14.742822,50.093048],[14.743164,50.093066],[14.743551,50.093056],[14.743764,50.09307],[14.744901,50.089072],[14.744532,50.08898],[14.74423,50.088938],[14.743995,50.088931],[14.743779,50.088935],[14.742704,50.08908],[14.74243,50.089091],[14.741984,50.089072],[14.741854,50.089059],[14.741786,50.089088],[14.741398,50.090196],[14.739713,50.089948],[14.73966,50.090128],[14.739292,50.091086],[14.739227,50.091289],[14.739181,50.091491],[14.738996,50.091831],[14.738869,50.091922],[14.738774,50.092204],[14.73888,50.092369],[14.738995,50.092439],[14.739194,50.092497],[14.740869,50.092707],[14.741193,50.092765],[14.741595,50.092863],[14.742168,50.092957],[14.742822,50.093048]]]},"properties":{"id":1974019204,"ku":"Tlustovousy","p":"337","druh":"orná půda","vyuziti":null,"vymera":136029,"lv":508}},{"type":"Feature","geometry":{"type":"Polygon","coordinates":[[[14.758202,50.090079],[14.758135,50.09029],[14.758285,50.090309],[14.758391,50.089976],[14.758134,50.089943],[14.758095,50.090065],[14.758202,50.090079]]]},"properties":{"id":1536496204,"ku":"Tlustovousy","p":"st. 36","druh":"zastavěná plocha a nádvoří","vyuziti":null,"vymera":522,"lv":561}},{"type":"Feature","geometry":{"type":"Polygon","coordinates":[[[14.757868,50.090242],[14.7579,50.090106],[14.757703,50.090088],[14.757692,50.090134],[14.757711,50.090136],[14.757691,50.090219],[14.757868,50.090242]]]},"properties":{"id":1536497204,"ku":"Tlustovousy","p":"st. 37","druh":"zastavěná plocha a nádvoří","vyuziti":null,"vymera":199,"lv":41}},{"type":"Feature","geometry":{"type":"Polygon","coordinates":[[[14.757362,50.090778],[14.757426,50.090466],[14.757037,50.090414],[14.756973,50.090732],[14.757362,50.090778]],[[14.757068,50.090688],[14.757085,50.09061],[14.757156,50.090616],[14.757163,50.090583],[14.757285,50.090593],[14.757278,50.090626],[14.757344,50.090632],[14.757328,50.090711],[14.757068,50.090688]]]},"properties":{"id":2411134204,"ku":"Tlustovousy","p":"546","druh":"ostatní plocha","vyuziti":"jiná plocha","vymera":802,"lv":647}},{"type":"Feature","geometry":{"type":"Polygon","coordinates":[[[14.756587,50.090681],[14.756973,50.090732],[14.757037,50.090414],[14.756653,50.090363],[14.756587,50.090681]],[[14.756943,50.090587],[14.756931,50.09066],[14.756724,50.090646],[14.756736,50.090573],[14.756943,50.090587]]]},"properties":{"id":2411133204,"ku":"Tlustovousy","p":"545","druh":"ostatní plocha","vyuziti":"jiná plocha","vymera":880,"lv":637}},{"type":"Feature","geometry":{"type":"Polygon","coordinates":[[[14.75615,50.090774],[14.756259,50.09078],[14.756276,50.090714],[14.755925,50.090668],[14.755903,50.090759],[14.755975,50.090763],[14.755982,50.09074],[14.75605,50.090744],[14.756155,50.090758],[14.75615,50.090774]]]},"properties":{"id":2411138204,"ku":"Tlustovousy","p":"550","druh":"ostatní plocha","vyuziti":"jiná plocha","vymera":198,"lv":665}},{"type":"Feature","geometry":{"type":"Polygon","coordinates":[[[14.756637,50.090761],[14.756276,50.090714],[14.756259,50.09078],[14.756627,50.090802],[14.756637,50.090761]]]},"properties":{"id":2411139204,"ku":"Tlustovousy","p":"551","druh":"ostatní plocha","vyuziti":"jiná plocha","vymera":160,"lv":652}},{"type":"Feature","geometry":{"type":"Polygon","coordinates":[[[14.756587,50.090681],[14.756653,50.090363],[14.756268,50.090312],[14.756203,50.090631],[14.756587,50.090681]],[[14.756562,50.090637],[14.756449,50.090622],[14.756445,50.090634],[14.75637,50.090624],[14.756388,50.090567],[14.756457,50.090576],[14.756467,50.090528],[14.756505,50.090532],[14.756516,50.090477],[14.756599,50.090485],[14.756562,50.090637]]]},"properties":{"id":2411132204,"ku":"Tlustovousy","p":"544","druh":"ostatní plocha","vyuziti":"jiná plocha","vymera":836,"lv":650}},{"type":"Feature","geometry":{"type":"Polygon","coordinates":[[[14.754298,50.090031],[14.754269,50.090116],[14.754362,50.090128],[14.75439,50.090042],[14.754298,50.090031]],[[14.754329,50.090053],[14.754356,50.090057],[14.754347,50.090083],[14.754321,50.09008],[14.754329,50.090053]]]},"properties":{"id":2411146204,"ku":"Tlustovousy","p":"536","druh":"ostatní plocha","vyuziti":"jiná plocha","vymera":60,"lv":629}},{"type":"Feature","geometry":{"type":"Polygon","coordinates":[[[14.755503,50.090211],[14.755436,50.090532],[14.755454,50.090533],[14.75554,50.090487],[14.755518,50.090485],[14.755535,50.090407],[14.755662,50.090418],[14.755739,50.090242],[14.755503,50.090211]]]},"properties":{"id":2411150204,"ku":"Tlustovousy","p":"540","druh":"ostatní plocha","vyuziti":"jiná plocha","vymera":396,"lv":639}},{"type":"Feature","geometry":{"type":"Polygon","coordinates":[[[14.755942,50.090597],[14.755454,50.090533],[14.755436,50.090604],[14.755925,50.090668],[14.755942,50.090597]]]},"properties":{"id":2411130204,"ku":"Tlustovousy","p":"13/10","druh":"trvalý travní porost","vyuziti":null,"vymera":285,"lv":10001}},{"type":"Feature","geometry":{"type":"Polygon","coordinates":[[[14.757079,50.090819],[14.757387,50.090847],[14.757967,50.090917],[14.757971,50.090861],[14.755942,50.090597],[14.755925,50.090668],[14.757079,50.090819]]]},"properties":{"id":2411137204,"ku":"Tlustovousy","p":"549","druh":"ostatní plocha","vyuziti":"jiná plocha","vymera":1130,"lv":10001}},{"type":"Feature","geometry":{"type":"Polygon","coordinates":[[[14.761253,50.099445],[14.761182,50.099398],[14.759437,50.099157],[14.759444,50.099194],[14.761253,50.099445]]]},"properties":{"id":1974570204,"ku":"Tlustovousy","p":"466","druh":"ostatní plocha","vyuziti":"ostatní komunikace","vymera":520,"lv":10001}},{"type":"Feature","geometry":{"type":"Polygon","coordinates":[[[14.760151,50.094702],[14.760087,50.094493],[14.760025,50.094367],[14.760183,50.094908],[14.760151,50.094702]]]},"properties":{"id":1974550204,"ku":"Tlustovousy","p":"446","druh":"trvalý travní porost","vyuziti":null,"vymera":80,"lv":443}},{"type":"Feature","geometry":{"type":"Polygon","coordinates":[[[14.756524,50.087576],[14.756467,50.087688],[14.756638,50.087829],[14.758848,50.0876],[14.75887,50.08757],[14.758892,50.087576],[14.759121,50.087306],[14.756524,50.087576]]]},"properties":{"id":1974551204,"ku":"Tlustovousy","p":"447","druh":"orná půda","vyuziti":null,"vymera":5205,"lv":10001}},{"type":"Feature","geometry":{"type":"Polygon","coordinates":[[[14.759054,50.098384],[14.759317,50.098761],[14.761318,50.099038],[14.761232,50.098921],[14.760698,50.098628],[14.760269,50.098518],[14.759875,50.09819],[14.759629,50.098086],[14.759228,50.097847],[14.758594,50.09756],[14.758483,50.097529],[14.758372,50.097534],[14.758336,50.097579],[14.758344,50.09762],[14.758665,50.097923],[14.758799,50.09807],[14.759054,50.098384]]]},"properties":{"id":1974555204,"ku":"Tlustovousy","p":"451","druh":"orná půda","vyuziti":null,"vymera":10603,"lv":276}},{"type":"Feature","geometry":{"type":"Polygon","coordinates":[[[14.752799,50.083778],[14.753705,50.085107],[14.755462,50.084325],[14.753458,50.083633],[14.752799,50.083778]]]},"properties":{"id":1974547204,"ku":"Tlustovousy","p":"443","druh":"orná půda","vyuziti":null,"vymera":15088,"lv":686}},{"type":"Feature","geometry":{"type":"Polygon","coordinates":[[[14.758199,50.09709],[14.758279,50.097144],[14.75867,50.09684],[14.758958,50.096499],[14.759273,50.096241],[14.759544,50.095961],[14.759732,50.095676],[14.759919,50.095284],[14.759969,50.095149],[14.759878,50.095146],[14.759623,50.095648],[14.759434,50.095903],[14.759137,50.09623],[14.758861,50.096465],[14.758545,50.096798],[14.758289,50.097034],[14.758199,50.09709]]]},"properties":{"id":1974542204,"ku":"Tlustovousy","p":"438","druh":"ostatní plocha","vyuziti":"zeleň","vymera":2163,"lv":10001}},{"type":"Feature","geometry":{"type":"Polygon","coordinates":[[[14.755861,50.088686],[14.756366,50.088785],[14.75642,50.088789],[14.756578,50.087925],[14.756528,50.087811],[14.754247,50.08593],[14.75416,50.08592],[14.753617,50.088128],[14.755023,50.088278],[14.754982,50.088652],[14.755638,50.088665],[14.755861,50.088686]]]},"properties":{"id":1974448204,"ku":"Tlustovousy","p":"423","druh":"orná půda","vyuziti":null,"vymera":36714,"lv":10001}},{"type":"Feature","geometry":{"type":"Polygon","coordinates":[[[14.753367,50.091118],[14.753618,50.091155],[14.753729,50.090906],[14.753654,50.090893],[14.753609,50.090993],[14.753443,50.090961],[14.753367,50.091118]]]},"properties":{"id":1536538204,"ku":"Tlustovousy","p":"st. 79","druh":"zastavěná plocha a nádvoří","vyuziti":null,"vymera":385,"lv":200}},{"type":"Feature","geometry":{"type":"Polygon","coordinates":[[[14.758023,50.089861],[14.75681,50.089674],[14.757017,50.089826],[14.757986,50.089966],[14.758023,50.089861]],[[14.757032,50.089794],[14.757051,50.089732],[14.757175,50.089748],[14.757155,50.08981],[14.757032,50.089794]],[[14.757394,50.089873],[14.757418,50.089797],[14.757623,50.089824],[14.757599,50.0899],[14.757394,50.089873]]]},"properties":{"id":1536571204,"ku":"Tlustovousy","p":"8/1","druh":"orná půda","vyuziti":null,"vymera":813,"lv":560}},{"type":"Feature","geometry":{"type":"Polygon","coordinates":[[[14.757394,50.089873],[14.757599,50.0899],[14.757623,50.089824],[14.757418,50.089797],[14.757394,50.089873]]]},"properties":{"id":2225002204,"ku":"Tlustovousy","p":"st. 122","druh":"zastavěná plocha a nádvoří","vyuziti":null,"vymera":130,"lv":560}},{"type":"Feature","geometry":{"type":"Polygon","coordinates":[[[14.755199,50.091067],[14.754804,50.090986],[14.754796,50.091013],[14.755193,50.091089],[14.755199,50.091067]]]},"properties":{"id":2276562204,"ku":"Tlustovousy","p":"90/43","druh":"orná půda","vyuziti":null,"vymera":81,"lv":10001}},{"type":"Feature","geometry":{"type":"Polygon","coordinates":[[[14.75654,50.093654],[14.756932,50.09372],[14.757041,50.093451],[14.756649,50.093387],[14.75654,50.093654]]]},"properties":{"id":1974620204,"ku":"Tlustovousy","p":"502","druh":"orná půda","vyuziti":null,"vymera":893,"lv":688}},{"type":"Feature","geometry":{"type":"Polygon","coordinates":[[[14.752751,50.091663],[14.753048,50.091717],[14.753239,50.091283],[14.752947,50.09123],[14.752751,50.091663]]]},"properties":{"id":1536755204,"ku":"Tlustovousy","p":"195/5","druh":"zahrada","vyuziti":null,"vymera":1097,"lv":542}},{"type":"Feature","geometry":{"type":"Polygon","coordinates":[[[14.758324,50.092549],[14.756678,50.092273],[14.756625,50.092405],[14.758267,50.092678],[14.758324,50.092549]]]},"properties":{"id":1536803204,"ku":"Tlustovousy","p":"202/38","druh":"zahrada","vyuziti":null,"vymera":1829,"lv":30}},{"type":"Feature","geometry":{"type":"Polygon","coordinates":[[[14.756454,50.091471],[14.756583,50.091494],[14.756558,50.091554],[14.756444,50.091534],[14.756414,50.091602],[14.756117,50.091549],[14.756046,50.09172],[14.756472,50.091796],[14.756631,50.091414],[14.756493,50.091389],[14.756454,50.091471]]]},"properties":{"id":1536777204,"ku":"Tlustovousy","p":"202/8","druh":"zahrada","vyuziti":null,"vymera":804,"lv":417}},{"type":"Feature","geometry":{"type":"Polygon","coordinates":[[[14.757345,50.092245],[14.757426,50.091933],[14.757116,50.091894],[14.757047,50.092195],[14.757345,50.092245]]]},"properties":{"id":1536781204,"ku":"Tlustovousy","p":"202/14","druh":"zahrada","vyuziti":null,"vymera":767,"lv":172}},{"type":"Feature","geometry":{"type":"Polygon","coordinates":[[[14.755786,50.091566],[14.755571,50.092088],[14.755873,50.09214],[14.756086,50.091623],[14.755786,50.091566]]]},"properties":{"id":1536785204,"ku":"Tlustovousy","p":"202/18","druh":"zahrada","vyuziti":null,"vymera":1336,"lv":179}},{"type":"Feature","geometry":{"type":"Polygon","coordinates":[[[14.760549,50.09566],[14.760767,50.095773],[14.760494,50.095958],[14.760603,50.096019],[14.761209,50.095914],[14.760549,50.09566]]]},"properties":{"id":1536864204,"ku":"Tlustovousy","p":"261/4","druh":"ostatní plocha","vyuziti":"zeleň","vymera":745,"lv":189}},{"type":"Feature","geometry":{"type":"Polygon","coordinates":[[[14.75821,50.092389],[14.758263,50.092258],[14.758233,50.092003],[14.757899,50.091971],[14.757931,50.09184],[14.757862,50.091834],[14.757746,50.092312],[14.75821,50.092389]]]},"properties":{"id":1536772204,"ku":"Tlustovousy","p":"202/3","druh":"zahrada","vyuziti":null,"vymera":1430,"lv":631}},{"type":"Feature","geometry":{"type":"Polygon","coordinates":[[[14.754226,50.089066],[14.754862,50.089181],[14.754962,50.088774],[14.754982,50.088652],[14.754418,50.088641],[14.754226,50.089066]]]},"properties":{"id":1536719204,"ku":"Tlustovousy","p":"88/1","druh":"zahrada","vyuziti":null,"vymera":2371,"lv":188}},{"type":"Feature","geometry":{"type":"Polygon","coordinates":[[[14.754981,50.089023],[14.754984,50.089008],[14.75507,50.08902],[14.755077,50.088987],[14.755127,50.088991],[14.755119,50.089026],[14.75513,50.089028],[14.755158,50.088892],[14.755259,50.088908],[14.75528,50.088794],[14.754962,50.088774],[14.754902,50.089017],[14.754981,50.089023]]]},"properties":{"id":1536723204,"ku":"Tlustovousy","p":"88/14","druh":"zahrada","vyuziti":null,"vymera":502,"lv":188}},{"type":"Feature","geometry":{"type":"Polygon","coordinates":[[[14.754362,50.091323],[14.754249,50.091597],[14.754464,50.091634],[14.754579,50.091364],[14.754362,50.091323]]]},"properties":{"id":1536789204,"ku":"Tlustovousy","p":"202/22","druh":"zahrada","vyuziti":null,"vymera":504,"lv":671}},{"type":"Feature","geometry":{"type":"Polygon","coordinates":[[[14.760025,50.094367],[14.760087,50.094493],[14.760151,50.094702],[14.760183,50.094908],[14.760267,50.095059],[14.760298,50.095032],[14.760179,50.094384],[14.760025,50.094367]]]},"properties":{"id":1536662204,"ku":"Tlustovousy","p":"57/5","druh":"trvalý travní porost","vyuziti":null,"vymera":507,"lv":443}},{"type":"Feature","geometry":{"type":"Polygon","coordinates":[[[14.755872,50.090889],[14.75537,50.09084],[14.755354,50.090907],[14.755856,50.090951],[14.755872,50.090889]]]},"properties":{"id":1536580204,"ku":"Tlustovousy","p":"13/3","druh":"zahrada","vyuziti":null,"vymera":263,"lv":670}},{"type":"Feature","geometry":{"type":"Polygon","coordinates":[[[14.760179,50.094384],[14.760204,50.094387],[14.760188,50.094285],[14.760188,50.094167],[14.760348,50.094082],[14.760797,50.093899],[14.760927,50.093836],[14.760875,50.09383],[14.760631,50.093946],[14.760357,50.094056],[14.760167,50.094153],[14.760165,50.094309],[14.760179,50.094384]]]},"properties":{"id":1536664204,"ku":"Tlustovousy","p":"57/7","druh":"vodní plocha","vyuziti":"koryto vodního toku přirozené nebo upravené","vymera":184,"lv":514}},{"type":"Feature","geometry":{"type":"Polygon","coordinates":[[[14.761896,50.095124],[14.761411,50.095045],[14.761401,50.094986],[14.761488,50.094727],[14.7614,50.094691],[14.761182,50.094934],[14.761199,50.09497],[14.760405,50.095296],[14.760485,50.09541],[14.760559,50.095423],[14.760593,50.09542],[14.760641,50.095401],[14.760519,50.095278],[14.760861,50.095149],[14.761077,50.095385],[14.760746,50.095507],[14.760684,50.095445],[14.760623,50.095491],[14.760543,50.095587],[14.760513,50.095607],[14.760585,50.095587],[14.761417,50.095935],[14.761489,50.095942],[14.761649,50.095866],[14.761689,50.095804],[14.761896,50.095124]]]},"properties":{"id":1536669204,"ku":"Tlustovousy","p":"59/6","druh":"lesní pozemek","vyuziti":null,"vymera":6693,"lv":10001}},{"type":"Feature","geometry":{"type":"Polygon","coordinates":[[[14.762789,50.090018],[14.763186,50.090073],[14.763503,50.090155],[14.76352,50.090141],[14.763049,50.090006],[14.762836,50.089913],[14.762789,50.090018]]]},"properties":{"id":1536682204,"ku":"Tlustovousy","p":"69/2","druh":"orná půda","vyuziti":null,"vymera":259,"lv":677}},{"type":"Feature","geometry":{"type":"Polygon","coordinates":[[[14.754962,50.088774],[14.75528,50.088794],[14.755304,50.088657],[14.754982,50.088652],[14.754962,50.088774]]]},"properties":{"id":1536728204,"ku":"Tlustovousy","p":"89/7","druh":"ostatní plocha","vyuziti":"neplodná půda","vymera":332,"lv":188}},{"type":"Feature","geometry":{"type":"Polygon","coordinates":[[[14.762962,50.088174],[14.763399,50.088015],[14.763088,50.088115],[14.762655,50.088294],[14.762184,50.088558],[14.762584,50.088343],[14.762777,50.08825],[14.762962,50.088174]]]},"properties":{"id":1536691204,"ku":"Tlustovousy","p":"74/3","druh":"orná půda","vyuziti":null,"vymera":67,"lv":497}},{"type":"Feature","geometry":{"type":"Polygon","coordinates":[[[14.759589,50.093871],[14.759705,50.093976],[14.760179,50.093743],[14.760259,50.093464],[14.759982,50.09343],[14.759886,50.093786],[14.759589,50.093871]]]},"properties":{"id":1536634204,"ku":"Tlustovousy","p":"55/1","druh":"orná půda","vyuziti":null,"vymera":1075,"lv":183}},{"type":"Feature","geometry":{"type":"Polygon","coordinates":[[[14.760153,50.092745],[14.760197,50.092563],[14.759623,50.092493],[14.759576,50.092667],[14.760153,50.092745]]]},"properties":{"id":1536639204,"ku":"Tlustovousy","p":"55/6","druh":"orná půda","vyuziti":null,"vymera":842,"lv":556}},{"type":"Feature","geometry":{"type":"Polygon","coordinates":[[[14.761818,50.09339],[14.761867,50.093276],[14.761977,50.093159],[14.761658,50.093118],[14.761489,50.093349],[14.761818,50.09339]]]},"properties":{"id":1536644204,"ku":"Tlustovousy","p":"55/13","druh":"zahrada","vyuziti":null,"vymera":623,"lv":34}},{"type":"Feature","geometry":{"type":"Polygon","coordinates":[[[14.759406,50.092466],[14.759368,50.092585],[14.759271,50.092572],[14.759231,50.092588],[14.759222,50.092622],[14.759576,50.092667],[14.759623,50.092493],[14.759406,50.092466]]]},"properties":{"id":1536649204,"ku":"Tlustovousy","p":"55/18","druh":"zahrada","vyuziti":null,"vymera":372,"lv":46}},{"type":"Feature","geometry":{"type":"Polygon","coordinates":[[[14.761746,50.09296],[14.761842,50.092781],[14.760197,50.092563],[14.760153,50.092745],[14.761746,50.09296]]]},"properties":{"id":1536654204,"ku":"Tlustovousy","p":"55/23","druh":"orná půda","vyuziti":null,"vymera":2443,"lv":486}},{"type":"Feature","geometry":{"type":"Polygon","coordinates":[[[14.760297,50.095061],[14.760324,50.095043],[14.760204,50.094387],[14.760179,50.094384],[14.760298,50.095032],[14.760267,50.095059],[14.760368,50.095243],[14.760396,50.095232],[14.760297,50.095061]]]},"properties":{"id":1536660204,"ku":"Tlustovousy","p":"57/3","druh":"vodní plocha","vyuziti":"koryto vodního toku přirozené nebo upravené","vymera":180,"lv":443}},{"type":"Feature","geometry":{"type":"Polygon","coordinates":[[[14.759966,50.089196],[14.760369,50.089155],[14.76039,50.08908],[14.759966,50.089124],[14.759846,50.089115],[14.759853,50.08919],[14.759908,50.089196],[14.759966,50.089196]]]},"properties":{"id":1536605204,"ku":"Tlustovousy","p":"39/1","druh":"ovocný sad","vyuziti":null,"vymera":307,"lv":660}},{"type":"Feature","geometry":{"type":"Polygon","coordinates":[[[14.760035,50.093168],[14.759367,50.093085],[14.759085,50.09305],[14.759172,50.09333],[14.75933,50.093349],[14.759374,50.093199],[14.759566,50.093222],[14.759613,50.0933],[14.76,50.093342],[14.760035,50.093168]]]},"properties":{"id":1536642204,"ku":"Tlustovousy","p":"55/10","druh":"zahrada","vyuziti":null,"vymera":1309,"lv":191}},{"type":"Feature","geometry":{"type":"Polygon","coordinates":[[[14.761925,50.088959],[14.761883,50.089064],[14.76178,50.089189],[14.761763,50.089223],[14.761598,50.089277],[14.761267,50.089362],[14.761285,50.08962],[14.761361,50.089606],[14.761364,50.089574],[14.761388,50.089549],[14.761434,50.089533],[14.761812,50.089429],[14.762045,50.089314],[14.762175,50.08924],[14.761925,50.088959]]]},"properties":{"id":1536619204,"ku":"Tlustovousy","p":"46/4","druh":"orná půda","vyuziti":null,"vymera":1680,"lv":147}},{"type":"Feature","geometry":{"type":"Polygon","coordinates":[[[14.761672,50.093931],[14.761737,50.093788],[14.76177,50.093651],[14.761404,50.093606],[14.760927,50.093836],[14.761672,50.093931]]]},"properties":{"id":1536665204,"ku":"Tlustovousy","p":"57/8","druh":"trvalý travní porost","vyuziti":null,"vymera":1303,"lv":183}},{"type":"Feature","geometry":{"type":"Polygon","coordinates":[[[14.762344,50.092632],[14.76224,50.092832],[14.762167,50.09302],[14.761918,50.093289],[14.76189,50.093397],[14.761885,50.093583],[14.761838,50.093659],[14.762393,50.093738],[14.762574,50.093498],[14.763095,50.092888],[14.763399,50.092855],[14.763813,50.093007],[14.764088,50.092557],[14.763187,50.092093],[14.762123,50.092203],[14.762344,50.092632]]]},"properties":{"id":1536670204,"ku":"Tlustovousy","p":"59/7","druh":"lesní pozemek","vyuziti":null,"vymera":14435,"lv":10001}},{"type":"Feature","geometry":{"type":"Polygon","coordinates":[[[14.754226,50.089066],[14.754366,50.088757],[14.753895,50.088659],[14.753811,50.088746],[14.753707,50.088973],[14.754226,50.089066]]]},"properties":{"id":1536724204,"ku":"Tlustovousy","p":"88/20","druh":"zahrada","vyuziti":null,"vymera":1397,"lv":151}},{"type":"Feature","geometry":{"type":"Polygon","coordinates":[[[14.761344,50.090105],[14.761396,50.090158],[14.761584,50.090006],[14.761454,50.090035],[14.761344,50.090105]]]},"properties":{"id":1536685204,"ku":"Tlustovousy","p":"69/5","druh":"orná půda","vyuziti":null,"vymera":95,"lv":10001}},{"type":"Feature","geometry":{"type":"Polygon","coordinates":[[[14.761897,50.088813],[14.761939,50.088733],[14.762184,50.088558],[14.761939,50.088721],[14.761897,50.088813]]]},"properties":{"id":1536692204,"ku":"Tlustovousy","p":"74/4","druh":"orná půda","vyuziti":null,"vymera":13,"lv":497}},{"type":"Feature","geometry":{"type":"Polygon","coordinates":[[[14.760562,50.091073],[14.761533,50.091086],[14.761601,50.091085],[14.7615,50.090988],[14.761298,50.090827],[14.761214,50.090787],[14.760988,50.090711],[14.76085,50.090634],[14.76049,50.090804],[14.760549,50.09091],[14.760562,50.091073]]]},"properties":{"id":1536635204,"ku":"Tlustovousy","p":"55/2","druh":"zahrada","vyuziti":null,"vymera":2454,"lv":349}},{"type":"Feature","geometry":{"type":"Polygon","coordinates":[[[14.762725,50.090014],[14.762789,50.090018],[14.762204,50.089828],[14.762076,50.089864],[14.762202,50.089869],[14.762725,50.090014]]]},"properties":{"id":1536683204,"ku":"Tlustovousy","p":"69/3","druh":"orná půda","vyuziti":null,"vymera":144,"lv":10001}},{"type":"Feature","geometry":{"type":"Polygon","coordinates":[[[14.761977,50.093159],[14.762109,50.093009],[14.761746,50.09296],[14.761658,50.093118],[14.761977,50.093159]]]},"properties":{"id":1536645204,"ku":"Tlustovousy","p":"55/14","druh":"zahrada","vyuziti":null,"vymera":457,"lv":18}},{"type":"Feature","geometry":{"type":"Polygon","coordinates":[[[14.759463,50.092839],[14.759012,50.092784],[14.759047,50.092907],[14.759401,50.092942],[14.759463,50.092839]]]},"properties":{"id":1536650204,"ku":"Tlustovousy","p":"55/19","druh":"zahrada","vyuziti":null,"vymera":369,"lv":34}},{"type":"Feature","geometry":{"type":"Polygon","coordinates":[[[14.760875,50.09383],[14.761355,50.093601],[14.760259,50.093464],[14.760179,50.093743],[14.760875,50.09383]]]},"properties":{"id":1536656204,"ku":"Tlustovousy","p":"55/25","druh":"orná půda","vyuziti":null,"vymera":2060,"lv":183}},{"type":"Feature","geometry":{"type":"Polygon","coordinates":[[[14.760231,50.094001],[14.760137,50.094047],[14.760103,50.094018],[14.75979,50.094061],[14.760002,50.094277],[14.760025,50.094367],[14.760179,50.094384],[14.760165,50.094309],[14.760167,50.094153],[14.760357,50.094056],[14.760631,50.093946],[14.760231,50.094001]],[[14.760005,50.094213],[14.759954,50.094169],[14.760088,50.094104],[14.760139,50.094148],[14.760005,50.094213]]]},"properties":{"id":1536661204,"ku":"Tlustovousy","p":"57/4","druh":"trvalý travní porost","vyuziti":null,"vymera":815,"lv":514}},{"type":"Feature","geometry":{"type":"Polygon","coordinates":[[[14.759217,50.088982],[14.759907,50.089048],[14.759933,50.088981],[14.759237,50.088933],[14.759217,50.088982]]]},"properties":{"id":1536606204,"ku":"Tlustovousy","p":"39/2","druh":"zahrada","vyuziti":null,"vymera":331,"lv":334}},{"type":"Feature","geometry":{"type":"Polygon","coordinates":[[[14.761066,50.088734],[14.761224,50.089251],[14.761683,50.089209],[14.761412,50.088768],[14.761066,50.088734]],[[14.761172,50.088862],[14.761286,50.088844],[14.761307,50.088899],[14.761191,50.088916],[14.761172,50.088862]]]},"properties":{"id":1536612204,"ku":"Tlustovousy","p":"43/3","druh":"zahrada","vyuziti":null,"vymera":1487,"lv":147}},{"type":"Feature","geometry":{"type":"Polygon","coordinates":[[[14.760052,50.093975],[14.760185,50.093909],[14.760271,50.093981],[14.760231,50.094001],[14.760631,50.093946],[14.760875,50.09383],[14.760179,50.093743],[14.759705,50.093976],[14.75979,50.094061],[14.760103,50.094018],[14.760052,50.093975]]]},"properties":{"id":1536657204,"ku":"Tlustovousy","p":"55/26","druh":"orná půda","vyuziti":null,"vymera":1428,"lv":515}},{"type":"Feature","geometry":{"type":"Polygon","coordinates":[[[14.759471,50.090284],[14.759411,50.090588],[14.759459,50.090844],[14.7596,50.090923],[14.760005,50.09088],[14.760232,50.090841],[14.760422,50.09068],[14.760447,50.090475],[14.760251,50.090305],[14.759471,50.090284]]]},"properties":{"id":1536630204,"ku":"Tlustovousy","p":"48/1","druh":"vodní plocha","vyuziti":"vodní nádrž umělá","vymera":4344,"lv":10001}},{"type":"Feature","geometry":{"type":"Polygon","coordinates":[[[14.759384,50.088552],[14.759337,50.088685],[14.760023,50.088759],[14.760071,50.088638],[14.759384,50.088552]]]},"properties":{"id":1536609204,"ku":"Tlustovousy","p":"39/5","druh":"zahrada","vyuziti":null,"vymera":722,"lv":338}},{"type":"Feature","geometry":{"type":"Polygon","coordinates":[[[14.758059,50.089416],[14.758063,50.089363],[14.757727,50.089321],[14.757616,50.089318],[14.757605,50.089413],[14.758059,50.089416]]]},"properties":{"id":1536584204,"ku":"Tlustovousy","p":"20","druh":"trvalý travní porost","vyuziti":null,"vymera":282,"lv":636}},{"type":"Feature","geometry":{"type":"Polygon","coordinates":[[[14.759295,50.091849],[14.759278,50.091939],[14.759364,50.091948],[14.759271,50.092257],[14.759654,50.092303],[14.759742,50.091857],[14.759295,50.091849]]]},"properties":{"id":1536588204,"ku":"Tlustovousy","p":"26/1","druh":"zahrada","vyuziti":null,"vymera":1332,"lv":148}},{"type":"Feature","geometry":{"type":"Polygon","coordinates":[[[14.758995,50.090594],[14.759164,50.090592],[14.759365,50.090592],[14.758991,50.090575],[14.758995,50.090594]]]},"properties":{"id":1536596204,"ku":"Tlustovousy","p":"31/2","druh":"trvalý travní porost","vyuziti":null,"vymera":26,"lv":626}},{"type":"Feature","geometry":{"type":"Polygon","coordinates":[[[14.758728,50.092615],[14.758324,50.092549],[14.758267,50.092678],[14.758674,50.092746],[14.758728,50.092615]]]},"properties":{"id":1536517204,"ku":"Tlustovousy","p":"st. 59","druh":"zastavěná plocha a nádvoří","vyuziti":null,"vymera":447,"lv":30}},{"type":"Feature","geometry":{"type":"Polygon","coordinates":[[[14.759412,50.092274],[14.759009,50.092221],[14.758997,50.092414],[14.759175,50.092436],[14.759186,50.092399],[14.759235,50.092405],[14.759249,50.092358],[14.759368,50.092376],[14.759412,50.092274]]]},"properties":{"id":1536521204,"ku":"Tlustovousy","p":"st. 63","druh":"zastavěná plocha a nádvoří","vyuziti":null,"vymera":473,"lv":190}},{"type":"Feature","geometry":{"type":"Polygon","coordinates":[[[14.760052,50.093975],[14.760137,50.094047],[14.760271,50.093981],[14.760185,50.093909],[14.760052,50.093975]]]},"properties":{"id":1536559204,"ku":"Tlustovousy","p":"st. 100","druh":"zastavěná plocha a nádvoří","vyuziti":null,"vymera":121,"lv":515}},{"type":"Feature","geometry":{"type":"Polygon","coordinates":[[[14.758261,50.091647],[14.758496,50.091684],[14.758546,50.091619],[14.758271,50.091581],[14.758261,50.091647]]]},"properties":{"id":1536563204,"ku":"Tlustovousy","p":"2/2","druh":"zahrada","vyuziti":null,"vymera":142,"lv":326}},{"type":"Feature","geometry":{"type":"Polygon","coordinates":[[[14.755584,50.088957],[14.755374,50.088925],[14.755311,50.089221],[14.755531,50.089235],[14.755584,50.088957]]]},"properties":{"id":1536534204,"ku":"Tlustovousy","p":"st. 76","druh":"zastavěná plocha a nádvoří","vyuziti":null,"vymera":499,"lv":199}},{"type":"Feature","geometry":{"type":"Polygon","coordinates":[[[14.7539,50.091226],[14.75407,50.09097],[14.754071,50.090968],[14.753995,50.090954],[14.753908,50.09105],[14.753749,50.09102],[14.753675,50.091187],[14.7539,50.091226]]]},"properties":{"id":1536539204,"ku":"Tlustovousy","p":"st. 80","druh":"zastavěná plocha a nádvoří","vyuziti":null,"vymera":415,"lv":550}},{"type":"Feature","geometry":{"type":"Polygon","coordinates":[[[14.764136,50.095878],[14.764659,50.095227],[14.762423,50.094452],[14.762261,50.094607],[14.762128,50.094766],[14.762064,50.094873],[14.761981,50.095131],[14.764136,50.095878]]]},"properties":{"id":1974576204,"ku":"Tlustovousy","p":"472","druh":"orná půda","vyuziti":null,"vymera":14828,"lv":674}},{"type":"Feature","geometry":{"type":"Polygon","coordinates":[[[14.763324,50.101473],[14.763271,50.101149],[14.763181,50.100904],[14.75956,50.100402],[14.759792,50.100729],[14.760033,50.101017],[14.763324,50.101473]]]},"properties":{"id":1974580204,"ku":"Tlustovousy","p":"476","druh":"orná půda","vyuziti":null,"vymera":15224,"lv":457}},{"type":"Feature","geometry":{"type":"Polygon","coordinates":[[[14.753239,50.091283],[14.753344,50.09105],[14.753129,50.091014],[14.75318,50.090888],[14.753317,50.090911],[14.753343,50.090835],[14.75314,50.090798],[14.752947,50.09123],[14.753239,50.091283]],[[14.753135,50.091019],[14.753109,50.091076],[14.753049,50.091064],[14.753074,50.091008],[14.753135,50.091019]]]},"properties":{"id":1536762204,"ku":"Tlustovousy","p":"195/18","druh":"zahrada","vyuziti":null,"vymera":771,"lv":401}},{"type":"Feature","geometry":{"type":"Polygon","coordinates":[[[14.755591,50.091153],[14.756829,50.091385],[14.757218,50.091426],[14.757222,50.091413],[14.756842,50.091362],[14.755618,50.091146],[14.755591,50.091153]]]},"properties":{"id":1536768204,"ku":"Tlustovousy","p":"200/1","druh":"ostatní plocha","vyuziti":"neplodná půda","vymera":234,"lv":10001}},{"type":"Feature","geometry":{"type":"Polygon","coordinates":[[[14.758267,50.092678],[14.756625,50.092405],[14.756573,50.092533],[14.758219,50.092809],[14.758267,50.092678]],[[14.758257,50.092678],[14.758244,50.092715],[14.758105,50.092693],[14.758119,50.092655],[14.758257,50.092678]]]},"properties":{"id":1536806204,"ku":"Tlustovousy","p":"202/41","druh":"zahrada","vyuziti":null,"vymera":1761,"lv":186}},{"type":"Feature","geometry":{"type":"Polygon","coordinates":[[[14.754703,50.091831],[14.754622,50.092024],[14.754919,50.092066],[14.755009,50.091868],[14.754703,50.091831]]]},"properties":{"id":1536807204,"ku":"Tlustovousy","p":"202/42","druh":"zahrada","vyuziti":null,"vymera":496,"lv":20}},{"type":"Feature","geometry":{"type":"Polygon","coordinates":[[[14.755442,50.091624],[14.755587,50.091277],[14.755421,50.091361],[14.755245,50.091331],[14.755139,50.091572],[14.755442,50.091624]]]},"properties":{"id":1536778204,"ku":"Tlustovousy","p":"202/10","druh":"zahrada","vyuziti":null,"vymera":673,"lv":552}},{"type":"Feature","geometry":{"type":"Polygon","coordinates":[[[14.755139,50.091572],[14.755233,50.09136],[14.754927,50.09131],[14.754836,50.09152],[14.755139,50.091572]]]},"properties":{"id":1536779204,"ku":"Tlustovousy","p":"202/11","druh":"zahrada","vyuziti":null,"vymera":548,"lv":20}},{"type":"Feature","geometry":{"type":"Polygon","coordinates":[[[14.757047,50.092195],[14.757116,50.091894],[14.756808,50.091856],[14.756761,50.092066],[14.756732,50.092143],[14.757047,50.092195]]]},"properties":{"id":1536782204,"ku":"Tlustovousy","p":"202/15","druh":"zahrada","vyuziti":null,"vymera":744,"lv":162}},{"type":"Feature","geometry":{"type":"Polygon","coordinates":[[[14.758814,50.094087],[14.758788,50.093944],[14.758172,50.093988],[14.758082,50.094143],[14.758814,50.094087]]]},"properties":{"id":1536818204,"ku":"Tlustovousy","p":"204/11","druh":"zahrada","vyuziti":null,"vymera":789,"lv":433}},{"type":"Feature","geometry":{"type":"Polygon","coordinates":[[[14.760277,50.095354],[14.76031,50.095316],[14.760187,50.095332],[14.760277,50.095354]]]},"properties":{"id":1536823204,"ku":"Tlustovousy","p":"207/5","druh":"ostatní plocha","vyuziti":"manipulační plocha","vymera":17,"lv":548}},{"type":"Feature","geometry":{"type":"Polygon","coordinates":[[[14.760186,50.095938],[14.760423,50.09607],[14.760603,50.096019],[14.760289,50.095844],[14.760186,50.095938]]]},"properties":{"id":1536865204,"ku":"Tlustovousy","p":"261/6","druh":"trvalý travní porost","vyuziti":null,"vymera":333,"lv":189}},{"type":"Feature","geometry":{"type":"Polygon","coordinates":[[[14.756362,50.091057],[14.756251,50.091048],[14.75619,50.091251],[14.756306,50.091271],[14.756362,50.091057]]]},"properties":{"id":1536769204,"ku":"Tlustovousy","p":"200/3","druh":"zahrada","vyuziti":null,"vymera":197,"lv":161}},{"type":"Feature","geometry":{"type":"Polygon","coordinates":[[[14.757803,50.091747],[14.757481,50.091718],[14.757426,50.091933],[14.757827,50.091978],[14.757862,50.091834],[14.757786,50.091827],[14.757803,50.091747]]]},"properties":{"id":1536773204,"ku":"Tlustovousy","p":"202/4","druh":"zahrada","vyuziti":null,"vymera":669,"lv":171}},{"type":"Feature","geometry":{"type":"Polygon","coordinates":[[[14.757116,50.091894],[14.757426,50.091933],[14.757483,50.09171],[14.757165,50.091684],[14.757116,50.091894]]]},"properties":{"id":1536774204,"ku":"Tlustovousy","p":"202/5","druh":"zahrada","vyuziti":null,"vymera":555,"lv":172}},{"type":"Feature","geometry":{"type":"Polygon","coordinates":[[[14.758711,50.08778],[14.758549,50.087999],[14.759106,50.088161],[14.759097,50.088188],[14.759118,50.088196],[14.759167,50.088009],[14.759209,50.087922],[14.758711,50.08778]]]},"properties":{"id":1536697204,"ku":"Tlustovousy","p":"86/1","druh":"zahrada","vyuziti":null,"vymera":1140,"lv":35}},{"type":"Feature","geometry":{"type":"Polygon","coordinates":[[[14.758711,50.08778],[14.759209,50.087922],[14.759289,50.087814],[14.759186,50.087785],[14.759163,50.087816],[14.759176,50.08782],[14.759139,50.087869],[14.75895,50.08781],[14.758986,50.087762],[14.759031,50.087775],[14.759054,50.087745],[14.758798,50.087666],[14.758711,50.08778]]]},"properties":{"id":1536698204,"ku":"Tlustovousy","p":"86/2","druh":"zahrada","vyuziti":null,"vymera":401,"lv":575}},{"type":"Feature","geometry":{"type":"Polygon","coordinates":[[[14.756934,50.091119],[14.757008,50.090825],[14.756627,50.090802],[14.756557,50.091079],[14.756934,50.091119]],[[14.756899,50.090915],[14.756775,50.0909],[14.756796,50.090829],[14.756919,50.090844],[14.756899,50.090915]]]},"properties":{"id":2411144204,"ku":"Tlustovousy","p":"556","druh":"ostatní plocha","vyuziti":"jiná plocha","vymera":805,"lv":638}},{"type":"Feature","geometry":{"type":"Polygon","coordinates":[[[14.757008,50.090825],[14.756934,50.091119],[14.7573,50.091161],[14.757387,50.090847],[14.757008,50.090825]],[[14.757285,50.090904],[14.757268,50.090968],[14.757128,50.090953],[14.757144,50.090889],[14.757285,50.090904]]]},"properties":{"id":2411145204,"ku":"Tlustovousy","p":"557","druh":"ostatní plocha","vyuziti":"jiná plocha","vymera":845,"lv":645}},{"type":"Feature","geometry":{"type":"Polygon","coordinates":[[[14.753465,50.091129],[14.753442,50.091185],[14.753529,50.0912],[14.753552,50.091144],[14.753465,50.091129]]]},"properties":{"id":2237534204,"ku":"Tlustovousy","p":"st. 129","druh":"zastavěná plocha a nádvoří","vyuziti":null,"vymera":42,"lv":200}},{"type":"Feature","geometry":{"type":"Polygon","coordinates":[[[14.762628,50.09124],[14.762634,50.091165],[14.762572,50.09108],[14.762438,50.090822],[14.762276,50.090654],[14.762103,50.090549],[14.761995,50.090516],[14.761562,50.090279],[14.761396,50.090158],[14.761344,50.090105],[14.76114,50.090213],[14.761083,50.09046],[14.760876,50.090461],[14.760734,50.090427],[14.760643,50.090475],[14.760727,50.090535],[14.761024,50.090687],[14.761268,50.090767],[14.761431,50.090874],[14.761592,50.091029],[14.761814,50.091423],[14.761919,50.091539],[14.76193,50.091643],[14.761876,50.091809],[14.761894,50.091877],[14.762013,50.092012],[14.762123,50.092203],[14.763187,50.092093],[14.763095,50.091758],[14.76311,50.091617],[14.762978,50.091564],[14.76295,50.091479],[14.762902,50.091449],[14.76275,50.091319],[14.76269,50.091239],[14.762628,50.09124]]]},"properties":{"id":1536667204,"ku":"Tlustovousy","p":"59/2","druh":"lesní pozemek","vyuziti":null,"vymera":16283,"lv":10001}},{"type":"Feature","geometry":{"type":"Polygon","coordinates":[[[14.761891,50.094356],[14.762234,50.093949],[14.762393,50.093738],[14.761838,50.093659],[14.761705,50.093941],[14.761567,50.094116],[14.761426,50.094224],[14.761301,50.094288],[14.761138,50.094405],[14.760996,50.094673],[14.761039,50.09477],[14.76116,50.094884],[14.761182,50.094934],[14.7614,50.094691],[14.761488,50.094727],[14.76153,50.094591],[14.761891,50.094356]]]},"properties":{"id":1536671204,"ku":"Tlustovousy","p":"59/8","druh":"lesní pozemek","vyuziti":null,"vymera":4921,"lv":10001}},{"type":"Feature","geometry":{"type":"Polygon","coordinates":[[[14.753566,50.088589],[14.754366,50.088757],[14.754418,50.088641],[14.754982,50.088652],[14.755023,50.088278],[14.753617,50.088128],[14.753405,50.088916],[14.753483,50.088933],[14.753566,50.088589]]]},"properties":{"id":1536725204,"ku":"Tlustovousy","p":"89/1","druh":"ostatní plocha","vyuziti":"neplodná půda","vymera":5553,"lv":10001}},{"type":"Feature","geometry":{"type":"Polygon","coordinates":[[[14.762634,50.091165],[14.762628,50.09124],[14.76269,50.091239],[14.762684,50.091232],[14.762634,50.091165]]]},"properties":{"id":1536686204,"ku":"Tlustovousy","p":"69/6","druh":"orná půda","vyuziti":null,"vymera":18,"lv":10002}},{"type":"Feature","geometry":{"type":"Polygon","coordinates":[[[14.7596,50.090923],[14.759691,50.090974],[14.759746,50.090979],[14.75985,50.090929],[14.760102,50.09091],[14.760278,50.090887],[14.760346,50.090862],[14.760449,50.090753],[14.760705,50.090555],[14.760251,50.090305],[14.760447,50.090475],[14.760422,50.09068],[14.760232,50.090841],[14.760005,50.09088],[14.7596,50.090923]]]},"properties":{"id":1536632204,"ku":"Tlustovousy","p":"49/1","druh":"ostatní plocha","vyuziti":"neplodná půda","vymera":805,"lv":10001}},{"type":"Feature","geometry":{"type":"Polygon","coordinates":[[[14.761489,50.093349],[14.761658,50.093118],[14.759463,50.092839],[14.759401,50.092942],[14.759367,50.093085],[14.761489,50.093349]]]},"properties":{"id":1536637204,"ku":"Tlustovousy","p":"55/4","druh":"ovocný sad","vyuziti":null,"vymera":4441,"lv":34}},{"type":"Feature","geometry":{"type":"Polygon","coordinates":[[[14.762103,50.090549],[14.761682,50.090316],[14.761396,50.090158],[14.761562,50.090279],[14.761995,50.090516],[14.762103,50.090549]]]},"properties":{"id":1536684204,"ku":"Tlustovousy","p":"69/4","druh":"orná půda","vyuziti":null,"vymera":129,"lv":10001}},{"type":"Feature","geometry":{"type":"Polygon","coordinates":[[[14.762109,50.093009],[14.762179,50.092826],[14.761842,50.092781],[14.761746,50.09296],[14.762109,50.093009]]]},"properties":{"id":1536646204,"ku":"Tlustovousy","p":"55/15","druh":"trvalý travní porost","vyuziti":null,"vymera":535,"lv":486}},{"type":"Feature","geometry":{"type":"Polygon","coordinates":[[[14.761702,50.091892],[14.761859,50.092246],[14.761948,50.092583],[14.76229,50.092624],[14.762084,50.092217],[14.761959,50.092014],[14.761825,50.091875],[14.761819,50.091796],[14.761874,50.091639],[14.761864,50.091547],[14.761752,50.09143],[14.761542,50.091085],[14.761502,50.091085],[14.761585,50.091513],[14.761702,50.091892]]]},"properties":{"id":1536651204,"ku":"Tlustovousy","p":"55/20","druh":"trvalý travní porost","vyuziti":null,"vymera":2451,"lv":349}},{"type":"Feature","geometry":{"type":"Polygon","coordinates":[[[14.758193,50.088701],[14.758966,50.088748],[14.759075,50.088352],[14.759034,50.088284],[14.758897,50.088209],[14.75821,50.088203],[14.758193,50.088701]]]},"properties":{"id":1536695204,"ku":"Tlustovousy","p":"80/3","druh":"orná půda","vyuziti":null,"vymera":3373,"lv":303}},{"type":"Feature","geometry":{"type":"Polygon","coordinates":[[[14.75916,50.089548],[14.759309,50.089543],[14.75931,50.08952],[14.759191,50.089521],[14.75916,50.089548]]]},"properties":{"id":1536603204,"ku":"Tlustovousy","p":"34","druh":"ostatní plocha","vyuziti":"neplodná půda","vymera":26,"lv":10001}},{"type":"Feature","geometry":{"type":"Polygon","coordinates":[[[14.761842,50.092781],[14.761948,50.092583],[14.759412,50.092274],[14.759368,50.092376],[14.759249,50.092358],[14.759235,50.092405],[14.759186,50.092399],[14.759175,50.092436],[14.760197,50.092563],[14.761842,50.092781]]]},"properties":{"id":1536640204,"ku":"Tlustovousy","p":"55/7","druh":"orná půda","vyuziti":null,"vymera":4102,"lv":190}},{"type":"Feature","geometry":{"type":"Polygon","coordinates":[[[14.761743,50.089147],[14.761458,50.088772],[14.761412,50.088768],[14.761673,50.089194],[14.761743,50.089147]]]},"properties":{"id":1536614204,"ku":"Tlustovousy","p":"43/5","druh":"zahrada","vyuziti":null,"vymera":232,"lv":147}},{"type":"Feature","geometry":{"type":"Polygon","coordinates":[[[14.760945,50.094674],[14.761052,50.094482],[14.760204,50.094387],[14.760324,50.095043],[14.760297,50.095061],[14.760396,50.095232],[14.76114,50.094955],[14.761112,50.094894],[14.760991,50.094788],[14.760945,50.094674]]]},"properties":{"id":1536658204,"ku":"Tlustovousy","p":"57/1","druh":"trvalý travní porost","vyuziti":null,"vymera":4102,"lv":443}},{"type":"Feature","geometry":{"type":"Polygon","coordinates":[[[14.75929,50.088801],[14.759237,50.088933],[14.759429,50.088898],[14.759948,50.088945],[14.759977,50.088874],[14.75929,50.088801]]]},"properties":{"id":1536607204,"ku":"Tlustovousy","p":"39/3","druh":"zahrada","vyuziti":null,"vymera":471,"lv":202}},{"type":"Feature","geometry":{"type":"Polygon","coordinates":[[[14.757731,50.089285],[14.758065,50.089329],[14.758066,50.089313],[14.757818,50.089282],[14.757935,50.088875],[14.757896,50.088875],[14.757731,50.089285]]]},"properties":{"id":1536582204,"ku":"Tlustovousy","p":"17","druh":"trvalý travní porost","vyuziti":null,"vymera":236,"lv":636}},{"type":"Feature","geometry":{"type":"Polygon","coordinates":[[[14.758825,50.091578],[14.758839,50.091623],[14.758869,50.091614],[14.758875,50.091622],[14.759016,50.091625],[14.75906,50.091433],[14.759032,50.09143],[14.759041,50.091393],[14.759069,50.091395],[14.759078,50.091353],[14.759005,50.091379],[14.758914,50.091426],[14.758859,50.091465],[14.758825,50.091578]]]},"properties":{"id":1536586204,"ku":"Tlustovousy","p":"25/1","druh":"zahrada","vyuziti":null,"vymera":340,"lv":160}},{"type":"Feature","geometry":{"type":"Polygon","coordinates":[[[14.755139,50.091572],[14.754919,50.092066],[14.755233,50.092118],[14.755442,50.091624],[14.755139,50.091572]]]},"properties":{"id":1536786204,"ku":"Tlustovousy","p":"202/19","druh":"zahrada","vyuziti":null,"vymera":1300,"lv":552}},{"type":"Feature","geometry":{"type":"Polygon","coordinates":[[[14.755009,50.091868],[14.755139,50.091572],[14.754836,50.09152],[14.754703,50.091831],[14.755009,50.091868]]]},"properties":{"id":1536787204,"ku":"Tlustovousy","p":"202/20","druh":"zahrada","vyuziti":null,"vymera":781,"lv":20}},{"type":"Feature","geometry":{"type":"Polygon","coordinates":[[[14.754579,50.091364],[14.75432,50.091972],[14.754622,50.092024],[14.754878,50.091423],[14.754579,50.091364]]]},"properties":{"id":1536788204,"ku":"Tlustovousy","p":"202/21","druh":"zahrada","vyuziti":null,"vymera":1557,"lv":276}},{"type":"Feature","geometry":{"type":"Polygon","coordinates":[[[14.753658,50.091708],[14.754123,50.091762],[14.754322,50.091279],[14.754111,50.091241],[14.75411,50.09122],[14.754063,50.091288],[14.753972,50.091261],[14.754019,50.091194],[14.754012,50.091193],[14.753658,50.091708]],[[14.753939,50.091352],[14.754112,50.091395],[14.753998,50.091584],[14.753825,50.09154],[14.753939,50.091352]]]},"properties":{"id":1536790204,"ku":"Tlustovousy","p":"202/23","druh":"zahrada","vyuziti":null,"vymera":1318,"lv":541}},{"type":"Feature","geometry":{"type":"Polygon","coordinates":[[[14.75821,50.092389],[14.758781,50.092485],[14.758846,50.092328],[14.75844,50.09228],[14.758426,50.092307],[14.758251,50.092288],[14.75821,50.092389]],[[14.758285,50.092385],[14.758318,50.092301],[14.758431,50.092319],[14.758396,50.092403],[14.758285,50.092385]]]},"properties":{"id":1536791204,"ku":"Tlustovousy","p":"202/24","druh":"zahrada","vyuziti":null,"vymera":573,"lv":11}},{"type":"Feature","geometry":{"type":"Polygon","coordinates":[[[14.753675,50.091187],[14.753749,50.09102],[14.753908,50.09105],[14.753995,50.090954],[14.753729,50.090906],[14.753343,50.091769],[14.753516,50.091805],[14.7539,50.091226],[14.753675,50.091187]]]},"properties":{"id":1536753204,"ku":"Tlustovousy","p":"195/3","druh":"zahrada","vyuziti":null,"vymera":1506,"lv":550}},{"type":"Feature","geometry":{"type":"Polygon","coordinates":[[[14.760204,50.094387],[14.761052,50.094482],[14.761112,50.094378],[14.761274,50.094269],[14.761402,50.094203],[14.761541,50.094101],[14.761672,50.093931],[14.760927,50.093836],[14.760797,50.093899],[14.760348,50.094082],[14.760188,50.094167],[14.760188,50.094285],[14.760204,50.094387]]]},"properties":{"id":1536663204,"ku":"Tlustovousy","p":"57/6","druh":"trvalý travní porost","vyuziti":null,"vymera":4726,"lv":514}},{"type":"Feature","geometry":{"type":"Polygon","coordinates":[[[14.764098,50.092536],[14.763526,50.092173],[14.7633,50.091683],[14.763105,50.091576],[14.76295,50.091479],[14.762978,50.091564],[14.76311,50.091617],[14.763095,50.091758],[14.763187,50.092093],[14.764088,50.092557],[14.764098,50.092536]]]},"properties":{"id":1536668204,"ku":"Tlustovousy","p":"59/4","druh":"lesní pozemek","vyuziti":null,"vymera":1490,"lv":10001}},{"type":"Feature","geometry":{"type":"Polygon","coordinates":[[[14.76441,50.09216],[14.764114,50.092053],[14.763374,50.091724],[14.7633,50.091683],[14.763526,50.092173],[14.764098,50.092536],[14.764156,50.092417],[14.764248,50.092295],[14.76441,50.09216]]]},"properties":{"id":1536677204,"ku":"Tlustovousy","p":"60/1","druh":"lesní pozemek","vyuziti":null,"vymera":2838,"lv":10001}},{"type":"Feature","geometry":{"type":"Polygon","coordinates":[[[14.755584,50.088957],[14.755638,50.088665],[14.755304,50.088657],[14.755259,50.088908],[14.755584,50.088957]]]},"properties":{"id":1536727204,"ku":"Tlustovousy","p":"89/6","druh":"zahrada","vyuziti":null,"vymera":721,"lv":199}},{"type":"Feature","geometry":{"type":"Polygon","coordinates":[[[14.761897,50.088813],[14.761458,50.088772],[14.761743,50.089147],[14.761818,50.089052],[14.761839,50.088998],[14.761845,50.088919],[14.761897,50.088813]]]},"properties":{"id":1536690204,"ku":"Tlustovousy","p":"74/2","druh":"orná půda","vyuziti":null,"vymera":640,"lv":147}},{"type":"Feature","geometry":{"type":"Polygon","coordinates":[[[14.76049,50.090804],[14.76085,50.090634],[14.760705,50.090555],[14.760449,50.090753],[14.760346,50.090862],[14.76049,50.090804]]]},"properties":{"id":1536633204,"ku":"Tlustovousy","p":"49/2","druh":"trvalý travní porost","vyuziti":null,"vymera":332,"lv":349}},{"type":"Feature","geometry":{"type":"Polygon","coordinates":[[[14.761658,50.093118],[14.761746,50.09296],[14.759576,50.092667],[14.759527,50.092846],[14.761658,50.093118]]]},"properties":{"id":1536638204,"ku":"Tlustovousy","p":"55/5","druh":"ovocný sad","vyuziti":null,"vymera":3014,"lv":18}},{"type":"Feature","geometry":{"type":"Polygon","coordinates":[[[14.759289,50.092631],[14.759258,50.092768],[14.759293,50.092773],[14.759278,50.092816],[14.759527,50.092846],[14.759576,50.092667],[14.759289,50.092631]]]},"properties":{"id":1536643204,"ku":"Tlustovousy","p":"55/11","druh":"zahrada","vyuziti":null,"vymera":411,"lv":18}},{"type":"Feature","geometry":{"type":"Polygon","coordinates":[[[14.762179,50.092826],[14.76229,50.092624],[14.761948,50.092583],[14.761842,50.092781],[14.762179,50.092826]]]},"properties":{"id":1536647204,"ku":"Tlustovousy","p":"55/16","druh":"trvalý travní porost","vyuziti":null,"vymera":577,"lv":190}},{"type":"Feature","geometry":{"type":"Polygon","coordinates":[[[14.760927,50.093836],[14.761404,50.093606],[14.761355,50.093601],[14.760875,50.09383],[14.760927,50.093836]]]},"properties":{"id":1536652204,"ku":"Tlustovousy","p":"55/21","druh":"vodní plocha","vyuziti":"koryto vodního toku přirozené nebo upravené","vymera":114,"lv":183}},{"type":"Feature","geometry":{"type":"Polygon","coordinates":[[[14.758218,50.087907],[14.75821,50.088203],[14.758447,50.088205],[14.758454,50.088131],[14.758427,50.08813],[14.75843,50.088101],[14.758456,50.088102],[14.75846,50.088065],[14.75862,50.088072],[14.758607,50.088206],[14.758897,50.088209],[14.759058,50.088297],[14.759106,50.088161],[14.758218,50.087907]]]},"properties":{"id":1536696204,"ku":"Tlustovousy","p":"84/2","druh":"zahrada","vyuziti":null,"vymera":1120,"lv":569}},{"type":"Feature","geometry":{"type":"Polygon","coordinates":[[[14.759042,50.089512],[14.759043,50.089549],[14.759122,50.089548],[14.759123,50.089519],[14.759042,50.089512]]]},"properties":{"id":1536604204,"ku":"Tlustovousy","p":"35/1","druh":"ostatní plocha","vyuziti":"neplodná půda","vymera":21,"lv":10001}},{"type":"Feature","geometry":{"type":"Polygon","coordinates":[[[14.759803,50.091503],[14.759654,50.092303],[14.761948,50.092583],[14.761859,50.092246],[14.761702,50.091892],[14.761585,50.091513],[14.761502,50.091085],[14.760562,50.091073],[14.760562,50.091535],[14.760339,50.091541],[14.759803,50.091503]]]},"properties":{"id":1536641204,"ku":"Tlustovousy","p":"55/8","druh":"orná půda","vyuziti":null,"vymera":18288,"lv":349}},{"type":"Feature","geometry":{"type":"Polygon","coordinates":[[[14.761643,50.089694],[14.761509,50.08972],[14.761487,50.089759],[14.761442,50.089795],[14.761454,50.090035],[14.761584,50.090006],[14.761885,50.089886],[14.76203,50.089862],[14.762076,50.089864],[14.762204,50.089828],[14.762789,50.090018],[14.762836,50.089913],[14.762097,50.089513],[14.761643,50.089694]]]},"properties":{"id":1536687204,"ku":"Tlustovousy","p":"71/1","druh":"ostatní plocha","vyuziti":"zeleň","vymera":2721,"lv":10001}},{"type":"Feature","geometry":{"type":"Polygon","coordinates":[[[14.754286,50.090893],[14.754021,50.090865],[14.754408,50.090939],[14.754415,50.090916],[14.754286,50.090893]]]},"properties":{"id":2276565204,"ku":"Tlustovousy","p":"90/45","druh":"orná půda","vyuziti":null,"vymera":50,"lv":10001}},{"type":"Feature","geometry":{"type":"Polygon","coordinates":[[[14.759803,50.091503],[14.759947,50.091514],[14.759965,50.091461],[14.759903,50.091453],[14.75993,50.09136],[14.759832,50.091351],[14.759803,50.091503]]]},"properties":{"id":1536590204,"ku":"Tlustovousy","p":"27/1","druh":"ostatní plocha","vyuziti":"neplodná půda","vymera":139,"lv":543}},{"type":"Feature","geometry":{"type":"Polygon","coordinates":[[[14.759115,50.090752],[14.759029,50.090722],[14.759079,50.09075],[14.759118,50.09076],[14.759115,50.090752]]]},"properties":{"id":1536598204,"ku":"Tlustovousy","p":"31/4","druh":"zahrada","vyuziti":null,"vymera":5,"lv":10001}},{"type":"Feature","geometry":{"type":"Polygon","coordinates":[[[14.758263,50.092258],[14.758861,50.092329],[14.758889,50.092116],[14.758237,50.092058],[14.758263,50.092258]]]},"properties":{"id":1536561204,"ku":"Tlustovousy","p":"1/2","druh":"zahrada","vyuziti":null,"vymera":1036,"lv":438}},{"type":"Feature","geometry":{"type":"Polygon","coordinates":[[[14.759401,50.092942],[14.759047,50.092907],[14.759085,50.09305],[14.759367,50.093085],[14.759401,50.092942]]]},"properties":{"id":1536532204,"ku":"Tlustovousy","p":"st. 74","druh":"zastavěná plocha a nádvoří","vyuziti":null,"vymera":360,"lv":34}},{"type":"Feature","geometry":{"type":"Polygon","coordinates":[[[14.755094,50.089203],[14.755311,50.089221],[14.755344,50.089064],[14.755126,50.089049],[14.755094,50.089203]]]},"properties":{"id":1536536204,"ku":"Tlustovousy","p":"st. 77/2","druh":"zastavěná plocha a nádvoří","vyuziti":"společný dvůr","vymera":274,"lv":199}},{"type":"Feature","geometry":{"type":"Polygon","coordinates":[[[14.758469,50.089695],[14.758638,50.089684],[14.758649,50.089645],[14.758538,50.089639],[14.758576,50.089431],[14.758059,50.089416],[14.757605,50.089413],[14.75757,50.089791],[14.758466,50.089933],[14.758469,50.089695]],[[14.75823,50.089615],[14.758228,50.089632],[14.758147,50.089628],[14.75816,50.089522],[14.758303,50.08953],[14.758293,50.089618],[14.75823,50.089615]]]},"properties":{"id":1536576204,"ku":"Tlustovousy","p":"11/1","druh":"ovocný sad","vyuziti":null,"vymera":3215,"lv":568}},{"type":"Feature","geometry":{"type":"Polygon","coordinates":[[[14.766353,50.098146],[14.766422,50.098037],[14.765154,50.098131],[14.764495,50.098142],[14.763542,50.098078],[14.763191,50.098034],[14.762465,50.097875],[14.761736,50.097677],[14.761172,50.097513],[14.759282,50.096917],[14.758987,50.096833],[14.758908,50.096925],[14.759685,50.097143],[14.761684,50.097762],[14.762391,50.097957],[14.763175,50.098123],[14.763511,50.098168],[14.764488,50.09823],[14.764845,50.098219],[14.765039,50.09822],[14.765087,50.098231],[14.765173,50.098235],[14.766353,50.098146]]]},"properties":{"id":1974578204,"ku":"Tlustovousy","p":"474","druh":"ostatní plocha","vyuziti":"ostatní komunikace","vymera":5720,"lv":10001}},{"type":"Feature","geometry":{"type":"Polygon","coordinates":[[[14.756903,50.086829],[14.756762,50.087107],[14.759917,50.08678],[14.75997,50.086511],[14.756903,50.086829]]]},"properties":{"id":1974560204,"ku":"Tlustovousy","p":"456","druh":"orná půda","vyuziti":null,"vymera":6520,"lv":449}},{"type":"Feature","geometry":{"type":"Polygon","coordinates":[[[14.761532,50.089275],[14.761637,50.089213],[14.761224,50.089251],[14.761247,50.089327],[14.761532,50.089275]]]},"properties":{"id":1536616204,"ku":"Tlustovousy","p":"43/7","druh":"ostatní plocha","vyuziti":"jiná plocha","vymera":180,"lv":147}},{"type":"Feature","geometry":{"type":"Polygon","coordinates":[[[14.760368,50.095243],[14.760183,50.094908],[14.76017,50.095274],[14.760324,50.095259],[14.760368,50.095243]]]},"properties":{"id":1536659204,"ku":"Tlustovousy","p":"57/2","druh":"trvalý travní porost","vyuziti":null,"vymera":293,"lv":548}},{"type":"Feature","geometry":{"type":"Polygon","coordinates":[[[14.75929,50.088801],[14.759977,50.088874],[14.760023,50.088759],[14.759337,50.088685],[14.75929,50.088801]]]},"properties":{"id":1536608204,"ku":"Tlustovousy","p":"39/4","druh":"zahrada","vyuziti":null,"vymera":656,"lv":15}},{"type":"Feature","geometry":{"type":"Polygon","coordinates":[[[14.758132,50.08908],[14.758113,50.089148],[14.75851,50.089184],[14.758552,50.089079],[14.758561,50.089081],[14.758622,50.088909],[14.757935,50.088875],[14.757885,50.089049],[14.758132,50.08908]]]},"properties":{"id":1536583204,"ku":"Tlustovousy","p":"18/1","druh":"zahrada","vyuziti":null,"vymera":1288,"lv":635}},{"type":"Feature","geometry":{"type":"Polygon","coordinates":[[[14.758857,50.091648],[14.75894,50.091746],[14.759074,50.09178],[14.759102,50.091677],[14.759007,50.091666],[14.759016,50.091625],[14.758875,50.091622],[14.758888,50.091639],[14.758857,50.091648]]]},"properties":{"id":1536587204,"ku":"Tlustovousy","p":"25/2","druh":"zahrada","vyuziti":null,"vymera":181,"lv":150}},{"type":"Feature","geometry":{"type":"Polygon","coordinates":[[[14.761267,50.089362],[14.761598,50.089277],[14.761507,50.089299],[14.761265,50.089326],[14.761267,50.089362]]]},"properties":{"id":1536626204,"ku":"Tlustovousy","p":"46/11","druh":"orná půda","vyuziti":null,"vymera":37,"lv":147}},{"type":"Feature","geometry":{"type":"Polygon","coordinates":[[[14.759029,50.090722],[14.759115,50.090752],[14.759182,50.090739],[14.759158,50.090635],[14.759145,50.090637],[14.759162,50.090693],[14.75908,50.090704],[14.759077,50.090697],[14.759022,50.0907],[14.759029,50.090722]]]},"properties":{"id":1536599204,"ku":"Tlustovousy","p":"31/5","druh":"zahrada","vyuziti":null,"vymera":56,"lv":157}},{"type":"Feature","geometry":{"type":"Polygon","coordinates":[[[14.759172,50.09333],[14.759197,50.09343],[14.759558,50.09349],[14.759489,50.093564],[14.759762,50.093671],[14.759799,50.09363],[14.759878,50.093626],[14.759954,50.093521],[14.759982,50.09343],[14.759172,50.09333]]]},"properties":{"id":1536524204,"ku":"Tlustovousy","p":"st. 66","druh":"zastavěná plocha a nádvoří","vyuziti":null,"vymera":1041,"lv":183}},{"type":"Feature","geometry":{"type":"Polygon","coordinates":[[[14.758496,50.091684],[14.758261,50.091647],[14.758242,50.091753],[14.75828,50.091757],[14.75829,50.091728],[14.758434,50.091754],[14.758496,50.091684]]]},"properties":{"id":1536562204,"ku":"Tlustovousy","p":"2/1","druh":"zahrada","vyuziti":null,"vymera":139,"lv":438}},{"type":"Feature","geometry":{"type":"Polygon","coordinates":[[[14.75933,50.093349],[14.759982,50.09343],[14.76,50.093342],[14.759613,50.0933],[14.759566,50.093222],[14.759374,50.093199],[14.75933,50.093349]]]},"properties":{"id":1536533204,"ku":"Tlustovousy","p":"st. 75","druh":"zastavěná plocha a nádvoří","vyuziti":null,"vymera":574,"lv":191}},{"type":"Feature","geometry":{"type":"Polygon","coordinates":[[[14.758607,50.088206],[14.75862,50.088072],[14.75846,50.088065],[14.758456,50.088102],[14.75843,50.088101],[14.758427,50.08813],[14.758454,50.088131],[14.758447,50.088205],[14.758607,50.088206]]]},"properties":{"id":1536537204,"ku":"Tlustovousy","p":"st. 78","druh":"zastavěná plocha a nádvoří","vyuziti":null,"vymera":181,"lv":569}},{"type":"Feature","geometry":{"type":"Polygon","coordinates":[[[14.75681,50.089674],[14.75757,50.089791],[14.757605,50.089413],[14.756466,50.089375],[14.75681,50.089674]]]},"properties":{"id":1536577204,"ku":"Tlustovousy","p":"11/2","druh":"orná půda","vyuziti":null,"vymera":2464,"lv":153}},{"type":"Feature","geometry":{"type":"Polygon","coordinates":[[[14.76484,50.095002],[14.765058,50.09473],[14.763036,50.094029],[14.762704,50.094262],[14.76484,50.095002]]]},"properties":{"id":1974579204,"ku":"Tlustovousy","p":"475","druh":"orná půda","vyuziti":null,"vymera":5749,"lv":439}},{"type":"Feature","geometry":{"type":"Polygon","coordinates":[[[14.760607,50.096064],[14.760841,50.096014],[14.761017,50.096004],[14.761232,50.096014],[14.761601,50.096069],[14.761661,50.096048],[14.761781,50.095808],[14.761725,50.095885],[14.761634,50.095955],[14.761525,50.095995],[14.76139,50.095988],[14.761305,50.095966],[14.761179,50.095919],[14.760625,50.096013],[14.760423,50.09607],[14.76008,50.096209],[14.759752,50.096435],[14.760105,50.096243],[14.760389,50.096125],[14.760607,50.096064]]]},"properties":{"id":1974561204,"ku":"Tlustovousy","p":"457","druh":"ostatní plocha","vyuziti":"zeleň","vymera":811,"lv":10001}},{"type":"Feature","geometry":{"type":"Polygon","coordinates":[[[14.743937,50.095753],[14.74391,50.095683],[14.74383,50.095649],[14.743324,50.095551],[14.742593,50.095432],[14.742277,50.095366],[14.741723,50.095244],[14.741587,50.095177],[14.74153,50.095277],[14.741414,50.095419],[14.741298,50.095599],[14.741227,50.095765],[14.741943,50.095898],[14.742632,50.095972],[14.743132,50.096052],[14.743422,50.096082],[14.743651,50.096115],[14.743795,50.096063],[14.743937,50.095753]]]},"properties":{"id":1974012204,"ku":"Tlustovousy","p":"330","druh":"ostatní plocha","vyuziti":"jiná plocha","vymera":10928,"lv":10001}},{"type":"Feature","geometry":{"type":"Polygon","coordinates":[[[14.743282,50.093294],[14.74333,50.093378],[14.743418,50.093582],[14.744205,50.093784],[14.745339,50.094133],[14.745529,50.094086],[14.745007,50.093863],[14.74449,50.093666],[14.744346,50.093588],[14.744292,50.093468],[14.744286,50.093258],[14.744257,50.093307],[14.744226,50.093403],[14.744101,50.093382],[14.744065,50.093271],[14.743802,50.093225],[14.743633,50.093256],[14.743546,50.093329],[14.743282,50.093294]]]},"properties":{"id":1974016204,"ku":"Tlustovousy","p":"334","druh":"trvalý travní porost","vyuziti":null,"vymera":4565,"lv":602}},{"type":"Feature","geometry":{"type":"Polygon","coordinates":[[[14.75851,50.089184],[14.758543,50.089186],[14.758529,50.089241],[14.758618,50.089251],[14.75874,50.089298],[14.758823,50.089119],[14.758552,50.089079],[14.75851,50.089184]]]},"properties":{"id":1536494204,"ku":"Tlustovousy","p":"st. 33","druh":"zastavěná plocha a nádvoří","vyuziti":null,"vymera":342,"lv":633}},{"type":"Feature","geometry":{"type":"Polygon","coordinates":[[[14.759337,50.088685],[14.759384,50.088552],[14.759203,50.088529],[14.759153,50.088655],[14.759337,50.088685]]]},"properties":{"id":1536498204,"ku":"Tlustovousy","p":"st. 38","druh":"zastavěná plocha a nádvoří","vyuziti":null,"vymera":201,"lv":35}},{"type":"Feature","geometry":{"type":"Polygon","coordinates":[[[14.757871,50.090814],[14.757882,50.090766],[14.757779,50.090757],[14.757726,50.090794],[14.757671,50.09082],[14.757971,50.090861],[14.757974,50.090822],[14.757871,50.090814]],[[14.7578,50.090781],[14.757831,50.090783],[14.757827,50.090806],[14.757796,50.090803],[14.7578,50.090781]]]},"properties":{"id":2411136204,"ku":"Tlustovousy","p":"548","druh":"ostatní plocha","vyuziti":"jiná plocha","vymera":114,"lv":629}},{"type":"Feature","geometry":{"type":"Polygon","coordinates":[[[14.757294,50.090842],[14.757012,50.09081],[14.757008,50.090825],[14.757294,50.090842]]]},"properties":{"id":2411141204,"ku":"Tlustovousy","p":"553","druh":"ostatní plocha","vyuziti":"jiná plocha","vymera":16,"lv":645}},{"type":"Feature","geometry":{"type":"Polygon","coordinates":[[[14.755138,50.090162],[14.755036,50.090468],[14.755436,50.090532],[14.755503,50.090211],[14.755138,50.090162]],[[14.75532,50.090369],[14.755292,50.090443],[14.755104,50.090415],[14.755149,50.090291],[14.755265,50.090309],[14.755246,50.090358],[14.75532,50.090369]]]},"properties":{"id":2411149204,"ku":"Tlustovousy","p":"539","druh":"ostatní plocha","vyuziti":"jiná plocha","vymera":835,"lv":615}},{"type":"Feature","geometry":{"type":"Polygon","coordinates":[[[14.756193,50.091042],[14.756557,50.091079],[14.756627,50.090802],[14.756259,50.09078],[14.756193,50.091042]],[[14.756507,50.091011],[14.756298,50.090989],[14.756318,50.090911],[14.756527,50.090934],[14.756507,50.091011]],[[14.75659,50.090897],[14.756542,50.090893],[14.756556,50.090837],[14.756515,50.090832],[14.756523,50.090802],[14.756612,50.090812],[14.75659,50.090897]]]},"properties":{"id":2411143204,"ku":"Tlustovousy","p":"555","druh":"ostatní plocha","vyuziti":"jiná plocha","vymera":622,"lv":652}},{"type":"Feature","geometry":{"type":"Polygon","coordinates":[[[14.760562,50.091073],[14.760549,50.09091],[14.76049,50.090804],[14.760278,50.090887],[14.760062,50.090913],[14.760079,50.091091],[14.760562,50.091073]]]},"properties":{"id":1536468204,"ku":"Tlustovousy","p":"st. 9","druh":"zastavěná plocha a nádvoří","vyuziti":null,"vymera":813,"lv":349}},{"type":"Feature","geometry":{"type":"Polygon","coordinates":[[[14.758945,50.09108],[14.75885,50.091086],[14.758847,50.091237],[14.758966,50.091237],[14.758945,50.09108]]]},"properties":{"id":1536472204,"ku":"Tlustovousy","p":"st. 12/2","druh":"zastavěná plocha a nádvoří","vyuziti":null,"vymera":133,"lv":165}},{"type":"Feature","geometry":{"type":"Polygon","coordinates":[[[14.758737,50.093444],[14.758789,50.09333],[14.758564,50.093293],[14.758517,50.093407],[14.758737,50.093444]]]},"properties":{"id":1536511204,"ku":"Tlustovousy","p":"st. 53","druh":"zastavěná plocha a nádvoří","vyuziti":null,"vymera":216,"lv":32}},{"type":"Feature","geometry":{"type":"Polygon","coordinates":[[[14.758727,50.089896],[14.758685,50.089681],[14.758469,50.089695],[14.758466,50.089933],[14.758557,50.08994],[14.758565,50.089977],[14.758742,50.089964],[14.758732,50.089918],[14.758568,50.089929],[14.758563,50.089907],[14.758727,50.089896]]]},"properties":{"id":1536483204,"ku":"Tlustovousy","p":"st. 21","druh":"zastavěná plocha a nádvoří","vyuziti":null,"vymera":500,"lv":196}},{"type":"Feature","geometry":{"type":"Polygon","coordinates":[[[14.753741,50.08516],[14.753302,50.084516],[14.750709,50.085083],[14.751151,50.085727],[14.753741,50.08516]]]},"properties":{"id":1974447204,"ku":"Tlustovousy","p":"422","druh":"orná půda","vyuziti":null,"vymera":15275,"lv":175}},{"type":"Feature","geometry":{"type":"Polygon","coordinates":[[[14.754891,50.094699],[14.754352,50.09461],[14.753396,50.094495],[14.752535,50.094371],[14.752528,50.094379],[14.753386,50.094511],[14.75382,50.094586],[14.754307,50.094697],[14.755753,50.095096],[14.756882,50.095308],[14.757323,50.095354],[14.757517,50.095439],[14.757759,50.095611],[14.758284,50.095948],[14.758398,50.09601],[14.758418,50.096003],[14.758093,50.095786],[14.757391,50.095255],[14.757089,50.095135],[14.756667,50.095046],[14.754891,50.094699]]]},"properties":{"id":1974433204,"ku":"Tlustovousy","p":"408","druh":"ostatní plocha","vyuziti":"zeleň","vymera":5583,"lv":10001}},{"type":"Feature","geometry":{"type":"Polygon","coordinates":[[[14.746743,50.086665],[14.747313,50.087546],[14.747526,50.087848],[14.747647,50.087983],[14.747701,50.088005],[14.747847,50.088012],[14.748238,50.087968],[14.748468,50.087978],[14.748596,50.087973],[14.749871,50.087442],[14.749977,50.087382],[14.750304,50.087245],[14.750432,50.087208],[14.750601,50.087139],[14.751228,50.086908],[14.751665,50.086734],[14.751714,50.086628],[14.751671,50.086565],[14.746743,50.086665]]]},"properties":{"id":1974298204,"ku":"Tlustovousy","p":"386","druh":"orná půda","vyuziti":null,"vymera":33429,"lv":508}},{"type":"Feature","geometry":{"type":"Polygon","coordinates":[[[14.753387,50.088982],[14.753405,50.088916],[14.752538,50.088749],[14.751852,50.088601],[14.748805,50.088032],[14.748559,50.088103],[14.749255,50.088192],[14.751003,50.088515],[14.752512,50.088819],[14.753387,50.088982]]]},"properties":{"id":1974315204,"ku":"Tlustovousy","p":"391","druh":"ostatní plocha","vyuziti":"ostatní komunikace","vymera":2907,"lv":10001}},{"type":"Feature","geometry":{"type":"Polygon","coordinates":[[[14.752869,50.095905],[14.753216,50.096017],[14.753765,50.096213],[14.754197,50.096351],[14.754827,50.09654],[14.755151,50.096645],[14.755279,50.09667],[14.755312,50.096622],[14.754946,50.096466],[14.754597,50.096343],[14.754312,50.096221],[14.753999,50.096107],[14.753675,50.095967],[14.753386,50.095857],[14.753112,50.095792],[14.752243,50.095691],[14.7516,50.095657],[14.751041,50.095613],[14.750435,50.095541],[14.749885,50.095591],[14.749538,50.095603],[14.74953,50.095666],[14.749882,50.09568],[14.750418,50.09562],[14.750657,50.095622],[14.751919,50.095782],[14.752404,50.095858],[14.752869,50.095905]]]},"properties":{"id":1974372204,"ku":"Tlustovousy","p":"395","druh":"ostatní plocha","vyuziti":"zeleň","vymera":5568,"lv":10001}},{"type":"Feature","geometry":{"type":"Polygon","coordinates":[[[14.734932,50.085977],[14.734875,50.085943],[14.734834,50.084781],[14.734961,50.083898],[14.734957,50.083677],[14.734902,50.083681],[14.734905,50.083897],[14.734778,50.084782],[14.73482,50.085944],[14.734764,50.085981],[14.734932,50.085977]]]},"properties":{"id":1974234204,"ku":"Tlustovousy","p":"374","druh":"ostatní plocha","vyuziti":"ostatní komunikace","vymera":1040,"lv":10001}},{"type":"Feature","geometry":{"type":"Polygon","coordinates":[[[14.745529,50.085704],[14.744819,50.085598],[14.744357,50.08726],[14.745046,50.087442],[14.745529,50.085704]]]},"properties":{"id":1974273204,"ku":"Tlustovousy","p":"378","druh":"orná půda","vyuziti":null,"vymera":10006,"lv":491}},{"type":"Feature","geometry":{"type":"Polygon","coordinates":[[[14.753483,50.088933],[14.753707,50.088973],[14.753811,50.088746],[14.753895,50.088659],[14.753566,50.088589],[14.753483,50.088933]]]},"properties":{"id":1536528204,"ku":"Tlustovousy","p":"st. 70","druh":"zastavěná plocha a nádvoří","vyuziti":null,"vymera":741,"lv":151}},{"type":"Feature","geometry":{"type":"Polygon","coordinates":[[[14.755786,50.091566],[14.755953,50.091597],[14.756069,50.091317],[14.755905,50.09129],[14.755786,50.091566]]]},"properties":{"id":1536504204,"ku":"Tlustovousy","p":"st. 44","druh":"zastavěná plocha a nádvoří","vyuziti":null,"vymera":393,"lv":179}},{"type":"Feature","geometry":{"type":"Polygon","coordinates":[[[14.759102,50.089119],[14.759137,50.089026],[14.759146,50.089028],[14.759169,50.088974],[14.759217,50.088982],[14.759237,50.088933],[14.759053,50.088901],[14.758971,50.089098],[14.759102,50.089119]]]},"properties":{"id":1536541204,"ku":"Tlustovousy","p":"st. 82","druh":"zastavěná plocha a nádvoří","vyuziti":null,"vymera":243,"lv":334}},{"type":"Feature","geometry":{"type":"Polygon","coordinates":[[[14.749778,50.097219],[14.75133,50.097656],[14.75171,50.096623],[14.75014,50.096237],[14.749778,50.097219]]]},"properties":{"id":1974294204,"ku":"Tlustovousy","p":"382","druh":"orná půda","vyuziti":null,"vymera":13726,"lv":10001}},{"type":"Feature","geometry":{"type":"Polygon","coordinates":[[[14.749123,50.097041],[14.749349,50.097093],[14.749294,50.097032],[14.749534,50.09622],[14.749539,50.095882],[14.749475,50.095793],[14.749438,50.096216],[14.749204,50.097017],[14.749123,50.097041]]]},"properties":{"id":1974204204,"ku":"Tlustovousy","p":"368","druh":"ostatní plocha","vyuziti":"ostatní komunikace","vymera":916,"lv":10001}},{"type":"Feature","geometry":{"type":"Polygon","coordinates":[[[14.746047,50.089299],[14.747397,50.08945],[14.747834,50.089515],[14.747897,50.089545],[14.748902,50.089817],[14.748713,50.089587],[14.74857,50.089583],[14.748368,50.089523],[14.747963,50.089432],[14.74723,50.089324],[14.7469,50.089284],[14.74642,50.089237],[14.746096,50.089195],[14.745566,50.089103],[14.745242,50.08904],[14.744492,50.088867],[14.744204,50.088829],[14.743784,50.088855],[14.743442,50.088896],[14.742933,50.088971],[14.742429,50.089014],[14.741984,50.089001],[14.74155,50.088953],[14.740271,50.088704],[14.74022,50.088754],[14.740264,50.088769],[14.741128,50.088935],[14.741516,50.089024],[14.741984,50.089072],[14.74243,50.089091],[14.742704,50.08908],[14.743779,50.088935],[14.743995,50.088931],[14.74423,50.088938],[14.744532,50.08898],[14.744812,50.089053],[14.745556,50.089221],[14.746047,50.089299]]]},"properties":{"id":1974195204,"ku":"Tlustovousy","p":"360","druh":"ostatní plocha","vyuziti":"ostatní komunikace","vymera":6727,"lv":10001}},{"type":"Feature","geometry":{"type":"Polygon","coordinates":[[[14.748402,50.096864],[14.748668,50.096936],[14.749041,50.095888],[14.748879,50.095857],[14.748798,50.095749],[14.748402,50.096864]]]},"properties":{"id":1974199204,"ku":"Tlustovousy","p":"364","druh":"orná půda","vyuziti":null,"vymera":2451,"lv":651}},{"type":"Feature","geometry":{"type":"Polygon","coordinates":[[[14.740271,50.088704],[14.74155,50.088953],[14.741733,50.088974],[14.741849,50.088608],[14.739324,50.088178],[14.739232,50.088516],[14.740271,50.088704]]]},"properties":{"id":1974074204,"ku":"Tlustovousy","p":"346","druh":"orná půda","vyuziti":null,"vymera":7443,"lv":593}},{"type":"Feature","geometry":{"type":"Polygon","coordinates":[[[14.746223,50.095227],[14.747601,50.095233],[14.748477,50.095353],[14.748628,50.095376],[14.749,50.095487],[14.749482,50.095598],[14.749488,50.09556],[14.749899,50.095546],[14.74997,50.095315],[14.749982,50.09509],[14.750011,50.09503],[14.750324,50.093883],[14.749808,50.093915],[14.748819,50.094099],[14.74721,50.094282],[14.746028,50.094443],[14.745525,50.094547],[14.744783,50.094738],[14.744645,50.094798],[14.744489,50.094829],[14.744599,50.094868],[14.744661,50.094854],[14.745227,50.094973],[14.745895,50.095163],[14.746223,50.095227]]]},"properties":{"id":1974133204,"ku":"Tlustovousy","p":"350","druh":"orná půda","vyuziti":null,"vymera":42697,"lv":680}},{"type":"Feature","geometry":{"type":"Polygon","coordinates":[[[14.758762,50.091547],[14.758839,50.091623],[14.758825,50.091578],[14.758859,50.091465],[14.758762,50.091547]]]},"properties":{"id":1536869204,"ku":"Tlustovousy","p":"262/5","druh":"ostatní plocha","vyuziti":"ostatní komunikace","vymera":39,"lv":10001}},{"type":"Feature","geometry":{"type":"Polygon","coordinates":[[[14.758501,50.091614],[14.758577,50.091623],[14.758587,50.091581],[14.758515,50.09157],[14.758501,50.091614]]]},"properties":{"id":1536874204,"ku":"Tlustovousy","p":"262/12","druh":"ostatní plocha","vyuziti":"ostatní komunikace","vymera":26,"lv":10001}},{"type":"Feature","geometry":{"type":"Polygon","coordinates":[[[14.7573,50.091161],[14.757213,50.091151],[14.757173,50.091311],[14.75689,50.091265],[14.756842,50.091362],[14.757222,50.091413],[14.7573,50.091161]]]},"properties":{"id":1536948204,"ku":"Tlustovousy","p":"306","druh":"zahrada","vyuziti":null,"vymera":401,"lv":545}},{"type":"Feature","geometry":{"type":"Polygon","coordinates":[[[14.754807,50.086319],[14.756371,50.08571],[14.755996,50.085135],[14.755764,50.085242],[14.754334,50.085811],[14.754307,50.085906],[14.754807,50.086319]]]},"properties":{"id":1974541204,"ku":"Tlustovousy","p":"437","druh":"orná půda","vyuziti":null,"vymera":9255,"lv":487}},{"type":"Feature","geometry":{"type":"Polygon","coordinates":[[[14.754275,50.085754],[14.755774,50.085154],[14.755925,50.085054],[14.756447,50.084776],[14.756149,50.084602],[14.754051,50.085536],[14.754188,50.085737],[14.754275,50.085754]]]},"properties":{"id":1974545204,"ku":"Tlustovousy","p":"441","druh":"orná půda","vyuziti":null,"vymera":6014,"lv":23}},{"type":"Feature","geometry":{"type":"Polygon","coordinates":[[[14.759982,50.09343],[14.761404,50.093606],[14.761489,50.093349],[14.760035,50.093168],[14.759982,50.09343]]]},"properties":{"id":1536636204,"ku":"Tlustovousy","p":"55/3","druh":"orná půda","vyuziti":null,"vymera":3069,"lv":191}},{"type":"Feature","geometry":{"type":"Polygon","coordinates":[[[14.758431,50.092319],[14.758318,50.092301],[14.758285,50.092385],[14.758396,50.092403],[14.758431,50.092319]]]},"properties":{"id":1536551204,"ku":"Tlustovousy","p":"st. 92","druh":"zastavěná plocha a nádvoří","vyuziti":null,"vymera":80,"lv":11}},{"type":"Feature","geometry":{"type":"Polygon","coordinates":[[[14.761307,50.088899],[14.761286,50.088844],[14.761172,50.088862],[14.761191,50.088916],[14.761307,50.088899]]]},"properties":{"id":1536556204,"ku":"Tlustovousy","p":"st. 97","druh":"zastavěná plocha a nádvoří","vyuziti":null,"vymera":54,"lv":147}},{"type":"Feature","geometry":{"type":"Polygon","coordinates":[[[14.76003,50.091236],[14.760558,50.091307],[14.760562,50.091073],[14.759919,50.091097],[14.76003,50.091236]]]},"properties":{"id":1536592204,"ku":"Tlustovousy","p":"28/2","druh":"zahrada","vyuziti":null,"vymera":858,"lv":23}},{"type":"Feature","geometry":{"type":"Polygon","coordinates":[[[14.757914,50.091123],[14.757545,50.091082],[14.757534,50.091122],[14.757689,50.09114],[14.757648,50.091293],[14.757589,50.091286],[14.757585,50.091297],[14.757538,50.091292],[14.757542,50.091281],[14.757493,50.091275],[14.757307,50.091265],[14.75725,50.09143],[14.757439,50.091446],[14.757801,50.091455],[14.757839,50.091398],[14.757914,50.091123]]]},"properties":{"id":1536566204,"ku":"Tlustovousy","p":"5/1","druh":"zahrada","vyuziti":null,"vymera":1106,"lv":684}},{"type":"Feature","geometry":{"type":"Polygon","coordinates":[[[14.738373,50.0929],[14.738705,50.092643],[14.738654,50.092637],[14.738565,50.092611],[14.738574,50.092557],[14.738461,50.092489],[14.738351,50.092501],[14.73817,50.092662],[14.738058,50.092748],[14.738373,50.0929]]]},"properties":{"id":1973998204,"ku":"Tlustovousy","p":"321","druh":"trvalý travní porost","vyuziti":null,"vymera":1075,"lv":510}},{"type":"Feature","geometry":{"type":"Polygon","coordinates":[[[14.759232,50.090729],[14.759115,50.090752],[14.759157,50.090844],[14.759233,50.090829],[14.759215,50.090787],[14.759254,50.090779],[14.759232,50.090729]]]},"properties":{"id":1536469204,"ku":"Tlustovousy","p":"st. 10","druh":"zastavěná plocha a nádvoří","vyuziti":null,"vymera":79,"lv":10001}},{"type":"Feature","geometry":{"type":"Polygon","coordinates":[[[14.758652,50.091003],[14.758941,50.090984],[14.758899,50.090805],[14.758605,50.090829],[14.758652,50.091003]]]},"properties":{"id":1536470204,"ku":"Tlustovousy","p":"st. 11","druh":"zastavěná plocha a nádvoří","vyuziti":null,"vymera":422,"lv":52}},{"type":"Feature","geometry":{"type":"Polygon","coordinates":[[[14.758814,50.091238],[14.758803,50.091353],[14.758886,50.091355],[14.759012,50.091296],[14.759041,50.091239],[14.758814,50.091238]]]},"properties":{"id":1536473204,"ku":"Tlustovousy","p":"st. 13","druh":"zastavěná plocha a nádvoří","vyuziti":null,"vymera":168,"lv":23}},{"type":"Feature","geometry":{"type":"Polygon","coordinates":[[[14.758814,50.091238],[14.758847,50.091237],[14.75885,50.091086],[14.758662,50.091092],[14.758658,50.091154],[14.758637,50.091153],[14.758628,50.091184],[14.758609,50.091348],[14.758803,50.091353],[14.758814,50.091238]]]},"properties":{"id":1536474204,"ku":"Tlustovousy","p":"st. 14/1","druh":"zastavěná plocha a nádvoří","vyuziti":null,"vymera":418,"lv":26}},{"type":"Feature","geometry":{"type":"Polygon","coordinates":[[[14.758823,50.093246],[14.758779,50.093239],[14.758798,50.093194],[14.758619,50.093164],[14.758564,50.093293],[14.758789,50.09333],[14.758796,50.093313],[14.75882,50.093311],[14.75883,50.093284],[14.758811,50.093275],[14.758823,50.093246]]]},"properties":{"id":1536512204,"ku":"Tlustovousy","p":"st. 54","druh":"zastavěná plocha a nádvoří","vyuziti":null,"vymera":234,"lv":185}},{"type":"Feature","geometry":{"type":"Polygon","coordinates":[[[14.759042,50.089267],[14.759061,50.089354],[14.759024,50.089358],[14.759039,50.089423],[14.759177,50.089411],[14.759179,50.089421],[14.759304,50.089417],[14.75953,50.089458],[14.759622,50.089236],[14.759075,50.089182],[14.759042,50.089267]]]},"properties":{"id":1536486204,"ku":"Tlustovousy","p":"st. 27/1","druh":"zastavěná plocha a nádvoří","vyuziti":null,"vymera":938,"lv":659}},{"type":"Feature","geometry":{"type":"Polygon","coordinates":[[[14.744352,50.083061],[14.744815,50.083213],[14.749635,50.083568],[14.750647,50.083456],[14.75237,50.083079],[14.752119,50.082798],[14.751517,50.082943],[14.751007,50.083042],[14.750295,50.083132],[14.749996,50.083154],[14.744415,50.082743],[14.744352,50.083061]]]},"properties":{"id":1974445204,"ku":"Tlustovousy","p":"420","druh":"orná půda","vyuziti":null,"vymera":25559,"lv":null}},{"type":"Feature","geometry":{"type":"Polygon","coordinates":[[[14.751043,50.08789],[14.751443,50.087924],[14.75173,50.086788],[14.751276,50.08697],[14.751043,50.08789]]]},"properties":{"id":1974413204,"ku":"Tlustovousy","p":"405","druh":"orná půda","vyuziti":null,"vymera":3333,"lv":null}},{"type":"Feature","geometry":{"type":"Polygon","coordinates":[[[14.74352,50.083372],[14.74368,50.083406],[14.744936,50.083625],[14.74519,50.08368],[14.745187,50.083634],[14.744963,50.083599],[14.744248,50.083457],[14.74352,50.083372]]]},"properties":{"id":1978576204,"ku":"Tlustovousy","p":"406","druh":"ostatní plocha","vyuziti":"zeleň","vymera":449,"lv":null}},{"type":"Feature","geometry":{"type":"Polygon","coordinates":[[[14.745187,50.083634],[14.745112,50.083489],[14.745061,50.083436],[14.744946,50.083368],[14.744163,50.083101],[14.744122,50.083301],[14.744063,50.083431],[14.744248,50.083457],[14.744963,50.083599],[14.745187,50.083634]]]},"properties":{"id":1974434204,"ku":"Tlustovousy","p":"409","druh":"orná půda","vyuziti":null,"vymera":2173,"lv":null}},{"type":"Feature","geometry":{"type":"Polygon","coordinates":[[[14.752553,50.088752],[14.753405,50.088916],[14.753617,50.088128],[14.75416,50.08592],[14.754082,50.085911],[14.753895,50.085976],[14.75352,50.086081],[14.753186,50.086212],[14.752608,50.08847],[14.752553,50.088752]]]},"properties":{"id":1974435204,"ku":"Tlustovousy","p":"410","druh":"orná půda","vyuziti":null,"vymera":20241,"lv":null}},{"type":"Feature","geometry":{"type":"Polygon","coordinates":[[[14.748805,50.088032],[14.750656,50.088374],[14.750984,50.087076],[14.75061,50.087216],[14.748791,50.087976],[14.748805,50.088032]]]},"properties":{"id":1974299204,"ku":"Tlustovousy","p":"387","druh":"orná půda","vyuziti":null,"vymera":10688,"lv":null}},{"type":"Feature","geometry":{"type":"Polygon","coordinates":[[[14.73611,50.083651],[14.736106,50.083594],[14.734957,50.083677],[14.734958,50.083734],[14.73611,50.083651]]]},"properties":{"id":1974313204,"ku":"Tlustovousy","p":"389","druh":"orná půda","vyuziti":null,"vymera":524,"lv":null}},{"type":"Feature","geometry":{"type":"Polygon","coordinates":[[[14.750909,50.088422],[14.751043,50.08789],[14.751276,50.08697],[14.750984,50.087076],[14.750656,50.088374],[14.750909,50.088422]]]},"properties":{"id":1974332204,"ku":"Tlustovousy","p":"392","druh":"orná půda","vyuziti":null,"vymera":2902,"lv":null}},{"type":"Feature","geometry":{"type":"Polygon","coordinates":[[[14.750909,50.088422],[14.751297,50.088499],[14.751443,50.087924],[14.751043,50.08789],[14.750909,50.088422]]]},"properties":{"id":1974333204,"ku":"Tlustovousy","p":"393","druh":"orná půda","vyuziti":null,"vymera":1798,"lv":null}},{"type":"Feature","geometry":{"type":"Polygon","coordinates":[[[14.74997,50.095315],[14.750115,50.095332],[14.750409,50.095269],[14.750584,50.095268],[14.750713,50.095285],[14.750994,50.095384],[14.750809,50.094972],[14.751027,50.094831],[14.75137,50.094799],[14.751548,50.094658],[14.751094,50.094512],[14.750868,50.094405],[14.750775,50.094265],[14.750826,50.094098],[14.750835,50.094013],[14.750813,50.093966],[14.750734,50.093906],[14.750611,50.093882],[14.750422,50.093877],[14.750324,50.093883],[14.750011,50.09503],[14.749982,50.09509],[14.74997,50.095315]]]},"properties":{"id":1974214204,"ku":"Tlustovousy","p":"371","druh":"ostatní plocha","vyuziti":"zeleň","vymera":9533,"lv":null}},{"type":"Feature","geometry":{"type":"Polygon","coordinates":[[[14.734764,50.085981],[14.73482,50.085944],[14.734791,50.085137],[14.734143,50.085239],[14.733587,50.085367],[14.732886,50.085557],[14.732518,50.085682],[14.731803,50.086054],[14.734764,50.085981]]]},"properties":{"id":1974252204,"ku":"Tlustovousy","p":"375","druh":"orná půda","vyuziti":null,"vymera":12635,"lv":null}},{"type":"Feature","geometry":{"type":"Polygon","coordinates":[[[14.749539,50.095882],[14.749534,50.09622],[14.749621,50.096173],[14.749737,50.096157],[14.749954,50.096195],[14.750256,50.096263],[14.750889,50.096418],[14.75094,50.09634],[14.751109,50.095924],[14.751393,50.095828],[14.750526,50.095726],[14.750247,50.095763],[14.74992,50.095855],[14.749721,50.095853],[14.749539,50.095882]]]},"properties":{"id":1974253204,"ku":"Tlustovousy","p":"376","druh":"ostatní plocha","vyuziti":"skládka","vymera":5944,"lv":null}},{"type":"Feature","geometry":{"type":"Polygon","coordinates":[[[14.745046,50.087442],[14.745639,50.087598],[14.74734,50.08795],[14.747393,50.087914],[14.746443,50.086486],[14.746211,50.086168],[14.745879,50.085757],[14.745529,50.085704],[14.745046,50.087442]]]},"properties":{"id":1974274204,"ku":"Tlustovousy","p":"379","druh":"orná půda","vyuziti":null,"vymera":20977,"lv":null}},{"type":"Feature","geometry":{"type":"Polygon","coordinates":[[[14.74442,50.085538],[14.744043,50.085482],[14.743604,50.087062],[14.74397,50.087158],[14.74442,50.085538]]]},"properties":{"id":1974292204,"ku":"Tlustovousy","p":"380","druh":"orná půda","vyuziti":null,"vymera":4999,"lv":null}},{"type":"Feature","geometry":{"type":"Polygon","coordinates":[[[14.754161,50.090976],[14.753972,50.091261],[14.754063,50.091288],[14.75411,50.09122],[14.754111,50.091241],[14.754322,50.091279],[14.75443,50.091024],[14.754161,50.090976]]]},"properties":{"id":1536525204,"ku":"Tlustovousy","p":"st. 67","druh":"zastavěná plocha a nádvoří","vyuziti":null,"vymera":687,"lv":null}},{"type":"Feature","geometry":{"type":"Polygon","coordinates":[[[14.756029,50.089092],[14.756004,50.089268],[14.756202,50.08928],[14.756198,50.089256],[14.756098,50.089251],[14.756108,50.089188],[14.756209,50.089193],[14.756197,50.089162],[14.756171,50.089161],[14.756179,50.089108],[14.756029,50.089092]]]},"properties":{"id":1536530204,"ku":"Tlustovousy","p":"st. 72","druh":"zastavěná plocha a nádvoří","vyuziti":null,"vymera":196,"lv":null}},{"type":"Feature","geometry":{"type":"Polygon","coordinates":[[[14.760377,50.095781],[14.760504,50.095871],[14.760551,50.095865],[14.760677,50.095785],[14.760487,50.095686],[14.760477,50.095709],[14.760377,50.095781]]]},"properties":{"id":1536531204,"ku":"Tlustovousy","p":"st. 73","druh":"zastavěná plocha a nádvoří","vyuziti":null,"vymera":229,"lv":null}},{"type":"Feature","geometry":{"type":"Polygon","coordinates":[[[14.762246,50.099106],[14.762686,50.098519],[14.759325,50.097366],[14.759513,50.097095],[14.758908,50.096925],[14.758484,50.097393],[14.758692,50.097431],[14.759283,50.097689],[14.759516,50.097778],[14.759796,50.097959],[14.760106,50.098062],[14.760378,50.09837],[14.76069,50.098486],[14.76093,50.098494],[14.76121,50.098781],[14.761637,50.099054],[14.761635,50.099063],[14.762246,50.099106]]]},"properties":{"id":1974562204,"ku":"Tlustovousy","p":"458","druh":"ostatní plocha","vyuziti":"zeleň","vymera":19288,"lv":null}},{"type":"Feature","geometry":{"type":"Polygon","coordinates":[[[14.759385,50.09889],[14.759437,50.099157],[14.761182,50.099398],[14.761436,50.099185],[14.761318,50.099038],[14.759317,50.098761],[14.759385,50.09889]]]},"properties":{"id":1974565204,"ku":"Tlustovousy","p":"461","druh":"orná půda","vyuziti":null,"vymera":5848,"lv":null}},{"type":"Feature","geometry":{"type":"Polygon","coordinates":[[[14.759325,50.097366],[14.762686,50.098519],[14.763009,50.098088],[14.762391,50.097957],[14.761684,50.097762],[14.759513,50.097095],[14.759325,50.097366]]]},"properties":{"id":1974569204,"ku":"Tlustovousy","p":"465","druh":"orná půda","vyuziti":null,"vymera":11001,"lv":null}},{"type":"Feature","geometry":{"type":"Polygon","coordinates":[[[14.762246,50.099106],[14.762965,50.099157],[14.763698,50.098179],[14.763511,50.098168],[14.763175,50.098123],[14.763009,50.098088],[14.762246,50.099106]]]},"properties":{"id":1974582204,"ku":"Tlustovousy","p":"478","druh":"orná půda","vyuziti":null,"vymera":5962,"lv":null}},{"type":"Feature","geometry":{"type":"Polygon","coordinates":[[[14.760478,50.101547],[14.761864,50.101739],[14.763343,50.101944],[14.763365,50.101722],[14.763324,50.101473],[14.760033,50.101017],[14.760478,50.101547]]]},"properties":{"id":1974585204,"ku":"Tlustovousy","p":"481","druh":"orná půda","vyuziti":null,"vymera":11528,"lv":null}},{"type":"Feature","geometry":{"type":"Polygon","coordinates":[[[14.763821,50.093228],[14.765722,50.093887],[14.765804,50.093762],[14.763922,50.09311],[14.763821,50.093228]]]},"properties":{"id":1974586204,"ku":"Tlustovousy","p":"482","druh":"ostatní plocha","vyuziti":"zeleň","vymera":2305,"lv":null}},{"type":"Feature","geometry":{"type":"Polygon","coordinates":[[[14.762965,50.099157],[14.764229,50.099247],[14.764293,50.099133],[14.765039,50.09822],[14.764845,50.098219],[14.764488,50.09823],[14.763698,50.098179],[14.762965,50.099157]]]},"properties":{"id":1974589204,"ku":"Tlustovousy","p":"485","druh":"orná půda","vyuziti":null,"vymera":10556,"lv":null}},{"type":"Feature","geometry":{"type":"Polygon","coordinates":[[[14.763505,50.093582],[14.765433,50.094251],[14.76551,50.09415],[14.765597,50.094075],[14.763666,50.093406],[14.763505,50.093582]]]},"properties":{"id":1974590204,"ku":"Tlustovousy","p":"486","druh":"orná půda","vyuziti":null,"vymera":3562,"lv":null}},{"type":"Feature","geometry":{"type":"Polygon","coordinates":[[[14.75985,50.087126],[14.759763,50.087289],[14.759791,50.087266],[14.75985,50.087265],[14.759918,50.087136],[14.760085,50.08627],[14.760015,50.086277],[14.75985,50.087126]]]},"properties":{"id":1974571204,"ku":"Tlustovousy","p":"467","druh":"ostatní plocha","vyuziti":"ostatní komunikace","vymera":561,"lv":null}},{"type":"Feature","geometry":{"type":"Polygon","coordinates":[[[14.761896,50.095124],[14.761949,50.094943],[14.761986,50.094861],[14.762054,50.094742],[14.762188,50.094584],[14.76235,50.094413],[14.762731,50.094179],[14.762996,50.093963],[14.763268,50.093679],[14.763676,50.093144],[14.763813,50.093007],[14.763399,50.092855],[14.763095,50.092888],[14.762574,50.093498],[14.762234,50.093949],[14.761891,50.094356],[14.76153,50.094591],[14.761401,50.094986],[14.761411,50.095045],[14.761896,50.095124]]]},"properties":{"id":1974574204,"ku":"Tlustovousy","p":"470","druh":"lesní pozemek","vyuziti":null,"vymera":12236,"lv":null}},{"type":"Feature","geometry":{"type":"Polygon","coordinates":[[[14.760071,50.088638],[14.761897,50.088813],[14.761939,50.088721],[14.762184,50.088558],[14.762655,50.088294],[14.763088,50.088115],[14.763399,50.088015],[14.763248,50.087838],[14.76014,50.086448],[14.760084,50.086444],[14.760092,50.086382],[14.760086,50.086278],[14.759918,50.087136],[14.75985,50.087265],[14.759417,50.087801],[14.759282,50.088031],[14.759149,50.088502],[14.75921,50.088509],[14.759214,50.088499],[14.759315,50.088514],[14.759311,50.088543],[14.760071,50.088638]]]},"properties":{"id":1974575204,"ku":"Tlustovousy","p":"471","druh":"orná půda","vyuziti":null,"vymera":44216,"lv":null}},{"type":"Feature","geometry":{"type":"Polygon","coordinates":[[[14.742412,50.086838],[14.740105,50.086251],[14.739859,50.08623],[14.739324,50.088178],[14.741849,50.088608],[14.742412,50.086838]]]},"properties":{"id":1974138204,"ku":"Tlustovousy","p":"355","druh":"orná půda","vyuziti":null,"vymera":40204,"lv":null}},{"type":"Feature","geometry":{"type":"Polygon","coordinates":[[[14.730964,50.086463],[14.733045,50.088361],[14.732883,50.089032],[14.733168,50.08918],[14.734325,50.089895],[14.734804,50.090031],[14.735593,50.086051],[14.731699,50.086147],[14.730964,50.086463]]]},"properties":{"id":1974152204,"ku":"Tlustovousy","p":"356","druh":"orná půda","vyuziti":null,"vymera":82582,"lv":null}},{"type":"Feature","geometry":{"type":"Polygon","coordinates":[[[14.74147,50.089847],[14.741642,50.089357],[14.740024,50.089119],[14.73988,50.08942],[14.739826,50.089605],[14.74147,50.089847]]]},"properties":{"id":1974033204,"ku":"Tlustovousy","p":"339","druh":"orná půda","vyuziti":null,"vymera":6728,"lv":null}},{"type":"Feature","geometry":{"type":"Polygon","coordinates":[[[14.741462,50.089871],[14.74147,50.089847],[14.739826,50.089605],[14.739818,50.089628],[14.741462,50.089871]]]},"properties":{"id":1974032204,"ku":"Tlustovousy","p":"338","druh":"orná půda","vyuziti":null,"vymera":328,"lv":null}},{"type":"Feature","geometry":{"type":"Polygon","coordinates":[[[14.755604,50.091238],[14.755309,50.091181],[14.755245,50.091331],[14.755421,50.091361],[14.755587,50.091277],[14.755604,50.091238]]]},"properties":{"id":1536502204,"ku":"Tlustovousy","p":"st. 42","druh":"zastavěná plocha a nádvoří","vyuziti":null,"vymera":321,"lv":null}},{"type":"Feature","geometry":{"type":"Polygon","coordinates":[[[14.756493,50.091389],[14.756371,50.091367],[14.75636,50.091421],[14.756184,50.091391],[14.756117,50.091549],[14.756414,50.091602],[14.756444,50.091534],[14.756558,50.091554],[14.756583,50.091494],[14.756454,50.091471],[14.756493,50.091389]]]},"properties":{"id":1536505204,"ku":"Tlustovousy","p":"st. 45","druh":"zastavěná plocha a nádvoří","vyuziti":null,"vymera":512,"lv":null}},{"type":"Feature","geometry":{"type":"Polygon","coordinates":[[[14.755062,50.089055],[14.755113,50.089059],[14.755127,50.088991],[14.755077,50.088987],[14.755062,50.089055]]]},"properties":{"id":1536542204,"ku":"Tlustovousy","p":"st. 83","druh":"zastavěná plocha a nádvoří","vyuziti":null,"vymera":28,"lv":null}},{"type":"Feature","geometry":{"type":"Polygon","coordinates":[[[14.758621,50.092876],[14.758219,50.092809],[14.758165,50.092938],[14.758569,50.093007],[14.758621,50.092876]]]},"properties":{"id":1536516204,"ku":"Tlustovousy","p":"st. 58","druh":"zastavěná plocha a nádvoří","vyuziti":null,"vymera":446,"lv":null}},{"type":"Feature","geometry":{"type":"Polygon","coordinates":[[[14.734875,50.085943],[14.734932,50.085977],[14.736532,50.085938],[14.73692,50.085962],[14.73711,50.083632],[14.736949,50.083635],[14.73676,50.083605],[14.734958,50.083734],[14.734961,50.083898],[14.734834,50.084781],[14.734875,50.085943]]]},"properties":{"id":1974295204,"ku":"Tlustovousy","p":"383","druh":"orná půda","vyuziti":null,"vymera":38933,"lv":null}},{"type":"Feature","geometry":{"type":"Polygon","coordinates":[[[14.753386,50.095857],[14.753675,50.095967],[14.753999,50.096107],[14.754312,50.096221],[14.754597,50.096343],[14.754946,50.096466],[14.755312,50.096622],[14.755465,50.096398],[14.755176,50.096341],[14.75426,50.095987],[14.753959,50.095952],[14.7538,50.095906],[14.753575,50.095767],[14.753424,50.095693],[14.753171,50.095608],[14.752744,50.095491],[14.752247,50.095428],[14.751806,50.095405],[14.751383,50.095414],[14.750994,50.095384],[14.750713,50.095285],[14.750584,50.095268],[14.750409,50.095269],[14.750115,50.095332],[14.74997,50.095315],[14.749899,50.095546],[14.749488,50.09556],[14.749476,50.095647],[14.74953,50.095666],[14.749538,50.095603],[14.749885,50.095591],[14.750435,50.095541],[14.751041,50.095613],[14.7516,50.095657],[14.752243,50.095691],[14.753112,50.095792],[14.753386,50.095857]]]},"properties":{"id":1974296204,"ku":"Tlustovousy","p":"384","druh":"ostatní plocha","vyuziti":"zeleň","vymera":10080,"lv":null}},{"type":"Feature","geometry":{"type":"Polygon","coordinates":[[[14.749349,50.097093],[14.749424,50.09711],[14.749494,50.097146],[14.749778,50.097219],[14.75014,50.096237],[14.749954,50.096195],[14.749737,50.096157],[14.749621,50.096173],[14.749534,50.09622],[14.749294,50.097032],[14.749349,50.097093]]]},"properties":{"id":1974212204,"ku":"Tlustovousy","p":"369","druh":"orná půda","vyuziti":null,"vymera":4408,"lv":null}},{"type":"Feature","geometry":{"type":"Polygon","coordinates":[[[14.750835,50.094013],[14.750826,50.094098],[14.750775,50.094265],[14.751045,50.093871],[14.750311,50.093624],[14.750132,50.093807],[14.749808,50.093915],[14.750422,50.093877],[14.750611,50.093882],[14.750734,50.093906],[14.750813,50.093966],[14.750835,50.094013]]]},"properties":{"id":1974213204,"ku":"Tlustovousy","p":"370","druh":"ostatní plocha","vyuziti":"zeleň","vymera":1471,"lv":null}},{"type":"Feature","geometry":{"type":"Polygon","coordinates":[[[14.733045,50.088361],[14.730935,50.086436],[14.730858,50.086469],[14.730644,50.086684],[14.73052,50.086843],[14.730663,50.087142],[14.730925,50.087566],[14.73131,50.087907],[14.731701,50.088196],[14.732096,50.08836],[14.732393,50.088657],[14.732693,50.088929],[14.732883,50.089032],[14.733045,50.088361]]]},"properties":{"id":1974196204,"ku":"Tlustovousy","p":"361","druh":"orná půda","vyuziti":null,"vymera":17902,"lv":null}},{"type":"Feature","geometry":{"type":"Polygon","coordinates":[[[14.747571,50.096692],[14.748402,50.096864],[14.748798,50.095749],[14.748736,50.095666],[14.748593,50.095596],[14.747994,50.095499],[14.747571,50.096692]]]},"properties":{"id":1974197204,"ku":"Tlustovousy","p":"362","druh":"orná půda","vyuziti":null,"vymera":8506,"lv":null}},{"type":"Feature","geometry":{"type":"Polygon","coordinates":[[[14.749438,50.096216],[14.749457,50.096062],[14.749454,50.095978],[14.749041,50.095888],[14.748668,50.096936],[14.74902,50.097031],[14.749047,50.097023],[14.749123,50.097041],[14.749204,50.097017],[14.749438,50.096216]]]},"properties":{"id":1974200204,"ku":"Tlustovousy","p":"365","druh":"orná půda","vyuziti":null,"vymera":4431,"lv":null}},{"type":"Feature","geometry":{"type":"Polygon","coordinates":[[[14.747963,50.089432],[14.748368,50.089523],[14.74857,50.089583],[14.748713,50.089587],[14.748165,50.088752],[14.747522,50.088088],[14.747461,50.08807],[14.745591,50.087682],[14.745072,50.087546],[14.744684,50.088911],[14.745242,50.08904],[14.745566,50.089103],[14.746096,50.089195],[14.74642,50.089237],[14.7469,50.089284],[14.74723,50.089324],[14.747963,50.089432]]]},"properties":{"id":1974202204,"ku":"Tlustovousy","p":"366","druh":"orná půda","vyuziti":null,"vymera":35873,"lv":null}},{"type":"Feature","geometry":{"type":"Polygon","coordinates":[[[14.741733,50.088974],[14.741984,50.089001],[14.742429,50.089014],[14.742933,50.088971],[14.743442,50.088896],[14.743784,50.088855],[14.744204,50.088829],[14.741903,50.088437],[14.741733,50.088974]]]},"properties":{"id":1974078204,"ku":"Tlustovousy","p":"347","druh":"orná půda","vyuziti":null,"vymera":5952,"lv":null}},{"type":"Feature","geometry":{"type":"Polygon","coordinates":[[[14.746574,50.095442],[14.746781,50.095416],[14.747227,50.0954],[14.74763,50.095437],[14.748593,50.095596],[14.748736,50.095666],[14.748879,50.095857],[14.749454,50.095978],[14.749475,50.095793],[14.749067,50.095738],[14.748825,50.095553],[14.748571,50.095489],[14.748035,50.095397],[14.747678,50.095343],[14.74734,50.095329],[14.746561,50.095338],[14.74626,50.09532],[14.745695,50.095186],[14.7453,50.095066],[14.744522,50.094924],[14.744473,50.09496],[14.744861,50.095038],[14.745509,50.095183],[14.746179,50.095384],[14.746401,50.095431],[14.746574,50.095442]]]},"properties":{"id":1974079204,"ku":"Tlustovousy","p":"348","druh":"ostatní plocha","vyuziti":"zeleň","vymera":3822,"lv":null}},{"type":"Feature","geometry":{"type":"Polygon","coordinates":[[[14.746791,50.092004],[14.746962,50.091063],[14.747053,50.090643],[14.747214,50.090519],[14.747516,50.090324],[14.74759,50.090226],[14.747803,50.089725],[14.747897,50.089545],[14.747834,50.089515],[14.747749,50.089689],[14.747527,50.090225],[14.747154,50.090479],[14.746991,50.090499],[14.746719,50.091996],[14.746584,50.092508],[14.74645,50.092938],[14.746289,50.093521],[14.74619,50.094102],[14.746242,50.094112],[14.746279,50.093838],[14.74635,50.093517],[14.746649,50.092533],[14.746791,50.092004]]]},"properties":{"id":1974134204,"ku":"Tlustovousy","p":"351","druh":"ostatní plocha","vyuziti":"jiná plocha","vymera":2757,"lv":null}},{"type":"Feature","geometry":{"type":"Polygon","coordinates":[[[14.735833,50.089108],[14.735924,50.088537],[14.736419,50.086031],[14.735593,50.086051],[14.734804,50.090031],[14.735167,50.090135],[14.735636,50.090236],[14.735784,50.089514],[14.73576,50.089454],[14.735833,50.089108]]]},"properties":{"id":1974135204,"ku":"Tlustovousy","p":"352","druh":"orná půda","vyuziti":null,"vymera":27242,"lv":null}},{"type":"Feature","geometry":{"type":"Polygon","coordinates":[[[14.755908,50.091283],[14.755607,50.09123],[14.755312,50.091173],[14.755309,50.091181],[14.755604,50.091238],[14.755905,50.09129],[14.755908,50.091283]]]},"properties":{"id":1536902204,"ku":"Tlustovousy","p":"279/6","druh":"zahrada","vyuziti":null,"vymera":39,"lv":null}},{"type":"Feature","geometry":{"type":"Polygon","coordinates":[[[14.755905,50.09129],[14.756208,50.091337],[14.755908,50.091283],[14.755905,50.09129]]]},"properties":{"id":1536903204,"ku":"Tlustovousy","p":"279/7","druh":"zahrada","vyuziti":null,"vymera":13,"lv":null}},{"type":"Feature","geometry":{"type":"Polygon","coordinates":[[[14.756371,50.091367],[14.756208,50.091337],[14.756206,50.09134],[14.756371,50.091367]]]},"properties":{"id":1536904204,"ku":"Tlustovousy","p":"279/8","druh":"zahrada","vyuziti":null,"vymera":2,"lv":null}},{"type":"Feature","geometry":{"type":"Polygon","coordinates":[[[14.759381,50.091281],[14.75935,50.091221],[14.759205,50.091225],[14.75917,50.091295],[14.759078,50.091353],[14.759238,50.091369],[14.759227,50.091313],[14.759275,50.091293],[14.759381,50.091281]]]},"properties":{"id":1536870204,"ku":"Tlustovousy","p":"262/6","druh":"ostatní plocha","vyuziti":"ostatní komunikace","vymera":159,"lv":null}},{"type":"Feature","geometry":{"type":"Polygon","coordinates":[[[14.757914,50.090252],[14.757902,50.090299],[14.75808,50.090416],[14.757983,50.090776],[14.757967,50.090917],[14.757914,50.091123],[14.757839,50.091398],[14.757801,50.091455],[14.757947,50.091458],[14.757978,50.091261],[14.758036,50.091088],[14.75809,50.091081],[14.758153,50.091091],[14.75822,50.091193],[14.758233,50.091288],[14.758272,50.09131],[14.758267,50.091323],[14.758353,50.091363],[14.75835,50.09144],[14.758456,50.091416],[14.758695,50.091402],[14.758886,50.091355],[14.758551,50.091346],[14.758548,50.091312],[14.758489,50.091292],[14.758424,50.091308],[14.758453,50.091351],[14.758533,50.091397],[14.758519,50.091405],[14.758483,50.091388],[14.758436,50.091355],[14.758417,50.09133],[14.758192,50.09099],[14.758401,50.091005],[14.758405,50.090981],[14.758246,50.090979],[14.758244,50.090834],[14.758605,50.090829],[14.758899,50.090805],[14.758941,50.090984],[14.758652,50.091003],[14.758619,50.090995],[14.758624,50.091027],[14.758838,50.091036],[14.758974,50.091018],[14.759016,50.091001],[14.75897,50.090891],[14.758935,50.090847],[14.758922,50.090849],[14.758903,50.090778],[14.758422,50.09081],[14.758245,50.090809],[14.758344,50.090412],[14.758289,50.090339],[14.757914,50.090252]]]},"properties":{"id":1536872204,"ku":"Tlustovousy","p":"262/9","druh":"ostatní plocha","vyuziti":"ostatní komunikace","vymera":2960,"lv":null}},{"type":"Feature","geometry":{"type":"Polygon","coordinates":[[[14.758971,50.089098],[14.759053,50.088901],[14.758894,50.088903],[14.758864,50.089032],[14.75874,50.089298],[14.758697,50.089435],[14.758576,50.089431],[14.758561,50.089496],[14.758671,50.089489],[14.758638,50.089684],[14.758678,50.089681],[14.758698,50.089482],[14.758775,50.089453],[14.758865,50.089454],[14.758865,50.089384],[14.758846,50.089313],[14.758869,50.089234],[14.75889,50.089182],[14.759008,50.089104],[14.758971,50.089098]]]},"properties":{"id":1536875204,"ku":"Tlustovousy","p":"263/1","druh":"ostatní plocha","vyuziti":"ostatní komunikace","vymera":703,"lv":null}},{"type":"Feature","geometry":{"type":"Polygon","coordinates":[[[14.756309,50.091265],[14.756765,50.091347],[14.756803,50.091268],[14.756566,50.091236],[14.75658,50.091193],[14.756621,50.091198],[14.756658,50.091089],[14.756362,50.091057],[14.756309,50.091265]]]},"properties":{"id":1536949204,"ku":"Tlustovousy","p":"307","druh":"zahrada","vyuziti":null,"vymera":621,"lv":null}},{"type":"Feature","geometry":{"type":"Polygon","coordinates":[[[14.757032,50.089794],[14.757155,50.08981],[14.757175,50.089748],[14.757051,50.089732],[14.757032,50.089794]]]},"properties":{"id":2225003204,"ku":"Tlustovousy","p":"st. 123","druh":"zastavěná plocha a nádvoří","vyuziti":null,"vymera":63,"lv":null}},{"type":"Feature","geometry":{"type":"Polygon","coordinates":[[[14.738705,50.092643],[14.73936,50.093061],[14.744166,50.094413],[14.745244,50.094154],[14.743914,50.093748],[14.742859,50.093492],[14.741384,50.093169],[14.740018,50.092884],[14.739371,50.092727],[14.738705,50.092643]]]},"properties":{"id":1974004204,"ku":"Tlustovousy","p":"327","druh":"trvalý travní porost","vyuziti":null,"vymera":21694,"lv":null}},{"type":"Feature","geometry":{"type":"Polygon","coordinates":[[[14.737397,50.094502],[14.738576,50.093252],[14.73811,50.093054],[14.737707,50.093331],[14.737796,50.093377],[14.73774,50.093436],[14.737529,50.093611],[14.737369,50.093704],[14.737309,50.093726],[14.737204,50.093678],[14.736972,50.093845],[14.73645,50.09415],[14.736614,50.094222],[14.737397,50.094502]]]},"properties":{"id":1973975204,"ku":"Tlustovousy","p":"313","druh":"orná půda","vyuziti":null,"vymera":8955,"lv":null}},{"type":"Feature","geometry":{"type":"Polygon","coordinates":[[[14.738389,50.094816],[14.739476,50.093674],[14.739493,50.09364],[14.73913,50.093487],[14.738022,50.094661],[14.738063,50.094674],[14.738281,50.094783],[14.738389,50.094816]]]},"properties":{"id":1973994204,"ku":"Tlustovousy","p":"317","druh":"orná půda","vyuziti":null,"vymera":4845,"lv":null}},{"type":"Feature","geometry":{"type":"Polygon","coordinates":[[[14.756043,50.089676],[14.755955,50.090013],[14.756092,50.090044],[14.756261,50.090061],[14.756324,50.0897],[14.756043,50.089676]],[[14.756147,50.089796],[14.75627,50.089807],[14.756226,50.090019],[14.756103,50.090008],[14.756147,50.089796]]]},"properties":{"id":1536579204,"ku":"Tlustovousy","p":"13/2","druh":"zahrada","vyuziti":null,"vymera":635,"lv":null}},{"type":"Feature","geometry":{"type":"Polygon","coordinates":[[[14.759022,50.0907],[14.759077,50.090697],[14.75908,50.090704],[14.759162,50.090693],[14.759145,50.090637],[14.759062,50.090648],[14.759064,50.090657],[14.759012,50.090667],[14.759022,50.0907]]]},"properties":{"id":1536552204,"ku":"Tlustovousy","p":"st. 93","druh":"zastavěná plocha a nádvoří","vyuziti":null,"vymera":54,"lv":null}},{"type":"Feature","geometry":{"type":"Polygon","coordinates":[[[14.758539,50.093929],[14.758537,50.093871],[14.758582,50.093871],[14.758581,50.093848],[14.758567,50.093848],[14.758565,50.093813],[14.758527,50.093814],[14.758527,50.09382],[14.758387,50.093821],[14.758391,50.093931],[14.758452,50.09393],[14.758452,50.093947],[14.7585,50.093947],[14.758499,50.09393],[14.758539,50.093929]]]},"properties":{"id":1536553204,"ku":"Tlustovousy","p":"st. 94","druh":"zastavěná plocha a nádvoří","vyuziti":null,"vymera":152,"lv":null}},{"type":"Feature","geometry":{"type":"Polygon","coordinates":[[[14.753344,50.09105],[14.753434,50.090852],[14.753343,50.090835],[14.753317,50.090911],[14.75318,50.090888],[14.753129,50.091014],[14.753344,50.09105]]]},"properties":{"id":1536557204,"ku":"Tlustovousy","p":"st. 98","druh":"zastavěná plocha a nádvoří","vyuziti":null,"vymera":289,"lv":null}},{"type":"Feature","geometry":{"type":"Polygon","coordinates":[[[14.753049,50.091064],[14.753109,50.091076],[14.753135,50.091019],[14.753074,50.091008],[14.753049,50.091064]]]},"properties":{"id":1536558204,"ku":"Tlustovousy","p":"st. 99","druh":"zastavěná plocha a nádvoří","vyuziti":"společný dvůr","vymera":29,"lv":null}},{"type":"Feature","geometry":{"type":"Polygon","coordinates":[[[14.760079,50.091091],[14.760062,50.090913],[14.75985,50.090929],[14.759746,50.090979],[14.759811,50.090999],[14.759841,50.091019],[14.759919,50.091097],[14.760079,50.091091]]]},"properties":{"id":1536593204,"ku":"Tlustovousy","p":"29","druh":"zahrada","vyuziti":null,"vymera":322,"lv":null}},{"type":"Feature","geometry":{"type":"Polygon","coordinates":[[[14.759368,50.090753],[14.75925,50.090768],[14.759254,50.090779],[14.759215,50.090787],[14.759233,50.090829],[14.75919,50.090837],[14.759198,50.090854],[14.759318,50.090835],[14.759366,50.090776],[14.759381,50.090733],[14.759369,50.090574],[14.759368,50.090753]]]},"properties":{"id":1536595204,"ku":"Tlustovousy","p":"31/1","druh":"zahrada","vyuziti":null,"vymera":93,"lv":null}},{"type":"Feature","geometry":{"type":"Polygon","coordinates":[[[14.757914,50.091123],[14.757957,50.090953],[14.757592,50.090909],[14.757588,50.090926],[14.757732,50.090942],[14.757716,50.091004],[14.757746,50.091008],[14.757735,50.091047],[14.757705,50.091044],[14.75769,50.091098],[14.757914,50.091123]]]},"properties":{"id":1536568204,"ku":"Tlustovousy","p":"5/3","druh":"zahrada","vyuziti":null,"vymera":321,"lv":null}},{"type":"Feature","geometry":{"type":"Polygon","coordinates":[[[14.757459,50.090188],[14.756915,50.089851],[14.75677,50.089741],[14.756616,50.089818],[14.756465,50.089711],[14.756324,50.0897],[14.756256,50.090081],[14.757086,50.090172],[14.757459,50.090188]]]},"properties":{"id":1536569204,"ku":"Tlustovousy","p":"7/1","druh":"ovocný sad","vyuziti":null,"vymera":2442,"lv":null}},{"type":"Feature","geometry":{"type":"Polygon","coordinates":[[[14.740173,50.093764],[14.739706,50.093572],[14.739664,50.093616],[14.740173,50.093764]]]},"properties":{"id":1973999204,"ku":"Tlustovousy","p":"322","druh":"ostatní plocha","vyuziti":"zeleň","vymera":113,"lv":null}},{"type":"Feature","geometry":{"type":"Polygon","coordinates":[[[14.739069,50.095027],[14.739713,50.095323],[14.739843,50.095361],[14.741077,50.094019],[14.740302,50.093817],[14.740173,50.093764],[14.739069,50.095027]]]},"properties":{"id":1974000204,"ku":"Tlustovousy","p":"323","druh":"orná půda","vyuziti":null,"vymera":11444,"lv":null}},{"type":"Feature","geometry":{"type":"Polygon","coordinates":[[[14.742017,50.095308],[14.742743,50.094536],[14.74259,50.094495],[14.741848,50.094255],[14.740577,50.095608],[14.741227,50.095765],[14.741298,50.095599],[14.741414,50.095419],[14.74153,50.095277],[14.741587,50.095177],[14.741723,50.095244],[14.742017,50.095308]]]},"properties":{"id":1974003204,"ku":"Tlustovousy","p":"326","druh":"orná půda","vyuziti":null,"vymera":10242,"lv":null}},{"type":"Feature","geometry":{"type":"Polygon","coordinates":[[[14.75615,50.097046],[14.756271,50.097087],[14.756255,50.097102],[14.756679,50.097239],[14.756672,50.097248],[14.756685,50.097268],[14.756882,50.09729],[14.757024,50.097332],[14.757363,50.097176],[14.757318,50.097149],[14.757077,50.097245],[14.757011,50.097205],[14.756718,50.097189],[14.756702,50.09721],[14.756199,50.097047],[14.75615,50.097046]]]},"properties":{"id":1536944204,"ku":"Tlustovousy","p":"303/2","druh":"vodní plocha","vyuziti":"koryto vodního toku umělé","vymera":540,"lv":null}},{"type":"Feature","geometry":{"type":"Polygon","coordinates":[[[14.737292,50.093615],[14.73811,50.093054],[14.738222,50.092978],[14.73808,50.092918],[14.737761,50.093093],[14.737292,50.093615]]]},"properties":{"id":1973993204,"ku":"Tlustovousy","p":"316","druh":"orná půda","vyuziti":null,"vymera":917,"lv":null}},{"type":"Feature","geometry":{"type":"Polygon","coordinates":[[[14.738472,50.094841],[14.738885,50.094943],[14.739069,50.095027],[14.740173,50.093764],[14.739664,50.093616],[14.739584,50.0937],[14.739403,50.093859],[14.738622,50.094694],[14.738472,50.094841]]]},"properties":{"id":1973997204,"ku":"Tlustovousy","p":"320","druh":"orná půda","vyuziti":null,"vymera":7013,"lv":null}},{"type":"Feature","geometry":{"type":"Polygon","coordinates":[[[14.75286,50.087489],[14.752891,50.087366],[14.752265,50.0873],[14.752233,50.087422],[14.75286,50.087489]]]},"properties":{"id":1536711204,"ku":"Tlustovousy","p":"87/14","druh":"zahrada","vyuziti":null,"vymera":626,"lv":null}},{"type":"Feature","geometry":{"type":"Polygon","coordinates":[[[14.752985,50.086999],[14.753016,50.086877],[14.752389,50.086811],[14.752357,50.086934],[14.752985,50.086999]]]},"properties":{"id":1536715204,"ku":"Tlustovousy","p":"87/18","druh":"zahrada","vyuziti":null,"vymera":629,"lv":null}},{"type":"Feature","geometry":{"type":"Polygon","coordinates":[[[14.755999,50.096823],[14.75615,50.09654],[14.755465,50.096398],[14.755279,50.09667],[14.756042,50.096983],[14.755999,50.096823]]]},"properties":{"id":1536829204,"ku":"Tlustovousy","p":"208/7","druh":"trvalý travní porost","vyuziti":null,"vymera":2181,"lv":null}},{"type":"Feature","geometry":{"type":"Polygon","coordinates":[[[14.755883,50.097463],[14.756017,50.097481],[14.756418,50.097414],[14.756456,50.097326],[14.756435,50.09732],[14.756524,50.097202],[14.756326,50.097138],[14.756334,50.097128],[14.756255,50.097102],[14.756271,50.097087],[14.756051,50.097012],[14.756012,50.097051],[14.755859,50.097061],[14.755855,50.097071],[14.755829,50.097066],[14.755799,50.097089],[14.755699,50.097035],[14.755367,50.097284],[14.755801,50.097525],[14.755883,50.097463]]]},"properties":{"id":1536491204,"ku":"Tlustovousy","p":"st. 31/1","druh":"zastavěná plocha a nádvoří","vyuziti":null,"vymera":2903,"lv":null}},{"type":"Feature","geometry":{"type":"Polygon","coordinates":[[[14.758901,50.09852],[14.759116,50.098863],[14.759232,50.0991],[14.75942,50.099077],[14.759385,50.09889],[14.759329,50.098779],[14.75922,50.098613],[14.759054,50.098384],[14.758799,50.09807],[14.758665,50.097923],[14.758344,50.09762],[14.758336,50.097579],[14.758372,50.097534],[14.758103,50.09746],[14.757821,50.097604],[14.757891,50.097646],[14.758052,50.09768],[14.75822,50.097762],[14.758535,50.098078],[14.758901,50.09852]]]},"properties":{"id":1974548204,"ku":"Tlustovousy","p":"444","druh":"ostatní plocha","vyuziti":"ostatní komunikace","vymera":3601,"lv":null}},{"type":"Feature","geometry":{"type":"Polygon","coordinates":[[[14.759314,50.096577],[14.759547,50.09649],[14.759752,50.096435],[14.76008,50.096209],[14.760423,50.09607],[14.760186,50.095938],[14.759829,50.096161],[14.75984,50.096195],[14.759523,50.0964],[14.759314,50.096577]],[[14.760093,50.096095],[14.760216,50.096003],[14.760307,50.096054],[14.760184,50.096146],[14.760093,50.096095]]]},"properties":{"id":1974553204,"ku":"Tlustovousy","p":"449","druh":"zahrada","vyuziti":null,"vymera":1152,"lv":null}},{"type":"Feature","geometry":{"type":"Polygon","coordinates":[[[14.76016,50.095336],[14.76014,50.095392],[14.760338,50.095419],[14.760374,50.09544],[14.760386,50.095435],[14.760446,50.095543],[14.760434,50.095619],[14.760311,50.095745],[14.76011,50.095912],[14.759995,50.095989],[14.759887,50.096035],[14.759795,50.096047],[14.759708,50.096119],[14.75984,50.096114],[14.759914,50.096092],[14.76017,50.095929],[14.760186,50.095938],[14.760289,50.095844],[14.760477,50.095709],[14.760513,50.095607],[14.760513,50.09553],[14.760406,50.095381],[14.760187,50.095332],[14.76016,50.095336]]]},"properties":{"id":1974556204,"ku":"Tlustovousy","p":"452","druh":"ostatní plocha","vyuziti":"ostatní komunikace","vymera":677,"lv":null}},{"type":"Feature","geometry":{"type":"Polygon","coordinates":[[[14.759143,50.088521],[14.759311,50.088543],[14.759315,50.088514],[14.759214,50.088499],[14.75921,50.088509],[14.759149,50.088502],[14.759143,50.088521]]]},"properties":{"id":1974558204,"ku":"Tlustovousy","p":"454","druh":"ostatní plocha","vyuziti":"jiná plocha","vymera":34,"lv":null}},{"type":"Feature","geometry":{"type":"Polygon","coordinates":[[[14.755016,50.086491],[14.756503,50.085912],[14.756371,50.08571],[14.754807,50.086319],[14.755016,50.086491]]]},"properties":{"id":1974539204,"ku":"Tlustovousy","p":"435","druh":"orná půda","vyuziti":null,"vymera":3078,"lv":null}},{"type":"Feature","geometry":{"type":"Polygon","coordinates":[[[14.758484,50.097393],[14.758995,50.096824],[14.759294,50.096516],[14.759661,50.096158],[14.759795,50.096047],[14.760043,50.095671],[14.76016,50.095336],[14.759998,50.095344],[14.759963,50.095376],[14.75982,50.095695],[14.759619,50.095966],[14.759312,50.096305],[14.759035,50.096541],[14.758721,50.096872],[14.758449,50.097122],[14.75814,50.097313],[14.758157,50.097328],[14.758284,50.097368],[14.758484,50.097393]]]},"properties":{"id":1974540204,"ku":"Tlustovousy","p":"436","druh":"ostatní plocha","vyuziti":"silnice","vymera":3847,"lv":null}},{"type":"Feature","geometry":{"type":"Polygon","coordinates":[[[14.756638,50.087829],[14.756662,50.087849],[14.756601,50.088181],[14.758211,50.088154],[14.758218,50.087907],[14.758384,50.087953],[14.758632,50.087622],[14.756638,50.087829]]]},"properties":{"id":1974543204,"ku":"Tlustovousy","p":"439","druh":"orná půda","vyuziti":null,"vymera":5950,"lv":null}},{"type":"Feature","geometry":{"type":"Polygon","coordinates":[[[14.759067,50.096856],[14.75929,50.096675],[14.759428,50.096588],[14.759752,50.096435],[14.759547,50.09649],[14.759314,50.096577],[14.759523,50.0964],[14.75984,50.096195],[14.759829,50.096161],[14.760186,50.095938],[14.76017,50.095929],[14.759914,50.096092],[14.75984,50.096114],[14.759708,50.096119],[14.759661,50.096158],[14.759294,50.096516],[14.758987,50.096833],[14.759067,50.096856]]]},"properties":{"id":1974544204,"ku":"Tlustovousy","p":"440","druh":"ostatní plocha","vyuziti":"zeleň","vymera":975,"lv":null}},{"type":"Feature","geometry":{"type":"Polygon","coordinates":[[[14.754283,50.098361],[14.754225,50.098386],[14.754916,50.098538],[14.755768,50.098713],[14.757025,50.09892],[14.757033,50.098885],[14.755783,50.098679],[14.754933,50.098504],[14.754283,50.098361]]]},"properties":{"id":1974449204,"ku":"Tlustovousy","p":"424","druh":"ostatní plocha","vyuziti":"ostatní komunikace","vymera":829,"lv":null}},{"type":"Feature","geometry":{"type":"Polygon","coordinates":[[[14.750709,50.085083],[14.753302,50.084516],[14.752799,50.083778],[14.751013,50.084168],[14.750149,50.084264],[14.750709,50.085083]]]},"properties":{"id":1974450204,"ku":"Tlustovousy","p":"425","druh":"orná půda","vyuziti":null,"vymera":17814,"lv":null}},{"type":"Feature","geometry":{"type":"Polygon","coordinates":[[[14.754408,50.090939],[14.754796,50.091013],[14.754804,50.090986],[14.754776,50.090981],[14.754415,50.090916],[14.754408,50.090939]]]},"properties":{"id":2276580204,"ku":"Tlustovousy","p":"90/44","druh":"orná půda","vyuziti":null,"vymera":83,"lv":null}},{"type":"Feature","geometry":{"type":"Polygon","coordinates":[[[14.753434,50.090852],[14.753048,50.091717],[14.753343,50.091769],[14.753618,50.091155],[14.753552,50.091144],[14.753529,50.0912],[14.753442,50.091185],[14.753465,50.091129],[14.753432,50.09113],[14.753407,50.091184],[14.753342,50.091171],[14.753443,50.090961],[14.753609,50.090993],[14.753654,50.090893],[14.753434,50.090852]]]},"properties":{"id":1536754204,"ku":"Tlustovousy","p":"195/4","druh":"zahrada","vyuziti":null,"vymera":1746,"lv":null}},{"type":"Feature","geometry":{"type":"Polygon","coordinates":[[[14.753432,50.09113],[14.753367,50.091118],[14.753342,50.091171],[14.753407,50.091184],[14.753432,50.09113]]]},"properties":{"id":2237533204,"ku":"Tlustovousy","p":"st. 128","druh":"zastavěná plocha a nádvoří","vyuziti":null,"vymera":30,"lv":null}},{"type":"Feature","geometry":{"type":"Polygon","coordinates":[[[14.741848,50.094255],[14.741308,50.09408],[14.741077,50.094019],[14.739843,50.095361],[14.740026,50.095416],[14.740517,50.095593],[14.740577,50.095608],[14.741848,50.094255]]]},"properties":{"id":1974002204,"ku":"Tlustovousy","p":"325","druh":"orná půda","vyuziti":null,"vymera":10496,"lv":null}},{"type":"Feature","geometry":{"type":"Polygon","coordinates":[[[14.740024,50.089119],[14.740142,50.088901],[14.740264,50.088769],[14.74022,50.088754],[14.740099,50.088889],[14.739941,50.089103],[14.73952,50.090117],[14.739233,50.090725],[14.739074,50.090976],[14.738909,50.091312],[14.738852,50.091716],[14.738711,50.092234],[14.738568,50.092572],[14.738565,50.092611],[14.738654,50.092637],[14.739371,50.092727],[14.740018,50.092884],[14.742088,50.093321],[14.743454,50.093632],[14.743914,50.093748],[14.744177,50.093825],[14.745738,50.094306],[14.745782,50.094269],[14.744205,50.093784],[14.743389,50.093575],[14.742114,50.093283],[14.740569,50.092957],[14.739381,50.092695],[14.73862,50.092587],[14.738748,50.092404],[14.738769,50.092217],[14.738869,50.091922],[14.738996,50.091831],[14.739181,50.091491],[14.739227,50.091289],[14.739292,50.091086],[14.73966,50.090128],[14.73988,50.08942],[14.740024,50.089119]]]},"properties":{"id":1978574204,"ku":"Tlustovousy","p":"329","druh":"ostatní plocha","vyuziti":"jiná plocha","vymera":7044,"lv":null}},{"type":"Feature","geometry":{"type":"Polygon","coordinates":[[[14.73913,50.093487],[14.738576,50.093252],[14.737397,50.094502],[14.737606,50.094578],[14.738022,50.094661],[14.73913,50.093487]]]},"properties":{"id":1973992204,"ku":"Tlustovousy","p":"315","druh":"orná půda","vyuziti":null,"vymera":7532,"lv":null}},{"type":"Feature","geometry":{"type":"Polygon","coordinates":[[[14.738472,50.094841],[14.738622,50.094694],[14.739403,50.093859],[14.739584,50.0937],[14.739706,50.093572],[14.739551,50.093522],[14.739476,50.093674],[14.738389,50.094816],[14.738472,50.094841]]]},"properties":{"id":1973996204,"ku":"Tlustovousy","p":"319","druh":"ostatní plocha","vyuziti":"jiná plocha","vymera":1185,"lv":null}},{"type":"Feature","geometry":{"type":"Polygon","coordinates":[[[14.752827,50.087611],[14.75286,50.087489],[14.752233,50.087422],[14.752202,50.087545],[14.752827,50.087611]]]},"properties":{"id":1536710204,"ku":"Tlustovousy","p":"87/13","druh":"zahrada","vyuziti":null,"vymera":629,"lv":null}},{"type":"Feature","geometry":{"type":"Polygon","coordinates":[[[14.752327,50.087056],[14.752953,50.087121],[14.752985,50.086999],[14.752357,50.086934],[14.752327,50.087056]],[[14.752533,50.086977],[14.752588,50.086982],[14.752579,50.087018],[14.752524,50.087012],[14.752533,50.086977]]]},"properties":{"id":1536714204,"ku":"Tlustovousy","p":"87/17","druh":"zahrada","vyuziti":null,"vymera":609,"lv":null}},{"type":"Feature","geometry":{"type":"Polygon","coordinates":[[[14.75245,50.086567],[14.753078,50.086633],[14.753186,50.086212],[14.752467,50.0865],[14.75245,50.086567]]]},"properties":{"id":1536718204,"ku":"Tlustovousy","p":"87/21","druh":"zahrada","vyuziti":null,"vymera":1254,"lv":null}},{"type":"Feature","geometry":{"type":"Polygon","coordinates":[[[14.757387,50.097291],[14.757467,50.097247],[14.757363,50.097176],[14.757024,50.097332],[14.756882,50.09729],[14.756685,50.097268],[14.756672,50.097248],[14.756679,50.097239],[14.756334,50.097128],[14.756326,50.097138],[14.756524,50.097202],[14.75646,50.097286],[14.757286,50.097574],[14.757652,50.097383],[14.757437,50.09733],[14.757387,50.097291]]]},"properties":{"id":1536846204,"ku":"Tlustovousy","p":"232/1","druh":"zahrada","vyuziti":null,"vymera":1628,"lv":null}},{"type":"Feature","geometry":{"type":"Polygon","coordinates":[[[14.756362,50.09707],[14.756317,50.097053],[14.756295,50.097079],[14.756358,50.097101],[14.756363,50.097095],[14.756347,50.097089],[14.756362,50.09707]]]},"properties":{"id":1536492204,"ku":"Tlustovousy","p":"st. 31/2","druh":"zastavěná plocha a nádvoří","vyuziti":null,"vymera":13,"lv":null}},{"type":"Feature","geometry":{"type":"Polygon","coordinates":[[[14.752671,50.088224],[14.752703,50.088101],[14.752079,50.088036],[14.752048,50.088159],[14.752671,50.088224]]]},"properties":{"id":1536705204,"ku":"Tlustovousy","p":"87/8","druh":"zahrada","vyuziti":null,"vymera":627,"lv":null}},{"type":"Feature","geometry":{"type":"Polygon","coordinates":[[[14.752797,50.087734],[14.752827,50.087611],[14.752202,50.087545],[14.752172,50.087668],[14.752797,50.087734]]]},"properties":{"id":1536709204,"ku":"Tlustovousy","p":"87/12","druh":"zahrada","vyuziti":null,"vymera":626,"lv":null}},{"type":"Feature","geometry":{"type":"Polygon","coordinates":[[[14.74515,50.083925],[14.743729,50.083713],[14.743678,50.083854],[14.745116,50.08407],[14.74515,50.083925]]]},"properties":{"id":1974392204,"ku":"Tlustovousy","p":"399","druh":"orná půda","vyuziti":null,"vymera":1698,"lv":null}},{"type":"Feature","geometry":{"type":"Polygon","coordinates":[[[14.757426,50.090466],[14.757362,50.090778],[14.757671,50.09082],[14.757787,50.090758],[14.757846,50.090522],[14.757426,50.090466]],[[14.757401,50.090722],[14.757426,50.090614],[14.757484,50.090619],[14.757459,50.090728],[14.757401,50.090722]]]},"properties":{"id":2411135204,"ku":"Tlustovousy","p":"547","druh":"ostatní plocha","vyuziti":"jiná plocha","vymera":974,"lv":null}},{"type":"Feature","geometry":{"type":"Polygon","coordinates":[[[14.757012,50.09081],[14.756637,50.090761],[14.756627,50.090802],[14.757008,50.090825],[14.757012,50.09081]]]},"properties":{"id":2411140204,"ku":"Tlustovousy","p":"552","druh":"ostatní plocha","vyuziti":"jiná plocha","vymera":87,"lv":null}},{"type":"Feature","geometry":{"type":"Polygon","coordinates":[[[14.755885,50.090261],[14.755739,50.090242],[14.755662,50.090418],[14.755692,50.09042],[14.755676,50.090499],[14.75554,50.090487],[14.755454,50.090533],[14.75582,50.090581],[14.755885,50.090261]]]},"properties":{"id":2411128204,"ku":"Tlustovousy","p":"13/8","druh":"trvalý travní porost","vyuziti":null,"vymera":505,"lv":null}},{"type":"Feature","geometry":{"type":"Polygon","coordinates":[[[14.754736,50.090108],[14.754638,50.090401],[14.755036,50.090468],[14.755138,50.090162],[14.754736,50.090108]],[[14.754808,50.090266],[14.754948,50.090285],[14.754935,50.090324],[14.755028,50.090336],[14.755005,50.090407],[14.754881,50.09039],[14.754888,50.09037],[14.754779,50.090355],[14.754808,50.090266]]]},"properties":{"id":2411148204,"ku":"Tlustovousy","p":"538","druh":"ostatní plocha","vyuziti":"jiná plocha","vymera":837,"lv":null}},{"type":"Feature","geometry":{"type":"Polygon","coordinates":[[[14.755616,50.090144],[14.755452,50.09013],[14.755491,50.089984],[14.754926,50.089911],[14.75487,50.090126],[14.755598,50.090223],[14.755616,50.090144]],[[14.755276,50.089997],[14.755345,50.090006],[14.755348,50.089997],[14.7554,50.090004],[14.755364,50.090116],[14.755236,50.090099],[14.755246,50.090069],[14.75517,50.090059],[14.755196,50.089977],[14.755279,50.089987],[14.755276,50.089997]],[[14.754961,50.090093],[14.754908,50.090087],[14.754944,50.08995],[14.754996,50.089956],[14.754961,50.090093]]]},"properties":{"id":2411152204,"ku":"Tlustovousy","p":"542","druh":"ostatní plocha","vyuziti":"jiná plocha","vymera":877,"lv":null}},{"type":"Feature","geometry":{"type":"Polygon","coordinates":[[[14.756193,50.091042],[14.756259,50.09078],[14.75615,50.090774],[14.756134,50.090824],[14.755965,50.090798],[14.755975,50.090763],[14.755903,50.090759],[14.755846,50.090998],[14.756193,50.091042]]]},"properties":{"id":2411142204,"ku":"Tlustovousy","p":"554","druh":"ostatní plocha","vyuziti":"jiná plocha","vymera":656,"lv":null}},{"type":"Feature","geometry":{"type":"Polygon","coordinates":[[[14.757481,50.091718],[14.757803,50.091747],[14.757786,50.091827],[14.757862,50.091834],[14.75788,50.091754],[14.757858,50.091752],[14.757859,50.09172],[14.75779,50.091715],[14.75779,50.091596],[14.757755,50.091529],[14.757518,50.091531],[14.757481,50.091718]]]},"properties":{"id":1536500204,"ku":"Tlustovousy","p":"st. 40","druh":"zastavěná plocha a nádvoří","vyuziti":null,"vymera":523,"lv":null}},{"type":"Feature","geometry":{"type":"Polygon","coordinates":[[[14.759054,50.091072],[14.758945,50.09108],[14.758966,50.091237],[14.75909,50.091241],[14.759054,50.091072]]]},"properties":{"id":1536471204,"ku":"Tlustovousy","p":"st. 12/1","druh":"zastavěná plocha a nádvoří","vyuziti":null,"vymera":155,"lv":null}},{"type":"Feature","geometry":{"type":"Polygon","coordinates":[[[14.758674,50.092746],[14.758267,50.092678],[14.758219,50.092809],[14.758621,50.092876],[14.758674,50.092746]]]},"properties":{"id":1536509204,"ku":"Tlustovousy","p":"st. 51","druh":"zastavěná plocha a nádvoří","vyuziti":null,"vymera":447,"lv":null}},{"type":"Feature","geometry":{"type":"Polygon","coordinates":[[[14.758515,50.093138],[14.75811,50.093069],[14.758055,50.0932],[14.758461,50.093267],[14.758515,50.093138]]]},"properties":{"id":1536514204,"ku":"Tlustovousy","p":"st. 56","druh":"zastavěná plocha a nádvoří","vyuziti":null,"vymera":456,"lv":null}},{"type":"Feature","geometry":{"type":"Polygon","coordinates":[[[14.75646,50.097958],[14.75708,50.097835],[14.757891,50.097646],[14.757821,50.097604],[14.758103,50.09746],[14.757976,50.09742],[14.757827,50.097419],[14.757333,50.097594],[14.757264,50.097625],[14.756286,50.097836],[14.754643,50.098097],[14.754575,50.098113],[14.754177,50.098276],[14.754076,50.098351],[14.754225,50.098386],[14.754488,50.098272],[14.754791,50.098193],[14.755676,50.098058],[14.75646,50.097958]]]},"properties":{"id":1974446204,"ku":"Tlustovousy","p":"421","druh":"ostatní plocha","vyuziti":"silnice","vymera":4605,"lv":null}},{"type":"Feature","geometry":{"type":"Polygon","coordinates":[[[14.734903,50.083738],[14.734902,50.083681],[14.736106,50.083594],[14.73611,50.083651],[14.73676,50.083605],[14.736679,50.082996],[14.736581,50.082463],[14.736593,50.081878],[14.736308,50.081858],[14.736305,50.081767],[14.735187,50.081729],[14.734476,50.081738],[14.734447,50.081964],[14.733568,50.082011],[14.73336,50.082463],[14.733346,50.082578],[14.73322,50.083014],[14.733186,50.083252],[14.733232,50.083742],[14.733291,50.083849],[14.733641,50.083848],[14.734903,50.083738]]]},"properties":{"id":1974432204,"ku":"Tlustovousy","p":"407","druh":"orná půda","vyuziti":null,"vymera":49945,"lv":null}},{"type":"Feature","geometry":{"type":"Polygon","coordinates":[[[14.755743,50.09599],[14.754612,50.095767],[14.754878,50.095855],[14.755246,50.096013],[14.755645,50.096134],[14.755743,50.09599]]]},"properties":{"id":1974436204,"ku":"Tlustovousy","p":"411","druh":"ostatní plocha","vyuziti":"zeleň","vymera":782,"lv":null}},{"type":"Feature","geometry":{"type":"Polygon","coordinates":[[[14.7466,50.086439],[14.746743,50.086665],[14.751671,50.086565],[14.751357,50.086106],[14.746422,50.086206],[14.7466,50.086439]]]},"properties":{"id":1974314204,"ku":"Tlustovousy","p":"390","druh":"orná půda","vyuziti":null,"vymera":18245,"lv":null}},{"type":"Feature","geometry":{"type":"Polygon","coordinates":[[[14.750526,50.095726],[14.751393,50.095828],[14.752335,50.096002],[14.752758,50.096102],[14.754031,50.096474],[14.755039,50.096796],[14.755372,50.096911],[14.755506,50.097009],[14.755504,50.09711],[14.755347,50.097274],[14.755367,50.097284],[14.755699,50.097035],[14.755799,50.097089],[14.755829,50.097066],[14.755855,50.097071],[14.755859,50.097061],[14.755925,50.097057],[14.755729,50.097013],[14.755058,50.096758],[14.754698,50.096638],[14.75412,50.09647],[14.753731,50.096368],[14.75276,50.096071],[14.75237,50.095971],[14.751539,50.095824],[14.750649,50.095725],[14.750526,50.095726]]]},"properties":{"id":1974334204,"ku":"Tlustovousy","p":"394","druh":"ostatní plocha","vyuziti":"zeleň","vymera":1580,"lv":null}},{"type":"Feature","geometry":{"type":"Polygon","coordinates":[[[14.731605,50.086149],[14.730935,50.086436],[14.730964,50.086463],[14.731699,50.086147],[14.731605,50.086149]]]},"properties":{"id":1974233204,"ku":"Tlustovousy","p":"373","druh":"ostatní plocha","vyuziti":"ostatní komunikace","vymera":215,"lv":null}},{"type":"Feature","geometry":{"type":"Polygon","coordinates":[[[14.74397,50.087158],[14.744357,50.08726],[14.744819,50.085598],[14.74442,50.085538],[14.74397,50.087158]]]},"properties":{"id":1974272204,"ku":"Tlustovousy","p":"377","druh":"orná půda","vyuziti":null,"vymera":5425,"lv":null}},{"type":"Feature","geometry":{"type":"Polygon","coordinates":[[[14.759039,50.089423],[14.759024,50.089358],[14.759061,50.089354],[14.759048,50.089264],[14.758869,50.089234],[14.758846,50.089313],[14.758865,50.089384],[14.758866,50.089439],[14.759039,50.089423]]]},"properties":{"id":1536487204,"ku":"Tlustovousy","p":"st. 27/2","druh":"zastavěná plocha a nádvoří","vyuziti":null,"vymera":267,"lv":null}},{"type":"Feature","geometry":{"type":"Polygon","coordinates":[[[14.755558,50.089096],[14.755533,50.089235],[14.755763,50.089251],[14.755798,50.08905],[14.755703,50.089043],[14.755695,50.089107],[14.755558,50.089096]]]},"properties":{"id":1536527204,"ku":"Tlustovousy","p":"st. 69","druh":"zastavěná plocha a nádvoří","vyuziti":null,"vymera":304,"lv":null}},{"type":"Feature","geometry":{"type":"Polygon","coordinates":[[[14.757974,50.090822],[14.757983,50.090776],[14.757882,50.090766],[14.757871,50.090814],[14.757974,50.090822]]]},"properties":{"id":1536456204,"ku":"Tlustovousy","p":"st. 1/10","druh":"zastavěná plocha a nádvoří","vyuziti":"společný dvůr","vymera":39,"lv":null}},{"type":"Feature","geometry":{"type":"Polygon","coordinates":[[[14.758226,50.091574],[14.758501,50.091614],[14.758534,50.091498],[14.758481,50.091479],[14.758247,50.091497],[14.758226,50.091574]]]},"properties":{"id":1536458204,"ku":"Tlustovousy","p":"st. 3","druh":"zastavěná plocha a nádvoří","vyuziti":null,"vymera":243,"lv":null}},{"type":"Feature","geometry":{"type":"Polygon","coordinates":[[[14.751931,50.088618],[14.752553,50.088752],[14.752608,50.08847],[14.751985,50.088405],[14.751931,50.088618]]]},"properties":{"id":1974395204,"ku":"Tlustovousy","p":"402","druh":"orná půda","vyuziti":null,"vymera":1272,"lv":null}},{"type":"Feature","geometry":{"type":"Polygon","coordinates":[[[14.754702,50.089776],[14.754715,50.089735],[14.754687,50.089732],[14.754701,50.089687],[14.754565,50.08967],[14.754552,50.089714],[14.754524,50.089711],[14.754511,50.089752],[14.754702,50.089776]]]},"properties":{"id":2474169204,"ku":"Tlustovousy","p":"st. 148","druh":"zastavěná plocha a nádvoří","vyuziti":null,"vymera":114,"lv":null}},{"type":"Feature","geometry":{"type":"Polygon","coordinates":[[[14.755602,50.089299],[14.75514,50.089269],[14.754571,50.089194],[14.754876,50.089255],[14.755599,50.089309],[14.755602,50.089299]]]},"properties":{"id":2080313204,"ku":"Tlustovousy","p":"90/32","druh":"orná půda","vyuziti":null,"vymera":83,"lv":null}},{"type":"Feature","geometry":{"type":"Polygon","coordinates":[[[14.756202,50.08928],[14.755311,50.089221],[14.754862,50.089181],[14.753405,50.088916],[14.753387,50.088982],[14.754571,50.089194],[14.75514,50.089269],[14.755713,50.089307],[14.756013,50.089317],[14.756241,50.089358],[14.756282,50.089373],[14.756915,50.089851],[14.757147,50.090002],[14.757597,50.09027],[14.757902,50.090299],[14.757914,50.090252],[14.757674,50.090217],[14.757567,50.090167],[14.757166,50.089923],[14.756959,50.089786],[14.75681,50.089674],[14.756466,50.089375],[14.756256,50.089269],[14.756202,50.08928]]]},"properties":{"id":1536894204,"ku":"Tlustovousy","p":"275/3","druh":"ostatní plocha","vyuziti":"ostatní komunikace","vymera":2630,"lv":null}},{"type":"Feature","geometry":{"type":"Polygon","coordinates":[[[14.752872,50.088886],[14.75062,50.088443],[14.749255,50.088192],[14.748559,50.088103],[14.748371,50.088089],[14.748211,50.088095],[14.747794,50.088085],[14.747753,50.0881],[14.748321,50.088704],[14.748875,50.089548],[14.749013,50.089687],[14.749271,50.089837],[14.749543,50.089971],[14.749732,50.090048],[14.749879,50.090089],[14.752394,50.090542],[14.752872,50.088886]]]},"properties":{"id":2080319204,"ku":"Tlustovousy","p":"388/1","druh":"orná půda","vyuziti":null,"vymera":57785,"lv":null}},{"type":"Feature","geometry":{"type":"Polygon","coordinates":[[[14.756113,50.093676],[14.756004,50.093945],[14.756394,50.094016],[14.756505,50.093741],[14.756113,50.093676]],[[14.75639,50.093852],[14.756414,50.09379],[14.756469,50.093799],[14.756445,50.093861],[14.75639,50.093852]],[[14.756166,50.093881],[14.756194,50.093811],[14.756214,50.093814],[14.756239,50.093804],[14.756245,50.093791],[14.756367,50.093811],[14.756329,50.093907],[14.756166,50.093881]]]},"properties":{"id":1974613204,"ku":"Tlustovousy","p":"495","druh":"orná půda","vyuziti":null,"vymera":753,"lv":null}},{"type":"Feature","geometry":{"type":"Polygon","coordinates":[[[14.753918,50.090027],[14.75394,50.089959],[14.754047,50.089974],[14.754079,50.08988],[14.754109,50.089884],[14.754125,50.089843],[14.753744,50.089789],[14.753677,50.090016],[14.754038,50.090066],[14.754051,50.090032],[14.754038,50.09003],[14.754034,50.090043],[14.753918,50.090027]]]},"properties":{"id":2080328204,"ku":"Tlustovousy","p":"388/10","druh":"orná půda","vyuziti":null,"vymera":604,"lv":null}},{"type":"Feature","geometry":{"type":"Polygon","coordinates":[[[14.757147,50.093308],[14.757268,50.093327],[14.757264,50.093337],[14.757322,50.093347],[14.757338,50.093308],[14.757273,50.093297],[14.757279,50.093282],[14.757235,50.093274],[14.757229,50.09329],[14.757158,50.093279],[14.757147,50.093308]]]},"properties":{"id":2236259204,"ku":"Tlustovousy","p":"st. 127","druh":"zastavěná plocha a nádvoří","vyuziti":null,"vymera":55,"lv":null}},{"type":"Feature","geometry":{"type":"Polygon","coordinates":[[[14.759425,50.090266],[14.759281,50.090039],[14.759268,50.089926],[14.758842,50.089947],[14.758946,50.090288],[14.758951,50.090361],[14.75925,50.090356],[14.759251,50.090281],[14.759425,50.090266]]]},"properties":{"id":1536490204,"ku":"Tlustovousy","p":"st. 30","druh":"zastavěná plocha a nádvoří","vyuziti":null,"vymera":1396,"lv":null}},{"type":"Feature","geometry":{"type":"Polygon","coordinates":[[[14.758842,50.089947],[14.759054,50.089937],[14.759309,50.089543],[14.759265,50.089589],[14.758929,50.089864],[14.758935,50.089907],[14.758833,50.089912],[14.758842,50.089947]]]},"properties":{"id":2297742204,"ku":"Tlustovousy","p":"33/3","druh":"zahrada","vyuziti":null,"vymera":322,"lv":null}},{"type":"Feature","geometry":{"type":"Polygon","coordinates":[[[14.75931,50.08952],[14.759309,50.089543],[14.759054,50.089937],[14.759268,50.089926],[14.759257,50.089826],[14.759463,50.089743],[14.759638,50.089594],[14.75931,50.08952]]]},"properties":{"id":1536602204,"ku":"Tlustovousy","p":"33/2","druh":"zahrada","vyuziti":null,"vymera":764,"lv":null}},{"type":"Feature","geometry":{"type":"Polygon","coordinates":[[[14.757832,50.093017],[14.758071,50.093056],[14.758082,50.093025],[14.757844,50.092987],[14.757832,50.093017]]]},"properties":{"id":2238198204,"ku":"Tlustovousy","p":"st. 130","druh":"zastavěná plocha a nádvoří","vyuziti":null,"vymera":62,"lv":null}},{"type":"Feature","geometry":{"type":"Polygon","coordinates":[[[14.759954,50.093521],[14.759878,50.093626],[14.759799,50.09363],[14.759762,50.093671],[14.759367,50.093516],[14.759273,50.093573],[14.759308,50.093617],[14.759589,50.093871],[14.759886,50.093786],[14.759954,50.093521]]]},"properties":{"id":1536653204,"ku":"Tlustovousy","p":"55/22","druh":"zahrada","vyuziti":null,"vymera":935,"lv":null}},{"type":"Feature","geometry":{"type":"Polygon","coordinates":[[[14.755967,50.09121],[14.75619,50.091251],[14.756251,50.091048],[14.756162,50.091038],[14.756156,50.091064],[14.756017,50.091048],[14.755967,50.09121]]]},"properties":{"id":1536449204,"ku":"Tlustovousy","p":"st. 1/3","druh":"zastavěná plocha a nádvoří","vyuziti":null,"vymera":337,"lv":null}},{"type":"Feature","geometry":{"type":"Polygon","coordinates":[[[14.759201,50.091873],[14.759198,50.091861],[14.759296,50.091858],[14.759265,50.09175],[14.759249,50.091726],[14.75918,50.091764],[14.759074,50.09178],[14.759067,50.091866],[14.759201,50.091873]]]},"properties":{"id":1536460204,"ku":"Tlustovousy","p":"st. 4/2","druh":"zastavěná plocha a nádvoří","vyuziti":null,"vymera":180,"lv":null}},{"type":"Feature","geometry":{"type":"Polygon","coordinates":[[[14.758486,50.091858],[14.75876,50.091889],[14.758811,50.091724],[14.758543,50.091691],[14.758486,50.091858]]]},"properties":{"id":1536461204,"ku":"Tlustovousy","p":"st. 4/3","druh":"zastavěná plocha a nádvoří","vyuziti":null,"vymera":372,"lv":null}},{"type":"Feature","geometry":{"type":"Polygon","coordinates":[[[14.759032,50.09143],[14.75906,50.091433],[14.759053,50.091464],[14.759217,50.091478],[14.759238,50.091369],[14.759078,50.091353],[14.759069,50.091395],[14.759041,50.091393],[14.759032,50.09143]]]},"properties":{"id":1536464204,"ku":"Tlustovousy","p":"st. 7/2","druh":"zastavěná plocha a nádvoří","vyuziti":null,"vymera":154,"lv":null}},{"type":"Feature","geometry":{"type":"Polygon","coordinates":[[[14.759074,50.09178],[14.75918,50.091764],[14.759284,50.091699],[14.759186,50.091641],[14.759204,50.091477],[14.759053,50.091464],[14.759007,50.091666],[14.759102,50.091677],[14.759074,50.09178]]]},"properties":{"id":1536465204,"ku":"Tlustovousy","p":"st. 7/3","druh":"zastavěná plocha a nádvoří","vyuziti":null,"vymera":388,"lv":null}},{"type":"Feature","geometry":{"type":"Polygon","coordinates":[[[14.758662,50.091092],[14.758541,50.091092],[14.758548,50.091312],[14.758612,50.091317],[14.758628,50.091184],[14.758637,50.091153],[14.758658,50.091154],[14.758662,50.091092]]]},"properties":{"id":1536475204,"ku":"Tlustovousy","p":"st. 14/2","druh":"zastavěná plocha a nádvoří","vyuziti":null,"vymera":158,"lv":null}},{"type":"Feature","geometry":{"type":"Polygon","coordinates":[[[14.75353,50.090495],[14.753978,50.090567],[14.754066,50.090304],[14.753606,50.090243],[14.75353,50.090495]]]},"properties":{"id":2080324204,"ku":"Tlustovousy","p":"388/6","druh":"orná půda","vyuziti":null,"vymera":973,"lv":null}},{"type":"Feature","geometry":{"type":"Polygon","coordinates":[[[14.758796,50.09035],[14.758759,50.090205],[14.75855,50.090207],[14.758598,50.090211],[14.758597,50.090282],[14.758461,50.090279],[14.758461,50.090269],[14.758428,50.090268],[14.758428,50.090279],[14.758399,50.090278],[14.758369,50.090342],[14.758796,50.09035]]]},"properties":{"id":1536481204,"ku":"Tlustovousy","p":"st. 19/2","druh":"zastavěná plocha a nádvoří","vyuziti":null,"vymera":318,"lv":null}},{"type":"Feature","geometry":{"type":"Polygon","coordinates":[[[14.754296,50.089396],[14.754386,50.089161],[14.753957,50.089085],[14.753882,50.089334],[14.754296,50.089396]]]},"properties":{"id":2080334204,"ku":"Tlustovousy","p":"388/16","druh":"orná půda","vyuziti":null,"vymera":860,"lv":null}},{"type":"Feature","geometry":{"type":"Polygon","coordinates":[[[14.757387,50.090847],[14.757328,50.091058],[14.75769,50.091098],[14.757705,50.091044],[14.757735,50.091047],[14.757746,50.091008],[14.757716,50.091004],[14.757732,50.090942],[14.757588,50.090926],[14.757592,50.090909],[14.757957,50.090953],[14.757967,50.090917],[14.757387,50.090847]]]},"properties":{"id":1536451204,"ku":"Tlustovousy","p":"st. 1/5","druh":"zastavěná plocha a nádvoří","vyuziti":null,"vymera":675,"lv":null}},{"type":"Feature","geometry":{"type":"Polygon","coordinates":[[[14.759278,50.091939],[14.759296,50.091858],[14.759198,50.091861],[14.759201,50.091873],[14.759067,50.091866],[14.759053,50.092059],[14.759009,50.092221],[14.759271,50.092257],[14.759364,50.091948],[14.759278,50.091939]]]},"properties":{"id":1536462204,"ku":"Tlustovousy","p":"st. 6","druh":"zastavěná plocha a nádvoří","vyuziti":null,"vymera":793,"lv":null}},{"type":"Feature","geometry":{"type":"Polygon","coordinates":[[[14.759382,50.091287],[14.759832,50.091351],[14.75993,50.09136],[14.759903,50.091453],[14.760104,50.091478],[14.76017,50.091254],[14.76003,50.091236],[14.75935,50.091221],[14.759382,50.091287]]]},"properties":{"id":1536466204,"ku":"Tlustovousy","p":"st. 8/1","druh":"zastavěná plocha a nádvoří","vyuziti":null,"vymera":825,"lv":null}},{"type":"Feature","geometry":{"type":"Polygon","coordinates":[[[14.758548,50.091312],[14.758541,50.091092],[14.758432,50.091089],[14.758372,50.09108],[14.758291,50.091087],[14.758424,50.091308],[14.758489,50.091292],[14.758548,50.091312]]]},"properties":{"id":1536476204,"ku":"Tlustovousy","p":"st. 15/1","druh":"zastavěná plocha a nádvoří","vyuziti":null,"vymera":322,"lv":null}},{"type":"Feature","geometry":{"type":"Polygon","coordinates":[[[14.75526,50.09084],[14.75487,50.090771],[14.754804,50.090986],[14.755199,50.091067],[14.75526,50.09084]],[[14.755015,50.090947],[14.755031,50.090939],[14.755042,50.090904],[14.755125,50.090915],[14.755115,50.090949],[14.75518,50.090957],[14.755162,50.09102],[14.755028,50.091003],[14.755016,50.090992],[14.755015,50.090947]]]},"properties":{"id":2080301204,"ku":"Tlustovousy","p":"90/39","druh":"orná půda","vyuziti":null,"vymera":627,"lv":null}},{"type":"Feature","geometry":{"type":"Polygon","coordinates":[[[14.758569,50.093007],[14.758211,50.092945],[14.758133,50.093072],[14.758515,50.093138],[14.758569,50.093007]]]},"properties":{"id":1536515204,"ku":"Tlustovousy","p":"st. 57","druh":"zastavěná plocha a nádvoří","vyuziti":null,"vymera":408,"lv":null}},{"type":"Feature","geometry":{"type":"Polygon","coordinates":[[[14.758632,50.087622],[14.758596,50.087669],[14.758759,50.087717],[14.758848,50.0876],[14.758632,50.087622]]]},"properties":{"id":2256279204,"ku":"Tlustovousy","p":"453/2","druh":"zahrada","vyuziti":null,"vymera":130,"lv":null}},{"type":"Feature","geometry":{"type":"Polygon","coordinates":[[[14.758706,50.08778],[14.758549,50.087733],[14.758384,50.087953],[14.758549,50.087999],[14.758706,50.08778]]]},"properties":{"id":2256278204,"ku":"Tlustovousy","p":"453/1","druh":"orná půda","vyuziti":null,"vymera":342,"lv":null}},{"type":"Feature","geometry":{"type":"Polygon","coordinates":[[[14.759949,50.089659],[14.759705,50.089608],[14.75966,50.089621],[14.759557,50.089712],[14.759353,50.089978],[14.759335,50.090035],[14.75933,50.090097],[14.759402,50.090229],[14.75951,50.09017],[14.759503,50.090165],[14.759642,50.09007],[14.759806,50.089893],[14.759864,50.089846],[14.75996,50.089801],[14.760046,50.089773],[14.760124,50.089764],[14.760281,50.089775],[14.760875,50.089852],[14.761104,50.089871],[14.761178,50.089861],[14.761305,50.089822],[14.761398,50.089782],[14.76145,50.089739],[14.761448,50.089731],[14.761375,50.089745],[14.761202,50.089761],[14.76073,50.08974],[14.760153,50.089691],[14.759949,50.089659]]]},"properties":{"id":1536629204,"ku":"Tlustovousy","p":"47/3","druh":"ostatní plocha","vyuziti":"jiná plocha","vymera":2623,"lv":null}},{"type":"Feature","geometry":{"type":"Polygon","coordinates":[[[14.757863,50.091529],[14.757858,50.091752],[14.75788,50.091754],[14.757929,50.091529],[14.757863,50.091529]]]},"properties":{"id":1536951204,"ku":"Tlustovousy","p":"309","druh":"ostatní plocha","vyuziti":"jiná plocha","vymera":85,"lv":null}},{"type":"Feature","geometry":{"type":"Polygon","coordinates":[[[14.754227,50.089857],[14.754263,50.089749],[14.754165,50.089738],[14.754125,50.089843],[14.754227,50.089857]]]},"properties":{"id":2080293204,"ku":"Tlustovousy","p":"519","druh":"ostatní plocha","vyuziti":"jiná plocha","vymera":88,"lv":null}},{"type":"Feature","geometry":{"type":"Polygon","coordinates":[[[14.753744,50.089789],[14.754125,50.089843],[14.754165,50.089738],[14.754058,50.089723],[14.754079,50.089661],[14.754121,50.089667],[14.754128,50.089645],[14.754221,50.089658],[14.754193,50.08974],[14.754263,50.089749],[14.754301,50.089633],[14.753813,50.089561],[14.753744,50.089789]]]},"properties":{"id":2080330204,"ku":"Tlustovousy","p":"388/12","druh":"orná půda","vyuziti":null,"vymera":738,"lv":null}},{"type":"Feature","geometry":{"type":"Polygon","coordinates":[[[14.758441,50.089418],[14.758447,50.089355],[14.758064,50.089344],[14.75806,50.089407],[14.758441,50.089418]]]},"properties":{"id":2179458204,"ku":"Tlustovousy","p":"st. 23/1","druh":"zastavěná plocha a nádvoří","vyuziti":null,"vymera":193,"lv":null}},{"type":"Feature","geometry":{"type":"Polygon","coordinates":[[[14.759157,50.090844],[14.759118,50.09076],[14.759056,50.09074],[14.759029,50.090722],[14.75908,50.090804],[14.759121,50.090908],[14.759116,50.09093],[14.759156,50.091024],[14.759185,50.090989],[14.759324,50.090889],[14.759405,50.090803],[14.759378,50.090794],[14.759403,50.090733],[14.759394,50.090563],[14.759451,50.090327],[14.759454,50.090268],[14.759434,50.090232],[14.759525,50.090182],[14.759533,50.090188],[14.75968,50.090087],[14.759844,50.089907],[14.759936,50.089846],[14.760064,50.089801],[14.760094,50.089795],[14.760172,50.089795],[14.76038,50.089816],[14.760867,50.08988],[14.761107,50.0899],[14.76123,50.089877],[14.761379,50.089825],[14.761464,50.08978],[14.761509,50.08972],[14.761448,50.089731],[14.761428,50.089763],[14.761305,50.089822],[14.761178,50.089861],[14.761104,50.089871],[14.760976,50.089863],[14.760281,50.089775],[14.760124,50.089764],[14.760046,50.089773],[14.759908,50.089823],[14.759864,50.089846],[14.759806,50.089893],[14.759642,50.09007],[14.759503,50.090165],[14.75951,50.09017],[14.759402,50.090229],[14.759425,50.090266],[14.759429,50.090306],[14.759369,50.090574],[14.759377,50.090756],[14.759325,50.090828],[14.759254,50.090895],[14.759186,50.09094],[14.759142,50.090954],[14.759153,50.090907],[14.75913,50.090849],[14.759157,50.090844]]]},"properties":{"id":1536628204,"ku":"Tlustovousy","p":"47/2","druh":"ostatní plocha","vyuziti":"ostatní komunikace","vymera":844,"lv":null}},{"type":"Feature","geometry":{"type":"Polygon","coordinates":[[[14.759558,50.09349],[14.759197,50.09343],[14.759273,50.093573],[14.759367,50.093516],[14.759489,50.093564],[14.759558,50.09349]]]},"properties":{"id":1536655204,"ku":"Tlustovousy","p":"55/24","druh":"zahrada","vyuziti":null,"vymera":205,"lv":null}},{"type":"Feature","geometry":{"type":"Polygon","coordinates":[[[14.758486,50.091858],[14.758543,50.091691],[14.758496,50.091684],[14.758434,50.091754],[14.75829,50.091728],[14.758228,50.091924],[14.758236,50.092045],[14.75853,50.092069],[14.758557,50.091949],[14.758735,50.091971],[14.758745,50.09194],[14.758781,50.091944],[14.758792,50.09191],[14.758911,50.091927],[14.758879,50.091855],[14.758774,50.091842],[14.75876,50.091889],[14.758486,50.091858]]]},"properties":{"id":1536459204,"ku":"Tlustovousy","p":"st. 4/1","druh":"zastavěná plocha a nádvoří","vyuziti":null,"vymera":955,"lv":null}},{"type":"Feature","geometry":{"type":"Polygon","coordinates":[[[14.759422,50.091433],[14.759314,50.091423],[14.759239,50.091379],[14.759217,50.091478],[14.759204,50.091477],[14.759186,50.091641],[14.759284,50.091699],[14.759358,50.091648],[14.759376,50.091509],[14.759435,50.091508],[14.759437,50.091499],[14.759413,50.091498],[14.759422,50.091433]]]},"properties":{"id":1536463204,"ku":"Tlustovousy","p":"st. 7/1","druh":"zastavěná plocha a nádvoří","vyuziti":null,"vymera":377,"lv":null}},{"type":"Feature","geometry":{"type":"Polygon","coordinates":[[[14.757542,50.091281],[14.757538,50.091292],[14.757585,50.091297],[14.757589,50.091286],[14.757648,50.091293],[14.757689,50.09114],[14.757534,50.091122],[14.757493,50.091275],[14.757542,50.091281]]]},"properties":{"id":1536448204,"ku":"Tlustovousy","p":"st. 1/2","druh":"zastavěná plocha a nádvoří","vyuziti":null,"vymera":199,"lv":null}},{"type":"Feature","geometry":{"type":"Polygon","coordinates":[[[14.758211,50.092945],[14.758116,50.09293],[14.758095,50.092987],[14.757857,50.09295],[14.757878,50.092893],[14.756521,50.092664],[14.75647,50.092792],[14.758133,50.093072],[14.758211,50.092945]],[[14.757642,50.092954],[14.757506,50.092931],[14.757534,50.092861],[14.757671,50.092884],[14.757642,50.092954]],[[14.757832,50.093017],[14.757844,50.092987],[14.758082,50.093025],[14.758071,50.093056],[14.757832,50.093017]]]},"properties":{"id":1536794204,"ku":"Tlustovousy","p":"202/29","druh":"zahrada","vyuziti":null,"vymera":1575,"lv":null}},{"type":"Feature","geometry":{"type":"Polygon","coordinates":[[[14.755011,50.090961],[14.755022,50.090972],[14.755016,50.090992],[14.755028,50.091003],[14.755162,50.09102],[14.75518,50.090957],[14.755115,50.090949],[14.755125,50.090915],[14.755042,50.090904],[14.755031,50.090939],[14.755015,50.090947],[14.755011,50.090961]]]},"properties":{"id":2360896204,"ku":"Tlustovousy","p":"st. 139","druh":"zastavěná plocha a nádvoří","vyuziti":null,"vymera":102,"lv":null}},{"type":"Feature","geometry":{"type":"Polygon","coordinates":[[[14.757289,50.093873],[14.757174,50.094158],[14.757564,50.094229],[14.757682,50.093938],[14.757289,50.093873]],[[14.757386,50.093925],[14.757566,50.093955],[14.757549,50.093999],[14.757599,50.094007],[14.757567,50.094087],[14.75751,50.094078],[14.757522,50.094046],[14.757349,50.094018],[14.757386,50.093925]]]},"properties":{"id":1974616204,"ku":"Tlustovousy","p":"498","druh":"orná půda","vyuziti":null,"vymera":782,"lv":null}},{"type":"Feature","geometry":{"type":"Polygon","coordinates":[[[14.75445,50.089172],[14.754386,50.089161],[14.754296,50.089396],[14.754376,50.089408],[14.75445,50.089172]]]},"properties":{"id":2080306204,"ku":"Tlustovousy","p":"90/25","druh":"orná půda","vyuziti":null,"vymera":142,"lv":null}},{"type":"Feature","geometry":{"type":"Polygon","coordinates":[[[14.757863,50.08912],[14.757818,50.089282],[14.757984,50.089303],[14.758024,50.089158],[14.758004,50.089138],[14.757863,50.08912]]]},"properties":{"id":2179459204,"ku":"Tlustovousy","p":"st. 23/2","druh":"zastavěná plocha a nádvoří","vyuziti":null,"vymera":220,"lv":null}},{"type":"Feature","geometry":{"type":"Polygon","coordinates":[[[14.754926,50.089911],[14.754362,50.089836],[14.754298,50.090031],[14.75439,50.090042],[14.754383,50.090062],[14.75487,50.090126],[14.754926,50.089911]],[[14.754816,50.089946],[14.7548,50.089996],[14.754853,50.090003],[14.754827,50.090082],[14.754769,50.090075],[14.754777,50.090049],[14.754669,50.090034],[14.754703,50.089931],[14.754816,50.089946]]]},"properties":{"id":2411151204,"ku":"Tlustovousy","p":"541","druh":"ostatní plocha","vyuziti":"jiná plocha","vymera":866,"lv":null}},{"type":"Feature","geometry":{"type":"Polygon","coordinates":[[[14.756017,50.090279],[14.755885,50.090261],[14.75582,50.090581],[14.755942,50.090597],[14.756017,50.090279]]]},"properties":{"id":2411129204,"ku":"Tlustovousy","p":"13/9","druh":"trvalý travní porost","vyuziti":null,"vymera":333,"lv":null}},{"type":"Feature","geometry":{"type":"Polygon","coordinates":[[[14.755942,50.090597],[14.756203,50.090631],[14.756268,50.090312],[14.756017,50.090279],[14.755942,50.090597]],[[14.756006,50.090508],[14.756022,50.09044],[14.756203,50.090469],[14.75619,50.090519],[14.756094,50.090508],[14.756092,50.090517],[14.756006,50.090508]]]},"properties":{"id":2411131204,"ku":"Tlustovousy","p":"543","druh":"zahrada","vyuziti":null,"vymera":580,"lv":null}},{"type":"Feature","geometry":{"type":"Polygon","coordinates":[[[14.757682,50.093938],[14.757564,50.094229],[14.757871,50.094285],[14.758038,50.093998],[14.757682,50.093938]],[[14.757965,50.094022],[14.757906,50.094159],[14.757809,50.094141],[14.757839,50.094067],[14.75777,50.094054],[14.757797,50.093992],[14.757965,50.094022]]]},"properties":{"id":1974617204,"ku":"Tlustovousy","p":"499","druh":"orná půda","vyuziti":null,"vymera":675,"lv":null}},{"type":"Feature","geometry":{"type":"Polygon","coordinates":[[[14.757965,50.094022],[14.757797,50.093992],[14.75777,50.094054],[14.757839,50.094067],[14.757809,50.094141],[14.757906,50.094159],[14.757965,50.094022]]]},"properties":{"id":2476248204,"ku":"Tlustovousy","p":"st. 149","druh":"zastavěná plocha a nádvoří","vyuziti":null,"vymera":151,"lv":null}},{"type":"Feature","geometry":{"type":"Polygon","coordinates":[[[14.754098,50.090633],[14.754022,50.090863],[14.754286,50.090893],[14.754415,50.090916],[14.754483,50.090702],[14.754098,50.090633]],[[14.754138,50.090742],[14.754173,50.090749],[14.754176,50.090742],[14.754253,50.090764],[14.754217,50.090841],[14.754101,50.090818],[14.754138,50.090742]]]},"properties":{"id":2080303204,"ku":"Tlustovousy","p":"90/41","druh":"orná půda","vyuziti":null,"vymera":632,"lv":null}},{"type":"Feature","geometry":{"type":"Polygon","coordinates":[[[14.754138,50.090742],[14.754101,50.090818],[14.754217,50.090841],[14.754253,50.090764],[14.754176,50.090742],[14.754173,50.090749],[14.754138,50.090742]]]},"properties":{"id":23426148010,"ku":"Tlustovousy","p":"st. 157","druh":"zastavěná plocha a nádvoří","vyuziti":null,"vymera":80,"lv":null}},{"type":"Feature","geometry":{"type":"Polygon","coordinates":[[[14.756897,50.093807],[14.756505,50.093741],[14.756394,50.094016],[14.756784,50.094087],[14.756897,50.093807]],[[14.756785,50.093931],[14.756762,50.093927],[14.756757,50.093939],[14.756612,50.093916],[14.756638,50.093855],[14.756781,50.093878],[14.756776,50.09389],[14.756799,50.093894],[14.756785,50.093931]]]},"properties":{"id":1974614204,"ku":"Tlustovousy","p":"496","druh":"orná půda","vyuziti":null,"vymera":841,"lv":null}},{"type":"Feature","geometry":{"type":"Polygon","coordinates":[[[14.754386,50.089765],[14.75474,50.089813],[14.754828,50.089522],[14.75448,50.089481],[14.754386,50.089765]],[[14.754702,50.089776],[14.754511,50.089752],[14.754524,50.089711],[14.754552,50.089714],[14.754565,50.08967],[14.754701,50.089687],[14.754687,50.089732],[14.754715,50.089735],[14.754702,50.089776]],[[14.754534,50.089681],[14.75446,50.089672],[14.754481,50.089605],[14.754555,50.089615],[14.754534,50.089681]]]},"properties":{"id":2080307204,"ku":"Tlustovousy","p":"90/26","druh":"orná půda","vyuziti":null,"vymera":679,"lv":null}},{"type":"Feature","geometry":{"type":"Polygon","coordinates":[[[14.754534,50.089681],[14.754555,50.089615],[14.754481,50.089605],[14.75446,50.089672],[14.754534,50.089681]]]},"properties":{"id":17028063010,"ku":"Tlustovousy","p":"st. 152","druh":"zastavěná plocha a nádvoří","vyuziti":null,"vymera":41,"lv":null}},{"type":"Feature","geometry":{"type":"Polygon","coordinates":[[[14.756699,50.091792],[14.756681,50.091834],[14.756808,50.091856],[14.756819,50.09181],[14.756699,50.091792]]]},"properties":{"id":1536776204,"ku":"Tlustovousy","p":"202/7","druh":"zahrada","vyuziti":null,"vymera":45,"lv":null}},{"type":"Feature","geometry":{"type":"Polygon","coordinates":[[[14.756472,50.091796],[14.7563,50.09221],[14.756678,50.092273],[14.756761,50.092066],[14.756808,50.091856],[14.756472,50.091796]]]},"properties":{"id":1536783204,"ku":"Tlustovousy","p":"202/16","druh":"zahrada","vyuziti":null,"vymera":1289,"lv":null}},{"type":"Feature","geometry":{"type":"Polygon","coordinates":[[[14.75653,50.091807],[14.756681,50.091834],[14.756699,50.091792],[14.756819,50.09181],[14.756899,50.091464],[14.756631,50.091414],[14.756487,50.09176],[14.756575,50.091773],[14.756573,50.091778],[14.756544,50.091773],[14.75653,50.091807]]]},"properties":{"id":17020695010,"ku":"Tlustovousy","p":"st. 46/5","druh":"zastavěná plocha a nádvoří","vyuziti":null,"vymera":924,"lv":null}},{"type":"Feature","geometry":{"type":"Polygon","coordinates":[[[14.756487,50.09176],[14.756472,50.091796],[14.75653,50.091807],[14.756544,50.091773],[14.756573,50.091778],[14.756575,50.091773],[14.756487,50.09176]]]},"properties":{"id":17020696010,"ku":"Tlustovousy","p":"202/52","druh":"zahrada","vyuziti":null,"vymera":19,"lv":null}},{"type":"Feature","geometry":{"type":"Polygon","coordinates":[[[14.763411,50.088028],[14.763111,50.088129],[14.762678,50.088309],[14.762207,50.088573],[14.762044,50.088681],[14.761912,50.088838],[14.761843,50.089025],[14.761743,50.089147],[14.76178,50.089189],[14.761883,50.089064],[14.761943,50.088845],[14.762024,50.088744],[14.762295,50.088553],[14.762803,50.088288],[14.763428,50.088047],[14.763411,50.088028]]]},"properties":{"id":1536932204,"ku":"Tlustovousy","p":"300/1","druh":"vodní plocha","vyuziti":"koryto vodního toku přirozené nebo upravené","vymera":576,"lv":null}},{"type":"Feature","geometry":{"type":"Polygon","coordinates":[[[14.761637,50.089213],[14.761532,50.089275],[14.761265,50.089326],[14.761507,50.089299],[14.761598,50.089277],[14.761763,50.089223],[14.76178,50.089189],[14.761743,50.089147],[14.761673,50.089194],[14.761683,50.089209],[14.761637,50.089213]]]},"properties":{"id":1536933204,"ku":"Tlustovousy","p":"300/2","druh":"vodní plocha","vyuziti":"koryto vodního toku přirozené nebo upravené","vymera":116,"lv":null}},{"type":"Feature","geometry":{"type":"Polygon","coordinates":[[[14.760178,50.089429],[14.760627,50.089414],[14.761209,50.08933],[14.760416,50.089394],[14.759872,50.089394],[14.75983,50.089427],[14.759769,50.089511],[14.759803,50.08952],[14.759876,50.089428],[14.760178,50.089429]]]},"properties":{"id":1536934204,"ku":"Tlustovousy","p":"300/3","druh":"vodní plocha","vyuziti":"koryto vodního toku přirozené nebo upravené","vymera":333,"lv":null}},{"type":"Feature","geometry":{"type":"Polygon","coordinates":[[[14.75966,50.089621],[14.759705,50.089608],[14.759638,50.089594],[14.759463,50.089743],[14.759257,50.089826],[14.759281,50.090039],[14.759328,50.090028],[14.759296,50.089926],[14.759329,50.089846],[14.759504,50.089764],[14.75966,50.089621]]]},"properties":{"id":1536935204,"ku":"Tlustovousy","p":"300/4","druh":"vodní plocha","vyuziti":"koryto vodního toku přirozené nebo upravené","vymera":208,"lv":null}},{"type":"Feature","geometry":{"type":"Polygon","coordinates":[[[14.762024,50.088744],[14.761943,50.088845],[14.761883,50.089064],[14.76196,50.088857],[14.762036,50.088779],[14.762297,50.088567],[14.762777,50.088331],[14.762828,50.088296],[14.763451,50.088063],[14.763428,50.088047],[14.762803,50.088288],[14.762295,50.088553],[14.762024,50.088744]]]},"properties":{"id":1536937204,"ku":"Tlustovousy","p":"300/6","druh":"vodní plocha","vyuziti":"koryto vodního toku přirozené nebo upravené","vymera":302,"lv":null}},{"type":"Feature","geometry":{"type":"Polygon","coordinates":[[[14.761843,50.089025],[14.761912,50.088838],[14.762044,50.088681],[14.76194,50.08875],[14.761897,50.088813],[14.761845,50.088919],[14.761839,50.088998],[14.761818,50.089052],[14.761743,50.089147],[14.761843,50.089025]]]},"properties":{"id":1840370204,"ku":"Tlustovousy","p":"300/7","druh":"vodní plocha","vyuziti":"koryto vodního toku přirozené nebo upravené","vymera":82,"lv":null}},{"type":"Feature","geometry":{"type":"Polygon","coordinates":[[[14.762344,50.092632],[14.762123,50.092203],[14.762013,50.092012],[14.761894,50.091877],[14.761876,50.091809],[14.76193,50.091643],[14.761919,50.091539],[14.761814,50.091423],[14.761592,50.091029],[14.761431,50.090874],[14.761268,50.090767],[14.761024,50.090687],[14.760727,50.090535],[14.760643,50.090475],[14.76027,50.090277],[14.760057,50.090246],[14.760159,50.090303],[14.760251,50.090305],[14.760988,50.090711],[14.761214,50.090787],[14.761298,50.090827],[14.7615,50.090988],[14.761601,50.091085],[14.761542,50.091085],[14.761752,50.09143],[14.761864,50.091547],[14.761874,50.091639],[14.761819,50.091796],[14.761825,50.091875],[14.761959,50.092014],[14.762084,50.092217],[14.76229,50.092624],[14.762179,50.092826],[14.762109,50.093009],[14.761867,50.093276],[14.761818,50.09339],[14.761828,50.093549],[14.76177,50.093651],[14.761737,50.093788],[14.761661,50.093952],[14.761541,50.094101],[14.761402,50.094203],[14.761274,50.094269],[14.761112,50.094378],[14.760945,50.094674],[14.760991,50.094788],[14.761112,50.094894],[14.76114,50.094955],[14.760324,50.095259],[14.760378,50.095307],[14.761199,50.09497],[14.76116,50.094884],[14.761039,50.09477],[14.760996,50.094673],[14.761138,50.094405],[14.761301,50.094288],[14.761426,50.094224],[14.761567,50.094116],[14.761705,50.093941],[14.761838,50.093659],[14.761885,50.093583],[14.76189,50.093397],[14.761918,50.093289],[14.762167,50.09302],[14.76224,50.092832],[14.762344,50.092632]]]},"properties":{"id":1536939204,"ku":"Tlustovousy","p":"301/2","druh":"vodní plocha","vyuziti":"koryto vodního toku přirozené nebo upravené","vymera":2621,"lv":null}},{"type":"Feature","geometry":{"type":"Polygon","coordinates":[[[14.760132,50.095276],[14.759919,50.095284],[14.759732,50.095676],[14.759544,50.095961],[14.759273,50.096241],[14.758958,50.096499],[14.75867,50.09684],[14.758222,50.097187],[14.758047,50.097291],[14.75814,50.097313],[14.758449,50.097122],[14.758721,50.096872],[14.759035,50.096541],[14.759312,50.096305],[14.759619,50.095966],[14.75982,50.095695],[14.759963,50.095376],[14.759998,50.095344],[14.760132,50.09534],[14.760132,50.095276]]]},"properties":{"id":1974536204,"ku":"Tlustovousy","p":"432","druh":"vodní plocha","vyuziti":"koryto vodního toku přirozené nebo upravené","vymera":1709,"lv":null}},{"type":"Feature","geometry":{"type":"Polygon","coordinates":[[[14.759066,50.093499],[14.758517,50.093407],[14.75827,50.093824],[14.759254,50.093759],[14.759192,50.093668],[14.759137,50.093621],[14.759066,50.093499]],[[14.758653,50.093697],[14.758651,50.093653],[14.758721,50.093651],[14.758723,50.093696],[14.758653,50.093697]]]},"properties":{"id":1536814204,"ku":"Tlustovousy","p":"204/6","druh":"zahrada","vyuziti":null,"vymera":2032,"lv":null}},{"type":"Feature","geometry":{"type":"Polygon","coordinates":[[[14.758653,50.093697],[14.758723,50.093696],[14.758721,50.093651],[14.758651,50.093653],[14.758653,50.093697]]]},"properties":{"id":19088644010,"ku":"Tlustovousy","p":"st. 154","druh":"zastavěná plocha a nádvoří","vyuziti":null,"vymera":25,"lv":null}},{"type":"Feature","geometry":{"type":"Polygon","coordinates":[[[14.756601,50.088181],[14.756464,50.088899],[14.757896,50.088875],[14.758192,50.088888],[14.758211,50.088154],[14.756601,50.088181]]]},"properties":{"id":1974535204,"ku":"Tlustovousy","p":"431","druh":"orná půda","vyuziti":null,"vymera":9496,"lv":null}},{"type":"Feature","geometry":{"type":"Polygon","coordinates":[[[14.754269,50.090116],[14.754199,50.090326],[14.754638,50.090401],[14.754736,50.090108],[14.754383,50.090062],[14.754362,50.090128],[14.754269,50.090116]],[[14.754405,50.090314],[14.754434,50.09024],[14.754521,50.090255],[14.754532,50.09023],[14.7546,50.090242],[14.754565,50.090329],[14.754503,50.090319],[14.754498,50.090331],[14.754405,50.090314]]]},"properties":{"id":2411147204,"ku":"Tlustovousy","p":"537","druh":"ostatní plocha","vyuziti":"jiná plocha","vymera":893,"lv":null}},{"type":"Feature","geometry":{"type":"Polygon","coordinates":[[[14.754828,50.089522],[14.754908,50.089258],[14.754571,50.089194],[14.75448,50.089481],[14.754828,50.089522]],[[14.754637,50.089365],[14.754804,50.089385],[14.75478,50.089471],[14.754612,50.089451],[14.754637,50.089365]]]},"properties":{"id":2080312204,"ku":"Tlustovousy","p":"90/31","druh":"orná půda","vyuziti":null,"vymera":665,"lv":null}},{"type":"Feature","geometry":{"type":"Polygon","coordinates":[[[14.754637,50.089365],[14.754612,50.089451],[14.75478,50.089471],[14.754804,50.089385],[14.754637,50.089365]]]},"properties":{"id":17234146010,"ku":"Tlustovousy","p":"st. 151","druh":"zastavěná plocha a nádvoří","vyuziti":null,"vymera":119,"lv":null}},{"type":"Feature","geometry":{"type":"Polygon","coordinates":[[[14.75537,50.09084],[14.755872,50.090889],[14.755925,50.090668],[14.755436,50.090604],[14.75537,50.09084]],[[14.755654,50.090669],[14.755809,50.090689],[14.755797,50.090727],[14.755784,50.090725],[14.755781,50.090736],[14.755829,50.090742],[14.755805,50.090816],[14.755673,50.090799],[14.755685,50.090761],[14.755627,50.090754],[14.755654,50.090669]]]},"properties":{"id":2253086204,"ku":"Tlustovousy","p":"13/6","druh":"trvalý travní porost","vyuziti":null,"vymera":768,"lv":null}},{"type":"Feature","geometry":{"type":"Polygon","coordinates":[[[14.755654,50.090669],[14.755627,50.090754],[14.755685,50.090761],[14.755673,50.090799],[14.755805,50.090816],[14.755829,50.090742],[14.755781,50.090736],[14.755784,50.090725],[14.755797,50.090727],[14.755809,50.090689],[14.755654,50.090669]]]},"properties":{"id":21838000010,"ku":"Tlustovousy","p":"st. 156","druh":"zastavěná plocha a nádvoří","vyuziti":null,"vymera":160,"lv":null}},{"type":"Feature","geometry":{"type":"Polygon","coordinates":[[[14.754176,50.090397],[14.754098,50.090633],[14.754483,50.090702],[14.75456,50.090464],[14.754176,50.090397]],[[14.754278,50.090552],[14.754293,50.090497],[14.754392,50.090509],[14.754376,50.090564],[14.754278,50.090552]]]},"properties":{"id":2080298204,"ku":"Tlustovousy","p":"90/36","druh":"orná půda","vyuziti":null,"vymera":724,"lv":null}},{"type":"Feature","geometry":{"type":"Polygon","coordinates":[[[14.754278,50.090552],[14.754376,50.090564],[14.754392,50.090509],[14.754293,50.090497],[14.754278,50.090552]]]},"properties":{"id":18509142010,"ku":"Tlustovousy","p":"st. 153","druh":"zastavěná plocha a nádvoří","vyuziti":null,"vymera":44,"lv":null}},{"type":"Feature","geometry":{"type":"Polygon","coordinates":[[[14.758799,50.089813],[14.758837,50.089812],[14.75892,50.08983],[14.758996,50.089694],[14.758866,50.089568],[14.75883,50.089604],[14.758803,50.089768],[14.758799,50.089813]]]},"properties":{"id":1536489204,"ku":"Tlustovousy","p":"st. 29","druh":"zastavěná plocha a nádvoří","vyuziti":null,"vymera":255,"lv":null}},{"type":"Feature","geometry":{"type":"Polygon","coordinates":[[[14.758996,50.089694],[14.75916,50.089548],[14.75895,50.089553],[14.758866,50.089568],[14.758996,50.089694]]]},"properties":{"id":2210780204,"ku":"Tlustovousy","p":"310/1","druh":"zahrada","vyuziti":null,"vymera":171,"lv":null}},{"type":"Feature","geometry":{"type":"Polygon","coordinates":[[[14.759265,50.089589],[14.759294,50.089543],[14.75916,50.089548],[14.758996,50.089694],[14.75892,50.08983],[14.758837,50.089812],[14.758809,50.089815],[14.758816,50.089843],[14.758929,50.089864],[14.759265,50.089589]]]},"properties":{"id":2210781204,"ku":"Tlustovousy","p":"310/2","druh":"zahrada","vyuziti":null,"vymera":309,"lv":null}},{"type":"Feature","geometry":{"type":"Polygon","coordinates":[[[14.759265,50.089589],[14.759309,50.089543],[14.759294,50.089543],[14.759265,50.089589]]]},"properties":{"id":2210782204,"ku":"Tlustovousy","p":"310/3","druh":"zahrada","vyuziti":null,"vymera":3,"lv":null}},{"type":"Feature","geometry":{"type":"Polygon","coordinates":[[[14.758833,50.089912],[14.758935,50.089907],[14.758929,50.089864],[14.758816,50.089843],[14.758833,50.089912]]]},"properties":{"id":1536601204,"ku":"Tlustovousy","p":"33/1","druh":"zahrada","vyuziti":null,"vymera":48,"lv":null}},{"type":"Feature","geometry":{"type":"Polygon","coordinates":[[[14.757017,50.089826],[14.757106,50.089884],[14.757121,50.089861],[14.757986,50.089966],[14.757017,50.089826]]]},"properties":{"id":2225001204,"ku":"Tlustovousy","p":"8/5","druh":"orná půda","vyuziti":null,"vymera":89,"lv":null}},{"type":"Feature","geometry":{"type":"Polygon","coordinates":[[[14.753143,50.090182],[14.753606,50.090243],[14.753677,50.090016],[14.753209,50.089953],[14.753143,50.090182]],[[14.753367,50.090138],[14.75334,50.09017],[14.75322,50.090155],[14.753237,50.090099],[14.753357,50.090114],[14.753354,50.090125],[14.753367,50.090138]]]},"properties":{"id":2080325204,"ku":"Tlustovousy","p":"388/7","druh":"orná půda","vyuziti":null,"vymera":821,"lv":null}},{"type":"Feature","geometry":{"type":"Polygon","coordinates":[[[14.754707,50.091063],[14.754703,50.091071],[14.755004,50.091126],[14.755008,50.091117],[14.754707,50.091063]]]},"properties":{"id":1536900204,"ku":"Tlustovousy","p":"279/4","druh":"zahrada","vyuziti":null,"vymera":22,"lv":null}},{"type":"Feature","geometry":{"type":"Polygon","coordinates":[[[14.753069,50.090785],[14.753005,50.090954],[14.752983,50.09095],[14.752973,50.090974],[14.752781,50.090947],[14.752819,50.090853],[14.752794,50.090849],[14.752452,50.091609],[14.752751,50.091663],[14.75314,50.090798],[14.753069,50.090785]]]},"properties":{"id":1536756204,"ku":"Tlustovousy","p":"195/6","druh":"zahrada","vyuziti":null,"vymera":1865,"lv":null}},{"type":"Feature","geometry":{"type":"Polygon","coordinates":[[[14.756842,50.091362],[14.75689,50.091265],[14.757173,50.091311],[14.757213,50.091151],[14.756877,50.091113],[14.756765,50.091347],[14.756842,50.091362]]]},"properties":{"id":1536452204,"ku":"Tlustovousy","p":"st. 1/6","druh":"zastavěná plocha a nádvoří","vyuziti":null,"vymera":502,"lv":null}},{"type":"Feature","geometry":{"type":"Polygon","coordinates":[[[14.757135,50.091816],[14.757208,50.091501],[14.756899,50.091464],[14.756823,50.09179],[14.757135,50.091816]],[[14.757048,50.091677],[14.757057,50.091638],[14.757148,50.091647],[14.757139,50.091687],[14.757048,50.091677]]]},"properties":{"id":2238025204,"ku":"Tlustovousy","p":"st. 41/1","druh":"zastavěná plocha a nádvoří","vyuziti":null,"vymera":776,"lv":null}},{"type":"Feature","geometry":{"type":"Polygon","coordinates":[[[14.754578,50.098426],[14.755783,50.098679],[14.757033,50.098885],[14.757034,50.09888],[14.759034,50.09913],[14.759232,50.0991],[14.759116,50.098863],[14.758901,50.09852],[14.758535,50.098078],[14.75822,50.097762],[14.758052,50.09768],[14.757891,50.097646],[14.75708,50.097835],[14.75646,50.097958],[14.755676,50.098058],[14.754791,50.098193],[14.75466,50.098227],[14.754578,50.098426]]]},"properties":{"id":1974452204,"ku":"Tlustovousy","p":"427","druh":"orná půda","vyuziti":null,"vymera":29724,"lv":null}},{"type":"Feature","geometry":{"type":"Polygon","coordinates":[[[14.761267,50.089362],[14.761265,50.089326],[14.761209,50.08933],[14.761212,50.089374],[14.761267,50.089362]]]},"properties":{"id":1536625204,"ku":"Tlustovousy","p":"46/10","druh":"orná půda","vyuziti":null,"vymera":18,"lv":null}},{"type":"Feature","geometry":{"type":"Polygon","coordinates":[[[14.761247,50.089327],[14.761224,50.089251],[14.760838,50.089302],[14.760854,50.089355],[14.761247,50.089327]]]},"properties":{"id":1536613204,"ku":"Tlustovousy","p":"43/4","druh":"ostatní plocha","vyuziti":"jiná plocha","vymera":206,"lv":null}},{"type":"Feature","geometry":{"type":"Polygon","coordinates":[[[14.76073,50.08974],[14.761202,50.089761],[14.761325,50.089751],[14.760765,50.089692],[14.760459,50.089643],[14.760193,50.089663],[14.759949,50.089659],[14.760153,50.089691],[14.76073,50.08974]]]},"properties":{"id":1536884204,"ku":"Tlustovousy","p":"263/10","druh":"ostatní plocha","vyuziti":"silnice","vymera":439,"lv":null}},{"type":"Feature","geometry":{"type":"Polygon","coordinates":[[[14.755016,50.086491],[14.75543,50.086832],[14.756764,50.086313],[14.756503,50.085912],[14.755016,50.086491]]]},"properties":{"id":1974538204,"ku":"Tlustovousy","p":"434","druh":"orná půda","vyuziti":null,"vymera":5643,"lv":null}},{"type":"Feature","geometry":{"type":"Polygon","coordinates":[[[14.755576,50.0974],[14.75553,50.097374],[14.754535,50.098129],[14.754643,50.098097],[14.755496,50.097452],[14.755576,50.0974]]]},"properties":{"id":1974440204,"ku":"Tlustovousy","p":"415","druh":"ostatní plocha","vyuziti":"ostatní komunikace","vymera":400,"lv":null}},{"type":"Feature","geometry":{"type":"Polygon","coordinates":[[[14.754107,50.085808],[14.754143,50.08575],[14.753741,50.08516],[14.751151,50.085727],[14.751755,50.08661],[14.75187,50.086632],[14.752003,50.086577],[14.752156,50.086531],[14.753346,50.086054],[14.753725,50.08595],[14.753837,50.085901],[14.754107,50.085808]]]},"properties":{"id":1974444204,"ku":"Tlustovousy","p":"419","druh":"orná půda","vyuziti":null,"vymera":18240,"lv":null}},{"type":"Feature","geometry":{"type":"Polygon","coordinates":[[[14.753894,50.09082],[14.753978,50.090567],[14.75353,50.090495],[14.753456,50.090738],[14.753894,50.09082]]]},"properties":{"id":2080322204,"ku":"Tlustovousy","p":"388/4","druh":"orná půda","vyuziti":null,"vymera":926,"lv":null}},{"type":"Feature","geometry":{"type":"Polygon","coordinates":[[[14.760915,50.088888],[14.760905,50.088846],[14.760836,50.088854],[14.760847,50.088896],[14.760915,50.088888]]]},"properties":{"id":1536555204,"ku":"Tlustovousy","p":"st. 96","druh":"zastavěná plocha a nádvoří","vyuziti":null,"vymera":24,"lv":null}},{"type":"Feature","geometry":{"type":"Polygon","coordinates":[[[14.760416,50.089394],[14.760854,50.089355],[14.760838,50.089302],[14.759872,50.089394],[14.760416,50.089394]]]},"properties":{"id":1536615204,"ku":"Tlustovousy","p":"43/6","druh":"ostatní plocha","vyuziti":"jiná plocha","vymera":291,"lv":null}},{"type":"Feature","geometry":{"type":"Polygon","coordinates":[[[14.752819,50.090853],[14.752781,50.090947],[14.752973,50.090974],[14.752983,50.09095],[14.753005,50.090954],[14.753069,50.090785],[14.752842,50.090744],[14.752794,50.090849],[14.752819,50.090853]]]},"properties":{"id":1536543204,"ku":"Tlustovousy","p":"st. 84","druh":"zastavěná plocha a nádvoří","vyuziti":null,"vymera":365,"lv":null}},{"type":"Feature","geometry":{"type":"Polygon","coordinates":[[[14.758515,50.09157],[14.758587,50.091581],[14.758543,50.091691],[14.758811,50.091724],[14.758799,50.091714],[14.758779,50.091717],[14.758642,50.091595],[14.758649,50.091592],[14.75861,50.09156],[14.758605,50.091563],[14.758534,50.091498],[14.758515,50.09157]]]},"properties":{"id":1536866204,"ku":"Tlustovousy","p":"262/2","druh":"ostatní plocha","vyuziti":"ostatní komunikace","vymera":169,"lv":null}},{"type":"Feature","geometry":{"type":"Polygon","coordinates":[[[14.758219,50.092809],[14.756573,50.092533],[14.756521,50.092664],[14.758049,50.092919],[14.758078,50.092846],[14.758168,50.092861],[14.75814,50.092933],[14.758165,50.092938],[14.758219,50.092809]]]},"properties":{"id":1536793204,"ku":"Tlustovousy","p":"202/28","druh":"zahrada","vyuziti":null,"vymera":1780,"lv":null}},{"type":"Feature","geometry":{"type":"Polygon","coordinates":[[[14.75636,50.091421],[14.756371,50.091367],[14.756206,50.09134],[14.756184,50.091391],[14.75636,50.091421]]]},"properties":{"id":1536798204,"ku":"Tlustovousy","p":"202/33","druh":"zahrada","vyuziti":null,"vymera":75,"lv":null}},{"type":"Feature","geometry":{"type":"Polygon","coordinates":[[[14.758903,50.090778],[14.75889,50.090741],[14.758903,50.090739],[14.75885,50.090616],[14.758871,50.09078],[14.758903,50.090778]]]},"properties":{"id":1536881204,"ku":"Tlustovousy","p":"263/7","druh":"ostatní plocha","vyuziti":"ostatní komunikace","vymera":27,"lv":null}},{"type":"Feature","geometry":{"type":"Polygon","coordinates":[[[14.758811,50.093275],[14.75883,50.093284],[14.75882,50.093311],[14.758796,50.093313],[14.758789,50.09333],[14.759033,50.093369],[14.758995,50.093226],[14.758798,50.093194],[14.758779,50.093239],[14.758823,50.093246],[14.758811,50.093275]]]},"properties":{"id":1536811204,"ku":"Tlustovousy","p":"204/3","druh":"zahrada","vyuziti":null,"vymera":228,"lv":null}},{"type":"Feature","geometry":{"type":"Polygon","coordinates":[[[14.758836,50.094232],[14.759697,50.094171],[14.759538,50.094012],[14.759517,50.09399],[14.758808,50.094039],[14.758836,50.094232]],[[14.759538,50.094012],[14.759547,50.094066],[14.759417,50.094075],[14.759408,50.09402],[14.759538,50.094012]],[[14.759295,50.094173],[14.759293,50.094162],[14.75924,50.094166],[14.759227,50.09409],[14.759374,50.09408],[14.759386,50.094156],[14.759333,50.094159],[14.759335,50.09417],[14.759295,50.094173]]]},"properties":{"id":1536815204,"ku":"Tlustovousy","p":"204/8","druh":"zahrada","vyuziti":null,"vymera":1062,"lv":null}},{"type":"Feature","geometry":{"type":"Polygon","coordinates":[[[14.755004,50.091126],[14.755309,50.091181],[14.755312,50.091173],[14.755008,50.091117],[14.755004,50.091126]]]},"properties":{"id":1536901204,"ku":"Tlustovousy","p":"279/5","druh":"zahrada","vyuziti":null,"vymera":22,"lv":null}},{"type":"Feature","geometry":{"type":"Polygon","coordinates":[[[14.757048,50.091677],[14.757139,50.091687],[14.757148,50.091647],[14.757057,50.091638],[14.757048,50.091677]]]},"properties":{"id":2238026204,"ku":"Tlustovousy","p":"st. 41/2","druh":"zastavěná plocha a nádvoří","vyuziti":null,"vymera":29,"lv":null}},{"type":"Feature","geometry":{"type":"Polygon","coordinates":[[[14.757333,50.097594],[14.757827,50.097419],[14.757356,50.097172],[14.757467,50.097247],[14.757387,50.097291],[14.757437,50.09733],[14.757652,50.097383],[14.757286,50.097574],[14.757333,50.097594]]]},"properties":{"id":1974451204,"ku":"Tlustovousy","p":"426","druh":"zahrada","vyuziti":null,"vymera":455,"lv":null}},{"type":"Feature","geometry":{"type":"Polygon","coordinates":[[[14.757949,50.090071],[14.757986,50.089966],[14.757121,50.089861],[14.757106,50.089884],[14.757315,50.090016],[14.757949,50.090071]]]},"properties":{"id":1536573204,"ku":"Tlustovousy","p":"8/3","druh":"orná půda","vyuziti":null,"vymera":751,"lv":null}},{"type":"Feature","geometry":{"type":"Polygon","coordinates":[[[14.75642,50.088789],[14.75649,50.088794],[14.756662,50.087849],[14.754307,50.085906],[14.754334,50.085811],[14.754082,50.085911],[14.754247,50.08593],[14.756528,50.087811],[14.756578,50.087925],[14.75642,50.088789]]]},"properties":{"id":1974532204,"ku":"Tlustovousy","p":"428","druh":"ostatní plocha","vyuziti":"ostatní komunikace","vymera":2012,"lv":null}},{"type":"Feature","geometry":{"type":"Polygon","coordinates":[[[14.753705,50.085107],[14.754143,50.08575],[14.754107,50.085808],[14.754218,50.085777],[14.754275,50.085754],[14.754188,50.085737],[14.753746,50.085089],[14.753705,50.085107]]]},"properties":{"id":1974533204,"ku":"Tlustovousy","p":"429","druh":"ostatní plocha","vyuziti":"ostatní komunikace","vymera":316,"lv":null}},{"type":"Feature","geometry":{"type":"Polygon","coordinates":[[[14.756985,50.086669],[14.756949,50.086596],[14.756764,50.086313],[14.75543,50.086832],[14.756467,50.087688],[14.756985,50.086669]]]},"properties":{"id":1974537204,"ku":"Tlustovousy","p":"433","druh":"orná půda","vyuziti":null,"vymera":8333,"lv":null}},{"type":"Feature","geometry":{"type":"Polygon","coordinates":[[[14.752373,50.086537],[14.75352,50.086081],[14.753895,50.085976],[14.754082,50.085911],[14.755764,50.085242],[14.755996,50.085135],[14.755962,50.085083],[14.755925,50.085054],[14.755774,50.085154],[14.754218,50.085777],[14.754107,50.085808],[14.753837,50.085901],[14.753725,50.08595],[14.753346,50.086054],[14.752156,50.086531],[14.752003,50.086577],[14.751801,50.086661],[14.7517,50.086719],[14.751468,50.086816],[14.750432,50.087208],[14.750304,50.087245],[14.749977,50.087382],[14.749871,50.087442],[14.748596,50.087973],[14.748468,50.087978],[14.748238,50.087968],[14.747847,50.088012],[14.747701,50.088005],[14.747647,50.087983],[14.747753,50.0881],[14.747794,50.088085],[14.748211,50.088095],[14.748371,50.088089],[14.748559,50.088103],[14.748805,50.088032],[14.748791,50.087976],[14.75061,50.087216],[14.751521,50.086876],[14.751868,50.08673],[14.752373,50.086537]]]},"properties":{"id":1974439204,"ku":"Tlustovousy","p":"414","druh":"ostatní plocha","vyuziti":"ostatní komunikace","vymera":5859,"lv":null}},{"type":"Feature","geometry":{"type":"Polygon","coordinates":[[[14.755743,50.09599],[14.755645,50.096134],[14.75582,50.096186],[14.756058,50.096232],[14.756458,50.096483],[14.75683,50.096659],[14.757249,50.096967],[14.757575,50.097143],[14.758047,50.097291],[14.758222,50.097187],[14.758279,50.097144],[14.757844,50.09685],[14.75755,50.096678],[14.756578,50.096185],[14.756365,50.096112],[14.755743,50.09599]]]},"properties":{"id":1974443204,"ku":"Tlustovousy","p":"418","druh":"ostatní plocha","vyuziti":"zeleň","vymera":6600,"lv":null}},{"type":"Feature","geometry":{"type":"Polygon","coordinates":[[[14.753449,50.090762],[14.753887,50.090839],[14.753894,50.09082],[14.753456,50.090738],[14.753449,50.090762]]]},"properties":{"id":2080318204,"ku":"Tlustovousy","p":"90/35","druh":"orná půda","vyuziti":null,"vymera":80,"lv":null}},{"type":"Feature","geometry":{"type":"Polygon","coordinates":[[[14.755178,50.089563],[14.754828,50.089522],[14.75474,50.089813],[14.755093,50.089859],[14.755178,50.089563]],[[14.755001,50.089613],[14.755013,50.089568],[14.755158,50.089584],[14.755146,50.089629],[14.755001,50.089613]],[[14.754936,50.089806],[14.75497,50.089701],[14.755078,50.089716],[14.755044,50.08982],[14.754936,50.089806]]]},"properties":{"id":2080308204,"ku":"Tlustovousy","p":"90/27","druh":"orná půda","vyuziti":null,"vymera":703,"lv":null}},{"type":"Feature","geometry":{"type":"Polygon","coordinates":[[[14.744184,50.082996],[14.744352,50.083061],[14.744415,50.082743],[14.744214,50.082728],[14.744184,50.082996]]]},"properties":{"id":1974437204,"ku":"Tlustovousy","p":"412","druh":"orná půda","vyuziti":null,"vymera":447,"lv":null}},{"type":"Feature","geometry":{"type":"Polygon","coordinates":[[[14.75894,50.091746],[14.759035,50.091913],[14.759067,50.091911],[14.759074,50.09178],[14.75894,50.091746]]]},"properties":{"id":1536867204,"ku":"Tlustovousy","p":"262/3","druh":"ostatní plocha","vyuziti":"ostatní komunikace","vymera":91,"lv":null}},{"type":"Feature","geometry":{"type":"Polygon","coordinates":[[[14.756086,50.091623],[14.756206,50.09134],[14.756069,50.091317],[14.755953,50.091597],[14.756086,50.091623]],[[14.756014,50.091519],[14.756028,50.091483],[14.756123,50.091499],[14.75611,50.091533],[14.756014,50.091519]]]},"properties":{"id":1536797204,"ku":"Tlustovousy","p":"202/32","druh":"zahrada","vyuziti":null,"vymera":295,"lv":null}},{"type":"Feature","geometry":{"type":"Polygon","coordinates":[[[14.75916,50.089548],[14.759191,50.089521],[14.759123,50.089519],[14.759122,50.089548],[14.75916,50.089548]]]},"properties":{"id":1536878204,"ku":"Tlustovousy","p":"263/4","druh":"ostatní plocha","vyuziti":"ostatní komunikace","vymera":12,"lv":null}},{"type":"Feature","geometry":{"type":"Polygon","coordinates":[[[14.759033,50.093369],[14.758789,50.09333],[14.758737,50.093444],[14.759066,50.093499],[14.759033,50.093369]]]},"properties":{"id":1536810204,"ku":"Tlustovousy","p":"204/2","druh":"zahrada","vyuziti":null,"vymera":283,"lv":null}},{"type":"Feature","geometry":{"type":"Polygon","coordinates":[[[14.762371,50.088531],[14.762297,50.088567],[14.762036,50.088779],[14.76196,50.088857],[14.761925,50.088959],[14.762175,50.08924],[14.762356,50.089113],[14.762693,50.088832],[14.762371,50.088531]]]},"properties":{"id":2210779204,"ku":"Tlustovousy","p":"75/2","druh":"orná půda","vyuziti":null,"vymera":2284,"lv":null}},{"type":"Feature","geometry":{"type":"Polygon","coordinates":[[[14.747498,50.084114],[14.74819,50.085124],[14.75065,50.085074],[14.750099,50.08427],[14.747498,50.084114]]]},"properties":{"id":1974441204,"ku":"Tlustovousy","p":"416","druh":"orná půda","vyuziti":null,"vymera":18009,"lv":null}},{"type":"Feature","geometry":{"type":"Polygon","coordinates":[[[14.753899,50.090842],[14.75399,50.090569],[14.753978,50.090567],[14.753887,50.090839],[14.753899,50.090842]]]},"properties":{"id":2080296204,"ku":"Tlustovousy","p":"522","druh":"ostatní plocha","vyuziti":"jiná plocha","vymera":26,"lv":null}},{"type":"Feature","geometry":{"type":"Polygon","coordinates":[[[14.75811,50.093069],[14.75647,50.092792],[14.756413,50.092928],[14.758055,50.0932],[14.75811,50.093069]]]},"properties":{"id":1536795204,"ku":"Tlustovousy","p":"202/30","druh":"zahrada","vyuziti":null,"vymera":1862,"lv":null}},{"type":"Feature","geometry":{"type":"Polygon","coordinates":[[[14.755233,50.09136],[14.755309,50.091181],[14.755199,50.091161],[14.755123,50.091342],[14.755233,50.09136]]]},"properties":{"id":1536799204,"ku":"Tlustovousy","p":"202/34","druh":"zahrada","vyuziti":null,"vymera":168,"lv":null}},{"type":"Feature","geometry":{"type":"Polygon","coordinates":[[[14.761325,50.089751],[14.761643,50.089694],[14.762097,50.089513],[14.763057,50.088659],[14.762151,50.089403],[14.761849,50.089543],[14.761682,50.089608],[14.761523,50.089651],[14.761352,50.089677],[14.7608,50.089618],[14.760518,50.08956],[14.760129,50.089581],[14.759998,50.08957],[14.759638,50.089477],[14.759304,50.089417],[14.759179,50.089421],[14.759177,50.089411],[14.758866,50.089439],[14.758865,50.089454],[14.758775,50.089453],[14.758698,50.089482],[14.758678,50.089681],[14.758685,50.089681],[14.75879,50.090195],[14.758785,50.090207],[14.75876,50.09021],[14.758796,50.090352],[14.75881,50.090352],[14.758832,50.090417],[14.75885,50.090616],[14.758903,50.090739],[14.758918,50.090737],[14.758957,50.090842],[14.758991,50.090886],[14.759031,50.090981],[14.75902,50.090999],[14.759068,50.091117],[14.75909,50.091241],[14.759041,50.091239],[14.759012,50.091296],[14.758886,50.091355],[14.758695,50.091402],[14.758456,50.091416],[14.758481,50.091479],[14.75851,50.091478],[14.758549,50.091488],[14.758615,50.091547],[14.75861,50.09156],[14.758649,50.091592],[14.758671,50.091588],[14.758804,50.091707],[14.758799,50.091714],[14.758832,50.091756],[14.758911,50.091927],[14.758867,50.092296],[14.758818,50.092542],[14.758825,50.092658],[14.758962,50.093064],[14.759055,50.093458],[14.759081,50.093454],[14.75913,50.093555],[14.759225,50.093675],[14.75956,50.093978],[14.75973,50.094153],[14.75983,50.0941],[14.759705,50.093976],[14.759308,50.093617],[14.75925,50.093535],[14.759197,50.09343],[14.759181,50.093439],[14.759192,50.093469],[14.75917,50.093472],[14.758951,50.092686],[14.758937,50.09251],[14.759006,50.092077],[14.759007,50.091924],[14.758986,50.091854],[14.75895,50.091786],[14.758853,50.09166],[14.758864,50.091656],[14.758839,50.091623],[14.758762,50.091547],[14.758914,50.091426],[14.759005,50.091379],[14.759078,50.091353],[14.75917,50.091295],[14.759205,50.091225],[14.759171,50.091059],[14.759156,50.091024],[14.759146,50.091039],[14.759111,50.090957],[14.759116,50.09093],[14.759012,50.090667],[14.758951,50.090361],[14.758946,50.090288],[14.758809,50.089815],[14.758799,50.089813],[14.758852,50.089488],[14.759042,50.089504],[14.759042,50.089512],[14.759123,50.089519],[14.75931,50.08952],[14.759949,50.089659],[14.760193,50.089663],[14.760459,50.089643],[14.760765,50.089692],[14.761325,50.089751]]]},"properties":{"id":1536883204,"ku":"Tlustovousy","p":"263/9","druh":"ostatní plocha","vyuziti":"silnice","vymera":7293,"lv":null}},{"type":"Feature","geometry":{"type":"Polygon","coordinates":[[[14.758995,50.093226],[14.758962,50.093064],[14.758825,50.092658],[14.758679,50.093013],[14.75883,50.093036],[14.758768,50.093189],[14.758995,50.093226]],[[14.758819,50.093093],[14.758895,50.093104],[14.758884,50.093136],[14.758808,50.093124],[14.758819,50.093093]]]},"properties":{"id":1536812204,"ku":"Tlustovousy","p":"204/4","druh":"zahrada","vyuziti":null,"vymera":629,"lv":null}},{"type":"Feature","geometry":{"type":"Polygon","coordinates":[[[14.761212,50.089374],[14.761229,50.089664],[14.761288,50.08967],[14.761267,50.089362],[14.761212,50.089374]]]},"properties":{"id":1536621204,"ku":"Tlustovousy","p":"46/6","druh":"orná půda","vyuziti":null,"vymera":136,"lv":null}},{"type":"Feature","geometry":{"type":"Polygon","coordinates":[[[14.760129,50.089581],[14.760179,50.089575],[14.760178,50.089429],[14.759876,50.089428],[14.759803,50.08952],[14.759998,50.08957],[14.760129,50.089581]]]},"properties":{"id":1536610204,"ku":"Tlustovousy","p":"42/2","druh":"zahrada","vyuziti":null,"vymera":366,"lv":null}},{"type":"Feature","geometry":{"type":"Polygon","coordinates":[[[14.760658,50.089566],[14.760627,50.089414],[14.760178,50.089429],[14.760179,50.089575],[14.760518,50.08956],[14.760658,50.089566]]]},"properties":{"id":1536618204,"ku":"Tlustovousy","p":"46/3","druh":"orná půda","vyuziti":null,"vymera":535,"lv":null}},{"type":"Feature","geometry":{"type":"Polygon","coordinates":[[[14.757518,50.091531],[14.757755,50.091529],[14.757519,50.091521],[14.757518,50.091531]]]},"properties":{"id":1536906204,"ku":"Tlustovousy","p":"279/10","druh":"zahrada","vyuziti":null,"vymera":9,"lv":null}},{"type":"Feature","geometry":{"type":"Polygon","coordinates":[[[14.756785,50.093931],[14.756799,50.093894],[14.756776,50.09389],[14.756781,50.093878],[14.756638,50.093855],[14.756612,50.093916],[14.756757,50.093939],[14.756762,50.093927],[14.756785,50.093931]]]},"properties":{"id":2235026204,"ku":"Tlustovousy","p":"st. 125","druh":"zastavěná plocha a nádvoří","vyuziti":null,"vymera":84,"lv":null}},{"type":"Feature","geometry":{"type":"Polygon","coordinates":[[[14.7608,50.089618],[14.761229,50.089664],[14.761227,50.08962],[14.760713,50.08957],[14.760518,50.08956],[14.7608,50.089618]]]},"properties":{"id":1536623204,"ku":"Tlustovousy","p":"46/8","druh":"ostatní plocha","vyuziti":"jiná plocha","vymera":188,"lv":null}},{"type":"Feature","geometry":{"type":"Polygon","coordinates":[[[14.754828,50.089522],[14.755178,50.089563],[14.755259,50.089283],[14.754908,50.089258],[14.754828,50.089522]],[[14.755018,50.089429],[14.755038,50.089331],[14.755171,50.089347],[14.755142,50.089444],[14.755018,50.089429]]]},"properties":{"id":2080311204,"ku":"Tlustovousy","p":"90/30","druh":"orná půda","vyuziti":null,"vymera":678,"lv":null}},{"type":"Feature","geometry":{"type":"Polygon","coordinates":[[[14.754283,50.098361],[14.754578,50.098426],[14.75466,50.098227],[14.754488,50.098272],[14.754283,50.098361]]]},"properties":{"id":1974438204,"ku":"Tlustovousy","p":"413","druh":"orná půda","vyuziti":null,"vymera":279,"lv":null}},{"type":"Feature","geometry":{"type":"Polygon","coordinates":[[[14.75187,50.086632],[14.751755,50.08661],[14.750149,50.084264],[14.750099,50.08427],[14.751714,50.086628],[14.751665,50.086734],[14.75187,50.086632]]]},"properties":{"id":1974442204,"ku":"Tlustovousy","p":"417","druh":"ostatní plocha","vyuziti":"ostatní komunikace","vymera":1076,"lv":null}},{"type":"Feature","geometry":{"type":"Polygon","coordinates":[[[14.761092,50.089402],[14.761212,50.089374],[14.761209,50.08933],[14.760627,50.089414],[14.761092,50.089402]]]},"properties":{"id":1536624204,"ku":"Tlustovousy","p":"46/9","druh":"orná půda","vyuziti":null,"vymera":148,"lv":null}},{"type":"Feature","geometry":{"type":"Polygon","coordinates":[[[14.761224,50.089251],[14.761066,50.088734],[14.760722,50.088701],[14.760838,50.089302],[14.761224,50.089251]],[[14.760836,50.088854],[14.760905,50.088846],[14.760915,50.088888],[14.760847,50.088896],[14.760836,50.088854]]]},"properties":{"id":1536611204,"ku":"Tlustovousy","p":"43/1","druh":"zahrada","vyuziti":null,"vymera":1605,"lv":null}},{"type":"Feature","geometry":{"type":"Polygon","coordinates":[[[14.760658,50.089566],[14.761227,50.08962],[14.761212,50.089374],[14.761092,50.089402],[14.760627,50.089414],[14.760658,50.089566]]]},"properties":{"id":1536620204,"ku":"Tlustovousy","p":"46/5","druh":"orná půda","vyuziti":null,"vymera":864,"lv":null}},{"type":"Feature","geometry":{"type":"Polygon","coordinates":[[[14.756413,50.092928],[14.756362,50.093056],[14.758004,50.093331],[14.758034,50.093256],[14.757955,50.093241],[14.757977,50.09319],[14.758053,50.093205],[14.758055,50.0932],[14.756413,50.092928]]]},"properties":{"id":1536796204,"ku":"Tlustovousy","p":"202/31","druh":"zahrada","vyuziti":null,"vymera":1775,"lv":null}},{"type":"Feature","geometry":{"type":"Polygon","coordinates":[[[14.75881,50.090352],[14.758369,50.090342],[14.758289,50.090339],[14.758344,50.090412],[14.758511,50.090417],[14.758832,50.090417],[14.75881,50.090352]]]},"properties":{"id":1536877204,"ku":"Tlustovousy","p":"263/3","druh":"ostatní plocha","vyuziti":"ostatní komunikace","vymera":279,"lv":null}},{"type":"Feature","geometry":{"type":"Polygon","coordinates":[[[14.758279,50.093657],[14.758299,50.09366],[14.758355,50.093528],[14.758279,50.093657]]]},"properties":{"id":1536809204,"ku":"Tlustovousy","p":"202/44","druh":"zahrada","vyuziti":null,"vymera":11,"lv":null}},{"type":"Feature","geometry":{"type":"Polygon","coordinates":[[[14.758788,50.093944],[14.758763,50.09379],[14.75827,50.093824],[14.758172,50.093988],[14.758788,50.093944]],[[14.758499,50.09393],[14.7585,50.093947],[14.758452,50.093947],[14.758452,50.09393],[14.758391,50.093931],[14.758387,50.093821],[14.758527,50.09382],[14.758527,50.093814],[14.758565,50.093813],[14.758567,50.093848],[14.758581,50.093848],[14.758582,50.093871],[14.758537,50.093871],[14.758539,50.093929],[14.758499,50.09393]]]},"properties":{"id":1536813204,"ku":"Tlustovousy","p":"204/5","druh":"zahrada","vyuziti":null,"vymera":537,"lv":null}},{"type":"Feature","geometry":{"type":"Polygon","coordinates":[[[14.75535,50.089527],[14.755367,50.089543],[14.75548,50.089556],[14.755498,50.089492],[14.755385,50.089479],[14.755361,50.08949],[14.75535,50.089527]]]},"properties":{"id":83316255010,"ku":"Tlustovousy","p":"st. 197","druh":"zastavěná plocha a nádvoří","vyuziti":null,"vymera":68,"lv":null}},{"type":"Feature","geometry":{"type":"Polygon","coordinates":[[[14.75613,50.089339],[14.75605,50.089676],[14.756101,50.089477],[14.756213,50.089353],[14.75613,50.089339]]]},"properties":{"id":76236674010,"ku":"Tlustovousy","p":"13/19","druh":"orná půda","vyuziti":null,"vymera":62,"lv":null}},{"type":"Feature","geometry":{"type":"Polygon","coordinates":[[[14.756101,50.089477],[14.75605,50.089676],[14.756091,50.08968],[14.756142,50.089487],[14.756253,50.089362],[14.756213,50.089353],[14.756101,50.089477]]]},"properties":{"id":76236675010,"ku":"Tlustovousy","p":"13/20","druh":"orná půda","vyuziti":null,"vymera":115,"lv":null}},{"type":"Feature","geometry":{"type":"Polygon","coordinates":[[[14.762494,50.08847],[14.762371,50.088531],[14.762693,50.088832],[14.76283,50.088719],[14.762494,50.08847]]]},"properties":{"id":100137491010,"ku":"Tlustovousy","p":"75/3","druh":"orná půda","vyuziti":null,"vymera":512,"lv":null}},{"type":"Feature","geometry":{"type":"Polygon","coordinates":[[[14.755034,50.089374],[14.755018,50.089429],[14.755142,50.089444],[14.755171,50.089347],[14.755038,50.089331],[14.755025,50.089373],[14.755034,50.089374]]]},"properties":{"id":89670469010,"ku":"Tlustovousy","p":"st. 206","druh":"zastavěná plocha a nádvoří","vyuziti":null,"vymera":103,"lv":null}},{"type":"Feature","geometry":{"type":"Polygon","coordinates":[[[14.753103,50.089925],[14.752599,50.089832],[14.75253,50.090069],[14.753035,50.090161],[14.753103,50.089925]]]},"properties":{"id":67589043010,"ku":"Tlustovousy","p":"388/19","druh":"orná půda","vyuziti":null,"vymera":1000,"lv":null}},{"type":"Feature","geometry":{"type":"Polygon","coordinates":[[[14.752599,50.089832],[14.753103,50.089925],[14.753172,50.089689],[14.752667,50.089596],[14.752599,50.089832]]]},"properties":{"id":67589044010,"ku":"Tlustovousy","p":"388/20","druh":"orná půda","vyuziti":null,"vymera":1000,"lv":null}},{"type":"Feature","geometry":{"type":"Polygon","coordinates":[[[14.752667,50.089596],[14.753172,50.089689],[14.75324,50.089453],[14.752735,50.089359],[14.752667,50.089596]]]},"properties":{"id":67589045010,"ku":"Tlustovousy","p":"388/21","druh":"orná půda","vyuziti":null,"vymera":1000,"lv":null}},{"type":"Feature","geometry":{"type":"Polygon","coordinates":[[[14.757328,50.091058],[14.757218,50.091426],[14.75725,50.09143],[14.757307,50.091265],[14.757493,50.091275],[14.757545,50.091082],[14.757328,50.091058]]]},"properties":{"id":101296947010,"ku":"Tlustovousy","p":"200/4","druh":"ostatní plocha","vyuziti":"neplodná půda","vymera":403,"lv":null}},{"type":"Feature","geometry":{"type":"Polygon","coordinates":[[[14.757484,50.090619],[14.757426,50.090614],[14.757401,50.090722],[14.757459,50.090728],[14.757484,50.090619]]]},"properties":{"id":95398087010,"ku":"Tlustovousy","p":"st. 208","druh":"zastavěná plocha a nádvoří","vyuziti":null,"vymera":52,"lv":null}},{"type":"Feature","geometry":{"type":"Polygon","coordinates":[[[14.755276,50.089997],[14.755279,50.089987],[14.755196,50.089977],[14.75517,50.090059],[14.755246,50.090069],[14.755236,50.090099],[14.755364,50.090116],[14.7554,50.090004],[14.755348,50.089997],[14.755345,50.090006],[14.755276,50.089997]]]},"properties":{"id":72455895010,"ku":"Tlustovousy","p":"st. 186","druh":"zastavěná plocha a nádvoří","vyuziti":null,"vymera":165,"lv":null}},{"type":"Feature","geometry":{"type":"Polygon","coordinates":[[[14.754174,50.089893],[14.754079,50.08988],[14.754047,50.089974],[14.75394,50.089959],[14.753918,50.090027],[14.754034,50.090043],[14.754038,50.09003],[14.754124,50.090042],[14.754174,50.089893]]]},"properties":{"id":75548992010,"ku":"Tlustovousy","p":"st. 188","druh":"zastavěná plocha a nádvoří","vyuziti":null,"vymera":180,"lv":null}},{"type":"Feature","geometry":{"type":"Polygon","coordinates":[[[14.759237,50.088933],[14.759933,50.088981],[14.759948,50.088945],[14.759429,50.088898],[14.759237,50.088933]]]},"properties":{"id":79611693010,"ku":"Tlustovousy","p":"39/10","druh":"zahrada","vyuziti":null,"vymera":208,"lv":null}},{"type":"Feature","geometry":{"type":"Polygon","coordinates":[[[14.753939,50.091352],[14.753825,50.09154],[14.753998,50.091584],[14.754112,50.091395],[14.753939,50.091352]]]},"properties":{"id":70989615010,"ku":"Tlustovousy","p":"st. 109","druh":"zastavěná plocha a nádvoří","vyuziti":null,"vymera":299,"lv":null}},{"type":"Feature","geometry":{"type":"Polygon","coordinates":[[[14.757918,50.094293],[14.756004,50.093945],[14.756113,50.093676],[14.755978,50.093653],[14.756173,50.093165],[14.756309,50.093187],[14.756678,50.092273],[14.755571,50.092088],[14.75554,50.09217],[14.754919,50.092066],[14.754622,50.092024],[14.753565,50.091844],[14.753516,50.091805],[14.753343,50.091769],[14.750717,50.091293],[14.751079,50.090425],[14.750376,50.090293],[14.749985,50.09023],[14.749842,50.090191],[14.748866,50.093626],[14.749358,50.093527],[14.750255,50.093365],[14.750436,50.09339],[14.750543,50.093421],[14.75128,50.093713],[14.751544,50.093784],[14.7513,50.094122],[14.751885,50.094611],[14.751895,50.094704],[14.751655,50.094918],[14.75146,50.094938],[14.75129,50.095003],[14.751221,50.095173],[14.751611,50.095185],[14.751882,50.09517],[14.753099,50.095305],[14.753528,50.095488],[14.754051,50.095645],[14.754612,50.095767],[14.756365,50.096112],[14.756578,50.096185],[14.75755,50.096678],[14.757844,50.09685],[14.758199,50.09709],[14.758289,50.097034],[14.758545,50.096798],[14.758861,50.096465],[14.759137,50.09623],[14.759434,50.095903],[14.759623,50.095648],[14.759878,50.095146],[14.759969,50.095149],[14.759989,50.094927],[14.759972,50.094809],[14.759927,50.094616],[14.759834,50.094377],[14.759697,50.094171],[14.757918,50.094293]],[[14.755753,50.095096],[14.754307,50.094697],[14.75382,50.094586],[14.753386,50.094511],[14.752528,50.094379],[14.752535,50.094371],[14.753396,50.094495],[14.754352,50.09461],[14.754891,50.094699],[14.756667,50.095046],[14.757089,50.095135],[14.757391,50.095255],[14.758093,50.095786],[14.758418,50.096003],[14.758398,50.09601],[14.758284,50.095948],[14.757759,50.095611],[14.757517,50.095439],[14.757323,50.095354],[14.756882,50.095308],[14.755753,50.095096]],[[14.757811,50.094344],[14.757804,50.094359],[14.757765,50.094352],[14.757771,50.094337],[14.757811,50.094344]]]},"properties":{"id":101410782010,"ku":"Tlustovousy","p":"400/3","druh":"orná půda","vyuziti":null,"vymera":249292,"lv":null}},{"type":"Feature","geometry":{"type":"Polygon","coordinates":[[[14.75211,50.091075],[14.752647,50.091176],[14.752744,50.09096],[14.752207,50.090859],[14.75211,50.091075]]]},"properties":{"id":101410783010,"ku":"Tlustovousy","p":"400/4","druh":"orná půda","vyuziti":null,"vymera":1000,"lv":null}},{"type":"Feature","geometry":{"type":"Polygon","coordinates":[[[14.752013,50.091291],[14.75255,50.091391],[14.752647,50.091176],[14.75211,50.091075],[14.752013,50.091291]]]},"properties":{"id":101410784010,"ku":"Tlustovousy","p":"400/5","druh":"orná půda","vyuziti":null,"vymera":1000,"lv":null}},{"type":"Feature","geometry":{"type":"Polygon","coordinates":[[[14.751914,50.091511],[14.752452,50.091609],[14.75255,50.091391],[14.752013,50.091291],[14.751914,50.091511]]]},"properties":{"id":101410785010,"ku":"Tlustovousy","p":"400/6","druh":"orná půda","vyuziti":null,"vymera":1012,"lv":null}},{"type":"Feature","geometry":{"type":"Polygon","coordinates":[[[14.752305,50.090644],[14.75217,50.090619],[14.751779,50.091486],[14.751914,50.091511],[14.752305,50.090644]]]},"properties":{"id":101410786010,"ku":"Tlustovousy","p":"400/7","druh":"orná půda","vyuziti":null,"vymera":1004,"lv":null}},{"type":"Feature","geometry":{"type":"Polygon","coordinates":[[[14.75217,50.090619],[14.751079,50.090425],[14.750717,50.091293],[14.751779,50.091486],[14.75217,50.090619]]]},"properties":{"id":101410787010,"ku":"Tlustovousy","p":"400/8","druh":"orná půda","vyuziti":null,"vymera":8021,"lv":null}},{"type":"Feature","geometry":{"type":"Polygon","coordinates":[[[14.752842,50.090744],[14.752305,50.090644],[14.752207,50.090859],[14.752744,50.09096],[14.752842,50.090744]]]},"properties":{"id":101410788010,"ku":"Tlustovousy","p":"400/9","druh":"orná půda","vyuziti":null,"vymera":1000,"lv":null}},{"type":"Feature","geometry":{"type":"Polygon","coordinates":[[[14.756599,50.090485],[14.756516,50.090477],[14.756505,50.090532],[14.756467,50.090528],[14.756457,50.090576],[14.756388,50.090567],[14.75637,50.090624],[14.756445,50.090634],[14.756449,50.090622],[14.756562,50.090637],[14.756599,50.090485]]]},"properties":{"id":82307748010,"ku":"Tlustovousy","p":"st. 193","druh":"zastavěná plocha a nádvoří","vyuziti":null,"vymera":164,"lv":null}},{"type":"Feature","geometry":{"type":"Polygon","coordinates":[[[14.753165,50.0904],[14.753252,50.09041],[14.753255,50.090397],[14.753336,50.090407],[14.753361,50.090321],[14.753194,50.090301],[14.753165,50.0904]]]},"properties":{"id":26538873010,"ku":"Tlustovousy","p":"st. 160","druh":"zastavěná plocha a nádvoří","vyuziti":null,"vymera":127,"lv":null}},{"type":"Feature","geometry":{"type":"Polygon","coordinates":[[[14.75639,50.093852],[14.756445,50.093861],[14.756469,50.093799],[14.756414,50.09379],[14.75639,50.093852]]]},"properties":{"id":25458147010,"ku":"Tlustovousy","p":"st. 159","druh":"zastavěná plocha a nádvoří","vyuziti":null,"vymera":29,"lv":null}},{"type":"Feature","geometry":{"type":"Polygon","coordinates":[[[14.754816,50.089946],[14.754703,50.089931],[14.754669,50.090034],[14.754777,50.090049],[14.754769,50.090075],[14.754827,50.090082],[14.754853,50.090003],[14.7548,50.089996],[14.754816,50.089946]]]},"properties":{"id":29359766010,"ku":"Tlustovousy","p":"st. 163","druh":"zastavěná plocha a nádvoří","vyuziti":null,"vymera":134,"lv":null}},{"type":"Feature","geometry":{"type":"Polygon","coordinates":[[[14.756332,50.089504],[14.75621,50.089494],[14.756174,50.089664],[14.756297,50.089675],[14.756332,50.089504]]]},"properties":{"id":84690575010,"ku":"Tlustovousy","p":"st. 195","druh":"zastavěná plocha a nádvoří","vyuziti":null,"vymera":169,"lv":null}},{"type":"Feature","geometry":{"type":"Polygon","coordinates":[[[14.75322,50.090155],[14.75334,50.09017],[14.753343,50.090159],[14.753363,50.090151],[14.753357,50.090114],[14.753237,50.090099],[14.75322,50.090155]]]},"properties":{"id":30904570010,"ku":"Tlustovousy","p":"st. 164","druh":"zastavěná plocha a nádvoří","vyuziti":null,"vymera":59,"lv":null}},{"type":"Feature","geometry":{"type":"Polygon","coordinates":[[[14.758007,50.093325],[14.758382,50.093391],[14.758412,50.093319],[14.75831,50.093302],[14.758303,50.093321],[14.75811,50.093288],[14.758101,50.093311],[14.758019,50.093297],[14.758007,50.093325]]]},"properties":{"id":22376333010,"ku":"Tlustovousy","p":"st. 62/1","druh":"zastavěná plocha a nádvoří","vyuziti":null,"vymera":169,"lv":null}},{"type":"Feature","geometry":{"type":"Polygon","coordinates":[[[14.75831,50.093302],[14.758412,50.093319],[14.758382,50.093391],[14.758007,50.093325],[14.758004,50.093331],[14.758408,50.093399],[14.758461,50.093267],[14.758055,50.0932],[14.758053,50.093205],[14.758088,50.093211],[14.758066,50.093262],[14.758034,50.093256],[14.758019,50.093297],[14.758101,50.093311],[14.75811,50.093288],[14.758303,50.093321],[14.75831,50.093302]]]},"properties":{"id":22376334010,"ku":"Tlustovousy","p":"563","druh":"ostatní plocha","vyuziti":"jiná plocha","vymera":267,"lv":null}},{"type":"Feature","geometry":{"type":"Polygon","coordinates":[[[14.757955,50.093241],[14.758066,50.093262],[14.758088,50.093211],[14.757977,50.09319],[14.757955,50.093241]]]},"properties":{"id":22376335010,"ku":"Tlustovousy","p":"st. 62/2","druh":"zastavěná plocha a nádvoří","vyuziti":null,"vymera":48,"lv":null}},{"type":"Feature","geometry":{"type":"Polygon","coordinates":[[[14.75828,50.091757],[14.758242,50.091753],[14.758101,50.091775],[14.758083,50.091855],[14.757931,50.09184],[14.757899,50.091971],[14.758233,50.092003],[14.758228,50.091924],[14.75828,50.091757]]]},"properties":{"id":30366789010,"ku":"Tlustovousy","p":"202/54","druh":"zahrada","vyuziti":null,"vymera":478,"lv":null}},{"type":"Feature","geometry":{"type":"Polygon","coordinates":[[[14.756014,50.091519],[14.75611,50.091533],[14.756123,50.091499],[14.756028,50.091483],[14.756014,50.091519]]]},"properties":{"id":43031141010,"ku":"Tlustovousy","p":"st. 171","druh":"zastavěná plocha a nádvoří","vyuziti":null,"vymera":29,"lv":null}},{"type":"Feature","geometry":{"type":"Polygon","coordinates":[[[14.757771,50.094337],[14.757765,50.094352],[14.757804,50.094359],[14.757811,50.094344],[14.757771,50.094337]]]},"properties":{"id":40313751010,"ku":"Tlustovousy","p":"st. 169","druh":"zastavěná plocha a nádvoří","vyuziti":null,"vymera":5,"lv":null}},{"type":"Feature","geometry":{"type":"Polygon","coordinates":[[[14.756931,50.09066],[14.756943,50.090587],[14.756736,50.090573],[14.756724,50.090646],[14.756931,50.09066]]]},"properties":{"id":45660036010,"ku":"Tlustovousy","p":"st. 173","druh":"zastavěná plocha a nádvoří","vyuziti":null,"vymera":121,"lv":null}},{"type":"Feature","geometry":{"type":"Polygon","coordinates":[[[14.755692,50.09042],[14.755535,50.090407],[14.755518,50.090485],[14.755676,50.090499],[14.755692,50.09042]]]},"properties":{"id":48767680010,"ku":"Tlustovousy","p":"st. 174","druh":"zastavěná plocha a nádvoří","vyuziti":null,"vymera":100,"lv":null}},{"type":"Feature","geometry":{"type":"Polygon","coordinates":[[[14.756899,50.090915],[14.756919,50.090844],[14.756796,50.090829],[14.756775,50.0909],[14.756899,50.090915]]]},"properties":{"id":55568384010,"ku":"Tlustovousy","p":"st. 176","druh":"zastavěná plocha a nádvoří","vyuziti":null,"vymera":72,"lv":null}},{"type":"Feature","geometry":{"type":"Polygon","coordinates":[[[14.758609,50.091348],[14.758612,50.091317],[14.758548,50.091312],[14.758551,50.091346],[14.758609,50.091348]]]},"properties":{"id":57326652010,"ku":"Tlustovousy","p":"262/14","druh":"ostatní plocha","vyuziti":"ostatní komunikace","vymera":15,"lv":null}},{"type":"Feature","geometry":{"type":"Polygon","coordinates":[[[14.758808,50.093124],[14.758884,50.093136],[14.758895,50.093104],[14.758819,50.093093],[14.758808,50.093124]]]},"properties":{"id":57327834010,"ku":"Tlustovousy","p":"st. 177","druh":"zastavěná plocha a nádvoří","vyuziti":null,"vymera":20,"lv":null}},{"type":"Feature","geometry":{"type":"Polygon","coordinates":[[[14.758738,50.09305],[14.758748,50.093023],[14.758679,50.093013],[14.758619,50.093164],[14.758768,50.093189],[14.758819,50.093064],[14.758738,50.09305]]]},"properties":{"id":57327833010,"ku":"Tlustovousy","p":"st. 55/1","druh":"zastavěná plocha a nádvoří","vyuziti":null,"vymera":175,"lv":null}},{"type":"Feature","geometry":{"type":"Polygon","coordinates":[[[14.758819,50.093064],[14.75883,50.093036],[14.758748,50.093023],[14.758738,50.09305],[14.758819,50.093064]]]},"properties":{"id":57327835010,"ku":"Tlustovousy","p":"st. 55/2","druh":"zastavěná plocha a nádvoří","vyuziti":null,"vymera":19,"lv":null}},{"type":"Feature","geometry":{"type":"Polygon","coordinates":[[[14.754492,50.090796],[14.754447,50.090898],[14.754649,50.090935],[14.754674,50.090877],[14.754575,50.09086],[14.754595,50.090815],[14.754492,50.090796]]]},"properties":{"id":63708665010,"ku":"Tlustovousy","p":"st. 182","druh":"zastavěná plocha a nádvoří","vyuziti":null,"vymera":139,"lv":null}},{"type":"Feature","geometry":{"type":"Polygon","coordinates":[[[14.752967,50.090397],[14.753035,50.090161],[14.75253,50.090069],[14.752462,50.090305],[14.752967,50.090397]]]},"properties":{"id":67589042010,"ku":"Tlustovousy","p":"388/18","druh":"orná půda","vyuziti":null,"vymera":1000,"lv":null}},{"type":"Feature","geometry":{"type":"Polygon","coordinates":[[[14.756256,50.090081],[14.755955,50.090013],[14.755945,50.090049],[14.756232,50.090114],[14.757079,50.090208],[14.757513,50.09022],[14.757459,50.090188],[14.757086,50.090172],[14.756256,50.090081]]]},"properties":{"id":63850460010,"ku":"Tlustovousy","p":"7/3","druh":"ostatní plocha","vyuziti":"jiná plocha","vymera":440,"lv":null}},{"type":"Feature","geometry":{"type":"Polygon","coordinates":[[[14.75637,50.089439],[14.756324,50.0897],[14.756465,50.089711],[14.756616,50.089818],[14.75677,50.089741],[14.75637,50.089439]]]},"properties":{"id":63850461010,"ku":"Tlustovousy","p":"7/4","druh":"ovocný sad","vyuziti":null,"vymera":578,"lv":null}},{"type":"Feature","geometry":{"type":"Polygon","coordinates":[[[14.755431,50.089941],[14.755421,50.089977],[14.755491,50.089984],[14.756218,50.090149],[14.756214,50.090166],[14.756297,50.090176],[14.756309,50.090122],[14.756232,50.090114],[14.755513,50.08995],[14.755431,50.089941]]]},"properties":{"id":63850462010,"ku":"Tlustovousy","p":"13/11","druh":"ostatní plocha","vyuziti":"jiná plocha","vymera":276,"lv":null}},{"type":"Feature","geometry":{"type":"Polygon","coordinates":[[[14.756186,50.090052],[14.756092,50.090044],[14.756183,50.090064],[14.756186,50.090052]]]},"properties":{"id":63850463010,"ku":"Tlustovousy","p":"13/12","druh":"trvalý travní porost","vyuziti":null,"vymera":5,"lv":null}},{"type":"Feature","geometry":{"type":"Polygon","coordinates":[[[14.755915,50.089654],[14.755823,50.089982],[14.755955,50.090013],[14.756045,50.089668],[14.755915,50.089654]]]},"properties":{"id":63850464010,"ku":"Tlustovousy","p":"13/14","druh":"trvalý travní porost","vyuziti":null,"vymera":366,"lv":null}},{"type":"Feature","geometry":{"type":"Polygon","coordinates":[[[14.75613,50.089339],[14.756013,50.089317],[14.755713,50.089307],[14.755663,50.08956],[14.755933,50.08959],[14.755915,50.089654],[14.756045,50.089668],[14.75613,50.089339]],[[14.755864,50.089511],[14.755893,50.08939],[14.75606,50.089407],[14.756029,50.089528],[14.755864,50.089511]]]},"properties":{"id":63850465010,"ku":"Tlustovousy","p":"13/15","druh":"trvalý travní porost","vyuziti":null,"vymera":786,"lv":null}},{"type":"Feature","geometry":{"type":"Polygon","coordinates":[[[14.75637,50.089439],[14.756282,50.089373],[14.756253,50.089362],[14.756142,50.089487],[14.756091,50.08968],[14.756324,50.0897],[14.75637,50.089439]],[[14.756174,50.089664],[14.75621,50.089494],[14.756332,50.089504],[14.756297,50.089675],[14.756174,50.089664]]]},"properties":{"id":63850467010,"ku":"Tlustovousy","p":"13/16","druh":"zahrada","vyuziti":null,"vymera":337,"lv":null}},{"type":"Feature","geometry":{"type":"Polygon","coordinates":[[[14.755538,50.089548],[14.755441,50.089906],[14.755523,50.089915],[14.755599,50.08962],[14.755649,50.089626],[14.755663,50.08956],[14.755538,50.089548]]]},"properties":{"id":63850472010,"ku":"Tlustovousy","p":"st. 85/5","druh":"zastavěná plocha a nádvoří","vyuziti":"společný dvůr","vymera":259,"lv":null}},{"type":"Feature","geometry":{"type":"Polygon","coordinates":[[[14.755837,50.089668],[14.755764,50.089969],[14.755823,50.089982],[14.755915,50.089654],[14.755696,50.089631],[14.755617,50.089936],[14.755666,50.089947],[14.755737,50.089656],[14.755837,50.089668]]]},"properties":{"id":63850473010,"ku":"Tlustovousy","p":"st. 85/6","druh":"zastavěná plocha a nádvoří","vyuziti":"společný dvůr","vymera":315,"lv":null}},{"type":"Feature","geometry":{"type":"Polygon","coordinates":[[[14.755663,50.08956],[14.755649,50.089626],[14.755915,50.089654],[14.755933,50.08959],[14.755663,50.08956]]]},"properties":{"id":63850474010,"ku":"Tlustovousy","p":"st. 85/7","druh":"zastavěná plocha a nádvoří","vyuziti":"společný dvůr","vymera":142,"lv":null}},{"type":"Feature","geometry":{"type":"Polygon","coordinates":[[[14.757597,50.09027],[14.757072,50.090244],[14.757037,50.090414],[14.757846,50.090522],[14.757902,50.090299],[14.757597,50.09027]]]},"properties":{"id":63850475010,"ku":"Tlustovousy","p":"558/3","druh":"ostatní plocha","vyuziti":"jiná plocha","vymera":1349,"lv":null}},{"type":"Feature","geometry":{"type":"Polygon","coordinates":[[[14.757072,50.090244],[14.756328,50.090161],[14.756324,50.090179],[14.756297,50.090176],[14.756268,50.090312],[14.757037,50.090414],[14.757072,50.090244]],[[14.756824,50.090363],[14.756837,50.090301],[14.756981,50.090313],[14.756968,50.090375],[14.756824,50.090363]]]},"properties":{"id":63850476010,"ku":"Tlustovousy","p":"558/4","druh":"ostatní plocha","vyuziti":"jiná plocha","vymera":944,"lv":null}},{"type":"Feature","geometry":{"type":"Polygon","coordinates":[[[14.755523,50.089915],[14.755617,50.089936],[14.755696,50.089631],[14.755599,50.08962],[14.755523,50.089915]]]},"properties":{"id":63850477010,"ku":"Tlustovousy","p":"559/1","druh":"ostatní plocha","vyuziti":"jiná plocha","vymera":238,"lv":null}},{"type":"Feature","geometry":{"type":"Polygon","coordinates":[[[14.755666,50.089947],[14.755764,50.089969],[14.755837,50.089668],[14.755737,50.089656],[14.755666,50.089947]]]},"properties":{"id":63850480010,"ku":"Tlustovousy","p":"560/1","druh":"ostatní plocha","vyuziti":"jiná plocha","vymera":244,"lv":null}},{"type":"Feature","geometry":{"type":"Polygon","coordinates":[[[14.755955,50.090013],[14.755528,50.089916],[14.755441,50.089906],[14.755431,50.089941],[14.755513,50.08995],[14.755945,50.090049],[14.755955,50.090013]]]},"properties":{"id":63850481010,"ku":"Tlustovousy","p":"560/2","druh":"ostatní plocha","vyuziti":"jiná plocha","vymera":155,"lv":null}},{"type":"Feature","geometry":{"type":"Polygon","coordinates":[[[14.755598,50.090223],[14.756268,50.090312],[14.756297,50.090176],[14.756214,50.090166],[14.756218,50.090149],[14.755491,50.089984],[14.755452,50.09013],[14.755616,50.090144],[14.755598,50.090223]]]},"properties":{"id":63850483010,"ku":"Tlustovousy","p":"572/1","druh":"ostatní plocha","vyuziti":"jiná plocha","vymera":1129,"lv":null}},{"type":"Feature","geometry":{"type":"Polygon","coordinates":[[[14.756186,50.090052],[14.756183,50.090064],[14.756256,50.090081],[14.756261,50.090061],[14.756186,50.090052]]]},"properties":{"id":63850484010,"ku":"Tlustovousy","p":"572/2","druh":"ostatní plocha","vyuziti":"jiná plocha","vymera":10,"lv":null}},{"type":"Feature","geometry":{"type":"Polygon","coordinates":[[[14.753308,50.089216],[14.752803,50.089123],[14.752735,50.089359],[14.75324,50.089453],[14.753308,50.089216]]]},"properties":{"id":67589046010,"ku":"Tlustovousy","p":"388/22","druh":"orná půda","vyuziti":null,"vymera":1000,"lv":null}},{"type":"Feature","geometry":{"type":"Polygon","coordinates":[[[14.752533,50.086977],[14.752524,50.087012],[14.752579,50.087018],[14.752588,50.086982],[14.752533,50.086977]]]},"properties":{"id":71565569010,"ku":"Tlustovousy","p":"st. 183","druh":"zastavěná plocha a nádvoří","vyuziti":null,"vymera":16,"lv":null}},{"type":"Feature","geometry":{"type":"Polygon","coordinates":[[[14.757079,50.090208],[14.757072,50.090244],[14.757597,50.09027],[14.757513,50.09022],[14.757079,50.090208]]]},"properties":{"id":79338642010,"ku":"Tlustovousy","p":"7/5","druh":"ostatní plocha","vyuziti":"jiná plocha","vymera":152,"lv":null}},{"type":"Feature","geometry":{"type":"Polygon","coordinates":[[[14.756507,50.091011],[14.756527,50.090934],[14.756318,50.090911],[14.756298,50.090989],[14.756507,50.091011]]]},"properties":{"id":80035812010,"ku":"Tlustovousy","p":"st. 190","druh":"zastavěná plocha a nádvoří","vyuziti":null,"vymera":132,"lv":null}},{"type":"Feature","geometry":{"type":"Polygon","coordinates":[[[14.75659,50.090897],[14.756612,50.090812],[14.756523,50.090802],[14.756515,50.090832],[14.756556,50.090837],[14.756542,50.090893],[14.75659,50.090897]]]},"properties":{"id":80035813010,"ku":"Tlustovousy","p":"st. 191","druh":"zastavěná plocha a nádvoří","vyuziti":null,"vymera":44,"lv":null}},{"type":"Feature","geometry":{"type":"Polygon","coordinates":[[[14.761361,50.089606],[14.761285,50.08962],[14.761288,50.08967],[14.761352,50.089677],[14.761387,50.089672],[14.761361,50.089606]]]},"properties":{"id":82810754010,"ku":"Tlustovousy","p":"46/13","druh":"ostatní plocha","vyuziti":"jiná plocha","vymera":41,"lv":null}},{"type":"Feature","geometry":{"type":"Polygon","coordinates":[[[14.758807,50.093885],[14.758815,50.093948],[14.758921,50.093942],[14.758912,50.093879],[14.758807,50.093885]]]},"properties":{"id":2452643204,"ku":"Tlustovousy","p":"st. 143","druh":"zastavěná plocha a nádvoří","vyuziti":null,"vymera":53,"lv":null}},{"type":"Feature","geometry":{"type":"Polygon","coordinates":[[[14.75531,50.091088],[14.755637,50.09115],[14.755678,50.090936],[14.755354,50.090907],[14.75531,50.091088]],[[14.755416,50.090978],[14.75542,50.090959],[14.755524,50.090972],[14.755547,50.09096],[14.755551,50.090937],[14.755623,50.090942],[14.755591,50.091085],[14.755546,50.091081],[14.755552,50.091045],[14.755406,50.091034],[14.755412,50.091002],[14.755401,50.091001],[14.755406,50.090977],[14.755416,50.090978]]]},"properties":{"id":1536732204,"ku":"Tlustovousy","p":"90/21","druh":"zahrada","vyuziti":null,"vymera":373,"lv":null}},{"type":"Feature","geometry":{"type":"Polygon","coordinates":[[[14.75542,50.090959],[14.755401,50.091001],[14.755412,50.091002],[14.755406,50.091034],[14.755552,50.091045],[14.755546,50.091081],[14.755591,50.091085],[14.755623,50.090942],[14.755551,50.090937],[14.755547,50.09096],[14.755524,50.090972],[14.75542,50.090959]]]},"properties":{"id":2469350204,"ku":"Tlustovousy","p":"st. 146","druh":"zastavěná plocha a nádvoří","vyuziti":null,"vymera":153,"lv":null}},{"type":"Feature","geometry":{"type":"Polygon","coordinates":[[[14.754124,50.090042],[14.754051,50.090032],[14.754038,50.090066],[14.754152,50.090081],[14.754227,50.089857],[14.754125,50.089843],[14.754109,50.089884],[14.754174,50.089893],[14.754124,50.090042]]]},"properties":{"id":2080292204,"ku":"Tlustovousy","p":"518","druh":"ostatní plocha","vyuziti":"jiná plocha","vymera":116,"lv":null}},{"type":"Feature","geometry":{"type":"Polygon","coordinates":[[[14.757325,50.093786],[14.757717,50.093851],[14.757826,50.093582],[14.757434,50.093516],[14.757325,50.093786]],[[14.757722,50.093715],[14.757691,50.093792],[14.757494,50.093763],[14.757529,50.093678],[14.757722,50.093715]]]},"properties":{"id":1974622204,"ku":"Tlustovousy","p":"504","druh":"orná půda","vyuziti":null,"vymera":761,"lv":null}},{"type":"Feature","geometry":{"type":"Polygon","coordinates":[[[14.756434,50.089328],[14.757616,50.089318],[14.757727,50.089321],[14.758063,50.089363],[14.758065,50.089329],[14.757731,50.089285],[14.756408,50.089291],[14.756434,50.089328]]]},"properties":{"id":1536886204,"ku":"Tlustovousy","p":"264","druh":"ostatní plocha","vyuziti":"ostatní komunikace","vymera":459,"lv":null}},{"type":"Feature","geometry":{"type":"Polygon","coordinates":[[[14.754164,50.090973],[14.75443,50.091024],[14.754436,50.091011],[14.754172,50.09096],[14.754164,50.090973]]]},"properties":{"id":1536898204,"ku":"Tlustovousy","p":"279/2","druh":"zahrada","vyuziti":null,"vymera":35,"lv":null}},{"type":"Feature","geometry":{"type":"Polygon","coordinates":[[[14.758116,50.09293],[14.757878,50.092893],[14.757857,50.09295],[14.758095,50.092987],[14.758116,50.09293]]]},"properties":{"id":1967714204,"ku":"Tlustovousy","p":"st. 114","druh":"zastavěná plocha a nádvoří","vyuziti":null,"vymera":114,"lv":null}},{"type":"Feature","geometry":{"type":"Polygon","coordinates":[[[14.76031,50.095316],[14.760277,50.095354],[14.760406,50.095381],[14.760419,50.0954],[14.760485,50.09541],[14.760405,50.095296],[14.760378,50.095307],[14.76031,50.095316]]]},"properties":{"id":1536919204,"ku":"Tlustovousy","p":"289/3","druh":"ostatní plocha","vyuziti":"manipulační plocha","vymera":86,"lv":null}},{"type":"Feature","geometry":{"type":"Polygon","coordinates":[[[14.755483,50.091645],[14.755489,50.091632],[14.755442,50.091624],[14.755233,50.092118],[14.75554,50.09217],[14.755742,50.091675],[14.755628,50.091655],[14.755622,50.091669],[14.755483,50.091645]]]},"properties":{"id":1630833204,"ku":"Tlustovousy","p":"202/47","druh":"zahrada","vyuziti":null,"vymera":1258,"lv":null}},{"type":"Feature","geometry":{"type":"Polygon","coordinates":[[[14.759368,50.090753],[14.759366,50.090634],[14.759169,50.090613],[14.759201,50.090735],[14.759232,50.090729],[14.75925,50.090768],[14.759368,50.090753]]]},"properties":{"id":1906444204,"ku":"Tlustovousy","p":"31/6","druh":"zahrada","vyuziti":null,"vymera":187,"lv":null}},{"type":"Feature","geometry":{"type":"Polygon","coordinates":[[[14.760734,50.090427],[14.760876,50.090461],[14.761083,50.09046],[14.76114,50.090213],[14.760734,50.090427]]]},"properties":{"id":1993801204,"ku":"Tlustovousy","p":"59/15","druh":"vodní plocha","vyuziti":"vodní nádrž přírodní","vymera":379,"lv":null}},{"type":"Feature","geometry":{"type":"Polygon","coordinates":[[[14.759058,50.088297],[14.759089,50.088301],[14.759118,50.088196],[14.759097,50.088188],[14.759058,50.088297]]]},"properties":{"id":2147416204,"ku":"Tlustovousy","p":"80/4","druh":"orná půda","vyuziti":null,"vymera":24,"lv":null}},{"type":"Feature","geometry":{"type":"Polygon","coordinates":[[[14.759139,50.087869],[14.759176,50.08782],[14.759163,50.087816],[14.759186,50.087785],[14.759054,50.087745],[14.759031,50.087775],[14.758986,50.087762],[14.75895,50.08781],[14.759139,50.087869]]]},"properties":{"id":2195141204,"ku":"Tlustovousy","p":"st. 117","druh":"zastavěná plocha a nádvoří","vyuziti":null,"vymera":130,"lv":null}},{"type":"Feature","geometry":{"type":"Polygon","coordinates":[[[14.759947,50.091514],[14.760339,50.091541],[14.760562,50.091535],[14.760558,50.091307],[14.76017,50.091254],[14.760104,50.091478],[14.759965,50.091461],[14.759947,50.091514]]]},"properties":{"id":2210777204,"ku":"Tlustovousy","p":"55/27","druh":"orná půda","vyuziti":null,"vymera":939,"lv":null}},{"type":"Feature","geometry":{"type":"Polygon","coordinates":[[[14.756784,50.094087],[14.757174,50.094158],[14.757289,50.093873],[14.756897,50.093807],[14.756784,50.094087]],[[14.756978,50.094027],[14.757014,50.093937],[14.757114,50.093954],[14.757101,50.093986],[14.757169,50.093997],[14.757146,50.094055],[14.756978,50.094027]]]},"properties":{"id":1974615204,"ku":"Tlustovousy","p":"497","druh":"orná půda","vyuziti":null,"vymera":833,"lv":null}},{"type":"Feature","geometry":{"type":"Polygon","coordinates":[[[14.758871,50.09078],[14.75885,50.090616],[14.758817,50.090618],[14.758813,50.090418],[14.758511,50.090417],[14.758467,50.090601],[14.758302,50.090582],[14.758245,50.090809],[14.758422,50.09081],[14.758871,50.09078]]]},"properties":{"id":1536478204,"ku":"Tlustovousy","p":"st. 18/1","druh":"zastavěná plocha a nádvoří","vyuziti":null,"vymera":1410,"lv":null}},{"type":"Feature","geometry":{"type":"Polygon","coordinates":[[[14.756803,50.091268],[14.756877,50.091113],[14.756658,50.091089],[14.756621,50.091198],[14.75658,50.091193],[14.756566,50.091236],[14.756803,50.091268]]]},"properties":{"id":1536453204,"ku":"Tlustovousy","p":"st. 1/7","druh":"zastavěná plocha a nádvoří","vyuziti":null,"vymera":281,"lv":null}},{"type":"Feature","geometry":{"type":"Polygon","coordinates":[[[14.755967,50.09121],[14.756026,50.09102],[14.755846,50.090998],[14.755843,50.091064],[14.755717,50.091061],[14.755681,50.091158],[14.755967,50.09121]]]},"properties":{"id":1536454204,"ku":"Tlustovousy","p":"st. 1/8","druh":"zastavěná plocha a nádvoří","vyuziti":null,"vymera":363,"lv":null}},{"type":"Feature","geometry":{"type":"Polygon","coordinates":[[[14.751297,50.088499],[14.751852,50.088601],[14.752373,50.086537],[14.75173,50.086788],[14.751297,50.088499]]]},"properties":{"id":1974394204,"ku":"Tlustovousy","p":"401","druh":"orná půda","vyuziti":null,"vymera":8723,"lv":null}},{"type":"Feature","geometry":{"type":"Polygon","coordinates":[[[14.759587,50.09096],[14.759406,50.090959],[14.759406,50.090974],[14.75933,50.090974],[14.759329,50.09106],[14.759377,50.091221],[14.76003,50.091236],[14.759919,50.091097],[14.759811,50.090999],[14.759746,50.090979],[14.759587,50.09096]]]},"properties":{"id":1536467204,"ku":"Tlustovousy","p":"st. 8/2","druh":"zastavěná plocha a nádvoří","vyuziti":null,"vymera":1175,"lv":null}},{"type":"Feature","geometry":{"type":"Polygon","coordinates":[[[14.756166,50.093881],[14.756329,50.093907],[14.756367,50.093811],[14.756245,50.093791],[14.756239,50.093804],[14.756214,50.093814],[14.756194,50.093811],[14.756166,50.093881]]]},"properties":{"id":2200248204,"ku":"Tlustovousy","p":"st. 116","druh":"zastavěná plocha a nádvoří","vyuziti":null,"vymera":126,"lv":null}},{"type":"Feature","geometry":{"type":"Polygon","coordinates":[[[14.759864,50.095941],[14.75998,50.095983],[14.760278,50.095728],[14.760372,50.095614],[14.760387,50.095504],[14.760374,50.09544],[14.760338,50.095419],[14.76014,50.095392],[14.760043,50.095671],[14.759864,50.095941]]]},"properties":{"id":1974552204,"ku":"Tlustovousy","p":"448","druh":"orná půda","vyuziti":null,"vymera":1117,"lv":null}},{"type":"Feature","geometry":{"type":"Polygon","coordinates":[[[14.759413,50.090819],[14.759388,50.090823],[14.759299,50.090911],[14.759185,50.090989],[14.759156,50.091024],[14.759171,50.091059],[14.759272,50.090985],[14.759373,50.09093],[14.759445,50.09093],[14.759478,50.090944],[14.759478,50.090959],[14.759587,50.09096],[14.759691,50.090974],[14.759413,50.090819]]]},"properties":{"id":1536871204,"ku":"Tlustovousy","p":"262/7","druh":"ostatní plocha","vyuziti":"ostatní komunikace","vymera":269,"lv":null}},{"type":"Feature","geometry":{"type":"Polygon","coordinates":[[[14.753813,50.089561],[14.753882,50.089334],[14.753408,50.089263],[14.753342,50.089493],[14.753813,50.089561]],[[14.753457,50.089338],[14.753552,50.08935],[14.753543,50.089381],[14.753711,50.089401],[14.753686,50.089485],[14.753521,50.089456],[14.753513,50.089483],[14.753418,50.089472],[14.753457,50.089338]]]},"properties":{"id":2080331204,"ku":"Tlustovousy","p":"388/13","druh":"orná půda","vyuziti":null,"vymera":680,"lv":null}},{"type":"Feature","geometry":{"type":"Polygon","coordinates":[[[14.753457,50.089338],[14.753418,50.089472],[14.753513,50.089483],[14.753521,50.089456],[14.753686,50.089485],[14.753711,50.089401],[14.753543,50.089381],[14.753552,50.08935],[14.753457,50.089338]]]},"properties":{"id":2469922204,"ku":"Tlustovousy","p":"st. 147","druh":"zastavěná plocha a nádvoří","vyuziti":null,"vymera":216,"lv":null}},{"type":"Feature","geometry":{"type":"Polygon","coordinates":[[[14.758605,50.090829],[14.758244,50.090834],[14.758246,50.090979],[14.758548,50.090978],[14.758652,50.091003],[14.758605,50.090829]]]},"properties":{"id":1536477204,"ku":"Tlustovousy","p":"st. 16","druh":"zastavěná plocha a nádvoří","vyuziti":null,"vymera":453,"lv":null}},{"type":"Feature","geometry":{"type":"Polygon","coordinates":[[[14.758511,50.090417],[14.758344,50.090412],[14.758302,50.090582],[14.758467,50.090601],[14.758511,50.090417]]]},"properties":{"id":1536479204,"ku":"Tlustovousy","p":"st. 18/2","druh":"zastavěná plocha a nádvoří","vyuziti":null,"vymera":238,"lv":null}},{"type":"Feature","geometry":{"type":"Polygon","coordinates":[[[14.758105,50.091299],[14.758096,50.091459],[14.758106,50.091453],[14.758242,50.091456],[14.758283,50.091452],[14.758283,50.091445],[14.75835,50.09144],[14.758353,50.091363],[14.758267,50.091323],[14.758272,50.09131],[14.758233,50.091288],[14.758189,50.091301],[14.758105,50.091299]]]},"properties":{"id":1536457204,"ku":"Tlustovousy","p":"st. 2","druh":"zastavěná plocha a nádvoří","vyuziti":null,"vymera":277,"lv":null}},{"type":"Feature","geometry":{"type":"Polygon","coordinates":[[[14.74515,50.083925],[14.745194,50.083736],[14.74519,50.08368],[14.744936,50.083625],[14.74368,50.083406],[14.742245,50.083123],[14.741466,50.083002],[14.740224,50.082865],[14.739399,50.082757],[14.739272,50.083022],[14.739225,50.083187],[14.743678,50.083854],[14.743729,50.083713],[14.74515,50.083925]]]},"properties":{"id":1974396204,"ku":"Tlustovousy","p":"403","druh":"orná půda","vyuziti":null,"vymera":20460,"lv":null}},{"type":"Feature","geometry":{"type":"Polygon","coordinates":[[[14.759425,50.090266],[14.759251,50.090281],[14.75925,50.090356],[14.758951,50.090361],[14.758991,50.090575],[14.759365,50.090592],[14.759423,50.090341],[14.759425,50.090266]]]},"properties":{"id":1536600204,"ku":"Tlustovousy","p":"32","druh":"trvalý travní porost","vyuziti":null,"vymera":875,"lv":null}},{"type":"Feature","geometry":{"type":"Polygon","coordinates":[[[14.755678,50.090936],[14.755637,50.09115],[14.755681,50.091158],[14.755717,50.091061],[14.75574,50.090941],[14.755678,50.090936]]]},"properties":{"id":1536731204,"ku":"Tlustovousy","p":"90/20","druh":"zahrada","vyuziti":null,"vymera":103,"lv":null}},{"type":"Feature","geometry":{"type":"Polygon","coordinates":[[[14.753276,50.089722],[14.753744,50.089789],[14.753813,50.089561],[14.753342,50.089493],[14.753276,50.089722]],[[14.75336,50.089674],[14.753382,50.089599],[14.753515,50.089615],[14.753495,50.089687],[14.753526,50.089691],[14.753517,50.089721],[14.753399,50.089708],[14.753405,50.089679],[14.75336,50.089674]]]},"properties":{"id":2080329204,"ku":"Tlustovousy","p":"388/11","druh":"orná půda","vyuziti":null,"vymera":779,"lv":null}},{"type":"Feature","geometry":{"type":"Polygon","coordinates":[[[14.75353,50.090495],[14.753606,50.090243],[14.753143,50.090182],[14.753074,50.090422],[14.75353,50.090495]],[[14.753165,50.0904],[14.753194,50.090301],[14.753361,50.090321],[14.753336,50.090407],[14.753255,50.090397],[14.753252,50.09041],[14.753165,50.0904]]]},"properties":{"id":2080323204,"ku":"Tlustovousy","p":"388/5","druh":"orná půda","vyuziti":null,"vymera":809,"lv":null}},{"type":"Feature","geometry":{"type":"Polygon","coordinates":[[[14.755259,50.089283],[14.755178,50.089563],[14.755524,50.089603],[14.755599,50.089309],[14.755259,50.089283]],[[14.755498,50.089492],[14.75548,50.089556],[14.755367,50.089543],[14.75535,50.089527],[14.755361,50.08949],[14.755385,50.089479],[14.755498,50.089492]]]},"properties":{"id":2080310204,"ku":"Tlustovousy","p":"90/29","druh":"orná půda","vyuziti":null,"vymera":734,"lv":null}},{"type":"Feature","geometry":{"type":"Polygon","coordinates":[[[14.753882,50.089334],[14.753957,50.089085],[14.753484,50.089001],[14.753408,50.089263],[14.753882,50.089334]],[[14.753511,50.089246],[14.75353,50.089193],[14.753516,50.089191],[14.753527,50.089161],[14.753541,50.089163],[14.753558,50.089115],[14.753658,50.08913],[14.753638,50.089188],[14.753794,50.089211],[14.753768,50.089285],[14.753511,50.089246]]]},"properties":{"id":2080333204,"ku":"Tlustovousy","p":"388/15","druh":"orná půda","vyuziti":null,"vymera":798,"lv":null}},{"type":"Feature","geometry":{"type":"Polygon","coordinates":[[[14.753511,50.089246],[14.753768,50.089285],[14.753794,50.089211],[14.753638,50.089188],[14.753658,50.08913],[14.753558,50.089115],[14.753541,50.089163],[14.753527,50.089161],[14.753516,50.089191],[14.75353,50.089193],[14.753511,50.089246]]]},"properties":{"id":21084457010,"ku":"Tlustovousy","p":"st. 155","druh":"zastavěná plocha a nádvoří","vyuziti":null,"vymera":211,"lv":null}},{"type":"Feature","geometry":{"type":"Polygon","coordinates":[[[14.758649,50.089645],[14.758671,50.089489],[14.758561,50.089496],[14.758538,50.089639],[14.758649,50.089645]]]},"properties":{"id":2238129204,"ku":"Tlustovousy","p":"526","druh":"ostatní plocha","vyuziti":"zeleň","vymera":131,"lv":null}},{"type":"Feature","geometry":{"type":"Polygon","coordinates":[[[14.758763,50.09379],[14.758808,50.094039],[14.759517,50.09399],[14.759254,50.093759],[14.758763,50.09379]],[[14.758807,50.093885],[14.758912,50.093879],[14.758921,50.093942],[14.758815,50.093948],[14.758807,50.093885]]]},"properties":{"id":1536816204,"ku":"Tlustovousy","p":"204/9","druh":"zahrada","vyuziti":null,"vymera":1145,"lv":null}},{"type":"Feature","geometry":{"type":"Polygon","coordinates":[[[14.759377,50.091221],[14.759329,50.09106],[14.75933,50.090974],[14.759406,50.090974],[14.759406,50.090959],[14.759478,50.090959],[14.759478,50.090944],[14.759445,50.09093],[14.759373,50.09093],[14.759272,50.090985],[14.759171,50.091059],[14.759205,50.091225],[14.759377,50.091221]]]},"properties":{"id":1536594204,"ku":"Tlustovousy","p":"30","druh":"zahrada","vyuziti":null,"vymera":325,"lv":null}},{"type":"Feature","geometry":{"type":"Polygon","coordinates":[[[14.759504,50.089764],[14.759329,50.089846],[14.759296,50.089926],[14.759328,50.090028],[14.759281,50.090039],[14.759337,50.090117],[14.759335,50.090035],[14.759353,50.089978],[14.759557,50.089712],[14.759504,50.089764]]]},"properties":{"id":2433549204,"ku":"Tlustovousy","p":"47/8","druh":"ostatní plocha","vyuziti":"ostatní komunikace","vymera":171,"lv":null}},{"type":"Feature","geometry":{"type":"Polygon","coordinates":[[[14.758568,50.089929],[14.758732,50.089918],[14.758727,50.089896],[14.758563,50.089907],[14.758568,50.089929]]]},"properties":{"id":1536876204,"ku":"Tlustovousy","p":"263/2","druh":"ostatní plocha","vyuziti":"ostatní komunikace","vymera":29,"lv":null}},{"type":"Feature","geometry":{"type":"Polygon","coordinates":[[[14.756268,50.093543],[14.756429,50.09357],[14.756422,50.093587],[14.75651,50.093602],[14.75655,50.093506],[14.756523,50.093501],[14.756542,50.093454],[14.756419,50.093434],[14.756406,50.093466],[14.756377,50.093477],[14.756299,50.093464],[14.756268,50.093543]]]},"properties":{"id":2217149204,"ku":"Tlustovousy","p":"st. 120","druh":"zastavěná plocha a nádvoří","vyuziti":null,"vymera":231,"lv":null}},{"type":"Feature","geometry":{"type":"Polygon","coordinates":[[[14.757722,50.093715],[14.757529,50.093678],[14.757494,50.093763],[14.757691,50.093792],[14.757722,50.093715]]]},"properties":{"id":2454549204,"ku":"Tlustovousy","p":"st. 144","druh":"zastavěná plocha a nádvoří","vyuziti":null,"vymera":136,"lv":null}},{"type":"Feature","geometry":{"type":"Polygon","coordinates":[[[14.744815,50.083213],[14.745114,50.083329],[14.745223,50.083399],[14.745318,50.083513],[14.745379,50.083642],[14.745364,50.083811],[14.745289,50.084088],[14.74527,50.084329],[14.745291,50.084518],[14.745363,50.084751],[14.74551,50.085047],[14.745593,50.085177],[14.74819,50.085124],[14.747498,50.084114],[14.750099,50.08427],[14.751013,50.084168],[14.753458,50.083633],[14.7526,50.083337],[14.75237,50.083079],[14.750647,50.083456],[14.749635,50.083568],[14.744815,50.083213]]]},"properties":{"id":1974412204,"ku":"Tlustovousy","p":"404","druh":"orná půda","vyuziti":null,"vymera":65681,"lv":null}},{"type":"Feature","geometry":{"type":"Polygon","coordinates":[[[14.755843,50.091064],[14.755856,50.090951],[14.75574,50.090941],[14.755717,50.091061],[14.755843,50.091064]]]},"properties":{"id":1536455204,"ku":"Tlustovousy","p":"st. 1/9","druh":"zastavěná plocha a nádvoří","vyuziti":null,"vymera":110,"lv":null}},{"type":"Feature","geometry":{"type":"Polygon","coordinates":[[[14.75526,50.09084],[14.755325,50.090592],[14.754945,50.090529],[14.75487,50.090771],[14.75526,50.09084]],[[14.755224,50.0907],[14.755204,50.090788],[14.755084,50.090777],[14.755106,50.090689],[14.755224,50.0907]]]},"properties":{"id":2080300204,"ku":"Tlustovousy","p":"90/38","druh":"orná půda","vyuziti":null,"vymera":701,"lv":null}},{"type":"Feature","geometry":{"type":"Polygon","coordinates":[[[14.755441,50.089906],[14.755524,50.089603],[14.755178,50.089563],[14.755093,50.089859],[14.755441,50.089906]],[[14.75513,50.089832],[14.755147,50.089777],[14.755226,50.089787],[14.755239,50.089749],[14.75541,50.089771],[14.755385,50.08985],[14.755218,50.089828],[14.755214,50.089843],[14.75513,50.089832]]]},"properties":{"id":2080309204,"ku":"Tlustovousy","p":"90/28","druh":"orná půda","vyuziti":null,"vymera":707,"lv":null}},{"type":"Feature","geometry":{"type":"Polygon","coordinates":[[[14.75642,50.088789],[14.756373,50.088955],[14.756328,50.089309],[14.756466,50.089375],[14.756408,50.089291],[14.756457,50.088928],[14.75649,50.088794],[14.75642,50.088789]]]},"properties":{"id":1536890204,"ku":"Tlustovousy","p":"270/1","druh":"ostatní plocha","vyuziti":"ostatní komunikace","vymera":345,"lv":null}},{"type":"Feature","geometry":{"type":"Polygon","coordinates":[[[14.75924,50.094166],[14.759293,50.094162],[14.759295,50.094173],[14.759335,50.09417],[14.759333,50.094159],[14.759386,50.094156],[14.759374,50.09408],[14.759227,50.09409],[14.75924,50.094166]]]},"properties":{"id":1946533204,"ku":"Tlustovousy","p":"st. 112","druh":"zastavěná plocha a nádvoří","vyuziti":null,"vymera":93,"lv":null}},{"type":"Feature","geometry":{"type":"Polygon","coordinates":[[[14.754071,50.090968],[14.753516,50.091805],[14.753565,50.091844],[14.754156,50.090983],[14.754071,50.090968]]]},"properties":{"id":1536911204,"ku":"Tlustovousy","p":"286","druh":"ostatní plocha","vyuziti":"ostatní komunikace","vymera":575,"lv":null}},{"type":"Feature","geometry":{"type":"Polygon","coordinates":[[[14.757755,50.091529],[14.75779,50.091596],[14.75779,50.091715],[14.757859,50.09172],[14.757863,50.091529],[14.757755,50.091529]]]},"properties":{"id":1536950204,"ku":"Tlustovousy","p":"308","druh":"zahrada","vyuziti":null,"vymera":116,"lv":null}},{"type":"Feature","geometry":{"type":"Polygon","coordinates":[[[14.760139,50.094148],[14.760088,50.094104],[14.759954,50.094169],[14.760005,50.094213],[14.760139,50.094148]]]},"properties":{"id":1696709204,"ku":"Tlustovousy","p":"st. 107","druh":"zastavěná plocha a nádvoří","vyuziti":null,"vymera":73,"lv":null}},{"type":"Feature","geometry":{"type":"Polygon","coordinates":[[[14.759169,50.090613],[14.759366,50.090634],[14.759365,50.090592],[14.759164,50.090592],[14.759169,50.090613]]]},"properties":{"id":1906447204,"ku":"Tlustovousy","p":"31/8","druh":"trvalý travní porost","vyuziti":null,"vymera":49,"lv":null}},{"type":"Feature","geometry":{"type":"Polygon","coordinates":[[[14.758105,50.09146],[14.758232,50.091462],[14.758232,50.091456],[14.758106,50.091453],[14.758105,50.09146]]]},"properties":{"id":2151176204,"ku":"Tlustovousy","p":"523","druh":"ostatní plocha","vyuziti":"jiná plocha","vymera":6,"lv":null}},{"type":"Feature","geometry":{"type":"Polygon","coordinates":[[[14.758875,50.091622],[14.758869,50.091614],[14.758839,50.091623],[14.758875,50.091622]]]},"properties":{"id":2210775204,"ku":"Tlustovousy","p":"st. 25/1","druh":"zastavěná plocha a nádvoří","vyuziti":null,"vymera":1,"lv":null}},{"type":"Feature","geometry":{"type":"Polygon","coordinates":[[[14.761962,50.089428],[14.761486,50.089605],[14.761477,50.089627],[14.761497,50.089655],[14.761682,50.089608],[14.761849,50.089543],[14.762151,50.089403],[14.761962,50.089428]]]},"properties":{"id":1536622204,"ku":"Tlustovousy","p":"46/7","druh":"ostatní plocha","vyuziti":"jiná plocha","vymera":300,"lv":null}},{"type":"Feature","geometry":{"type":"Polygon","coordinates":[[[14.75883,50.089604],[14.758866,50.089568],[14.75895,50.089553],[14.759043,50.089549],[14.759042,50.089504],[14.758852,50.089488],[14.75883,50.089604]]]},"properties":{"id":1536885204,"ku":"Tlustovousy","p":"263/11","druh":"ostatní plocha","vyuziti":"silnice","vymera":103,"lv":null}},{"type":"Feature","geometry":{"type":"Polygon","coordinates":[[[14.756328,50.089309],[14.756373,50.088955],[14.756418,50.088789],[14.756366,50.088785],[14.756274,50.089265],[14.756256,50.089269],[14.756328,50.089309]]]},"properties":{"id":1536891204,"ku":"Tlustovousy","p":"270/2","druh":"ostatní plocha","vyuziti":"ostatní komunikace","vymera":198,"lv":null}},{"type":"Feature","geometry":{"type":"Polygon","coordinates":[[[14.757642,50.092954],[14.757671,50.092884],[14.757534,50.092861],[14.757506,50.092931],[14.757642,50.092954]]]},"properties":{"id":1967713204,"ku":"Tlustovousy","p":"st. 113","druh":"zastavěná plocha a nádvoří","vyuziti":null,"vymera":81,"lv":null}},{"type":"Feature","geometry":{"type":"Polygon","coordinates":[[[14.758861,50.092329],[14.758846,50.092328],[14.758299,50.09366],[14.758279,50.093657],[14.757918,50.094293],[14.757995,50.094289],[14.758517,50.093407],[14.758825,50.092658],[14.758818,50.092542],[14.758861,50.092329]]]},"properties":{"id":1536913204,"ku":"Tlustovousy","p":"287/2","druh":"ostatní plocha","vyuziti":"ostatní komunikace","vymera":1391,"lv":null}},{"type":"Feature","geometry":{"type":"Polygon","coordinates":[[[14.755588,50.091313],[14.75575,50.091342],[14.755776,50.09128],[14.755614,50.091252],[14.755588,50.091313]]]},"properties":{"id":1630832204,"ku":"Tlustovousy","p":"st. 106","druh":"zastavěná plocha a nádvoří","vyuziti":null,"vymera":84,"lv":null}},{"type":"Feature","geometry":{"type":"Polygon","coordinates":[[[14.758995,50.090594],[14.759153,50.090611],[14.759169,50.090613],[14.759164,50.090592],[14.758995,50.090594]]]},"properties":{"id":1906449204,"ku":"Tlustovousy","p":"31/9","druh":"trvalý travní porost","vyuziti":null,"vymera":14,"lv":null}},{"type":"Feature","geometry":{"type":"Polygon","coordinates":[[[14.758283,50.091452],[14.75835,50.091445],[14.75835,50.09144],[14.758283,50.091445],[14.758283,50.091452]]]},"properties":{"id":2151177204,"ku":"Tlustovousy","p":"524","druh":"ostatní plocha","vyuziti":"jiná plocha","vymera":3,"lv":null}},{"type":"Feature","geometry":{"type":"Polygon","coordinates":[[[14.758857,50.091648],[14.758888,50.091639],[14.758875,50.091622],[14.758839,50.091623],[14.758857,50.091648]]]},"properties":{"id":2210776204,"ku":"Tlustovousy","p":"st. 25/2","druh":"zastavěná plocha a nádvoří","vyuziti":null,"vymera":6,"lv":null}},{"type":"Feature","geometry":{"type":"Polygon","coordinates":[[[14.75399,50.090569],[14.754077,50.090305],[14.754066,50.090304],[14.753978,50.090567],[14.75399,50.090569]]]},"properties":{"id":2080295204,"ku":"Tlustovousy","p":"521","druh":"ostatní plocha","vyuziti":"jiná plocha","vymera":25,"lv":null}},{"type":"Feature","geometry":{"type":"Polygon","coordinates":[[[14.754199,50.090326],[14.754176,50.090397],[14.755325,50.090592],[14.755193,50.091089],[14.755227,50.091096],[14.755381,50.090527],[14.754199,50.090326]]]},"properties":{"id":1536730204,"ku":"Tlustovousy","p":"90/2","druh":"orná půda","vyuziti":null,"vymera":858,"lv":null}},{"type":"Feature","geometry":{"type":"Polygon","coordinates":[[[14.753593,50.090801],[14.753887,50.090839],[14.752998,50.090683],[14.753006,50.090654],[14.752895,50.090633],[14.752877,50.090662],[14.753593,50.090801]]]},"properties":{"id":1536734204,"ku":"Tlustovousy","p":"90/23","druh":"orná půda","vyuziti":null,"vymera":84,"lv":null}},{"type":"Feature","geometry":{"type":"Polygon","coordinates":[[[14.755713,50.089307],[14.755602,50.089299],[14.755538,50.089548],[14.755663,50.08956],[14.755713,50.089307]]]},"properties":{"id":2225090204,"ku":"Tlustovousy","p":"90/42","druh":"orná půda","vyuziti":null,"vymera":240,"lv":null}},{"type":"Feature","geometry":{"type":"Polygon","coordinates":[[[14.75478,50.090644],[14.754782,50.090638],[14.754834,50.090648],[14.754863,50.09058],[14.75467,50.09054],[14.754637,50.090618],[14.75478,50.090644]]]},"properties":{"id":2315423204,"ku":"Tlustovousy","p":"st. 135","druh":"zastavěná plocha a nádvoří","vyuziti":null,"vymera":126,"lv":null}},{"type":"Feature","geometry":{"type":"Polygon","coordinates":[[[14.756709,50.093375],[14.756878,50.093403],[14.756886,50.093386],[14.756988,50.093403],[14.757015,50.093334],[14.756908,50.093316],[14.756902,50.093333],[14.756737,50.093306],[14.756709,50.093375]]]},"properties":{"id":2298027204,"ku":"Tlustovousy","p":"st. 131","druh":"zastavěná plocha a nádvoří","vyuziti":null,"vymera":161,"lv":null}},{"type":"Feature","geometry":{"type":"Polygon","coordinates":[[[14.754058,50.089723],[14.754192,50.089742],[14.754221,50.089658],[14.754128,50.089645],[14.754121,50.089667],[14.754079,50.089661],[14.754058,50.089723]]]},"properties":{"id":2440304204,"ku":"Tlustovousy","p":"st. 140","druh":"zastavěná plocha a nádvoří","vyuziti":null,"vymera":87,"lv":null}},{"type":"Feature","geometry":{"type":"Polygon","coordinates":[[[14.758023,50.089861],[14.757998,50.08993],[14.75813,50.089954],[14.758134,50.089943],[14.758277,50.089961],[14.758299,50.089906],[14.758023,50.089861]]]},"properties":{"id":1536574204,"ku":"Tlustovousy","p":"8/4","druh":"orná půda","vyuziti":null,"vymera":149,"lv":null}},{"type":"Feature","geometry":{"type":"Polygon","coordinates":[[[14.758557,50.08994],[14.758466,50.089933],[14.758299,50.089906],[14.758277,50.089961],[14.758391,50.089976],[14.758376,50.090022],[14.758417,50.090028],[14.758431,50.089997],[14.758564,50.089997],[14.758582,50.090039],[14.758713,50.090024],[14.758747,50.090156],[14.758766,50.090078],[14.758742,50.089964],[14.758565,50.089977],[14.758557,50.08994]]]},"properties":{"id":1536575204,"ku":"Tlustovousy","p":"9","druh":"zahrada","vyuziti":null,"vymera":258,"lv":null}},{"type":"Feature","geometry":{"type":"Polygon","coordinates":[[[14.757273,50.09349],[14.758279,50.093657],[14.758355,50.093528],[14.757328,50.093359],[14.757273,50.09349]],[[14.757829,50.093563],[14.757858,50.093493],[14.758021,50.093521],[14.758028,50.093503],[14.758133,50.093521],[14.758104,50.09359],[14.758005,50.093573],[14.757998,50.093591],[14.757829,50.093563]]]},"properties":{"id":1536800204,"ku":"Tlustovousy","p":"202/35","druh":"zahrada","vyuziti":null,"vymera":984,"lv":null}},{"type":"Feature","geometry":{"type":"Polygon","coordinates":[[[14.75879,50.090195],[14.758766,50.090078],[14.758747,50.090156],[14.758758,50.090196],[14.75879,50.090195]]]},"properties":{"id":1536882204,"ku":"Tlustovousy","p":"263/8","druh":"ostatní plocha","vyuziti":"zeleň","vymera":23,"lv":null}},{"type":"Feature","geometry":{"type":"Polygon","coordinates":[[[14.758506,50.090047],[14.758539,50.09018],[14.758747,50.090156],[14.758713,50.090024],[14.758506,50.090047]]]},"properties":{"id":1536480204,"ku":"Tlustovousy","p":"st. 19/1","druh":"zastavěná plocha a nádvoří","vyuziti":null,"vymera":225,"lv":null}},{"type":"Feature","geometry":{"type":"Polygon","coordinates":[[[14.75806,50.090081],[14.758097,50.089976],[14.757986,50.089966],[14.757949,50.090071],[14.75806,50.090081]]]},"properties":{"id":1536482204,"ku":"Tlustovousy","p":"st. 19/3","druh":"zastavěná plocha a nádvoří","vyuziti":null,"vymera":95,"lv":null}},{"type":"Feature","geometry":{"type":"Polygon","coordinates":[[[14.758095,50.090065],[14.75813,50.089954],[14.757998,50.08993],[14.757986,50.089966],[14.758097,50.089976],[14.75806,50.090081],[14.758195,50.090099],[14.758202,50.090079],[14.758095,50.090065]]]},"properties":{"id":2218392204,"ku":"Tlustovousy","p":"525","druh":"ostatní plocha","vyuziti":"jiná plocha","vymera":73,"lv":null}},{"type":"Feature","geometry":{"type":"Polygon","coordinates":[[[14.763051,50.102719],[14.763052,50.102588],[14.763171,50.102438],[14.763329,50.102096],[14.763343,50.101944],[14.760478,50.101547],[14.760917,50.102063],[14.761026,50.102221],[14.761927,50.102436],[14.762425,50.102521],[14.763051,50.102719]]]},"properties":{"id":1974594204,"ku":"Tlustovousy","p":"490","druh":"orná půda","vyuziti":null,"vymera":13403,"lv":null}},{"type":"Feature","geometry":{"type":"Polygon","coordinates":[[[14.764199,50.099305],[14.764258,50.099281],[14.764469,50.098994],[14.764903,50.098471],[14.765087,50.098231],[14.765039,50.09822],[14.764293,50.099133],[14.764199,50.099305]]]},"properties":{"id":1974595204,"ku":"Tlustovousy","p":"491","druh":"vodní plocha","vyuziti":"koryto vodního toku přirozené nebo upravené","vymera":556,"lv":null}},{"type":"Feature","geometry":{"type":"Polygon","coordinates":[[[14.758966,50.088748],[14.758193,50.088701],[14.758192,50.088888],[14.758622,50.088909],[14.758747,50.088907],[14.758757,50.088885],[14.758842,50.088899],[14.75884,50.088904],[14.758922,50.088903],[14.758966,50.088748]]]},"properties":{"id":1536694204,"ku":"Tlustovousy","p":"80/2","druh":"zahrada","vyuziti":null,"vymera":1055,"lv":null}},{"type":"Feature","geometry":{"type":"Polygon","coordinates":[[[14.757041,50.093451],[14.756932,50.09372],[14.757325,50.093786],[14.757434,50.093516],[14.757041,50.093451]],[[14.757092,50.093719],[14.757125,50.093637],[14.757155,50.093642],[14.757175,50.093591],[14.757335,50.093618],[14.757292,50.093724],[14.757169,50.093703],[14.757158,50.09373],[14.757092,50.093719]]]},"properties":{"id":1974621204,"ku":"Tlustovousy","p":"503","druh":"orná půda","vyuziti":null,"vymera":724,"lv":null}},{"type":"Feature","geometry":{"type":"Polygon","coordinates":[[[14.754301,50.089633],[14.754376,50.089408],[14.754296,50.089396],[14.754241,50.089551],[14.754251,50.089552],[14.754239,50.089587],[14.754224,50.089585],[14.754211,50.089619],[14.754301,50.089633]]]},"properties":{"id":2080305204,"ku":"Tlustovousy","p":"90/24","druh":"orná půda","vyuziti":null,"vymera":153,"lv":null}},{"type":"Feature","geometry":{"type":"Polygon","coordinates":[[[14.75428,50.089438],[14.754151,50.089419],[14.754117,50.089516],[14.754173,50.089525],[14.754156,50.089576],[14.754239,50.089587],[14.754251,50.089552],[14.754241,50.089551],[14.75428,50.089438]]]},"properties":{"id":2300321204,"ku":"Tlustovousy","p":"st. 133","druh":"zastavěná plocha a nádvoří","vyuziti":null,"vymera":140,"lv":null}},{"type":"Feature","geometry":{"type":"Polygon","coordinates":[[[14.753813,50.089561],[14.754211,50.089619],[14.754224,50.089585],[14.754156,50.089576],[14.754173,50.089525],[14.754117,50.089516],[14.754151,50.089419],[14.75428,50.089438],[14.754296,50.089396],[14.753882,50.089334],[14.753813,50.089561]]]},"properties":{"id":2080332204,"ku":"Tlustovousy","p":"388/14","druh":"orná půda","vyuziti":null,"vymera":632,"lv":null}},{"type":"Feature","geometry":{"type":"Polygon","coordinates":[[[14.75531,50.091088],[14.755454,50.090533],[14.755381,50.090527],[14.755227,50.091096],[14.755591,50.091153],[14.755618,50.091146],[14.75531,50.091088]]]},"properties":{"id":2080294204,"ku":"Tlustovousy","p":"520","druh":"ostatní plocha","vyuziti":"jiná plocha","vymera":384,"lv":null}},{"type":"Feature","geometry":{"type":"Polygon","coordinates":[[[14.754386,50.089765],[14.754571,50.089194],[14.75445,50.089172],[14.754263,50.089749],[14.754386,50.089765]]]},"properties":{"id":1536733204,"ku":"Tlustovousy","p":"90/22","druh":"orná půda","vyuziti":null,"vymera":586,"lv":null}},{"type":"Feature","geometry":{"type":"Polygon","coordinates":[[[14.755218,50.089828],[14.755385,50.08985],[14.75541,50.089771],[14.755239,50.089749],[14.755226,50.089787],[14.755147,50.089777],[14.75513,50.089832],[14.755214,50.089843],[14.755218,50.089828]]]},"properties":{"id":2446402204,"ku":"Tlustovousy","p":"st. 142","druh":"zastavěná plocha a nádvoří","vyuziti":null,"vymera":149,"lv":null}},{"type":"Feature","geometry":{"type":"Polygon","coordinates":[[[14.754946,50.091263],[14.755027,50.091276],[14.755039,50.091246],[14.754959,50.091231],[14.754946,50.091263]]]},"properties":{"id":2235988204,"ku":"Tlustovousy","p":"st. 50/2","druh":"zastavěná plocha a nádvoří","vyuziti":null,"vymera":22,"lv":null}},{"type":"Feature","geometry":{"type":"Polygon","coordinates":[[[14.759209,50.087922],[14.759167,50.088009],[14.758922,50.088903],[14.759053,50.088901],[14.759107,50.088771],[14.759203,50.088529],[14.759143,50.088521],[14.759282,50.088031],[14.759417,50.087801],[14.75985,50.087265],[14.759821,50.087265],[14.75937,50.087706],[14.759209,50.087922]]]},"properties":{"id":1536888204,"ku":"Tlustovousy","p":"267","druh":"ostatní plocha","vyuziti":"ostatní komunikace","vymera":1518,"lv":null}},{"type":"Feature","geometry":{"type":"Polygon","coordinates":[[[14.756214,50.089194],[14.756108,50.089188],[14.756098,50.089251],[14.756205,50.089257],[14.756214,50.089194]]]},"properties":{"id":1920844204,"ku":"Tlustovousy","p":"st. 111","druh":"zastavěná plocha a nádvoří","vyuziti":null,"vymera":54,"lv":null}},{"type":"Feature","geometry":{"type":"Polygon","coordinates":[[[14.752842,50.090744],[14.754156,50.090983],[14.754172,50.09096],[14.755607,50.09123],[14.757018,50.09148],[14.757255,50.091504],[14.757755,50.091529],[14.757863,50.091529],[14.758481,50.091479],[14.758456,50.091416],[14.75835,50.091445],[14.758232,50.091456],[14.758232,50.091462],[14.757947,50.091458],[14.757439,50.091446],[14.756829,50.091385],[14.755591,50.091153],[14.755227,50.091096],[14.753887,50.090839],[14.753593,50.090801],[14.752877,50.090662],[14.752842,50.090744]]]},"properties":{"id":1536907204,"ku":"Tlustovousy","p":"279/11","druh":"ostatní plocha","vyuziti":"manipulační plocha","vymera":3185,"lv":null}},{"type":"Feature","geometry":{"type":"Polygon","coordinates":[[[14.760506,50.095644],[14.761209,50.095914],[14.761239,50.095886],[14.761374,50.095932],[14.761417,50.095935],[14.760585,50.095587],[14.760513,50.095607],[14.760506,50.095644]]]},"properties":{"id":1536930204,"ku":"Tlustovousy","p":"298/1","druh":"ostatní plocha","vyuziti":"ostatní komunikace","vymera":451,"lv":null}},{"type":"Feature","geometry":{"type":"Polygon","coordinates":[[[14.761897,50.088813],[14.76194,50.08875],[14.762207,50.088573],[14.762678,50.088309],[14.763111,50.088129],[14.763411,50.088028],[14.763399,50.088015],[14.762962,50.088174],[14.762777,50.08825],[14.762584,50.088343],[14.762184,50.088558],[14.761939,50.088733],[14.761897,50.088813]]]},"properties":{"id":1536936204,"ku":"Tlustovousy","p":"300/5","druh":"ostatní plocha","vyuziti":"ostatní komunikace","vymera":221,"lv":null}},{"type":"Feature","geometry":{"type":"Polygon","coordinates":[[[14.755628,50.091655],[14.755742,50.091675],[14.755905,50.09129],[14.755604,50.091238],[14.755442,50.091624],[14.755489,50.091632],[14.755529,50.091534],[14.755668,50.091558],[14.755656,50.091587],[14.755676,50.09159],[14.755656,50.091639],[14.755636,50.091635],[14.755628,50.091655]],[[14.755715,50.091515],[14.755748,50.091435],[14.755829,50.091449],[14.755796,50.091529],[14.755715,50.091515]],[[14.755588,50.091313],[14.755614,50.091252],[14.755776,50.09128],[14.75575,50.091342],[14.755588,50.091313]]]},"properties":{"id":1630834204,"ku":"Tlustovousy","p":"202/48","druh":"zahrada","vyuziti":null,"vymera":724,"lv":null}},{"type":"Feature","geometry":{"type":"Polygon","coordinates":[[[14.759182,50.090739],[14.759201,50.090735],[14.759169,50.090613],[14.759153,50.090611],[14.759182,50.090739]]]},"properties":{"id":1906445204,"ku":"Tlustovousy","p":"31/7","druh":"zahrada","vyuziti":null,"vymera":16,"lv":null}},{"type":"Feature","geometry":{"type":"Polygon","coordinates":[[[14.758348,50.094247],[14.758334,50.094165],[14.758174,50.094175],[14.758187,50.094258],[14.758348,50.094247]]]},"properties":{"id":2123076204,"ku":"Tlustovousy","p":"st. 101","druh":"zastavěná plocha a nádvoří","vyuziti":null,"vymera":106,"lv":null}},{"type":"Feature","geometry":{"type":"Polygon","coordinates":[[[14.759075,50.088352],[14.759089,50.088301],[14.759058,50.088297],[14.759034,50.088284],[14.759075,50.088352]]]},"properties":{"id":2150254204,"ku":"Tlustovousy","p":"80/5","druh":"orná půda","vyuziti":null,"vymera":11,"lv":null}},{"type":"Feature","geometry":{"type":"Polygon","coordinates":[[[14.759033,50.0877],[14.759077,50.087714],[14.759054,50.087745],[14.759186,50.087785],[14.759209,50.087755],[14.759222,50.087758],[14.759258,50.08771],[14.759069,50.087651],[14.759033,50.0877]]]},"properties":{"id":2195142204,"ku":"Tlustovousy","p":"st. 118","druh":"zastavěná plocha a nádvoří","vyuziti":null,"vymera":130,"lv":null}},{"type":"Feature","geometry":{"type":"Polygon","coordinates":[[[14.757717,50.093851],[14.758087,50.093913],[14.758239,50.093651],[14.757826,50.093582],[14.757717,50.093851]],[[14.757859,50.093753],[14.757919,50.093763],[14.757937,50.093757],[14.757949,50.093727],[14.75801,50.093738],[14.758015,50.093725],[14.758125,50.093743],[14.758103,50.093799],[14.758082,50.093796],[14.758063,50.093845],[14.758008,50.093836],[14.758002,50.093853],[14.757943,50.093844],[14.757938,50.093857],[14.757878,50.093847],[14.757883,50.093834],[14.75783,50.093825],[14.757859,50.093753]]]},"properties":{"id":1974623204,"ku":"Tlustovousy","p":"505","druh":"orná půda","vyuziti":null,"vymera":689,"lv":null}},{"type":"Feature","geometry":{"type":"Polygon","coordinates":[[[14.758813,50.090418],[14.758817,50.090618],[14.75885,50.090616],[14.758832,50.090417],[14.758813,50.090418]]]},"properties":{"id":1536880204,"ku":"Tlustovousy","p":"263/6","druh":"ostatní plocha","vyuziti":"zeleň","vymera":42,"lv":null}},{"type":"Feature","geometry":{"type":"Polygon","coordinates":[[[14.756978,50.094027],[14.757146,50.094055],[14.757169,50.093997],[14.757101,50.093986],[14.757114,50.093954],[14.757014,50.093937],[14.756978,50.094027]]]},"properties":{"id":2216553204,"ku":"Tlustovousy","p":"st. 119","druh":"zastavěná plocha a nádvoří","vyuziti":null,"vymera":109,"lv":null}},{"type":"Feature","geometry":{"type":"Polygon","coordinates":[[[14.754021,50.090865],[14.754362,50.089836],[14.755421,50.089977],[14.755441,50.089906],[14.754263,50.089749],[14.753899,50.090842],[14.754021,50.090865]]]},"properties":{"id":2080290204,"ku":"Tlustovousy","p":"516","druh":"ostatní plocha","vyuziti":"jiná plocha","vymera":1742,"lv":null}},{"type":"Feature","geometry":{"type":"Polygon","coordinates":[[[14.752899,50.090634],[14.753006,50.090654],[14.753484,50.089001],[14.753376,50.08898],[14.752899,50.090634]]]},"properties":{"id":2080320204,"ku":"Tlustovousy","p":"388/2","druh":"orná půda","vyuziti":null,"vymera":1496,"lv":null}},{"type":"Feature","geometry":{"type":"Polygon","coordinates":[[[14.75487,50.090771],[14.754945,50.090529],[14.75456,50.090464],[14.754483,50.090702],[14.75487,50.090771]],[[14.754863,50.09058],[14.754834,50.090648],[14.754637,50.090618],[14.75467,50.09054],[14.754863,50.09058]]]},"properties":{"id":2080299204,"ku":"Tlustovousy","p":"90/37","druh":"orná půda","vyuziti":null,"vymera":651,"lv":null}},{"type":"Feature","geometry":{"type":"Polygon","coordinates":[[[14.757829,50.093563],[14.757998,50.093591],[14.758005,50.093573],[14.758104,50.09359],[14.758133,50.093521],[14.758028,50.093503],[14.758021,50.093521],[14.757858,50.093493],[14.757829,50.093563]]]},"properties":{"id":2298028204,"ku":"Tlustovousy","p":"st. 132","druh":"zastavěná plocha a nádvoří","vyuziti":null,"vymera":159,"lv":null}},{"type":"Feature","geometry":{"type":"Polygon","coordinates":[[[14.741936,50.083037],[14.741147,50.082915],[14.739417,50.082719],[14.739399,50.082757],[14.740224,50.082865],[14.741466,50.083002],[14.742245,50.083123],[14.743257,50.083322],[14.742773,50.083206],[14.741936,50.083037]]]},"properties":{"id":1978554204,"ku":"Tlustovousy","p":"506","druh":"ostatní plocha","vyuziti":"zeleň","vymera":1108,"lv":null}},{"type":"Feature","geometry":{"type":"Polygon","coordinates":[[[14.764511,50.092322],[14.766385,50.092972],[14.767051,50.092062],[14.765538,50.091608],[14.765365,50.091715],[14.764883,50.091982],[14.764771,50.092056],[14.764644,50.092173],[14.764511,50.092322]]]},"properties":{"id":1974596204,"ku":"Tlustovousy","p":"492","druh":"orná půda","vyuziti":null,"vymera":15026,"lv":null}},{"type":"Feature","geometry":{"type":"Polygon","coordinates":[[[14.765058,50.09473],[14.765265,50.094467],[14.763306,50.093788],[14.763079,50.093999],[14.763036,50.094029],[14.765058,50.09473]]]},"properties":{"id":1974581204,"ku":"Tlustovousy","p":"477","druh":"orná půda","vyuziti":null,"vymera":5304,"lv":null}},{"type":"Feature","geometry":{"type":"Polygon","coordinates":[[[14.757328,50.093359],[14.756309,50.093187],[14.756257,50.093319],[14.757273,50.09349],[14.757328,50.093359]],[[14.756709,50.093375],[14.756737,50.093306],[14.756902,50.093333],[14.756908,50.093316],[14.757015,50.093334],[14.756988,50.093403],[14.756886,50.093386],[14.756878,50.093403],[14.756709,50.093375]]]},"properties":{"id":2020820204,"ku":"Tlustovousy","p":"202/49","druh":"zahrada","vyuziti":null,"vymera":985,"lv":null}},{"type":"Feature","geometry":{"type":"Polygon","coordinates":[[[14.756649,50.093387],[14.756257,50.093319],[14.756148,50.093589],[14.75654,50.093654],[14.756649,50.093387]],[[14.756268,50.093543],[14.756299,50.093464],[14.756377,50.093477],[14.756406,50.093466],[14.756419,50.093434],[14.756542,50.093454],[14.756523,50.093501],[14.75655,50.093506],[14.75651,50.093602],[14.756422,50.093587],[14.756429,50.09357],[14.756268,50.093543]]]},"properties":{"id":1974619204,"ku":"Tlustovousy","p":"501","druh":"orná půda","vyuziti":null,"vymera":664,"lv":null}},{"type":"Feature","geometry":{"type":"Polygon","coordinates":[[[14.75336,50.089674],[14.753405,50.089679],[14.753399,50.089708],[14.753517,50.089721],[14.753526,50.089691],[14.753495,50.089687],[14.753515,50.089615],[14.753382,50.089599],[14.75336,50.089674]]]},"properties":{"id":2302159204,"ku":"Tlustovousy","p":"st. 134","druh":"zastavěná plocha a nádvoří","vyuziti":null,"vymera":110,"lv":null}},{"type":"Feature","geometry":{"type":"Polygon","coordinates":[[[14.755084,50.090777],[14.755204,50.090788],[14.755224,50.0907],[14.755106,50.090689],[14.755084,50.090777]]]},"properties":{"id":2320715204,"ku":"Tlustovousy","p":"st. 138","druh":"zastavěná plocha a nádvoří","vyuziti":null,"vymera":85,"lv":null}},{"type":"Feature","geometry":{"type":"Polygon","coordinates":[[[14.757859,50.093753],[14.75783,50.093825],[14.757883,50.093834],[14.757878,50.093847],[14.757938,50.093857],[14.757943,50.093844],[14.758002,50.093853],[14.758008,50.093836],[14.758063,50.093845],[14.758082,50.093796],[14.758103,50.093799],[14.758125,50.093743],[14.758015,50.093725],[14.75801,50.093738],[14.757949,50.093727],[14.757937,50.093757],[14.757919,50.093763],[14.757859,50.093753]]]},"properties":{"id":2454553204,"ku":"Tlustovousy","p":"st. 145","druh":"zastavěná plocha a nádvoří","vyuziti":null,"vymera":205,"lv":null}},{"type":"Feature","geometry":{"type":"Polygon","coordinates":[[[14.764258,50.099281],[14.764445,50.099205],[14.764607,50.099102],[14.764844,50.099044],[14.765169,50.098843],[14.765645,50.098623],[14.765912,50.098475],[14.766372,50.098151],[14.766353,50.098146],[14.765173,50.098235],[14.765087,50.098231],[14.764903,50.098471],[14.764469,50.098994],[14.764258,50.099281]]]},"properties":{"id":1974597204,"ku":"Tlustovousy","p":"493","druh":"orná půda","vyuziti":null,"vymera":5932,"lv":null}},{"type":"Feature","geometry":{"type":"Polygon","coordinates":[[[14.766846,50.097895],[14.767167,50.097702],[14.767178,50.097687],[14.765676,50.097232],[14.764824,50.097003],[14.763943,50.098105],[14.764495,50.098142],[14.765154,50.098131],[14.7656,50.098099],[14.766422,50.098037],[14.766846,50.097895]]]},"properties":{"id":1974612204,"ku":"Tlustovousy","p":"494","druh":"orná půda","vyuziti":null,"vymera":17027,"lv":null}},{"type":"Feature","geometry":{"type":"Polygon","coordinates":[[[14.757871,50.094285],[14.757918,50.094293],[14.758279,50.093657],[14.758239,50.093651],[14.758087,50.093913],[14.756148,50.093589],[14.756309,50.093187],[14.756173,50.093165],[14.755978,50.093653],[14.758038,50.093998],[14.757871,50.094285]]]},"properties":{"id":1974618204,"ku":"Tlustovousy","p":"500","druh":"ostatní plocha","vyuziti":"ostatní komunikace","vymera":2249,"lv":null}},{"type":"Feature","geometry":{"type":"Polygon","coordinates":[[[14.755039,50.091246],[14.755027,50.091276],[14.754946,50.091263],[14.754927,50.09131],[14.755123,50.091342],[14.755199,50.091161],[14.755004,50.091126],[14.754959,50.091231],[14.755039,50.091246]]]},"properties":{"id":2235987204,"ku":"Tlustovousy","p":"st. 50/1","druh":"zastavěná plocha a nádvoří","vyuziti":null,"vymera":284,"lv":null}},{"type":"Feature","geometry":{"type":"Polygon","coordinates":[[[14.758894,50.088903],[14.75884,50.088904],[14.758842,50.088899],[14.758757,50.088885],[14.758747,50.088907],[14.758622,50.088909],[14.758561,50.089081],[14.758823,50.089119],[14.758864,50.089032],[14.758894,50.088903]]]},"properties":{"id":1536493204,"ku":"Tlustovousy","p":"st. 32","druh":"zastavěná plocha a nádvoří","vyuziti":null,"vymera":444,"lv":null}},{"type":"Feature","geometry":{"type":"Polygon","coordinates":[[[14.738909,50.091312],[14.739074,50.090976],[14.739233,50.090725],[14.73952,50.090117],[14.739941,50.089103],[14.740099,50.088889],[14.740271,50.088704],[14.739232,50.088516],[14.739859,50.08623],[14.736528,50.086028],[14.736419,50.086031],[14.735924,50.088537],[14.735972,50.088542],[14.736099,50.088777],[14.736025,50.089232],[14.735891,50.089464],[14.735784,50.089514],[14.735636,50.090236],[14.735795,50.090271],[14.73564,50.090592],[14.735893,50.090634],[14.736019,50.090471],[14.73626,50.090431],[14.736525,50.090536],[14.736662,50.090706],[14.736872,50.090779],[14.737009,50.090928],[14.737129,50.091137],[14.737345,50.0912],[14.737505,50.091183],[14.737681,50.091246],[14.737724,50.09136],[14.737717,50.091413],[14.737897,50.091665],[14.73793,50.091762],[14.737654,50.091887],[14.737722,50.092063],[14.73812,50.092312],[14.738461,50.092489],[14.738574,50.092557],[14.738711,50.092234],[14.738852,50.091716],[14.738909,50.091312]]]},"properties":{"id":1974072204,"ku":"Tlustovousy","p":"344","druh":"orná půda","vyuziti":null,"vymera":148260,"lv":null}},{"type":"Feature","geometry":{"type":"Polygon","coordinates":[[[14.757868,50.093429],[14.757898,50.093355],[14.757762,50.093331],[14.757757,50.093344],[14.757689,50.093333],[14.757665,50.093394],[14.757868,50.093429]]]},"properties":{"id":2236258204,"ku":"Tlustovousy","p":"st. 126","druh":"zastavěná plocha a nádvoří","vyuziti":null,"vymera":121,"lv":null}},{"type":"Feature","geometry":{"type":"Polygon","coordinates":[[[14.757797,50.090716],[14.757942,50.09073],[14.757951,50.090688],[14.758003,50.090692],[14.75808,50.090416],[14.757902,50.090299],[14.757797,50.090716]]]},"properties":{"id":1536567204,"ku":"Tlustovousy","p":"5/2","druh":"ostatní plocha","vyuziti":"manipulační plocha","vymera":579,"lv":null}},{"type":"Feature","geometry":{"type":"Polygon","coordinates":[[[14.758781,50.092485],[14.758374,50.092416],[14.758324,50.092549],[14.758728,50.092615],[14.758781,50.092485]]]},"properties":{"id":1536510204,"ku":"Tlustovousy","p":"st. 52","druh":"zastavěná plocha a nádvoří","vyuziti":null,"vymera":452,"lv":null}},{"type":"Feature","geometry":{"type":"Polygon","coordinates":[[[14.75487,50.090771],[14.754483,50.090702],[14.754415,50.090916],[14.754804,50.090986],[14.75487,50.090771]],[[14.754649,50.090935],[14.754447,50.090898],[14.754492,50.090796],[14.754595,50.090815],[14.754575,50.09086],[14.754674,50.090877],[14.754649,50.090935]]]},"properties":{"id":2080302204,"ku":"Tlustovousy","p":"90/40","druh":"orná půda","vyuziti":null,"vymera":560,"lv":null}},{"type":"Feature","geometry":{"type":"Polygon","coordinates":[[[14.735924,50.088537],[14.735833,50.089108],[14.73576,50.089454],[14.735784,50.089514],[14.735891,50.089464],[14.736025,50.089232],[14.736099,50.088777],[14.735972,50.088542],[14.735924,50.088537]]]},"properties":{"id":1974052204,"ku":"Tlustovousy","p":"340","druh":"ostatní plocha","vyuziti":"zeleň","vymera":1370,"lv":null}},{"type":"Feature","geometry":{"type":"Polygon","coordinates":[[[14.758068,50.090217],[14.758053,50.090247],[14.757994,50.090229],[14.757975,50.090265],[14.758098,50.090293],[14.758128,50.090229],[14.758068,50.090217]]]},"properties":{"id":2224328204,"ku":"Tlustovousy","p":"st. 124","druh":"zastavěná plocha a nádvoří","vyuziti":null,"vymera":53,"lv":null}},{"type":"Feature","geometry":{"type":"Polygon","coordinates":[[[14.753298,50.089932],[14.753389,50.089944],[14.753399,50.089912],[14.75351,50.089926],[14.75352,50.089893],[14.753503,50.089891],[14.753513,50.089859],[14.753455,50.089851],[14.753458,50.089842],[14.753406,50.089835],[14.753403,50.089845],[14.753346,50.089837],[14.753325,50.089902],[14.753308,50.0899],[14.753298,50.089932]]]},"properties":{"id":2317996204,"ku":"Tlustovousy","p":"st. 136","druh":"zastavěná plocha a nádvoří","vyuziti":null,"vymera":123,"lv":null}},{"type":"Feature","geometry":{"type":"Polygon","coordinates":[[[14.755808,50.08899],[14.755763,50.089251],[14.755899,50.08926],[14.755913,50.089105],[14.755857,50.089079],[14.755873,50.088995],[14.755808,50.08899]]]},"properties":{"id":1536529204,"ku":"Tlustovousy","p":"st. 71","druh":"zastavěná plocha a nádvoří","vyuziti":null,"vymera":220,"lv":null}},{"type":"Feature","geometry":{"type":"Polygon","coordinates":[[[14.758355,50.093528],[14.758408,50.093399],[14.75736,50.093223],[14.757337,50.09328],[14.757376,50.093286],[14.757346,50.093362],[14.758355,50.093528]],[[14.757868,50.093429],[14.757665,50.093394],[14.757689,50.093333],[14.757757,50.093344],[14.757762,50.093331],[14.757898,50.093355],[14.757868,50.093429]]]},"properties":{"id":1536801204,"ku":"Tlustovousy","p":"202/36","druh":"zahrada","vyuziti":null,"vymera":1017,"lv":null}},{"type":"Feature","geometry":{"type":"Polygon","coordinates":[[[14.754066,50.090304],[14.754069,50.090294],[14.753955,50.090279],[14.753999,50.090166],[14.753868,50.090147],[14.75389,50.090077],[14.754027,50.090096],[14.754038,50.090066],[14.753677,50.090016],[14.753606,50.090243],[14.754066,50.090304]]]},"properties":{"id":2080326204,"ku":"Tlustovousy","p":"388/8","druh":"orná půda","vyuziti":null,"vymera":594,"lv":null}},{"type":"Feature","geometry":{"type":"Polygon","coordinates":[[[14.753868,50.090147],[14.754072,50.090176],[14.754095,50.090105],[14.75389,50.090077],[14.753868,50.090147]]]},"properties":{"id":2317927204,"ku":"Tlustovousy","p":"st. 137","druh":"zastavěná plocha a nádvoří","vyuziti":null,"vymera":120,"lv":null}},{"type":"Feature","geometry":{"type":"Polygon","coordinates":[[[14.753744,50.089789],[14.753276,50.089722],[14.753209,50.089953],[14.753677,50.090016],[14.753744,50.089789]],[[14.753406,50.089835],[14.753458,50.089842],[14.753455,50.089851],[14.753513,50.089859],[14.753503,50.089891],[14.75352,50.089893],[14.75351,50.089926],[14.753399,50.089912],[14.753389,50.089944],[14.753298,50.089932],[14.753308,50.0899],[14.753325,50.089902],[14.753346,50.089837],[14.753403,50.089845],[14.753406,50.089835]]]},"properties":{"id":2080327204,"ku":"Tlustovousy","p":"388/9","druh":"orná půda","vyuziti":null,"vymera":764,"lv":null}},{"type":"Feature","geometry":{"type":"Polygon","coordinates":[[[14.761063,50.089933],[14.760138,50.089806],[14.760004,50.089845],[14.759895,50.089935],[14.759861,50.090032],[14.75994,50.090232],[14.76027,50.090277],[14.760498,50.090399],[14.760575,50.090389],[14.760734,50.090427],[14.76114,50.090213],[14.761175,50.090061],[14.761063,50.089933]]]},"properties":{"id":1993799204,"ku":"Tlustovousy","p":"47/6","druh":"vodní plocha","vyuziti":"vodní nádrž umělá","vymera":4442,"lv":null}},{"type":"Feature","geometry":{"type":"Polygon","coordinates":[[[14.758374,50.092416],[14.756732,50.092143],[14.756678,50.092273],[14.758324,50.092549],[14.758374,50.092416]]]},"properties":{"id":1536792204,"ku":"Tlustovousy","p":"202/25","druh":"zahrada","vyuziti":null,"vymera":1829,"lv":null}},{"type":"Feature","geometry":{"type":"Polygon","coordinates":[[[14.758162,50.090091],[14.757949,50.090071],[14.757315,50.090016],[14.757567,50.090167],[14.757674,50.090217],[14.757691,50.090219],[14.75771,50.090138],[14.757692,50.090134],[14.757703,50.090088],[14.7579,50.090106],[14.757868,50.090242],[14.757975,50.090265],[14.757994,50.090229],[14.758053,50.090247],[14.758068,50.090217],[14.758119,50.090227],[14.758162,50.090091]]]},"properties":{"id":1536572204,"ku":"Tlustovousy","p":"8/2","druh":"zahrada","vyuziti":null,"vymera":684,"lv":null}},{"type":"Feature","geometry":{"type":"Polygon","coordinates":[[[14.756362,50.093056],[14.756309,50.093187],[14.757346,50.093362],[14.757376,50.093286],[14.757337,50.09328],[14.75736,50.093223],[14.756362,50.093056]],[[14.757147,50.093308],[14.757158,50.093279],[14.757229,50.09329],[14.757235,50.093274],[14.757279,50.093282],[14.757273,50.093297],[14.757338,50.093308],[14.757322,50.093347],[14.757264,50.093337],[14.757268,50.093327],[14.757147,50.093308]]]},"properties":{"id":2236257204,"ku":"Tlustovousy","p":"202/51","druh":"zahrada","vyuziti":null,"vymera":1083,"lv":null}},{"type":"Feature","geometry":{"type":"Polygon","coordinates":[[[14.754077,50.090305],[14.754152,50.090081],[14.754038,50.090066],[14.754027,50.090096],[14.754095,50.090105],[14.754072,50.090176],[14.753999,50.090166],[14.753955,50.090279],[14.754069,50.090294],[14.754066,50.090304],[14.754077,50.090305]]]},"properties":{"id":2080291204,"ku":"Tlustovousy","p":"517","druh":"ostatní plocha","vyuziti":"jiná plocha","vymera":173,"lv":null}},{"type":"Feature","geometry":{"type":"Polygon","coordinates":[[[14.756004,50.089268],[14.756098,50.088734],[14.755861,50.088686],[14.755808,50.08899],[14.755873,50.088995],[14.755857,50.089079],[14.755913,50.089105],[14.755896,50.089234],[14.755903,50.089235],[14.755908,50.089203],[14.755968,50.089207],[14.755958,50.089264],[14.756004,50.089268]]]},"properties":{"id":1536726204,"ku":"Tlustovousy","p":"89/4","druh":"zahrada","vyuziti":null,"vymera":810,"lv":null}},{"type":"Feature","geometry":{"type":"Polygon","coordinates":[[[14.755483,50.091645],[14.755622,50.091669],[14.755636,50.091635],[14.755656,50.091639],[14.755676,50.09159],[14.755656,50.091587],[14.755668,50.091558],[14.755529,50.091534],[14.755483,50.091645]]]},"properties":{"id":60652875010,"ku":"Tlustovousy","p":"st. 178","druh":"zastavěná plocha a nádvoří","vyuziti":null,"vymera":139,"lv":null}},{"type":"Feature","geometry":{"type":"Polygon","coordinates":[[[14.754436,50.091011],[14.754222,50.091523],[14.754276,50.091532],[14.754489,50.091021],[14.754436,50.091011]]]},"properties":{"id":97859283010,"ku":"Tlustovousy","p":"202/61","druh":"ostatní plocha","vyuziti":"jiná plocha","vymera":236,"lv":null}},{"type":"Feature","geometry":{"type":"Polygon","coordinates":[[[14.754936,50.089806],[14.755044,50.08982],[14.755078,50.089716],[14.75497,50.089701],[14.754936,50.089806]]]},"properties":{"id":2494758204,"ku":"Tlustovousy","p":"st. 150","druh":"zastavěná plocha a nádvoří","vyuziti":null,"vymera":94,"lv":null}},{"type":"Feature","geometry":{"type":"Polygon","coordinates":[[[14.761439,50.089664],[14.761427,50.089613],[14.761441,50.089592],[14.761361,50.089606],[14.761387,50.089672],[14.761439,50.089664]]]},"properties":{"id":89932981010,"ku":"Tlustovousy","p":"46/14","druh":"ostatní plocha","vyuziti":"jiná plocha","vymera":34,"lv":null}},{"type":"Feature","geometry":{"type":"Polygon","coordinates":[[[14.762175,50.08924],[14.762045,50.089314],[14.761812,50.089429],[14.761388,50.089549],[14.761364,50.089574],[14.761361,50.089606],[14.761441,50.089592],[14.761465,50.089575],[14.761617,50.089527],[14.76175,50.089474],[14.762043,50.089331],[14.762176,50.089257],[14.762363,50.089132],[14.762899,50.088686],[14.763036,50.088588],[14.763228,50.088477],[14.763538,50.08833],[14.763517,50.088311],[14.763599,50.088274],[14.763619,50.088293],[14.763663,50.088272],[14.763451,50.088063],[14.762828,50.088296],[14.762777,50.088331],[14.762494,50.08847],[14.76283,50.088719],[14.762356,50.089113],[14.762175,50.08924]]]},"properties":{"id":89932982010,"ku":"Tlustovousy","p":"72/1","druh":"orná půda","vyuziti":null,"vymera":2888,"lv":null}},{"type":"Feature","geometry":{"type":"Polygon","coordinates":[[[14.763687,50.088296],[14.763663,50.088272],[14.763619,50.088293],[14.763599,50.088274],[14.763517,50.088311],[14.763538,50.08833],[14.763228,50.088477],[14.763097,50.08855],[14.762899,50.088686],[14.762434,50.089076],[14.762302,50.089176],[14.762176,50.089257],[14.76191,50.089399],[14.761677,50.089504],[14.761449,50.089584],[14.761427,50.089613],[14.761439,50.089664],[14.761497,50.089655],[14.761483,50.089642],[14.761478,50.089616],[14.761504,50.089596],[14.761772,50.089499],[14.762072,50.089353],[14.762206,50.089278],[14.762395,50.089151],[14.762929,50.088706],[14.763064,50.08861],[14.763252,50.0885],[14.763687,50.088296]]]},"properties":{"id":89932983010,"ku":"Tlustovousy","p":"72/2","druh":"ostatní plocha","vyuziti":"ostatní komunikace","vymera":722,"lv":null}},{"type":"Feature","geometry":{"type":"Polygon","coordinates":[[[14.763709,50.088318],[14.763687,50.088296],[14.763376,50.088438],[14.763127,50.08857],[14.762929,50.088706],[14.76247,50.089092],[14.762269,50.089239],[14.762072,50.089353],[14.761935,50.089422],[14.761686,50.089534],[14.761962,50.089428],[14.762151,50.089403],[14.763057,50.088659],[14.763709,50.088318]]]},"properties":{"id":89932984010,"ku":"Tlustovousy","p":"72/3","druh":"orná půda","vyuziti":null,"vymera":746,"lv":null}},{"type":"Feature","geometry":{"type":"Polygon","coordinates":[[[14.759029,50.090722],[14.759047,50.090765],[14.759116,50.09093],[14.759121,50.090908],[14.75908,50.090804],[14.759029,50.090722]]]},"properties":{"id":89932985010,"ku":"Tlustovousy","p":"262/15","druh":"ostatní plocha","vyuziti":"ostatní komunikace","vymera":19,"lv":null}},{"type":"Feature","geometry":{"type":"Polygon","coordinates":[[[14.759318,50.090835],[14.759198,50.090854],[14.75919,50.090837],[14.75913,50.090849],[14.759153,50.090907],[14.759142,50.090954],[14.759217,50.090922],[14.759318,50.090835]]]},"properties":{"id":89932986010,"ku":"Tlustovousy","p":"262/16","druh":"ostatní plocha","vyuziti":"zeleň","vymera":86,"lv":null}},{"type":"Feature","geometry":{"type":"Polygon","coordinates":[[[14.759258,50.08771],[14.759222,50.087758],[14.759209,50.087755],[14.759186,50.087785],[14.759289,50.087814],[14.75937,50.087706],[14.75887,50.08757],[14.758798,50.087666],[14.759054,50.087745],[14.759077,50.087714],[14.759033,50.0877],[14.759069,50.087651],[14.759258,50.08771]]]},"properties":{"id":83636180010,"ku":"Tlustovousy","p":"86/5","druh":"zahrada","vyuziti":null,"vymera":364,"lv":null}},{"type":"Feature","geometry":{"type":"Polygon","coordinates":[[[14.758596,50.087669],[14.758549,50.087733],[14.758711,50.08778],[14.758759,50.087717],[14.758596,50.087669]]]},"properties":{"id":83636181010,"ku":"Tlustovousy","p":"453/3","druh":"zahrada","vyuziti":null,"vymera":100,"lv":null}},{"type":"Feature","geometry":{"type":"Polygon","coordinates":[[[14.759053,50.092059],[14.759067,50.091911],[14.759043,50.09191],[14.759035,50.091913],[14.759034,50.092024],[14.759009,50.092221],[14.759053,50.092059]]]},"properties":{"id":94392837010,"ku":"Tlustovousy","p":"262/23","druh":"ostatní plocha","vyuziti":"zeleň","vymera":48,"lv":null}},{"type":"Feature","geometry":{"type":"Polygon","coordinates":[[[14.759007,50.092221],[14.759029,50.092078],[14.759034,50.091952],[14.758996,50.092219],[14.759007,50.092221]]]},"properties":{"id":94392838010,"ku":"Tlustovousy","p":"262/24","druh":"ostatní plocha","vyuziti":"ostatní komunikace","vymera":22,"lv":null}},{"type":"Feature","geometry":{"type":"Polygon","coordinates":[[[14.752967,50.090397],[14.752462,50.090305],[14.752394,50.090542],[14.752899,50.090634],[14.752967,50.090397]]]},"properties":{"id":67589041010,"ku":"Tlustovousy","p":"388/17","druh":"orná půda","vyuziti":null,"vymera":1000,"lv":null}},{"type":"Feature","geometry":{"type":"Polygon","coordinates":[[[14.754667,50.091055],[14.754624,50.091154],[14.754664,50.091161],[14.754707,50.091063],[14.754667,50.091055]]]},"properties":{"id":77170314010,"ku":"Tlustovousy","p":"573","druh":"ostatní plocha","vyuziti":"jiná plocha","vymera":34,"lv":null}},{"type":"Feature","geometry":{"type":"Polygon","coordinates":[[[14.754222,50.091523],[14.754055,50.091927],[14.75432,50.091972],[14.754464,50.091634],[14.754249,50.091597],[14.754276,50.091532],[14.754222,50.091523]]]},"properties":{"id":77170315010,"ku":"Tlustovousy","p":"202/55","druh":"zahrada","vyuziti":null,"vymera":800,"lv":null}},{"type":"Feature","geometry":{"type":"Polygon","coordinates":[[[14.759547,50.094066],[14.759538,50.094012],[14.759408,50.09402],[14.759417,50.094075],[14.759547,50.094066]]]},"properties":{"id":2454665204,"ku":"Tlustovousy","p":"st. 141","druh":"zastavěná plocha a nádvoří","vyuziti":null,"vymera":57,"lv":null}},{"type":"Feature","geometry":{"type":"Polygon","coordinates":[[[14.756147,50.089796],[14.756103,50.090008],[14.756226,50.090019],[14.75627,50.089807],[14.756147,50.089796]]]},"properties":{"id":84690574010,"ku":"Tlustovousy","p":"st. 194","druh":"zastavěná plocha a nádvoří","vyuziti":null,"vymera":212,"lv":null}},{"type":"Feature","geometry":{"type":"Polygon","coordinates":[[[14.752872,50.088886],[14.752803,50.089123],[14.753308,50.089216],[14.753376,50.08898],[14.752872,50.088886]]]},"properties":{"id":67589047010,"ku":"Tlustovousy","p":"388/23","druh":"orná půda","vyuziti":null,"vymera":1000,"lv":null}},{"type":"Feature","geometry":{"type":"Polygon","coordinates":[[[14.75336,50.090593],[14.753348,50.090629],[14.753307,50.090624],[14.753302,50.090641],[14.753234,50.090632],[14.753216,50.090685],[14.753429,50.090713],[14.753463,50.090606],[14.75336,50.090593]]]},"properties":{"id":24188887010,"ku":"Tlustovousy","p":"st. 158","druh":"zastavěná plocha a nádvoří","vyuziti":null,"vymera":145,"lv":null}},{"type":"Feature","geometry":{"type":"Polygon","coordinates":[[[14.755715,50.091515],[14.755796,50.091529],[14.755829,50.091449],[14.755748,50.091435],[14.755715,50.091515]]]},"properties":{"id":60652876010,"ku":"Tlustovousy","p":"st. 179","druh":"zastavěná plocha a nádvoří","vyuziti":null,"vymera":55,"lv":null}},{"type":"Feature","geometry":{"type":"Polygon","coordinates":[[[14.758049,50.092919],[14.75814,50.092933],[14.758168,50.092861],[14.758078,50.092846],[14.758049,50.092919]]]},"properties":{"id":32518824010,"ku":"Tlustovousy","p":"st. 165","druh":"zastavěná plocha a nádvoří","vyuziti":null,"vymera":56,"lv":null}},{"type":"Feature","geometry":{"type":"Polygon","coordinates":[[[14.756968,50.090375],[14.756981,50.090313],[14.756837,50.090301],[14.756824,50.090363],[14.756968,50.090375]]]},"properties":{"id":85069395010,"ku":"Tlustovousy","p":"st. 198","druh":"zastavěná plocha a nádvoří","vyuziti":null,"vymera":73,"lv":null}},{"type":"Feature","geometry":{"type":"Polygon","coordinates":[[[14.754405,50.090314],[14.754498,50.090331],[14.754503,50.090319],[14.754565,50.090329],[14.7546,50.090242],[14.754532,50.09023],[14.754521,50.090255],[14.754434,50.09024],[14.754405,50.090314]]]},"properties":{"id":36036477010,"ku":"Tlustovousy","p":"st. 168","druh":"zastavěná plocha a nádvoří","vyuziti":null,"vymera":107,"lv":null}},{"type":"Feature","geometry":{"type":"Polygon","coordinates":[[[14.754808,50.090266],[14.754779,50.090355],[14.754888,50.09037],[14.754881,50.09039],[14.755005,50.090407],[14.755028,50.090336],[14.754935,50.090324],[14.754948,50.090285],[14.754808,50.090266]]]},"properties":{"id":35428656010,"ku":"Tlustovousy","p":"st. 167","druh":"zastavěná plocha a nádvoří","vyuziti":null,"vymera":163,"lv":null}},{"type":"Feature","geometry":{"type":"Polygon","coordinates":[[[14.756464,50.088899],[14.756408,50.089291],[14.757133,50.089288],[14.757128,50.088888],[14.756464,50.088899]]]},"properties":{"id":36088718010,"ku":"Tlustovousy","p":"430/1","druh":"orná půda","vyuziti":null,"vymera":2194,"lv":null}},{"type":"Feature","geometry":{"type":"Polygon","coordinates":[[[14.757128,50.088888],[14.757133,50.089288],[14.757731,50.089285],[14.757896,50.088875],[14.757128,50.088888]]]},"properties":{"id":36088719010,"ku":"Tlustovousy","p":"430/2","druh":"orná půda","vyuziti":null,"vymera":2195,"lv":null}},{"type":"Feature","geometry":{"type":"Polygon","coordinates":[[[14.757984,50.089303],[14.758066,50.089313],[14.758113,50.089148],[14.758004,50.089138],[14.758024,50.089158],[14.757984,50.089303]]]},"properties":{"id":36088721010,"ku":"Tlustovousy","p":"568","druh":"zahrada","vyuziti":null,"vymera":113,"lv":null}},{"type":"Feature","geometry":{"type":"Polygon","coordinates":[[[14.758132,50.08908],[14.757885,50.089049],[14.757863,50.08912],[14.758113,50.089148],[14.758132,50.08908]]]},"properties":{"id":36088722010,"ku":"Tlustovousy","p":"18/2","druh":"zahrada","vyuziti":null,"vymera":144,"lv":null}},{"type":"Feature","geometry":{"type":"Polygon","coordinates":[[[14.758618,50.089251],[14.758529,50.089241],[14.758543,50.089186],[14.75851,50.089184],[14.758483,50.089254],[14.75874,50.089298],[14.758618,50.089251]]]},"properties":{"id":35914506010,"ku":"Tlustovousy","p":"569","druh":"zahrada","vyuziti":null,"vymera":51,"lv":null}},{"type":"Feature","geometry":{"type":"Polygon","coordinates":[[[14.758785,50.090207],[14.758783,50.090195],[14.758758,50.090196],[14.758747,50.090156],[14.758539,50.09018],[14.758506,50.090047],[14.758582,50.090039],[14.758564,50.089997],[14.758431,50.089997],[14.758417,50.090028],[14.758376,50.090022],[14.75834,50.090136],[14.758376,50.090146],[14.758441,50.090191],[14.758718,50.090209],[14.758785,50.090207]]]},"properties":{"id":40067058010,"ku":"Tlustovousy","p":"570","druh":"ostatní plocha","vyuziti":"jiná plocha","vymera":309,"lv":null}},{"type":"Feature","geometry":{"type":"Polygon","coordinates":[[[14.75855,50.090207],[14.758718,50.090209],[14.758441,50.090191],[14.758376,50.090146],[14.75834,50.090136],[14.758285,50.090309],[14.758135,50.09029],[14.758195,50.090099],[14.758162,50.090091],[14.758119,50.090227],[14.758128,50.090229],[14.758098,50.090293],[14.758289,50.090339],[14.758369,50.090342],[14.758399,50.090278],[14.758428,50.090279],[14.758428,50.090268],[14.758461,50.090269],[14.758461,50.090279],[14.758597,50.090282],[14.758598,50.090211],[14.75855,50.090207]]]},"properties":{"id":40067059010,"ku":"Tlustovousy","p":"571","druh":"ostatní plocha","vyuziti":"jiná plocha","vymera":355,"lv":null}},{"type":"Feature","geometry":{"type":"Polygon","coordinates":[[[14.756092,50.090517],[14.756094,50.090508],[14.75619,50.090519],[14.756203,50.090469],[14.756022,50.09044],[14.756006,50.090508],[14.756092,50.090517]]]},"properties":{"id":41050534010,"ku":"Tlustovousy","p":"st. 170","druh":"zastavěná plocha a nádvoří","vyuziti":null,"vymera":87,"lv":null}},{"type":"Feature","geometry":{"type":"Polygon","coordinates":[[[14.759424,50.087566],[14.759282,50.087682],[14.75937,50.087706],[14.759494,50.087585],[14.759424,50.087566]]]},"properties":{"id":83378699010,"ku":"Tlustovousy","p":"86/4","druh":"ostatní plocha","vyuziti":"neplodná půda","vymera":98,"lv":null}},{"type":"Feature","geometry":{"type":"Polygon","coordinates":[[[14.759121,50.087306],[14.758999,50.08745],[14.759424,50.087566],[14.759763,50.087289],[14.759791,50.087236],[14.759121,50.087306]]]},"properties":{"id":83378700010,"ku":"Tlustovousy","p":"462/1","druh":"orná půda","vyuziti":null,"vymera":1115,"lv":null}},{"type":"Feature","geometry":{"type":"Polygon","coordinates":[[[14.758999,50.08745],[14.758892,50.087576],[14.759282,50.087682],[14.759424,50.087566],[14.758999,50.08745]]]},"properties":{"id":83378701010,"ku":"Tlustovousy","p":"462/2","druh":"orná půda","vyuziti":null,"vymera":502,"lv":null}},{"type":"Feature","geometry":{"type":"Polygon","coordinates":[[[14.755158,50.089584],[14.755013,50.089568],[14.755001,50.089613],[14.755146,50.089629],[14.755158,50.089584]]]},"properties":{"id":89137400010,"ku":"Tlustovousy","p":"st. 205","druh":"zastavěná plocha a nádvoří","vyuziti":null,"vymera":53,"lv":null}},{"type":"Feature","geometry":{"type":"Polygon","coordinates":[[[14.758697,50.089435],[14.758719,50.089364],[14.758652,50.089359],[14.758631,50.089428],[14.758576,50.089431],[14.758697,50.089435]]]},"properties":{"id":55652860010,"ku":"Tlustovousy","p":"263/13","druh":"ostatní plocha","vyuziti":"ostatní komunikace","vymera":40,"lv":null}},{"type":"Feature","geometry":{"type":"Polygon","coordinates":[[[14.756629,50.08737],[14.756524,50.087576],[14.758485,50.087372],[14.75812,50.087236],[14.758099,50.087217],[14.756629,50.08737]]]},"properties":{"id":95412697010,"ku":"Tlustovousy","p":"450/5","druh":"orná půda","vyuziti":null,"vymera":2653,"lv":null}},{"type":"Feature","geometry":{"type":"Polygon","coordinates":[[[14.759037,50.087119],[14.75868,50.087157],[14.758099,50.087217],[14.75812,50.087236],[14.758485,50.087372],[14.759085,50.08731],[14.759037,50.087119]]]},"properties":{"id":95412698010,"ku":"Tlustovousy","p":"450/6","druh":"orná půda","vyuziti":null,"vymera":1211,"lv":null}},{"type":"Feature","geometry":{"type":"Polygon","coordinates":[[[14.75985,50.087126],[14.759863,50.087061],[14.759127,50.087138],[14.759136,50.087173],[14.759053,50.087182],[14.759085,50.08731],[14.759791,50.087236],[14.75985,50.087126]]]},"properties":{"id":95412699010,"ku":"Tlustovousy","p":"450/7","druh":"orná půda","vyuziti":null,"vymera":1004,"lv":null}},{"type":"Feature","geometry":{"type":"Polygon","coordinates":[[[14.759863,50.087061],[14.759868,50.087033],[14.759037,50.087119],[14.759053,50.087182],[14.759136,50.087173],[14.759127,50.087138],[14.759863,50.087061]]]},"properties":{"id":95412700010,"ku":"Tlustovousy","p":"450/8","druh":"orná půda","vyuziti":null,"vymera":205,"lv":null}},{"type":"Feature","geometry":{"type":"Polygon","coordinates":[[[14.756762,50.087107],[14.756629,50.08737],[14.75868,50.087157],[14.758619,50.086915],[14.756762,50.087107]]]},"properties":{"id":95412701010,"ku":"Tlustovousy","p":"455/5","druh":"orná půda","vyuziti":null,"vymera":3861,"lv":null}},{"type":"Feature","geometry":{"type":"Polygon","coordinates":[[[14.758619,50.086915],[14.75868,50.087157],[14.759037,50.087119],[14.759017,50.08704],[14.7591,50.087031],[14.759109,50.087067],[14.759289,50.087048],[14.759239,50.08685],[14.758619,50.086915]]]},"properties":{"id":95412702010,"ku":"Tlustovousy","p":"455/6","druh":"orná půda","vyuziti":null,"vymera":1107,"lv":null}},{"type":"Feature","geometry":{"type":"Polygon","coordinates":[[[14.759239,50.08685],[14.759289,50.087048],[14.759849,50.08699],[14.759866,50.086901],[14.759893,50.086903],[14.759917,50.08678],[14.759239,50.08685]]]},"properties":{"id":95412703010,"ku":"Tlustovousy","p":"455/7","druh":"orná půda","vyuziti":null,"vymera":1004,"lv":null}},{"type":"Feature","geometry":{"type":"Polygon","coordinates":[[[14.759109,50.087067],[14.7591,50.087031],[14.759017,50.08704],[14.759037,50.087119],[14.759868,50.087033],[14.759893,50.086903],[14.759866,50.086901],[14.759849,50.08699],[14.759109,50.087067]]]},"properties":{"id":95412704010,"ku":"Tlustovousy","p":"455/8","druh":"orná půda","vyuziti":null,"vymera":346,"lv":null}},{"type":"Feature","geometry":{"type":"Polygon","coordinates":[[[14.756017,50.091048],[14.756156,50.091064],[14.756162,50.091038],[14.756026,50.09102],[14.756017,50.091048]]]},"properties":{"id":56298322010,"ku":"Tlustovousy","p":"st. 1/11","druh":"zastavěná plocha a nádvoří","vyuziti":null,"vymera":30,"lv":null}},{"type":"Feature","geometry":{"type":"Polygon","coordinates":[[[14.757285,50.090904],[14.757144,50.090889],[14.757128,50.090953],[14.757268,50.090968],[14.757285,50.090904]]]},"properties":{"id":67162571010,"ku":"Tlustovousy","p":"st. 184","druh":"zastavěná plocha a nádvoří","vyuziti":null,"vymera":73,"lv":null}},{"type":"Feature","geometry":{"type":"Polygon","coordinates":[[[14.756155,50.090758],[14.755982,50.09074],[14.755965,50.090798],[14.756134,50.090824],[14.756155,50.090758]]]},"properties":{"id":68543943010,"ku":"Tlustovousy","p":"st. 185/1","druh":"zastavěná plocha a nádvoří","vyuziti":null,"vymera":89,"lv":null}},{"type":"Feature","geometry":{"type":"Polygon","coordinates":[[[14.759622,50.089236],[14.75968,50.089098],[14.759696,50.089028],[14.759169,50.088974],[14.759146,50.089028],[14.759137,50.089026],[14.759075,50.089182],[14.759622,50.089236]]]},"properties":{"id":24818782010,"ku":"Tlustovousy","p":"st. 27/4","druh":"zastavěná plocha a nádvoří","vyuziti":"zbořeniště","vymera":929,"lv":null}},{"type":"Feature","geometry":{"type":"Polygon","coordinates":[[[14.759638,50.089477],[14.759745,50.08922],[14.759761,50.0892],[14.75979,50.089189],[14.759853,50.08919],[14.759846,50.089115],[14.759805,50.089091],[14.759806,50.089038],[14.759696,50.089028],[14.75968,50.089098],[14.75953,50.089458],[14.759638,50.089477]]]},"properties":{"id":24818784010,"ku":"Tlustovousy","p":"564","druh":"ostatní plocha","vyuziti":"ostatní komunikace","vymera":452,"lv":null}},{"type":"Feature","geometry":{"type":"Polygon","coordinates":[[[14.759769,50.089511],[14.75983,50.089427],[14.759872,50.089394],[14.759853,50.08919],[14.759824,50.089187],[14.75979,50.089189],[14.759761,50.0892],[14.759745,50.08922],[14.759638,50.089477],[14.759769,50.089511]]]},"properties":{"id":24818785010,"ku":"Tlustovousy","p":"565","druh":"ostatní plocha","vyuziti":"zeleň","vymera":374,"lv":null}},{"type":"Feature","geometry":{"type":"Polygon","coordinates":[[[14.759846,50.089115],[14.759841,50.089054],[14.759803,50.08905],[14.759805,50.089091],[14.759846,50.089115]]]},"properties":{"id":24818786010,"ku":"Tlustovousy","p":"566","druh":"ostatní plocha","vyuziti":"zeleň","vymera":18,"lv":null}},{"type":"Feature","geometry":{"type":"Polygon","coordinates":[[[14.759872,50.089394],[14.760334,50.08935],[14.76029,50.089163],[14.759966,50.089196],[14.759853,50.08919],[14.759872,50.089394]]]},"properties":{"id":24818787010,"ku":"Tlustovousy","p":"39/6","druh":"ovocný sad","vyuziti":null,"vymera":685,"lv":null}},{"type":"Feature","geometry":{"type":"Polygon","coordinates":[[[14.760334,50.08935],[14.760838,50.089302],[14.760788,50.089039],[14.76039,50.08908],[14.760369,50.089155],[14.76029,50.089163],[14.760334,50.08935]]]},"properties":{"id":24818788010,"ku":"Tlustovousy","p":"39/7","druh":"ovocný sad","vyuziti":null,"vymera":1025,"lv":null}},{"type":"Feature","geometry":{"type":"Polygon","coordinates":[[[14.760275,50.089092],[14.760788,50.089039],[14.760722,50.088701],[14.760396,50.088669],[14.760275,50.089092]]]},"properties":{"id":24818789010,"ku":"Tlustovousy","p":"39/8","druh":"ovocný sad","vyuziti":null,"vymera":1265,"lv":null}},{"type":"Feature","geometry":{"type":"Polygon","coordinates":[[[14.760071,50.088638],[14.759907,50.089048],[14.759806,50.089038],[14.759803,50.08905],[14.759841,50.089054],[14.759846,50.089115],[14.759966,50.089124],[14.760275,50.089092],[14.760396,50.088669],[14.760071,50.088638]]]},"properties":{"id":24818790010,"ku":"Tlustovousy","p":"39/9","druh":"ovocný sad","vyuziti":null,"vymera":1350,"lv":null}},{"type":"Feature","geometry":{"type":"Polygon","coordinates":[[[14.757386,50.093925],[14.757349,50.094018],[14.757522,50.094046],[14.75751,50.094078],[14.757567,50.094087],[14.757599,50.094007],[14.757549,50.093999],[14.757566,50.093955],[14.757386,50.093925]]]},"properties":{"id":62457033010,"ku":"Tlustovousy","p":"st. 180","druh":"zastavěná plocha a nádvoří","vyuziti":null,"vymera":178,"lv":null}},{"type":"Feature","geometry":{"type":"Polygon","coordinates":[[[14.758483,50.089254],[14.758514,50.089289],[14.758731,50.089327],[14.75874,50.089298],[14.758483,50.089254]]]},"properties":{"id":68226349010,"ku":"Tlustovousy","p":"567/2","druh":"zahrada","vyuziti":null,"vymera":57,"lv":null}},{"type":"Feature","geometry":{"type":"Polygon","coordinates":[[[14.758576,50.089431],[14.758631,50.089428],[14.758652,50.089359],[14.758719,50.089364],[14.758731,50.089327],[14.758514,50.089289],[14.758483,50.089254],[14.75851,50.089184],[14.758113,50.089148],[14.758064,50.089344],[14.758447,50.089355],[14.758441,50.089418],[14.75806,50.089407],[14.758059,50.089416],[14.758576,50.089431]]]},"properties":{"id":68226348010,"ku":"Tlustovousy","p":"567/1","druh":"zahrada","vyuziti":null,"vymera":846,"lv":null}},{"type":"Feature","geometry":{"type":"Polygon","coordinates":[[[14.759179,50.093648],[14.75917,50.093644],[14.759192,50.093668],[14.759179,50.093648]]]},"properties":{"id":94392836010,"ku":"Tlustovousy","p":"204/12","druh":"ostatní plocha","vyuziti":"ostatní komunikace","vymera":1,"lv":null}},{"type":"Feature","geometry":{"type":"Polygon","coordinates":[[[14.759156,50.091024],[14.759116,50.09093],[14.759111,50.090957],[14.759146,50.091039],[14.759156,50.091024]]]},"properties":{"id":90369901010,"ku":"Tlustovousy","p":"263/14","druh":"ostatní plocha","vyuziti":"silnice","vymera":12,"lv":null}},{"type":"Feature","geometry":{"type":"Polygon","coordinates":[[[14.758903,50.090739],[14.75892,50.090777],[14.75902,50.090999],[14.759031,50.090981],[14.758991,50.090886],[14.758957,50.090842],[14.758918,50.090737],[14.758903,50.090739]]]},"properties":{"id":90369902010,"ku":"Tlustovousy","p":"263/15","druh":"ostatní plocha","vyuziti":"silnice","vymera":32,"lv":null}},{"type":"Feature","geometry":{"type":"Polygon","coordinates":[[[14.758481,50.091479],[14.758534,50.091498],[14.75861,50.09156],[14.758618,50.091555],[14.758549,50.091488],[14.75851,50.091478],[14.758481,50.091479]]]},"properties":{"id":90369903010,"ku":"Tlustovousy","p":"263/16","druh":"ostatní plocha","vyuziti":"silnice","vymera":17,"lv":null}},{"type":"Feature","geometry":{"type":"Polygon","coordinates":[[[14.758649,50.091592],[14.758799,50.091714],[14.758804,50.091707],[14.758671,50.091588],[14.758649,50.091592]]]},"properties":{"id":90369904010,"ku":"Tlustovousy","p":"263/17","druh":"ostatní plocha","vyuziti":"silnice","vymera":19,"lv":null}},{"type":"Feature","geometry":{"type":"Polygon","coordinates":[[[14.755533,50.089235],[14.755537,50.089215],[14.755554,50.089106],[14.755552,50.089106],[14.755533,50.089235]]]},"properties":{"id":92139742010,"ku":"Tlustovousy","p":"577","druh":"ostatní plocha","vyuziti":"jiná plocha","vymera":3,"lv":null}},{"type":"Feature","geometry":{"type":"Polygon","coordinates":[[[14.760519,50.095278],[14.760746,50.095507],[14.761077,50.095385],[14.760861,50.095149],[14.760519,50.095278]],[[14.760689,50.095351],[14.760623,50.095281],[14.760753,50.095231],[14.760819,50.095301],[14.760689,50.095351]]]},"properties":{"id":52626471010,"ku":"Tlustovousy","p":"59/16","druh":"trvalý travní porost","vyuziti":null,"vymera":747,"lv":null}},{"type":"Feature","geometry":{"type":"Polygon","coordinates":[[[14.760641,50.095401],[14.760593,50.09542],[14.760559,50.095423],[14.760485,50.09541],[14.760506,50.09544],[14.760513,50.095607],[14.760543,50.095587],[14.760623,50.095491],[14.760684,50.095445],[14.760641,50.095401]]]},"properties":{"id":52626472010,"ku":"Tlustovousy","p":"59/17","druh":"trvalý travní porost","vyuziti":null,"vymera":148,"lv":null}},{"type":"Feature","geometry":{"type":"Polygon","coordinates":[[[14.760689,50.095351],[14.760819,50.095301],[14.760753,50.095231],[14.760623,50.095281],[14.760689,50.095351]]]},"properties":{"id":52626473010,"ku":"Tlustovousy","p":"st. 175","druh":"zastavěná plocha a nádvoří","vyuziti":null,"vymera":98,"lv":null}},{"type":"Feature","geometry":{"type":"Polygon","coordinates":[[[14.760506,50.09544],[14.760485,50.09541],[14.760419,50.0954],[14.760513,50.09553],[14.760506,50.09544]]]},"properties":{"id":52626474010,"ku":"Tlustovousy","p":"289/4","druh":"ostatní plocha","vyuziti":"manipulační plocha","vymera":37,"lv":null}},{"type":"Feature","geometry":{"type":"Polygon","coordinates":[[[14.758534,50.091498],[14.758605,50.091563],[14.75861,50.09156],[14.758534,50.091498]]]},"properties":{"id":90369894010,"ku":"Tlustovousy","p":"262/21","druh":"ostatní plocha","vyuziti":"ostatní komunikace","vymera":2,"lv":null}},{"type":"Feature","geometry":{"type":"Polygon","coordinates":[[[14.758649,50.091592],[14.758642,50.091595],[14.758779,50.091717],[14.758795,50.091718],[14.758649,50.091592]]]},"properties":{"id":90369895010,"ku":"Tlustovousy","p":"262/22","druh":"ostatní plocha","vyuziti":"ostatní komunikace","vymera":17,"lv":null}},{"type":"Feature","geometry":{"type":"Polygon","coordinates":[[[14.75892,50.090777],[14.758903,50.090778],[14.758922,50.090849],[14.758935,50.090847],[14.75897,50.090891],[14.759016,50.091001],[14.75902,50.090999],[14.75892,50.090777]]]},"properties":{"id":90369896010,"ku":"Tlustovousy","p":"262/17","druh":"ostatní plocha","vyuziti":"ostatní komunikace","vymera":19,"lv":null}},{"type":"Feature","geometry":{"type":"Polygon","coordinates":[[[14.75902,50.090999],[14.758948,50.091025],[14.758797,50.091036],[14.75863,50.09103],[14.758619,50.090995],[14.758548,50.090978],[14.758405,50.090981],[14.758396,50.091007],[14.758192,50.09099],[14.758229,50.091046],[14.75828,50.091035],[14.758517,50.091049],[14.75864,50.091068],[14.758793,50.091074],[14.759047,50.091057],[14.75902,50.090999]]]},"properties":{"id":90369897010,"ku":"Tlustovousy","p":"262/18","druh":"ostatní plocha","vyuziti":"ostatní komunikace","vymera":311,"lv":null}},{"type":"Feature","geometry":{"type":"Polygon","coordinates":[[[14.759047,50.091057],[14.758793,50.091074],[14.75864,50.091068],[14.758517,50.091049],[14.75828,50.091035],[14.758253,50.091054],[14.758285,50.091102],[14.758298,50.091099],[14.758291,50.091087],[14.758372,50.09108],[14.758432,50.091089],[14.758609,50.091094],[14.75885,50.091086],[14.759054,50.091072],[14.759047,50.091057]]]},"properties":{"id":90369898010,"ku":"Tlustovousy","p":"262/19","druh":"ostatní plocha","vyuziti":"zeleň","vymera":177,"lv":null}},{"type":"Feature","geometry":{"type":"Polygon","coordinates":[[[14.758453,50.091351],[14.758298,50.091099],[14.758285,50.091102],[14.758253,50.091054],[14.75828,50.091035],[14.758241,50.091039],[14.758229,50.091046],[14.758436,50.091355],[14.758483,50.091388],[14.758526,50.091404],[14.758533,50.091397],[14.758453,50.091351]]]},"properties":{"id":90369899010,"ku":"Tlustovousy","p":"262/20","druh":"ostatní plocha","vyuziti":"ostatní komunikace","vymera":75,"lv":null}},{"type":"Feature","geometry":{"type":"Polygon","coordinates":[[[14.75892,50.090777],[14.758903,50.090739],[14.75889,50.090741],[14.758903,50.090778],[14.75892,50.090777]]]},"properties":{"id":90369900010,"ku":"Tlustovousy","p":"263/18","druh":"ostatní plocha","vyuziti":"ostatní komunikace","vymera":5,"lv":null}},{"type":"Feature","geometry":{"type":"Polygon","coordinates":[[[14.759258,50.092768],[14.759289,50.092631],[14.758971,50.092591],[14.758979,50.092671],[14.759012,50.092784],[14.759278,50.092816],[14.759293,50.092773],[14.759258,50.092768]]]},"properties":{"id":92016970010,"ku":"Tlustovousy","p":"576","druh":"ostatní plocha","vyuziti":"jiná plocha","vymera":428,"lv":null}},{"type":"Feature","geometry":{"type":"Polygon","coordinates":[[[14.757328,50.090711],[14.757344,50.090632],[14.757278,50.090626],[14.757285,50.090593],[14.757163,50.090583],[14.757156,50.090616],[14.757085,50.09061],[14.757068,50.090688],[14.757328,50.090711]]]},"properties":{"id":88234931010,"ku":"Tlustovousy","p":"st. 204","druh":"zastavěná plocha a nádvoří","vyuziti":null,"vymera":198,"lv":null}},{"type":"Feature","geometry":{"type":"Polygon","coordinates":[[[14.754362,50.091323],[14.754579,50.091364],[14.754664,50.091161],[14.754624,50.091154],[14.754667,50.091055],[14.754489,50.091021],[14.754362,50.091323]]]},"properties":{"id":86842325010,"ku":"Tlustovousy","p":"575","druh":"ostatní plocha","vyuziti":"jiná plocha","vymera":530,"lv":null}},{"type":"Feature","geometry":{"type":"Polygon","coordinates":[[[14.757335,50.093618],[14.757175,50.093591],[14.757155,50.093642],[14.757125,50.093637],[14.757092,50.093719],[14.757158,50.09373],[14.757169,50.093703],[14.757292,50.093724],[14.757335,50.093618]]]},"properties":{"id":80422149010,"ku":"Tlustovousy","p":"st. 192","druh":"zastavěná plocha a nádvoří","vyuziti":null,"vymera":172,"lv":null}},{"type":"Feature","geometry":{"type":"Polygon","coordinates":[[[14.760307,50.096054],[14.760216,50.096003],[14.760093,50.096095],[14.760184,50.096146],[14.760307,50.096054]]]},"properties":{"id":87513848010,"ku":"Tlustovousy","p":"st. 201","druh":"zastavěná plocha a nádvoří","vyuziti":null,"vymera":116,"lv":null}},{"type":"Feature","geometry":{"type":"Polygon","coordinates":[[[14.761175,50.090061],[14.76114,50.090213],[14.761344,50.090105],[14.761454,50.090035],[14.761442,50.089795],[14.761269,50.089866],[14.76119,50.089888],[14.761107,50.0899],[14.760867,50.08988],[14.760272,50.089803],[14.760094,50.089795],[14.759979,50.089828],[14.759897,50.089866],[14.759844,50.089907],[14.75968,50.090087],[14.759566,50.090166],[14.759618,50.090196],[14.75994,50.090232],[14.759861,50.090032],[14.759895,50.089935],[14.760004,50.089845],[14.760138,50.089806],[14.761063,50.089933],[14.761175,50.090061]]]},"properties":{"id":1536627204,"ku":"Tlustovousy","p":"47/1","druh":"ostatní plocha","vyuziti":"zeleň","vymera":1410,"lv":null}},{"type":"Feature","geometry":{"type":"Polygon","coordinates":[[[14.757255,50.091504],[14.757475,50.091532],[14.757518,50.091531],[14.757519,50.091521],[14.757255,50.091504]]]},"properties":{"id":1536905204,"ku":"Tlustovousy","p":"279/9","druh":"zahrada","vyuziti":null,"vymera":16,"lv":null}},{"type":"Feature","geometry":{"type":"Polygon","coordinates":[[[14.755958,50.089264],[14.755968,50.089207],[14.755908,50.089203],[14.755899,50.08926],[14.755958,50.089264]]]},"properties":{"id":78862468010,"ku":"Tlustovousy","p":"st. 189","druh":"zastavěná plocha a nádvoří","vyuziti":null,"vymera":27,"lv":null}},{"type":"Feature","geometry":{"type":"Polygon","coordinates":[[[14.762504,50.09095],[14.762572,50.09108],[14.762684,50.091232],[14.765251,50.09172],[14.765563,50.091531],[14.762504,50.09095]]]},"properties":{"id":81854401010,"ku":"Tlustovousy","p":"489/2","druh":"orná půda","vyuziti":null,"vymera":5579,"lv":null}},{"type":"Feature","geometry":{"type":"Polygon","coordinates":[[[14.762684,50.091232],[14.76275,50.091319],[14.762902,50.091449],[14.763105,50.091576],[14.763374,50.091724],[14.764114,50.092053],[14.76441,50.09216],[14.764552,50.092045],[14.764827,50.09194],[14.765251,50.09172],[14.762684,50.091232]]]},"properties":{"id":81854400010,"ku":"Tlustovousy","p":"489/1","druh":"orná půda","vyuziti":null,"vymera":7169,"lv":null}},{"type":"Feature","geometry":{"type":"Polygon","coordinates":[[[14.754321,50.09008],[14.754347,50.090083],[14.754356,50.090057],[14.754329,50.090053],[14.754321,50.09008]]]},"properties":{"id":28272787010,"ku":"Tlustovousy","p":"st. 162","druh":"zastavěná plocha a nádvoří","vyuziti":null,"vymera":6,"lv":null}},{"type":"Feature","geometry":{"type":"Polygon","coordinates":[[[14.757827,50.090806],[14.757831,50.090783],[14.7578,50.090781],[14.757796,50.090803],[14.757827,50.090806]]]},"properties":{"id":28376168010,"ku":"Tlustovousy","p":"st. 161","druh":"zastavěná plocha a nádvoří","vyuziti":null,"vymera":6,"lv":null}},{"type":"Feature","geometry":{"type":"Polygon","coordinates":[[[14.75353,50.090495],[14.753074,50.090422],[14.753006,50.090654],[14.753456,50.090738],[14.75353,50.090495]],[[14.75336,50.090593],[14.753463,50.090606],[14.753429,50.090713],[14.753216,50.090685],[14.753234,50.090632],[14.753302,50.090641],[14.753307,50.090624],[14.753348,50.090629],[14.75336,50.090593]]]},"properties":{"id":2080321204,"ku":"Tlustovousy","p":"388/3","druh":"orná půda","vyuziti":null,"vymera":757,"lv":null}},{"type":"Feature","geometry":{"type":"Polygon","coordinates":[[[14.753456,50.090738],[14.753006,50.090654],[14.752998,50.090683],[14.753449,50.090762],[14.753456,50.090738]]]},"properties":{"id":2080317204,"ku":"Tlustovousy","p":"90/34","druh":"orná půda","vyuziti":null,"vymera":100,"lv":null}},{"type":"Feature","geometry":{"type":"Polygon","coordinates":[[[14.759102,50.089119],[14.759008,50.089104],[14.75889,50.089182],[14.758869,50.089234],[14.759048,50.089264],[14.759102,50.089119]]]},"properties":{"id":1536488204,"ku":"Tlustovousy","p":"st. 27/3","druh":"zastavěná plocha a nádvoří","vyuziti":null,"vymera":184,"lv":null}},{"type":"Feature","geometry":{"type":"Polygon","coordinates":[[[14.768913,50.077435],[14.768912,50.07745],[14.769029,50.077455],[14.768986,50.077427],[14.768984,50.077262],[14.768928,50.077259],[14.76893,50.077424],[14.768913,50.077435]]]},"properties":{"id":96350426010,"ku":"Tuklaty","p":"437/195","druh":"orná půda","vyuziti":null,"vymera":93,"lv":null}},{"type":"Feature","geometry":{"type":"Polygon","coordinates":[[[14.768912,50.07745],[14.768913,50.077435],[14.768889,50.077449],[14.768912,50.07745]]]},"properties":{"id":96350427010,"ku":"Tuklaty","p":"437/196","druh":"orná půda","vyuziti":null,"vymera":1,"lv":null}},{"type":"Feature","geometry":{"type":"Polygon","coordinates":[[[14.767985,50.077091],[14.76783,50.077081],[14.767828,50.0774],[14.767983,50.077407],[14.767985,50.077091]]]},"properties":{"id":96350430010,"ku":"Tuklaty","p":"437/190","druh":"orná půda","vyuziti":null,"vymera":391,"lv":null}},{"type":"Feature","geometry":{"type":"Polygon","coordinates":[[[14.768294,50.07711],[14.768139,50.0771],[14.768138,50.077414],[14.768293,50.077421],[14.768294,50.07711]]]},"properties":{"id":96350431010,"ku":"Tuklaty","p":"437/191","druh":"orná půda","vyuziti":null,"vymera":386,"lv":null}},{"type":"Feature","geometry":{"type":"Polygon","coordinates":[[[14.768604,50.077128],[14.768449,50.077119],[14.768447,50.077428],[14.768602,50.077436],[14.768604,50.077128]]]},"properties":{"id":96350432010,"ku":"Tuklaty","p":"437/192","druh":"orná půda","vyuziti":null,"vymera":380,"lv":null}},{"type":"Feature","geometry":{"type":"Polygon","coordinates":[[[14.769171,50.077462],[14.769205,50.077165],[14.768914,50.077147],[14.768913,50.077435],[14.76893,50.077424],[14.768928,50.077259],[14.768984,50.077262],[14.768986,50.077427],[14.769029,50.077455],[14.769171,50.077462]]]},"properties":{"id":96350433010,"ku":"Tuklaty","p":"437/194","druh":"orná půda","vyuziti":null,"vymera":565,"lv":null}},{"type":"Feature","geometry":{"type":"Polygon","coordinates":[[[14.768148,50.082162],[14.768133,50.082077],[14.767956,50.08209],[14.767971,50.082175],[14.768148,50.082162]]]},"properties":{"id":90573140010,"ku":"Tuklaty","p":"st. 419","druh":"zastavěná plocha a nádvoří","vyuziti":null,"vymera":121,"lv":null}},{"type":"Feature","geometry":{"type":"Polygon","coordinates":[[[14.760971,50.07299],[14.76105,50.072688],[14.761102,50.072532],[14.75995,50.07238],[14.759854,50.072382],[14.759731,50.072817],[14.7599,50.072836],[14.760971,50.07299]],[[14.760698,50.072708],[14.760815,50.072705],[14.760841,50.07272],[14.760849,50.072847],[14.760706,50.072851],[14.760698,50.072708]]]},"properties":{"id":1535514204,"ku":"Tuklaty","p":"547/11","druh":"orná půda","vyuziti":null,"vymera":4475,"lv":null}},{"type":"Feature","geometry":{"type":"Polygon","coordinates":[[[14.760706,50.072851],[14.760849,50.072847],[14.760841,50.07272],[14.760815,50.072705],[14.760698,50.072708],[14.760706,50.072851]]]},"properties":{"id":23574663010,"ku":"Tuklaty","p":"st. 364","druh":"zastavěná plocha a nádvoří","vyuziti":null,"vymera":161,"lv":null}},{"type":"Feature","geometry":{"type":"Polygon","coordinates":[[[14.769717,50.082911],[14.769719,50.082884],[14.769897,50.082505],[14.769961,50.082505],[14.769919,50.082396],[14.769735,50.082118],[14.769643,50.081938],[14.769582,50.081759],[14.769468,50.081551],[14.769288,50.081374],[14.76906,50.081175],[14.76858,50.080911],[14.768604,50.08117],[14.768914,50.081408],[14.76938,50.081979],[14.76939,50.082508],[14.769104,50.082944],[14.769717,50.082911]]]},"properties":{"id":1535286204,"ku":"Tuklaty","p":"62/1","druh":"trvalý travní porost","vyuziti":null,"vymera":6653,"lv":null}},{"type":"Feature","geometry":{"type":"Polygon","coordinates":[[[14.767048,50.082283],[14.767128,50.082495],[14.767726,50.082453],[14.767691,50.082239],[14.767048,50.082283]],[[14.767202,50.082457],[14.767163,50.082353],[14.767227,50.082349],[14.767229,50.082366],[14.767457,50.08235],[14.767472,50.082437],[14.767202,50.082457]]]},"properties":{"id":2113232204,"ku":"Tuklaty","p":"62/56","druh":"orná půda","vyuziti":null,"vymera":867,"lv":null}},{"type":"Feature","geometry":{"type":"Polygon","coordinates":[[[14.77722,50.095094],[14.778111,50.095325],[14.778046,50.095222],[14.778148,50.094927],[14.777755,50.094766],[14.777437,50.094686],[14.777414,50.094693],[14.777361,50.094852],[14.77722,50.095094]]]},"properties":{"id":2251400204,"ku":"Tuklaty","p":"987","druh":"ostatní plocha","vyuziti":"neplodná půda","vymera":2761,"lv":null}},{"type":"Feature","geometry":{"type":"Polygon","coordinates":[[[14.777322,50.092222],[14.777739,50.090932],[14.777511,50.090885],[14.777091,50.092185],[14.777322,50.092222]]]},"properties":{"id":2251414204,"ku":"Tuklaty","p":"1001","druh":"orná půda","vyuziti":null,"vymera":2501,"lv":null}},{"type":"Feature","geometry":{"type":"Polygon","coordinates":[[[14.75907,50.079997],[14.760408,50.080086],[14.76041,50.07985],[14.759086,50.079762],[14.75907,50.079997]]]},"properties":{"id":2251653204,"ku":"Tuklaty","p":"1240","druh":"orná půda","vyuziti":null,"vymera":2501,"lv":null}},{"type":"Feature","geometry":{"type":"Polygon","coordinates":[[[14.742596,50.072858],[14.742503,50.072803],[14.742495,50.072749],[14.74257,50.072684],[14.742789,50.072623],[14.743966,50.072602],[14.74462,50.072579],[14.745105,50.072586],[14.7457,50.07257],[14.746976,50.072557],[14.746583,50.07247],[14.745588,50.072437],[14.744547,50.072442],[14.744353,50.07239],[14.744133,50.072383],[14.743825,50.07235],[14.743814,50.072421],[14.742938,50.072391],[14.742703,50.072411],[14.742521,50.072436],[14.742359,50.072499],[14.742235,50.072595],[14.741948,50.072771],[14.74211,50.072777],[14.742266,50.072826],[14.742493,50.072859],[14.742596,50.072858]]]},"properties":{"id":2251589204,"ku":"Tuklaty","p":"1176","druh":"ostatní plocha","vyuziti":"silnice","vymera":6691,"lv":null}},{"type":"Feature","geometry":{"type":"Polygon","coordinates":[[[14.750307,50.073063],[14.750098,50.073151],[14.749987,50.07445],[14.750696,50.07467],[14.751102,50.074759],[14.75124,50.072829],[14.750998,50.072942],[14.750838,50.072991],[14.750719,50.073014],[14.750307,50.073063]]]},"properties":{"id":2251553204,"ku":"Tuklaty","p":"1140","druh":"orná půda","vyuziti":null,"vymera":14460,"lv":null}},{"type":"Feature","geometry":{"type":"Polygon","coordinates":[[[14.75294,50.071867],[14.752567,50.071791],[14.752541,50.071854],[14.752279,50.0718],[14.752308,50.072355],[14.752965,50.072345],[14.75294,50.071867]]]},"properties":{"id":2251556204,"ku":"Tuklaty","p":"1143","druh":"ostatní plocha","vyuziti":"jiná plocha","vymera":2734,"lv":null}},{"type":"Feature","geometry":{"type":"Polygon","coordinates":[[[14.750315,50.072166],[14.748938,50.072159],[14.748855,50.07238],[14.750232,50.072389],[14.750315,50.072166]]]},"properties":{"id":2251562204,"ku":"Tuklaty","p":"1149","druh":"ostatní plocha","vyuziti":"jiná plocha","vymera":2469,"lv":null}},{"type":"Feature","geometry":{"type":"Polygon","coordinates":[[[14.749096,50.072697],[14.749049,50.072684],[14.748698,50.072674],[14.748582,50.074305],[14.749973,50.074611],[14.750098,50.073151],[14.749971,50.073302],[14.749439,50.073119],[14.749531,50.072932],[14.749372,50.072862],[14.749243,50.072792],[14.749096,50.072697]]]},"properties":{"id":2251566204,"ku":"Tuklaty","p":"1153","druh":"orná půda","vyuziti":null,"vymera":17089,"lv":null}},{"type":"Feature","geometry":{"type":"Polygon","coordinates":[[[14.763568,50.083719],[14.763565,50.083683],[14.761846,50.08372],[14.761916,50.083755],[14.763568,50.083719]]]},"properties":{"id":2251669204,"ku":"Tuklaty","p":"1256","druh":"ostatní plocha","vyuziti":"ostatní komunikace","vymera":483,"lv":null}},{"type":"Feature","geometry":{"type":"Polygon","coordinates":[[[14.762088,50.085403],[14.762411,50.085815],[14.764767,50.085671],[14.764806,50.085275],[14.762088,50.085403]]]},"properties":{"id":2251674204,"ku":"Tuklaty","p":"1261","druh":"orná půda","vyuziti":null,"vymera":8325,"lv":null}},{"type":"Feature","geometry":{"type":"Polygon","coordinates":[[[14.769818,50.08279],[14.769839,50.082793],[14.769964,50.082587],[14.76995,50.082584],[14.769818,50.08279]]]},"properties":{"id":1535262204,"ku":"Tuklaty","p":"51/1","druh":"trvalý travní porost","vyuziti":null,"vymera":31,"lv":null}},{"type":"Feature","geometry":{"type":"Polygon","coordinates":[[[14.76743,50.082961],[14.767433,50.083007],[14.767532,50.083005],[14.767525,50.082976],[14.767242,50.082839],[14.767232,50.08284],[14.767265,50.082924],[14.767164,50.082939],[14.767159,50.082928],[14.766663,50.082954],[14.766697,50.082983],[14.76743,50.082961]]]},"properties":{"id":2113219204,"ku":"Tuklaty","p":"62/45","druh":"orná půda","vyuziti":null,"vymera":316,"lv":null}},{"type":"Feature","geometry":{"type":"Polygon","coordinates":[[[14.767543,50.081448],[14.768126,50.081202],[14.767793,50.081058],[14.767375,50.081239],[14.767543,50.081448]],[[14.767544,50.081314],[14.767667,50.081262],[14.767636,50.081232],[14.767737,50.081189],[14.767837,50.081286],[14.767613,50.081381],[14.767544,50.081314]]]},"properties":{"id":2113197204,"ku":"Tuklaty","p":"62/18","druh":"orná půda","vyuziti":null,"vymera":919,"lv":null}},{"type":"Feature","geometry":{"type":"Polygon","coordinates":[[[14.770189,50.085536],[14.770159,50.085613],[14.770418,50.085654],[14.77045,50.085576],[14.770189,50.085536]]]},"properties":{"id":1535229204,"ku":"Tuklaty","p":"30/6","druh":"zahrada","vyuziti":null,"vymera":171,"lv":null}},{"type":"Feature","geometry":{"type":"Polygon","coordinates":[[[14.769328,50.083743],[14.769298,50.083739],[14.769179,50.083982],[14.769078,50.084134],[14.769191,50.08399],[14.769328,50.083743]]]},"properties":{"id":1535254204,"ku":"Tuklaty","p":"37/7","druh":"zahrada","vyuziti":null,"vymera":61,"lv":null}},{"type":"Feature","geometry":{"type":"Polygon","coordinates":[[[14.768262,50.084848],[14.768133,50.084964],[14.768196,50.084995],[14.768466,50.084777],[14.768911,50.084923],[14.768916,50.084669],[14.768998,50.084417],[14.769111,50.08414],[14.769,50.084121],[14.768723,50.084292],[14.768533,50.084539],[14.768508,50.084727],[14.768327,50.084758],[14.768262,50.084848]]]},"properties":{"id":1535255204,"ku":"Tuklaty","p":"38/1","druh":"vodní plocha","vyuziti":"koryto vodního toku přirozené nebo upravené","vymera":2309,"lv":null}},{"type":"Feature","geometry":{"type":"Polygon","coordinates":[[[14.766509,50.083229],[14.766613,50.08319],[14.766513,50.082989],[14.766366,50.083023],[14.766509,50.083229]]]},"properties":{"id":1535259204,"ku":"Tuklaty","p":"46","druh":"zahrada","vyuziti":null,"vymera":243,"lv":null}},{"type":"Feature","geometry":{"type":"Polygon","coordinates":[[[14.76759,50.083825],[14.767596,50.083792],[14.767683,50.083795],[14.767637,50.08367],[14.767496,50.083684],[14.767165,50.083763],[14.767236,50.083828],[14.76739,50.083804],[14.76759,50.083825]]]},"properties":{"id":1535260204,"ku":"Tuklaty","p":"47/2","druh":"ostatní plocha","vyuziti":"jiná plocha","vymera":402,"lv":null}},{"type":"Feature","geometry":{"type":"Polygon","coordinates":[[[14.770282,50.082638],[14.769964,50.082587],[14.769839,50.082793],[14.77021,50.082853],[14.770282,50.082638]]]},"properties":{"id":1535264204,"ku":"Tuklaty","p":"52/1","druh":"zahrada","vyuziti":null,"vymera":621,"lv":null}},{"type":"Feature","geometry":{"type":"Polygon","coordinates":[[[14.769818,50.08279],[14.76975,50.082921],[14.769773,50.082994],[14.770232,50.083068],[14.77031,50.082869],[14.769818,50.08279]]]},"properties":{"id":1535265204,"ku":"Tuklaty","p":"52/2","druh":"zahrada","vyuziti":null,"vymera":830,"lv":null}},{"type":"Feature","geometry":{"type":"Polygon","coordinates":[[[14.770494,50.081849],[14.769855,50.08175],[14.77011,50.081973],[14.770349,50.08201],[14.770378,50.081933],[14.770441,50.081943],[14.770446,50.081928],[14.770471,50.081932],[14.770494,50.081849]],[[14.770311,50.081877],[14.770328,50.081829],[14.770421,50.081842],[14.770405,50.08189],[14.770311,50.081877]]]},"properties":{"id":1535271204,"ku":"Tuklaty","p":"54/5","druh":"zahrada","vyuziti":null,"vymera":613,"lv":null}},{"type":"Feature","geometry":{"type":"Polygon","coordinates":[[[14.770513,50.080766],[14.770477,50.080955],[14.770741,50.080998],[14.77077,50.080924],[14.770808,50.08093],[14.770822,50.080882],[14.771051,50.080909],[14.771113,50.080752],[14.770513,50.080766]]]},"properties":{"id":1535275204,"ku":"Tuklaty","p":"54/9","druh":"zahrada","vyuziti":null,"vymera":829,"lv":null}},{"type":"Feature","geometry":{"type":"Polygon","coordinates":[[[14.769997,50.080495],[14.770004,50.080542],[14.770031,50.080541],[14.770041,50.080611],[14.769929,50.080623],[14.769897,50.080625],[14.769894,50.080598],[14.769865,50.080599],[14.769862,50.080581],[14.769799,50.080587],[14.769787,50.080507],[14.769695,50.080513],[14.769725,50.080736],[14.770112,50.080714],[14.770093,50.08049],[14.769997,50.080495]]]},"properties":{"id":1535283204,"ku":"Tuklaty","p":"59/3","druh":"zahrada","vyuziti":null,"vymera":513,"lv":null}},{"type":"Feature","geometry":{"type":"Polygon","coordinates":[[[14.76613,50.082042],[14.765689,50.082179],[14.765827,50.08235],[14.765925,50.082218],[14.766074,50.082171],[14.76611,50.082219],[14.766051,50.082238],[14.766143,50.082378],[14.766254,50.082354],[14.76613,50.082042]]]},"properties":{"id":1535294204,"ku":"Tuklaty","p":"65/2","druh":"zahrada","vyuziti":null,"vymera":663,"lv":null}},{"type":"Feature","geometry":{"type":"Polygon","coordinates":[[[14.76574,50.08275],[14.765057,50.082972],[14.765062,50.082999],[14.765809,50.082912],[14.765787,50.082874],[14.765727,50.08282],[14.765685,50.082835],[14.765646,50.082787],[14.765744,50.082755],[14.76574,50.08275]]]},"properties":{"id":1535298204,"ku":"Tuklaty","p":"67/2","druh":"zahrada","vyuziti":null,"vymera":532,"lv":null}},{"type":"Feature","geometry":{"type":"Polygon","coordinates":[[[14.766039,50.08309],[14.765919,50.082954],[14.765885,50.082895],[14.76585,50.082908],[14.765627,50.082933],[14.765661,50.08305],[14.765788,50.083036],[14.766039,50.08309]]]},"properties":{"id":1535302204,"ku":"Tuklaty","p":"68/2","druh":"zahrada","vyuziti":null,"vymera":337,"lv":null}},{"type":"Feature","geometry":{"type":"Polygon","coordinates":[[[14.764767,50.085671],[14.76488,50.086129],[14.765421,50.08607],[14.765663,50.086023],[14.765598,50.085841],[14.765548,50.085628],[14.764767,50.085671]]]},"properties":{"id":1535316204,"ku":"Tuklaty","p":"119/1","druh":"zahrada","vyuziti":null,"vymera":2741,"lv":null}},{"type":"Feature","geometry":{"type":"Polygon","coordinates":[[[14.766525,50.087655],[14.766372,50.087527],[14.766207,50.087586],[14.766435,50.087742],[14.766447,50.08771],[14.766525,50.087655]]]},"properties":{"id":1535327204,"ku":"Tuklaty","p":"127/4","druh":"trvalý travní porost","vyuziti":null,"vymera":251,"lv":null}},{"type":"Feature","geometry":{"type":"Polygon","coordinates":[[[14.766529,50.087469],[14.766454,50.087496],[14.766633,50.087626],[14.766592,50.087649],[14.766552,50.08762],[14.766514,50.08764],[14.766525,50.087655],[14.766447,50.08771],[14.766442,50.087736],[14.766739,50.087899],[14.766992,50.087731],[14.76692,50.087691],[14.766837,50.087746],[14.766684,50.087653],[14.766768,50.087596],[14.766529,50.087469]]]},"properties":{"id":1535339204,"ku":"Tuklaty","p":"147/4","druh":"trvalý travní porost","vyuziti":null,"vymera":760,"lv":null}},{"type":"Feature","geometry":{"type":"Polygon","coordinates":[[[14.770091,50.079831],[14.770057,50.079672],[14.769719,50.079852],[14.769979,50.079837],[14.770091,50.079831]]]},"properties":{"id":1535488204,"ku":"Tuklaty","p":"410/18","druh":"ostatní plocha","vyuziti":"ostatní komunikace","vymera":238,"lv":null}},{"type":"Feature","geometry":{"type":"Polygon","coordinates":[[[14.754974,50.079495],[14.755297,50.079715],[14.755379,50.079754],[14.755326,50.079683],[14.754978,50.079445],[14.754974,50.079495]]]},"properties":{"id":2251629204,"ku":"Tuklaty","p":"1216","druh":"ostatní plocha","vyuziti":"ostatní komunikace","vymera":155,"lv":null}},{"type":"Feature","geometry":{"type":"Polygon","coordinates":[[[14.760194,50.078755],[14.761071,50.078825],[14.761212,50.076799],[14.760333,50.076742],[14.760194,50.078755]]]},"properties":{"id":2251633204,"ku":"Tuklaty","p":"1220","druh":"orná půda","vyuziti":null,"vymera":14174,"lv":null}},{"type":"Feature","geometry":{"type":"Polygon","coordinates":[[[14.767373,50.076968],[14.766353,50.076915],[14.766352,50.076933],[14.7652,50.07689],[14.764376,50.076914],[14.762198,50.076769],[14.762299,50.076858],[14.763733,50.07694],[14.764128,50.076956],[14.764501,50.076956],[14.764901,50.076931],[14.765304,50.076919],[14.767372,50.077007],[14.767373,50.076968]]]},"properties":{"id":2251637204,"ku":"Tuklaty","p":"1224","druh":"ostatní plocha","vyuziti":"zeleň","vymera":2064,"lv":null}},{"type":"Feature","geometry":{"type":"Polygon","coordinates":[[[14.773285,50.07994],[14.77305,50.080397],[14.773216,50.080449],[14.773451,50.079992],[14.773285,50.07994]]]},"properties":{"id":2251463204,"ku":"Tuklaty","p":"1050","druh":"orná půda","vyuziti":null,"vymera":700,"lv":null}},{"type":"Feature","geometry":{"type":"Polygon","coordinates":[[[14.767349,50.097718],[14.767612,50.097268],[14.768099,50.096688],[14.768254,50.096459],[14.768133,50.096434],[14.767986,50.096653],[14.767474,50.097276],[14.767343,50.097501],[14.767196,50.097662],[14.767349,50.097718]]]},"properties":{"id":2251375204,"ku":"Tuklaty","p":"962","druh":"ostatní plocha","vyuziti":"ostatní komunikace","vymera":1385,"lv":null}},{"type":"Feature","geometry":{"type":"Polygon","coordinates":[[[14.764163,50.095842],[14.766455,50.096485],[14.767261,50.095451],[14.764979,50.09483],[14.764163,50.095842]]]},"properties":{"id":2251379204,"ku":"Tuklaty","p":"966","druh":"orná půda","vyuziti":null,"vymera":22709,"lv":null}},{"type":"Feature","geometry":{"type":"Polygon","coordinates":[[[14.765564,50.07645],[14.765552,50.073617],[14.762922,50.073636],[14.7629,50.073989],[14.763195,50.074029],[14.763168,50.074468],[14.763129,50.074827],[14.76315,50.075837],[14.763137,50.076288],[14.763219,50.076285],[14.764126,50.076324],[14.765564,50.07645]]]},"properties":{"id":2251514204,"ku":"Tuklaty","p":"1101","druh":"orná půda","vyuziti":null,"vymera":52971,"lv":null}},{"type":"Feature","geometry":{"type":"Polygon","coordinates":[[[14.758472,50.076258],[14.759059,50.076302],[14.759474,50.07632],[14.759684,50.07634],[14.760549,50.076366],[14.761201,50.076351],[14.761539,50.076369],[14.761831,50.076369],[14.762004,50.076343],[14.762,50.076298],[14.761539,50.076297],[14.76121,50.07628],[14.760545,50.076294],[14.759688,50.076268],[14.75949,50.076249],[14.759067,50.07623],[14.758475,50.076181],[14.758472,50.076258]]]},"properties":{"id":2251518204,"ku":"Tuklaty","p":"1105","druh":"orná půda","vyuziti":null,"vymera":2007,"lv":null}},{"type":"Feature","geometry":{"type":"Polygon","coordinates":[[[14.7626,50.072327],[14.762717,50.072328],[14.762794,50.072318],[14.762995,50.07231],[14.762996,50.072301],[14.762602,50.072311],[14.7626,50.072327]]]},"properties":{"id":2251520204,"ku":"Tuklaty","p":"1107","druh":"ostatní plocha","vyuziti":"jiná plocha","vymera":39,"lv":null}},{"type":"Feature","geometry":{"type":"Polygon","coordinates":[[[14.773635,50.080008],[14.772197,50.079565],[14.77216,50.079593],[14.773617,50.080043],[14.773635,50.080008]]]},"properties":{"id":2251466204,"ku":"Tuklaty","p":"1053","druh":"ostatní plocha","vyuziti":"ostatní komunikace","vymera":460,"lv":null}},{"type":"Feature","geometry":{"type":"Polygon","coordinates":[[[14.773187,50.079369],[14.772534,50.079168],[14.772478,50.079264],[14.772089,50.079578],[14.772011,50.079675],[14.771819,50.08003],[14.771647,50.080409],[14.771711,50.080429],[14.771923,50.08005],[14.772076,50.079692],[14.772147,50.079603],[14.77254,50.079286],[14.772578,50.079221],[14.773169,50.079403],[14.773187,50.079369]]]},"properties":{"id":2251470204,"ku":"Tuklaty","p":"1057","druh":"ostatní plocha","vyuziti":"ostatní komunikace","vymera":1077,"lv":null}},{"type":"Feature","geometry":{"type":"Polygon","coordinates":[[[14.770247,50.089732],[14.770259,50.089871],[14.770325,50.089834],[14.775893,50.090587],[14.777495,50.090937],[14.777511,50.090885],[14.775907,50.090543],[14.770319,50.089787],[14.770247,50.089732]]]},"properties":{"id":2251415204,"ku":"Tuklaty","p":"1002","druh":"ostatní plocha","vyuziti":"ostatní komunikace","vymera":2713,"lv":null}},{"type":"Feature","geometry":{"type":"Polygon","coordinates":[[[14.775674,50.085901],[14.773571,50.08564],[14.773325,50.086357],[14.773171,50.088532],[14.776211,50.088893],[14.776346,50.085979],[14.775674,50.085901]]]},"properties":{"id":2251419204,"ku":"Tuklaty","p":"1006","druh":"orná půda","vyuziti":null,"vymera":69596,"lv":null}},{"type":"Feature","geometry":{"type":"Polygon","coordinates":[[[14.767827,50.091797],[14.766228,50.091297],[14.766073,50.091392],[14.765538,50.091608],[14.767051,50.092062],[14.767667,50.092239],[14.767827,50.091797]]]},"properties":{"id":2251423204,"ku":"Tuklaty","p":"1010","druh":"orná půda","vyuziti":null,"vymera":7478,"lv":null}},{"type":"Feature","geometry":{"type":"Polygon","coordinates":[[[14.768244,50.090647],[14.767239,50.090333],[14.76677,50.090928],[14.76667,50.091026],[14.766228,50.091297],[14.767827,50.091797],[14.768244,50.090647]]]},"properties":{"id":2251424204,"ku":"Tuklaty","p":"1011","druh":"orná půda","vyuziti":null,"vymera":12599,"lv":null}},{"type":"Feature","geometry":{"type":"Polygon","coordinates":[[[14.772478,50.08065],[14.772782,50.080757],[14.772991,50.08038],[14.772946,50.080366],[14.772776,50.080673],[14.772478,50.08065]]]},"properties":{"id":2011759204,"ku":"Tuklaty","p":"342/4","druh":"orná půda","vyuziti":null,"vymera":241,"lv":null}},{"type":"Feature","geometry":{"type":"Polygon","coordinates":[[[14.768369,50.088294],[14.770051,50.088752],[14.770046,50.08856],[14.769953,50.088143],[14.769915,50.087741],[14.768765,50.087428],[14.768568,50.08772],[14.76845,50.08795],[14.768412,50.088059],[14.768369,50.088294]]]},"properties":{"id":2251428204,"ku":"Tuklaty","p":"1015","druh":"orná půda","vyuziti":null,"vymera":11303,"lv":null}},{"type":"Feature","geometry":{"type":"Polygon","coordinates":[[[14.774425,50.083642],[14.773724,50.08389],[14.773724,50.083909],[14.774452,50.083651],[14.77466,50.083558],[14.774649,50.083548],[14.774425,50.083642]]]},"properties":{"id":2251455204,"ku":"Tuklaty","p":"1042","druh":"ostatní plocha","vyuziti":"jiná plocha","vymera":136,"lv":null}},{"type":"Feature","geometry":{"type":"Polygon","coordinates":[[[14.759583,50.080984],[14.759789,50.081035],[14.759968,50.081095],[14.76007,50.081146],[14.760193,50.081233],[14.760393,50.081398],[14.760404,50.08037],[14.759629,50.080319],[14.759583,50.080984]]]},"properties":{"id":2251656204,"ku":"Tuklaty","p":"1243","druh":"orná půda","vyuziti":null,"vymera":5053,"lv":null}},{"type":"Feature","geometry":{"type":"Polygon","coordinates":[[[14.759187,50.081814],[14.759165,50.081996],[14.759554,50.082203],[14.759957,50.082399],[14.760079,50.082473],[14.760134,50.082605],[14.760146,50.082782],[14.760268,50.08258],[14.760035,50.08233],[14.759912,50.082232],[14.759663,50.08208],[14.759187,50.081814]]]},"properties":{"id":2251628204,"ku":"Tuklaty","p":"1215","druh":"ostatní plocha","vyuziti":"zeleň","vymera":1450,"lv":null}},{"type":"Feature","geometry":{"type":"Polygon","coordinates":[[[14.757338,50.080439],[14.759011,50.080844],[14.759305,50.076602],[14.757638,50.076463],[14.757613,50.076481],[14.757338,50.080439]]]},"properties":{"id":2251631204,"ku":"Tuklaty","p":"1218","druh":"orná půda","vyuziti":null,"vymera":55640,"lv":null}},{"type":"Feature","geometry":{"type":"Polygon","coordinates":[[[14.759305,50.076602],[14.759161,50.078684],[14.760194,50.078755],[14.760337,50.076688],[14.759305,50.076602]]]},"properties":{"id":2251632204,"ku":"Tuklaty","p":"1219","druh":"orná půda","vyuziti":null,"vymera":17129,"lv":null}},{"type":"Feature","geometry":{"type":"Polygon","coordinates":[[[14.760333,50.076742],[14.762046,50.076851],[14.761977,50.076777],[14.760545,50.076705],[14.760337,50.076688],[14.760333,50.076742]]]},"properties":{"id":2251636204,"ku":"Tuklaty","p":"1223","druh":"ostatní plocha","vyuziti":"ostatní komunikace","vymera":798,"lv":null}},{"type":"Feature","geometry":{"type":"Polygon","coordinates":[[[14.769232,50.086903],[14.769082,50.087009],[14.768962,50.08715],[14.769905,50.087406],[14.769886,50.087055],[14.769751,50.086867],[14.7696,50.086791],[14.769508,50.086791],[14.769379,50.086832],[14.769232,50.086903]]]},"properties":{"id":2251430204,"ku":"Tuklaty","p":"1017","druh":"orná půda","vyuziti":null,"vymera":2779,"lv":null}},{"type":"Feature","geometry":{"type":"Polygon","coordinates":[[[14.765722,50.093887],[14.768917,50.094756],[14.768999,50.094632],[14.765804,50.093762],[14.765722,50.093887]]]},"properties":{"id":2251382204,"ku":"Tuklaty","p":"969","druh":"ostatní plocha","vyuziti":"zeleň","vymera":3725,"lv":null}},{"type":"Feature","geometry":{"type":"Polygon","coordinates":[[[14.772461,50.083441],[14.772256,50.083733],[14.772947,50.083815],[14.773084,50.083515],[14.772461,50.083441]]]},"properties":{"id":1635568204,"ku":"Tuklaty","p":"296/37","druh":"orná půda","vyuziti":null,"vymera":1654,"lv":null}},{"type":"Feature","geometry":{"type":"Polygon","coordinates":[[[14.765971,50.097026],[14.766404,50.096471],[14.764163,50.095842],[14.763731,50.096397],[14.765971,50.097026]]]},"properties":{"id":2251378204,"ku":"Tuklaty","p":"965","druh":"orná půda","vyuziti":null,"vymera":12042,"lv":null}},{"type":"Feature","geometry":{"type":"Polygon","coordinates":[[[14.742879,50.074674],[14.743288,50.074759],[14.74338,50.073445],[14.742971,50.07336],[14.742879,50.074674]]]},"properties":{"id":2251602204,"ku":"Tuklaty","p":"1189","druh":"ovocný sad","vyuziti":null,"vymera":4346,"lv":null}},{"type":"Feature","geometry":{"type":"Polygon","coordinates":[[[14.762,50.076298],[14.762004,50.076343],[14.761968,50.076463],[14.762003,50.076525],[14.762191,50.076534],[14.762206,50.07647],[14.762197,50.076261],[14.762167,50.076261],[14.762035,50.076298],[14.762,50.076298]]]},"properties":{"id":2251517204,"ku":"Tuklaty","p":"1104","druh":"ostatní plocha","vyuziti":"silnice","vymera":420,"lv":null}},{"type":"Feature","geometry":{"type":"Polygon","coordinates":[[[14.773635,50.080008],[14.77384,50.07961],[14.773319,50.07945],[14.773114,50.079848],[14.773635,50.080008]]]},"properties":{"id":2251469204,"ku":"Tuklaty","p":"1056","druh":"orná půda","vyuziti":null,"vymera":1913,"lv":null}},{"type":"Feature","geometry":{"type":"Polygon","coordinates":[[[14.773366,50.077289],[14.773257,50.077761],[14.77319,50.077921],[14.77308,50.078007],[14.772847,50.078553],[14.772456,50.079207],[14.772142,50.079485],[14.771928,50.079739],[14.771596,50.080389],[14.771647,50.080409],[14.771819,50.08003],[14.772011,50.079675],[14.772089,50.079578],[14.772478,50.079264],[14.772862,50.078607],[14.773127,50.078063],[14.773269,50.077926],[14.77336,50.077682],[14.773439,50.077344],[14.773437,50.077273],[14.773366,50.077289]]]},"properties":{"id":2251473204,"ku":"Tuklaty","p":"1060","druh":"vodní plocha","vyuziti":"koryto vodního toku přirozené nebo upravené","vymera":1493,"lv":null}},{"type":"Feature","geometry":{"type":"Polygon","coordinates":[[[14.769725,50.086737],[14.769935,50.086871],[14.770088,50.086625],[14.76995,50.086674],[14.769725,50.086737]]]},"properties":{"id":1535361204,"ku":"Tuklaty","p":"258","druh":"ostatní plocha","vyuziti":"neplodná půda","vymera":278,"lv":null}},{"type":"Feature","geometry":{"type":"Polygon","coordinates":[[[14.771714,50.084407],[14.771613,50.084429],[14.771641,50.084482],[14.771652,50.084554],[14.771685,50.084552],[14.771714,50.084407]]]},"properties":{"id":1535374204,"ku":"Tuklaty","p":"280/1","druh":"ostatní plocha","vyuziti":"jiná plocha","vymera":67,"lv":null}},{"type":"Feature","geometry":{"type":"Polygon","coordinates":[[[14.77195,50.082081],[14.771945,50.082243],[14.772313,50.082302],[14.77233,50.082092],[14.77195,50.082081]]]},"properties":{"id":1535381204,"ku":"Tuklaty","p":"283/4","druh":"zahrada","vyuziti":null,"vymera":556,"lv":null}},{"type":"Feature","geometry":{"type":"Polygon","coordinates":[[[14.771515,50.082557],[14.771464,50.082549],[14.771468,50.082539],[14.771482,50.082502],[14.771533,50.08251],[14.771623,50.082285],[14.77147,50.08226],[14.771393,50.082468],[14.771262,50.082457],[14.771269,50.082425],[14.771282,50.082414],[14.771207,50.082401],[14.771264,50.08225],[14.771377,50.082268],[14.771385,50.082246],[14.771257,50.082226],[14.771121,50.082574],[14.771485,50.082632],[14.771515,50.082557]]]},"properties":{"id":1535389204,"ku":"Tuklaty","p":"285/7","druh":"zahrada","vyuziti":null,"vymera":753,"lv":null}},{"type":"Feature","geometry":{"type":"Polygon","coordinates":[[[14.771146,50.081677],[14.771121,50.081744],[14.771425,50.081792],[14.771493,50.081616],[14.770952,50.08153],[14.770925,50.0816],[14.771078,50.081622],[14.771146,50.081677]]]},"properties":{"id":1535393204,"ku":"Tuklaty","p":"285/12","druh":"zahrada","vyuziti":null,"vymera":605,"lv":null}},{"type":"Feature","geometry":{"type":"Polygon","coordinates":[[[14.760465,50.079929],[14.760448,50.081443],[14.760688,50.08165],[14.760815,50.08172],[14.760857,50.081302],[14.760845,50.080983],[14.760856,50.080509],[14.760847,50.080184],[14.760588,50.080021],[14.760465,50.079929]]]},"properties":{"id":2251658204,"ku":"Tuklaty","p":"1245","druh":"ovocný sad","vyuziti":null,"vymera":4811,"lv":null}},{"type":"Feature","geometry":{"type":"Polygon","coordinates":[[[14.7567,50.080385],[14.75996,50.082172],[14.759991,50.082201],[14.760641,50.081781],[14.760548,50.081713],[14.760047,50.081295],[14.759937,50.081224],[14.759789,50.081156],[14.758658,50.080878],[14.7567,50.080385]]]},"properties":{"id":2251661204,"ku":"Tuklaty","p":"1248","druh":"orná půda","vyuziti":null,"vymera":15289,"lv":null}},{"type":"Feature","geometry":{"type":"Polygon","coordinates":[[[14.763565,50.083683],[14.763548,50.083469],[14.763723,50.083463],[14.763639,50.083257],[14.764058,50.083079],[14.764691,50.082766],[14.764264,50.08228],[14.760518,50.082502],[14.760486,50.082525],[14.76047,50.082571],[14.761413,50.083509],[14.761846,50.08372],[14.763565,50.083683]]]},"properties":{"id":2251666204,"ku":"Tuklaty","p":"1253","druh":"orná půda","vyuziti":null,"vymera":32469,"lv":null}},{"type":"Feature","geometry":{"type":"Polygon","coordinates":[[[14.775373,50.07571],[14.775374,50.074413],[14.775377,50.071868],[14.774863,50.071888],[14.77486,50.07533],[14.774439,50.075314],[14.774431,50.075567],[14.774394,50.07571],[14.775303,50.075752],[14.775373,50.07571]]]},"properties":{"id":2251484204,"ku":"Tuklaty","p":"1071","druh":"orná půda","vyuziti":null,"vymera":17165,"lv":null}},{"type":"Feature","geometry":{"type":"Polygon","coordinates":[[[14.768542,50.087118],[14.768305,50.087005],[14.768042,50.087288],[14.7686,50.087479],[14.768757,50.087251],[14.768641,50.087206],[14.768528,50.087135],[14.768542,50.087118]]]},"properties":{"id":2251433204,"ku":"Tuklaty","p":"1020","druh":"orná půda","vyuziti":null,"vymera":1389,"lv":null}},{"type":"Feature","geometry":{"type":"Polygon","coordinates":[[[14.76491,50.088695],[14.764885,50.088731],[14.765845,50.088739],[14.76599,50.088699],[14.766156,50.088622],[14.766305,50.088519],[14.766337,50.088477],[14.766378,50.088464],[14.766882,50.088522],[14.767579,50.087747],[14.76766,50.087729],[14.76835,50.087899],[14.768368,50.087865],[14.767587,50.087667],[14.766869,50.088466],[14.766825,50.088479],[14.766318,50.08842],[14.766258,50.088498],[14.766118,50.088595],[14.765958,50.08867],[14.765823,50.088705],[14.765644,50.088714],[14.765109,50.088688],[14.765056,50.088695],[14.76491,50.088695]]]},"properties":{"id":2251439204,"ku":"Tuklaty","p":"1026","druh":"ostatní plocha","vyuziti":"ostatní komunikace","vymera":1295,"lv":null}},{"type":"Feature","geometry":{"type":"Polygon","coordinates":[[[14.763881,50.089628],[14.763577,50.090098],[14.76352,50.090141],[14.763875,50.090212],[14.76491,50.088695],[14.764734,50.088696],[14.764608,50.088741],[14.764387,50.088941],[14.764108,50.089297],[14.763881,50.089628]]]},"properties":{"id":2251443204,"ku":"Tuklaty","p":"1030","druh":"orná půda","vyuziti":null,"vymera":4362,"lv":null}},{"type":"Feature","geometry":{"type":"Polygon","coordinates":[[[14.776699,50.095157],[14.777091,50.095203],[14.777646,50.095382],[14.778337,50.095506],[14.778939,50.095642],[14.779847,50.09569],[14.779869,50.095562],[14.778984,50.095509],[14.7784,50.095377],[14.778111,50.095325],[14.777158,50.095074],[14.775927,50.094934],[14.775568,50.094869],[14.775023,50.094753],[14.774281,50.094568],[14.774209,50.094465],[14.774201,50.094412],[14.774055,50.094656],[14.774442,50.094745],[14.774952,50.09488],[14.775507,50.094998],[14.77588,50.095065],[14.77633,50.095114],[14.776567,50.095125],[14.776699,50.095157]]]},"properties":{"id":2251391204,"ku":"Tuklaty","p":"978","druh":"ostatní plocha","vyuziti":"zeleň","vymera":6567,"lv":null}},{"type":"Feature","geometry":{"type":"Polygon","coordinates":[[[14.774055,50.094656],[14.774201,50.094412],[14.774267,50.094252],[14.773368,50.094094],[14.772395,50.093958],[14.772206,50.093917],[14.772181,50.093949],[14.772607,50.094178],[14.772934,50.094304],[14.773386,50.094458],[14.774055,50.094656]]]},"properties":{"id":2251392204,"ku":"Tuklaty","p":"979","druh":"lesní pozemek","vyuziti":null,"vymera":4640,"lv":null}},{"type":"Feature","geometry":{"type":"Polygon","coordinates":[[[14.769421,50.085172],[14.769893,50.085314],[14.769988,50.085272],[14.770113,50.085116],[14.76993,50.084856],[14.769675,50.084936],[14.769599,50.084984],[14.769619,50.084997],[14.76951,50.085103],[14.769421,50.085172]]]},"properties":{"id":1534940204,"ku":"Tuklaty","p":"st. 7/1","druh":"zastavěná plocha a nádvoří","vyuziti":null,"vymera":1447,"lv":null}},{"type":"Feature","geometry":{"type":"Polygon","coordinates":[[[14.769787,50.084674],[14.77005,50.084709],[14.770085,50.084582],[14.769823,50.084561],[14.769787,50.084674]]]},"properties":{"id":1534944204,"ku":"Tuklaty","p":"st. 10/1","druh":"zastavěná plocha a nádvoří","vyuziti":null,"vymera":261,"lv":null}},{"type":"Feature","geometry":{"type":"Polygon","coordinates":[[[14.76779,50.084751],[14.767899,50.084832],[14.767954,50.084886],[14.768198,50.08478],[14.768508,50.084727],[14.768533,50.084539],[14.768196,50.084383],[14.768126,50.084452],[14.768135,50.084456],[14.768091,50.084508],[14.767962,50.084644],[14.76779,50.084751]]]},"properties":{"id":1534949204,"ku":"Tuklaty","p":"st. 13","druh":"zastavěná plocha a nádvoří","vyuziti":null,"vymera":1515,"lv":null}},{"type":"Feature","geometry":{"type":"Polygon","coordinates":[[[14.767002,50.083637],[14.767165,50.083763],[14.767496,50.083684],[14.767443,50.083462],[14.767071,50.083594],[14.767002,50.083637]]]},"properties":{"id":1534953204,"ku":"Tuklaty","p":"st. 18","druh":"zastavěná plocha a nádvoří","vyuziti":null,"vymera":671,"lv":null}},{"type":"Feature","geometry":{"type":"Polygon","coordinates":[[[14.766255,50.083441],[14.766152,50.08347],[14.766096,50.083474],[14.766121,50.083589],[14.766178,50.083585],[14.766585,50.083492],[14.766479,50.083415],[14.766442,50.083368],[14.766255,50.083441]]]},"properties":{"id":1534957204,"ku":"Tuklaty","p":"st. 22","druh":"zastavěná plocha a nádvoří","vyuziti":null,"vymera":431,"lv":null}},{"type":"Feature","geometry":{"type":"Polygon","coordinates":[[[14.7671,50.084143],[14.766873,50.084129],[14.766865,50.084186],[14.766406,50.084204],[14.766408,50.084426],[14.766695,50.084423],[14.766839,50.084383],[14.766855,50.084317],[14.767015,50.084271],[14.767229,50.084252],[14.767203,50.084132],[14.7671,50.084143]]]},"properties":{"id":1534962204,"ku":"Tuklaty","p":"st. 27/1","druh":"zastavěná plocha a nádvoří","vyuziti":null,"vymera":1178,"lv":null}},{"type":"Feature","geometry":{"type":"Polygon","coordinates":[[[14.767048,50.085211],[14.767145,50.08497],[14.766989,50.084945],[14.766897,50.085184],[14.767048,50.085211]]]},"properties":{"id":1534967204,"ku":"Tuklaty","p":"st. 30/2","druh":"zastavěná plocha a nádvoří","vyuziti":null,"vymera":319,"lv":null}},{"type":"Feature","geometry":{"type":"Polygon","coordinates":[[[14.767154,50.08567],[14.767095,50.085809],[14.767232,50.085832],[14.767282,50.085698],[14.767154,50.08567]]]},"properties":{"id":1534973204,"ku":"Tuklaty","p":"st. 37/2","druh":"zastavěná plocha a nádvoří","vyuziti":"zbořeniště","vymera":155,"lv":null}},{"type":"Feature","geometry":{"type":"Polygon","coordinates":[[[14.772347,50.091427],[14.772756,50.090163],[14.772243,50.090094],[14.771838,50.091346],[14.772347,50.091427]]]},"properties":{"id":2251411204,"ku":"Tuklaty","p":"998","druh":"orná půda","vyuziti":null,"vymera":5358,"lv":null}},{"type":"Feature","geometry":{"type":"Polygon","coordinates":[[[14.74183,50.074574],[14.741595,50.075027],[14.74177,50.075035],[14.741994,50.074604],[14.74183,50.074574]]]},"properties":{"id":2251604204,"ku":"Tuklaty","p":"1191","druh":"orná půda","vyuziti":null,"vymera":629,"lv":null}},{"type":"Feature","geometry":{"type":"Polygon","coordinates":[[[14.743673,50.074963],[14.743506,50.078555],[14.744,50.078556],[14.744015,50.078608],[14.744298,50.078641],[14.744247,50.079258],[14.744273,50.079488],[14.744963,50.07954],[14.746344,50.079594],[14.746389,50.079443],[14.747058,50.079494],[14.747267,50.079521],[14.747585,50.079585],[14.748109,50.079722],[14.748627,50.07984],[14.749092,50.079945],[14.749736,50.08007],[14.749917,50.080113],[14.750013,50.078021],[14.749426,50.07781],[14.747922,50.077238],[14.747403,50.077049],[14.747163,50.076944],[14.745126,50.075726],[14.744058,50.075099],[14.743804,50.074997],[14.743673,50.074963]]]},"properties":{"id":2251608204,"ku":"Tuklaty","p":"1195","druh":"orná půda","vyuziti":null,"vymera":150570,"lv":null}},{"type":"Feature","geometry":{"type":"Polygon","coordinates":[[[14.751649,50.076846],[14.751814,50.07686],[14.752052,50.076925],[14.75252,50.077169],[14.75293,50.077474],[14.753716,50.077974],[14.75401,50.078126],[14.754268,50.078349],[14.754329,50.078448],[14.754354,50.078564],[14.7544,50.07903],[14.754453,50.07915],[14.754538,50.079235],[14.754712,50.079356],[14.754974,50.079495],[14.755211,50.07609],[14.754351,50.075954],[14.754111,50.076044],[14.753886,50.076063],[14.753702,50.076069],[14.753533,50.076054],[14.753438,50.076037],[14.752872,50.075773],[14.752157,50.075418],[14.752017,50.075375],[14.751755,50.075318],[14.751649,50.076846]]]},"properties":{"id":2251612204,"ku":"Tuklaty","p":"1199","druh":"orná půda","vyuziti":null,"vymera":56697,"lv":null}},{"type":"Feature","geometry":{"type":"Polygon","coordinates":[[[14.75011,50.078095],[14.750047,50.080082],[14.755,50.081942],[14.755093,50.0798],[14.754468,50.079547],[14.753667,50.079266],[14.750155,50.078071],[14.75011,50.078095]]]},"properties":{"id":2251616204,"ku":"Tuklaty","p":"1203","druh":"orná půda","vyuziti":null,"vymera":84435,"lv":null}},{"type":"Feature","geometry":{"type":"Polygon","coordinates":[[[14.74901,50.083082],[14.749996,50.083154],[14.750295,50.083132],[14.751007,50.083042],[14.75162,50.082918],[14.753118,50.081237],[14.750204,50.080143],[14.749967,50.080508],[14.749946,50.080575],[14.749834,50.080803],[14.749683,50.081059],[14.749304,50.081633],[14.749244,50.08175],[14.749194,50.082037],[14.749138,50.082033],[14.749046,50.082862],[14.74901,50.083082]]]},"properties":{"id":2251620204,"ku":"Tuklaty","p":"1207","druh":"orná půda","vyuziti":null,"vymera":61151,"lv":null}},{"type":"Feature","geometry":{"type":"Polygon","coordinates":[[[14.767609,50.08592],[14.767494,50.085895],[14.767465,50.086039],[14.767559,50.086045],[14.767641,50.086061],[14.767711,50.085965],[14.76768,50.085954],[14.767685,50.085948],[14.767609,50.08592]]]},"properties":{"id":1534984204,"ku":"Tuklaty","p":"st. 49","druh":"zastavěná plocha a nádvoří","vyuziti":"zbořeniště","vymera":216,"lv":null}},{"type":"Feature","geometry":{"type":"Polygon","coordinates":[[[14.767579,50.084837],[14.767549,50.084736],[14.7674,50.084745],[14.767402,50.084846],[14.767421,50.084844],[14.767439,50.085006],[14.767565,50.085002],[14.767556,50.084837],[14.767579,50.084837]]]},"properties":{"id":1534989204,"ku":"Tuklaty","p":"st. 54","druh":"zastavěná plocha a nádvoří","vyuziti":null,"vymera":302,"lv":null}},{"type":"Feature","geometry":{"type":"Polygon","coordinates":[[[14.766035,50.082852],[14.765885,50.082895],[14.765919,50.082954],[14.766039,50.08309],[14.766184,50.083035],[14.766035,50.082852]]]},"properties":{"id":1534995204,"ku":"Tuklaty","p":"st. 63/1","druh":"zastavěná plocha a nádvoří","vyuziti":null,"vymera":287,"lv":null}},{"type":"Feature","geometry":{"type":"Polygon","coordinates":[[[14.765597,50.082551],[14.765382,50.082625],[14.765536,50.082816],[14.765908,50.082696],[14.765827,50.082597],[14.765674,50.082647],[14.765638,50.082602],[14.765663,50.082594],[14.76564,50.082566],[14.765621,50.082574],[14.765597,50.082551]]]},"properties":{"id":1534999204,"ku":"Tuklaty","p":"st. 66","druh":"zastavěná plocha a nádvoří","vyuziti":null,"vymera":580,"lv":null}},{"type":"Feature","geometry":{"type":"Polygon","coordinates":[[[14.769626,50.084049],[14.769857,50.084081],[14.769897,50.083953],[14.769587,50.083911],[14.76957,50.083965],[14.769649,50.083975],[14.769626,50.084049]]]},"properties":{"id":1535003204,"ku":"Tuklaty","p":"st. 70","druh":"zastavěná plocha a nádvoří","vyuziti":null,"vymera":280,"lv":null}},{"type":"Feature","geometry":{"type":"Polygon","coordinates":[[[14.770215,50.083439],[14.770159,50.08359],[14.770241,50.083603],[14.770243,50.083598],[14.770406,50.083614],[14.770453,50.083467],[14.770215,50.083439]]]},"properties":{"id":1535011204,"ku":"Tuklaty","p":"st. 79","druh":"zastavěná plocha a nádvoří","vyuziti":null,"vymera":300,"lv":null}},{"type":"Feature","geometry":{"type":"Polygon","coordinates":[[[14.76555,50.08201],[14.765689,50.082179],[14.766005,50.082078],[14.765952,50.082005],[14.765804,50.082053],[14.765745,50.081982],[14.765689,50.081996],[14.765667,50.08197],[14.76555,50.08201]]]},"properties":{"id":1535016204,"ku":"Tuklaty","p":"st. 84/1","druh":"zastavěná plocha a nádvoří","vyuziti":null,"vymera":385,"lv":null}},{"type":"Feature","geometry":{"type":"Polygon","coordinates":[[[14.761693,50.084609],[14.761677,50.084212],[14.761663,50.084088],[14.761624,50.083977],[14.759306,50.084441],[14.75956,50.085036],[14.761693,50.084609]]]},"properties":{"id":2251678204,"ku":"Tuklaty","p":"1265","druh":"orná půda","vyuziti":null,"vymera":11521,"lv":null}},{"type":"Feature","geometry":{"type":"Polygon","coordinates":[[[14.772292,50.082545],[14.772015,50.082505],[14.772016,50.082474],[14.771932,50.082471],[14.771908,50.082699],[14.772276,50.082758],[14.772292,50.082545]]]},"properties":{"id":1535380204,"ku":"Tuklaty","p":"283/3","druh":"zahrada","vyuziti":null,"vymera":638,"lv":null}},{"type":"Feature","geometry":{"type":"Polygon","coordinates":[[[14.771108,50.083537],[14.771476,50.08358],[14.771702,50.083396],[14.771791,50.083143],[14.771622,50.083116],[14.771563,50.083274],[14.771231,50.083216],[14.771108,50.083537]],[[14.771451,50.083386],[14.771458,50.08337],[14.771448,50.083368],[14.771474,50.083302],[14.771532,50.083312],[14.771494,50.083393],[14.771451,50.083386]]]},"properties":{"id":1535388204,"ku":"Tuklaty","p":"285/6","druh":"zahrada","vyuziti":null,"vymera":1385,"lv":null}},{"type":"Feature","geometry":{"type":"Polygon","coordinates":[[[14.771601,50.081634],[14.771493,50.081616],[14.771291,50.08214],[14.771351,50.082148],[14.771367,50.082104],[14.771414,50.082109],[14.771601,50.081634]],[[14.771342,50.082054],[14.771383,50.081945],[14.771444,50.081955],[14.771402,50.082064],[14.771342,50.082054]]]},"properties":{"id":1535392204,"ku":"Tuklaty","p":"285/10","druh":"zahrada","vyuziti":null,"vymera":398,"lv":null}},{"type":"Feature","geometry":{"type":"Polygon","coordinates":[[[14.770611,50.083118],[14.77058,50.083198],[14.770658,50.083211],[14.770627,50.083291],[14.770916,50.083338],[14.770978,50.08318],[14.770611,50.083118]]]},"properties":{"id":1535397204,"ku":"Tuklaty","p":"285/16","druh":"zahrada","vyuziti":null,"vymera":443,"lv":null}},{"type":"Feature","geometry":{"type":"Polygon","coordinates":[[[14.771964,50.081507],[14.771655,50.081457],[14.771587,50.081631],[14.771953,50.081691],[14.771964,50.081507]],[[14.77173,50.081623],[14.771763,50.081535],[14.771933,50.081562],[14.771899,50.08165],[14.77173,50.081623]]]},"properties":{"id":1535405204,"ku":"Tuklaty","p":"285/24","druh":"zahrada","vyuziti":null,"vymera":373,"lv":null}},{"type":"Feature","geometry":{"type":"Polygon","coordinates":[[[14.77065,50.082303],[14.771192,50.082381],[14.771257,50.082226],[14.770715,50.082141],[14.77065,50.082303]],[[14.770855,50.082308],[14.770728,50.082287],[14.770754,50.082228],[14.770716,50.08222],[14.770722,50.082207],[14.770733,50.082208],[14.770736,50.082203],[14.770763,50.082207],[14.770773,50.082183],[14.770901,50.082205],[14.770855,50.082308]]]},"properties":{"id":1535411204,"ku":"Tuklaty","p":"286/7","druh":"zahrada","vyuziti":null,"vymera":608,"lv":null}},{"type":"Feature","geometry":{"type":"Polygon","coordinates":[[[14.771682,50.080506],[14.77162,50.080802],[14.772014,50.080834],[14.772062,50.080603],[14.771682,50.080506]],[[14.771939,50.080787],[14.77179,50.080774],[14.771812,50.080661],[14.771884,50.080667],[14.771887,50.080656],[14.771963,50.080663],[14.771939,50.080787]]]},"properties":{"id":1535417204,"ku":"Tuklaty","p":"287/6","druh":"zahrada","vyuziti":null,"vymera":696,"lv":null}},{"type":"Feature","geometry":{"type":"Polygon","coordinates":[[[14.771997,50.080936],[14.771977,50.081116],[14.772406,50.081129],[14.772421,50.080949],[14.771997,50.080936]],[[14.772196,50.081081],[14.772204,50.080975],[14.772347,50.080979],[14.77234,50.081067],[14.772312,50.081066],[14.772311,50.081084],[14.772196,50.081081]]]},"properties":{"id":1535425204,"ku":"Tuklaty","p":"288/6","druh":"zahrada","vyuziti":null,"vymera":499,"lv":null}},{"type":"Feature","geometry":{"type":"Polygon","coordinates":[[[14.773088,50.081313],[14.773092,50.081238],[14.772821,50.081229],[14.772811,50.081347],[14.772879,50.08135],[14.772882,50.081316],[14.773088,50.081313]]]},"properties":{"id":1535430204,"ku":"Tuklaty","p":"289/5","druh":"zahrada","vyuziti":null,"vymera":195,"lv":null}},{"type":"Feature","geometry":{"type":"Polygon","coordinates":[[[14.773425,50.081378],[14.773364,50.081376],[14.773353,50.081529],[14.77367,50.081536],[14.773751,50.081228],[14.773549,50.081146],[14.773469,50.08123],[14.773441,50.081247],[14.773488,50.081265],[14.773431,50.081323],[14.773425,50.081378]]]},"properties":{"id":1535434204,"ku":"Tuklaty","p":"294/2","druh":"zahrada","vyuziti":null,"vymera":840,"lv":null}},{"type":"Feature","geometry":{"type":"Polygon","coordinates":[[[14.768594,50.085698],[14.768533,50.085728],[14.768594,50.08578],[14.768656,50.08575],[14.768594,50.085698]]]},"properties":{"id":1534936204,"ku":"Tuklaty","p":"st. 2","druh":"zastavěná plocha a nádvoří","vyuziti":null,"vymera":40,"lv":null}},{"type":"Feature","geometry":{"type":"Polygon","coordinates":[[[14.770074,50.084626],[14.77005,50.084709],[14.770076,50.084748],[14.770456,50.08472],[14.770457,50.084597],[14.770387,50.084597],[14.770386,50.084622],[14.770074,50.084626]]]},"properties":{"id":1534943204,"ku":"Tuklaty","p":"st. 9","druh":"zastavěná plocha a nádvoří","vyuziti":null,"vymera":359,"lv":null}},{"type":"Feature","geometry":{"type":"Polygon","coordinates":[[[14.769124,50.084956],[14.76914,50.08503],[14.769181,50.085068],[14.769423,50.084962],[14.769515,50.08488],[14.769158,50.084832],[14.769124,50.084956]]]},"properties":{"id":1534948204,"ku":"Tuklaty","p":"st. 12","druh":"zastavěná plocha a nádvoří","vyuziti":null,"vymera":425,"lv":null}},{"type":"Feature","geometry":{"type":"Polygon","coordinates":[[[14.767619,50.084068],[14.768309,50.084265],[14.768496,50.084032],[14.767697,50.083832],[14.767619,50.084068]]]},"properties":{"id":1534952204,"ku":"Tuklaty","p":"st. 17/3","druh":"zastavěná plocha a nádvoří","vyuziti":"zbořeniště","vymera":1594,"lv":null}},{"type":"Feature","geometry":{"type":"Polygon","coordinates":[[[14.767002,50.083637],[14.767071,50.083594],[14.766985,50.083535],[14.766812,50.083374],[14.766696,50.08342],[14.76673,50.083452],[14.767002,50.083637]]]},"properties":{"id":1534956204,"ku":"Tuklaty","p":"st. 21","druh":"zastavěná plocha a nádvoří","vyuziti":null,"vymera":256,"lv":null}},{"type":"Feature","geometry":{"type":"Polygon","coordinates":[[[14.766491,50.084081],[14.766484,50.084059],[14.766529,50.084054],[14.766501,50.08396],[14.766357,50.083978],[14.766385,50.084072],[14.766413,50.084069],[14.76642,50.084091],[14.766491,50.084081]]]},"properties":{"id":1534961204,"ku":"Tuklaty","p":"st. 25/2","druh":"zastavěná plocha a nádvoří","vyuziti":null,"vymera":124,"lv":null}},{"type":"Feature","geometry":{"type":"Polygon","coordinates":[[[14.767048,50.085211],[14.766894,50.085182],[14.766989,50.084945],[14.766665,50.084881],[14.766345,50.084803],[14.766347,50.084797],[14.766213,50.084771],[14.766085,50.085037],[14.766211,50.085062],[14.7662,50.085084],[14.766189,50.085083],[14.766151,50.085154],[14.766439,50.085214],[14.766945,50.085362],[14.767048,50.085211]]]},"properties":{"id":1534966204,"ku":"Tuklaty","p":"st. 30/1","druh":"zastavěná plocha a nádvoří","vyuziti":null,"vymera":2578,"lv":null}},{"type":"Feature","geometry":{"type":"Polygon","coordinates":[[[14.743288,50.074759],[14.743654,50.07484],[14.743745,50.073528],[14.74338,50.073445],[14.743288,50.074759]]]},"properties":{"id":2251603204,"ku":"Tuklaty","p":"1190","druh":"ovocný sad","vyuziti":null,"vymera":3874,"lv":null}},{"type":"Feature","geometry":{"type":"Polygon","coordinates":[[[14.743153,50.074844],[14.742981,50.078564],[14.743222,50.078554],[14.743506,50.078555],[14.743673,50.074963],[14.743496,50.074918],[14.743153,50.074844]]]},"properties":{"id":2251607204,"ku":"Tuklaty","p":"1194","druh":"orná půda","vyuziti":null,"vymera":15268,"lv":null}},{"type":"Feature","geometry":{"type":"Polygon","coordinates":[[[14.749619,50.07485],[14.749423,50.077666],[14.750005,50.077887],[14.75004,50.077607],[14.750048,50.077399],[14.750043,50.076934],[14.750013,50.076937],[14.750025,50.076824],[14.751545,50.076838],[14.751649,50.076846],[14.751755,50.075318],[14.749619,50.07485]]]},"properties":{"id":2251611204,"ku":"Tuklaty","p":"1198","druh":"orná půda","vyuziti":null,"vymera":34605,"lv":null}},{"type":"Feature","geometry":{"type":"Polygon","coordinates":[[[14.750013,50.078021],[14.749917,50.080113],[14.74999,50.080131],[14.750017,50.078981],[14.750061,50.078082],[14.75006,50.078038],[14.750013,50.078021]]]},"properties":{"id":2251615204,"ku":"Tuklaty","p":"1202","druh":"ostatní plocha","vyuziti":"jiná plocha","vymera":906,"lv":null}},{"type":"Feature","geometry":{"type":"Polygon","coordinates":[[[14.748875,50.083072],[14.74901,50.083082],[14.749046,50.082862],[14.749138,50.082033],[14.749106,50.08203],[14.749057,50.082481],[14.748994,50.082865],[14.748953,50.083008],[14.748875,50.083072]]]},"properties":{"id":2251619204,"ku":"Tuklaty","p":"1206","druh":"ostatní plocha","vyuziti":"jiná plocha","vymera":343,"lv":null}},{"type":"Feature","geometry":{"type":"Polygon","coordinates":[[[14.767825,50.085997],[14.767905,50.086054],[14.767991,50.086005],[14.767911,50.085946],[14.767825,50.085997]]]},"properties":{"id":1534983204,"ku":"Tuklaty","p":"st. 48","druh":"zastavěná plocha a nádvoří","vyuziti":null,"vymera":72,"lv":null}},{"type":"Feature","geometry":{"type":"Polygon","coordinates":[[[14.767713,50.084891],[14.767661,50.085095],[14.767787,50.085102],[14.767885,50.084898],[14.767829,50.084917],[14.767773,50.084912],[14.767777,50.084895],[14.767713,50.084891]]]},"properties":{"id":1534988204,"ku":"Tuklaty","p":"st. 53","druh":"zastavěná plocha a nádvoří","vyuziti":null,"vymera":238,"lv":null}},{"type":"Feature","geometry":{"type":"Polygon","coordinates":[[[14.765982,50.082543],[14.76617,50.082778],[14.766367,50.082706],[14.766409,50.082743],[14.766315,50.082506],[14.766162,50.082532],[14.76609,50.082563],[14.766054,50.082519],[14.765982,50.082543]]]},"properties":{"id":1534994204,"ku":"Tuklaty","p":"st. 62","druh":"zastavěná plocha a nádvoří","vyuziti":null,"vymera":519,"lv":null}},{"type":"Feature","geometry":{"type":"Polygon","coordinates":[[[14.76617,50.082778],[14.766366,50.083023],[14.766513,50.082989],[14.766697,50.082983],[14.766367,50.082706],[14.76617,50.082778]]]},"properties":{"id":1534998204,"ku":"Tuklaty","p":"st. 65","druh":"zastavěná plocha a nádvoří","vyuziti":null,"vymera":644,"lv":null}},{"type":"Feature","geometry":{"type":"Polygon","coordinates":[[[14.769855,50.084459],[14.770305,50.084487],[14.77031,50.084458],[14.770296,50.084457],[14.770307,50.084395],[14.770181,50.08438],[14.770196,50.08434],[14.769909,50.0843],[14.769855,50.084459]]]},"properties":{"id":1535002204,"ku":"Tuklaty","p":"st. 69","druh":"zastavěná plocha a nádvoří","vyuziti":null,"vymera":463,"lv":null}},{"type":"Feature","geometry":{"type":"Polygon","coordinates":[[[14.770499,50.083623],[14.770243,50.083598],[14.770241,50.083603],[14.770159,50.08359],[14.770099,50.083741],[14.770466,50.083775],[14.770499,50.083623]]]},"properties":{"id":1535010204,"ku":"Tuklaty","p":"st. 77","druh":"zastavěná plocha a nádvoří","vyuziti":null,"vymera":437,"lv":null}},{"type":"Feature","geometry":{"type":"Polygon","coordinates":[[[14.769762,50.083673],[14.769985,50.083705],[14.770037,50.083573],[14.769814,50.083534],[14.769762,50.083673]]]},"properties":{"id":1535014204,"ku":"Tuklaty","p":"st. 82/1","druh":"zastavěná plocha a nádvoří","vyuziti":null,"vymera":253,"lv":null}},{"type":"Feature","geometry":{"type":"Polygon","coordinates":[[[14.770335,50.082083],[14.770305,50.082156],[14.770333,50.082168],[14.770325,50.082191],[14.770545,50.082225],[14.77061,50.082052],[14.770419,50.082021],[14.77038,50.08209],[14.770335,50.082083]]]},"properties":{"id":1535020204,"ku":"Tuklaty","p":"st. 87","druh":"zastavěná plocha a nádvoří","vyuziti":null,"vymera":327,"lv":null}},{"type":"Feature","geometry":{"type":"Polygon","coordinates":[[[14.771206,50.081757],[14.770884,50.081704],[14.770817,50.081879],[14.770978,50.081904],[14.770985,50.081888],[14.771007,50.081891],[14.771,50.081908],[14.771149,50.081928],[14.771206,50.081757]]]},"properties":{"id":1535024204,"ku":"Tuklaty","p":"st. 90/2","druh":"zastavěná plocha a nádvoří","vyuziti":null,"vymera":472,"lv":null}},{"type":"Feature","geometry":{"type":"Polygon","coordinates":[[[14.771264,50.08225],[14.771207,50.082401],[14.771282,50.082414],[14.771269,50.082425],[14.771262,50.082457],[14.771393,50.082468],[14.77147,50.08226],[14.771385,50.082246],[14.771377,50.082268],[14.771264,50.08225]]]},"properties":{"id":1535029204,"ku":"Tuklaty","p":"st. 95","druh":"zastavěná plocha a nádvoří","vyuziti":null,"vymera":309,"lv":null}},{"type":"Feature","geometry":{"type":"Polygon","coordinates":[[[14.771755,50.083247],[14.771874,50.083265],[14.771992,50.083176],[14.771791,50.083143],[14.771755,50.083247]]]},"properties":{"id":1535035204,"ku":"Tuklaty","p":"st. 101","druh":"zastavěná plocha a nádvoří","vyuziti":null,"vymera":138,"lv":null}},{"type":"Feature","geometry":{"type":"Polygon","coordinates":[[[14.770369,50.077691],[14.770671,50.077667],[14.770645,50.077538],[14.770371,50.077595],[14.770369,50.077691]]]},"properties":{"id":1535040204,"ku":"Tuklaty","p":"st. 106","druh":"zastavěná plocha a nádvoří","vyuziti":null,"vymera":263,"lv":null}},{"type":"Feature","geometry":{"type":"Polygon","coordinates":[[[14.770865,50.081383],[14.770597,50.081334],[14.770535,50.081482],[14.770808,50.081527],[14.770865,50.081383]]]},"properties":{"id":1535048204,"ku":"Tuklaty","p":"st. 114","druh":"zastavěná plocha a nádvoří","vyuziti":null,"vymera":333,"lv":null}},{"type":"Feature","geometry":{"type":"Polygon","coordinates":[[[14.770093,50.08049],[14.770112,50.080714],[14.770363,50.080699],[14.770342,50.08053],[14.770316,50.080532],[14.770308,50.080478],[14.770093,50.08049]]]},"properties":{"id":1535054204,"ku":"Tuklaty","p":"st. 120","druh":"zastavěná plocha a nádvoří","vyuziti":null,"vymera":427,"lv":null}},{"type":"Feature","geometry":{"type":"Polygon","coordinates":[[[14.765901,50.082441],[14.765982,50.082543],[14.766054,50.082519],[14.76609,50.082563],[14.766162,50.082532],[14.766315,50.082506],[14.766254,50.082354],[14.765901,50.082441]]]},"properties":{"id":1535638204,"ku":"Tuklaty","p":"915","druh":"zahrada","vyuziti":null,"vymera":398,"lv":null}},{"type":"Feature","geometry":{"type":"Polygon","coordinates":[[[14.764004,50.079696],[14.764142,50.080139],[14.764229,50.080347],[14.764465,50.080711],[14.76464,50.080922],[14.764763,50.080899],[14.76456,50.080444],[14.764376,50.079996],[14.764265,50.079621],[14.764139,50.079298],[14.764108,50.079255],[14.764059,50.079135],[14.763888,50.078664],[14.763714,50.078688],[14.763845,50.078912],[14.763883,50.079064],[14.763938,50.0794],[14.764004,50.079696]]]},"properties":{"id":2251646204,"ku":"Tuklaty","p":"1233","druh":"ostatní plocha","vyuziti":"zeleň","vymera":4088,"lv":null}},{"type":"Feature","geometry":{"type":"Polygon","coordinates":[[[14.742144,50.071314],[14.742594,50.070111],[14.742172,50.070088],[14.741748,50.071221],[14.742144,50.071314]]]},"properties":{"id":2251592204,"ku":"Tuklaty","p":"1179","druh":"orná půda","vyuziti":null,"vymera":4012,"lv":null}},{"type":"Feature","geometry":{"type":"Polygon","coordinates":[[[14.73867,50.07203],[14.739346,50.072167],[14.739441,50.070851],[14.739146,50.070781],[14.738915,50.070911],[14.738561,50.071184],[14.73867,50.07203]]]},"properties":{"id":2251596204,"ku":"Tuklaty","p":"1183","druh":"orná půda","vyuziti":null,"vymera":7402,"lv":null}},{"type":"Feature","geometry":{"type":"Polygon","coordinates":[[[14.742534,50.074602],[14.742624,50.073312],[14.742152,50.073205],[14.742138,50.073571],[14.742072,50.074505],[14.742534,50.074602]],[[14.742126,50.074051],[14.742335,50.074056],[14.742323,50.07424],[14.742113,50.074234],[14.742126,50.074051]],[[14.742108,50.074315],[14.74226,50.074319],[14.742254,50.074424],[14.742101,50.07442],[14.742108,50.074315]]]},"properties":{"id":2251600204,"ku":"Tuklaty","p":"1187","druh":"ostatní plocha","vyuziti":"jiná plocha","vymera":4397,"lv":null}},{"type":"Feature","geometry":{"type":"Polygon","coordinates":[[[14.757263,50.076028],[14.757391,50.074248],[14.75751,50.072571],[14.756755,50.072601],[14.75664,50.074199],[14.756518,50.075901],[14.756792,50.075956],[14.757263,50.076028]]]},"properties":{"id":2251532204,"ku":"Tuklaty","p":"1119","druh":"orná půda","vyuziti":null,"vymera":20312,"lv":null}},{"type":"Feature","geometry":{"type":"Polygon","coordinates":[[[14.773642,50.082434],[14.773553,50.082668],[14.774116,50.082754],[14.774201,50.08252],[14.773642,50.082434]],[[14.773658,50.082657],[14.773697,50.082551],[14.773929,50.082586],[14.773904,50.082653],[14.773874,50.082648],[14.77386,50.082688],[14.773658,50.082657]]]},"properties":{"id":1635585204,"ku":"Tuklaty","p":"296/52","druh":"orná půda","vyuziti":null,"vymera":907,"lv":null}},{"type":"Feature","geometry":{"type":"Polygon","coordinates":[[[14.767128,50.082495],[14.767208,50.082706],[14.767762,50.082667],[14.767726,50.082453],[14.767128,50.082495]],[[14.767288,50.082687],[14.767273,50.082602],[14.767446,50.08259],[14.767459,50.082661],[14.767338,50.08267],[14.76734,50.082683],[14.767288,50.082687]]]},"properties":{"id":2113234204,"ku":"Tuklaty","p":"62/58","druh":"orná půda","vyuziti":null,"vymera":888,"lv":null}},{"type":"Feature","geometry":{"type":"Polygon","coordinates":[[[14.756672,50.084649],[14.756165,50.084353],[14.756074,50.084427],[14.756563,50.084711],[14.756672,50.084649]]]},"properties":{"id":1535555204,"ku":"Tuklaty","p":"805/3","druh":"orná půda","vyuziti":null,"vymera":501,"lv":null}},{"type":"Feature","geometry":{"type":"Polygon","coordinates":[[[14.75708,50.084427],[14.756494,50.084083],[14.756416,50.084147],[14.756979,50.084476],[14.75708,50.084427]]]},"properties":{"id":1535559204,"ku":"Tuklaty","p":"805/7","druh":"zahrada","vyuziti":null,"vymera":500,"lv":null}},{"type":"Feature","geometry":{"type":"Polygon","coordinates":[[[14.777829,50.081549],[14.777906,50.0815],[14.777824,50.081514],[14.776724,50.08156],[14.775758,50.081514],[14.774831,50.081419],[14.774582,50.08138],[14.774573,50.081425],[14.774817,50.081463],[14.775749,50.081559],[14.776723,50.081605],[14.777484,50.081573],[14.777484,50.081567],[14.777829,50.081549]]]},"properties":{"id":2251459204,"ku":"Tuklaty","p":"1046","druh":"ostatní plocha","vyuziti":"ostatní komunikace","vymera":1161,"lv":null}},{"type":"Feature","geometry":{"type":"Polygon","coordinates":[[[14.773325,50.086357],[14.77197,50.086187],[14.771454,50.086081],[14.770728,50.085886],[14.770501,50.086246],[14.770247,50.086554],[14.770089,50.08693],[14.770057,50.087356],[14.770067,50.087431],[14.770071,50.087838],[14.770092,50.088134],[14.770186,50.088553],[14.770216,50.089389],[14.770247,50.089732],[14.770319,50.089787],[14.774463,50.090348],[14.774798,50.088725],[14.773171,50.088532],[14.773325,50.086357]]]},"properties":{"id":2251418204,"ku":"Tuklaty","p":"1005","druh":"orná půda","vyuziti":null,"vymera":111782,"lv":null}},{"type":"Feature","geometry":{"type":"Polygon","coordinates":[[[14.767837,50.089447],[14.770146,50.090075],[14.770123,50.089922],[14.770075,50.089364],[14.768181,50.088848],[14.768106,50.088995],[14.767837,50.089447]]]},"properties":{"id":2251426204,"ku":"Tuklaty","p":"1013","druh":"orná půda","vyuziti":null,"vymera":11535,"lv":null}},{"type":"Feature","geometry":{"type":"Polygon","coordinates":[[[14.770075,50.089364],[14.770051,50.088752],[14.768369,50.088294],[14.768312,50.088584],[14.768181,50.088848],[14.770075,50.089364]]]},"properties":{"id":2251427204,"ku":"Tuklaty","p":"1014","druh":"orná půda","vyuziti":null,"vymera":8519,"lv":null}},{"type":"Feature","geometry":{"type":"Polygon","coordinates":[[[14.766898,50.086501],[14.767005,50.086327],[14.767069,50.086174],[14.7672,50.086049],[14.767331,50.085779],[14.767416,50.08563],[14.767354,50.085596],[14.767282,50.085698],[14.767136,50.086057],[14.766957,50.086309],[14.766949,50.086302],[14.766875,50.08638],[14.766808,50.086516],[14.766584,50.086752],[14.766541,50.086832],[14.766337,50.086977],[14.766038,50.087109],[14.766033,50.087101],[14.766007,50.087103],[14.765361,50.08734],[14.7642,50.087735],[14.763763,50.087905],[14.763411,50.088028],[14.763428,50.088047],[14.763451,50.088063],[14.76606,50.087145],[14.766362,50.086986],[14.766561,50.086843],[14.766587,50.086856],[14.766898,50.086501]]]},"properties":{"id":1535625204,"ku":"Tuklaty","p":"903/1","druh":"vodní plocha","vyuziti":"koryto vodního toku přirozené nebo upravené","vymera":1934,"lv":null}},{"type":"Feature","geometry":{"type":"Polygon","coordinates":[[[14.767652,50.083963],[14.767543,50.083949],[14.767315,50.084],[14.767336,50.08408],[14.767619,50.084068],[14.767652,50.083963]]]},"properties":{"id":1535636204,"ku":"Tuklaty","p":"913","druh":"zahrada","vyuziti":null,"vymera":261,"lv":null}},{"type":"Feature","geometry":{"type":"Polygon","coordinates":[[[14.766185,50.083873],[14.765938,50.083896],[14.765872,50.08388],[14.766217,50.084228],[14.766185,50.083873]]]},"properties":{"id":1535639204,"ku":"Tuklaty","p":"916","druh":"zahrada","vyuziti":null,"vymera":422,"lv":null}},{"type":"Feature","geometry":{"type":"Polygon","coordinates":[[[14.763938,50.0794],[14.763883,50.079064],[14.763845,50.078912],[14.763128,50.077728],[14.763157,50.077717],[14.763043,50.0776],[14.762807,50.077323],[14.762478,50.077037],[14.76237,50.076921],[14.762198,50.076769],[14.761977,50.076777],[14.762032,50.076839],[14.762666,50.077385],[14.762855,50.077589],[14.762962,50.07774],[14.76335,50.078412],[14.763658,50.078902],[14.763706,50.079035],[14.763827,50.079647],[14.763883,50.07988],[14.76398,50.08018],[14.764068,50.08038],[14.764172,50.080554],[14.764315,50.08076],[14.764628,50.081141],[14.764791,50.081121],[14.764748,50.081052],[14.764465,50.080711],[14.764229,50.080347],[14.764142,50.080139],[14.764077,50.079942],[14.764004,50.079696],[14.763938,50.0794]]]},"properties":{"id":2251647204,"ku":"Tuklaty","p":"1234","druh":"ostatní plocha","vyuziti":"silnice","vymera":6484,"lv":null}},{"type":"Feature","geometry":{"type":"Polygon","coordinates":[[[14.764842,50.080929],[14.764868,50.080988],[14.764929,50.081048],[14.765102,50.081031],[14.766223,50.080855],[14.766405,50.080845],[14.766537,50.080848],[14.767366,50.08092],[14.76736,50.080777],[14.766564,50.08072],[14.766403,50.080715],[14.765912,50.080764],[14.764842,50.080929]]]},"properties":{"id":2251648204,"ku":"Tuklaty","p":"1235","druh":"ostatní plocha","vyuziti":"zeleň","vymera":2687,"lv":null}},{"type":"Feature","geometry":{"type":"Polygon","coordinates":[[[14.764673,50.080963],[14.764782,50.080943],[14.764763,50.080899],[14.76464,50.080922],[14.764673,50.080963]]]},"properties":{"id":2251649204,"ku":"Tuklaty","p":"1236","druh":"ostatní plocha","vyuziti":"ostatní komunikace","vymera":43,"lv":null}},{"type":"Feature","geometry":{"type":"Polygon","coordinates":[[[14.764673,50.080963],[14.764748,50.081052],[14.764791,50.081121],[14.764901,50.081105],[14.764851,50.081062],[14.764782,50.080943],[14.764673,50.080963]]]},"properties":{"id":2251650204,"ku":"Tuklaty","p":"1237","druh":"ostatní plocha","vyuziti":"zeleň","vymera":138,"lv":null}},{"type":"Feature","geometry":{"type":"Polygon","coordinates":[[[14.739318,50.070624],[14.741018,50.071049],[14.741748,50.071221],[14.742172,50.070088],[14.741879,50.070117],[14.740968,50.070299],[14.740623,50.070416],[14.739318,50.070624]]]},"properties":{"id":2251593204,"ku":"Tuklaty","p":"1180","druh":"orná půda","vyuziti":null,"vymera":11990,"lv":null}},{"type":"Feature","geometry":{"type":"Polygon","coordinates":[[[14.741765,50.072726],[14.741858,50.071422],[14.739441,50.070851],[14.739346,50.072167],[14.739873,50.072296],[14.740581,50.072447],[14.741316,50.072615],[14.741765,50.072726]]]},"properties":{"id":2251594204,"ku":"Tuklaty","p":"1181","druh":"orná půda","vyuziti":null,"vymera":25606,"lv":null}},{"type":"Feature","geometry":{"type":"Polygon","coordinates":[[[14.738561,50.071184],[14.738915,50.070911],[14.739146,50.070781],[14.739102,50.070748],[14.738552,50.071158],[14.738561,50.071184]]]},"properties":{"id":2251597204,"ku":"Tuklaty","p":"1184","druh":"ostatní plocha","vyuziti":"zeleň","vymera":157,"lv":null}},{"type":"Feature","geometry":{"type":"Polygon","coordinates":[[[14.739102,50.070748],[14.739089,50.070738],[14.739042,50.070726],[14.738843,50.070867],[14.738533,50.071099],[14.738552,50.071158],[14.739102,50.070748]]]},"properties":{"id":2251598204,"ku":"Tuklaty","p":"1185","druh":"vodní plocha","vyuziti":"koryto vodního toku přirozené nebo upravené","vymera":303,"lv":null}},{"type":"Feature","geometry":{"type":"Polygon","coordinates":[[[14.742534,50.074602],[14.742879,50.074674],[14.742971,50.07336],[14.742624,50.073312],[14.742534,50.074602]]]},"properties":{"id":2251601204,"ku":"Tuklaty","p":"1188","druh":"ostatní plocha","vyuziti":"manipulační plocha","vymera":3630,"lv":null}},{"type":"Feature","geometry":{"type":"Polygon","coordinates":[[[14.771125,50.092709],[14.771413,50.092768],[14.771872,50.091351],[14.771579,50.091304],[14.771125,50.092709]]]},"properties":{"id":2251407204,"ku":"Tuklaty","p":"994","druh":"orná půda","vyuziti":null,"vymera":3456,"lv":null}},{"type":"Feature","geometry":{"type":"Polygon","coordinates":[[[14.755432,50.072539],[14.755438,50.072483],[14.755318,50.072486],[14.755314,50.072537],[14.755432,50.072539]]]},"properties":{"id":2251544204,"ku":"Tuklaty","p":"1131","druh":"ostatní plocha","vyuziti":"jiná plocha","vymera":51,"lv":null}},{"type":"Feature","geometry":{"type":"Polygon","coordinates":[[[14.756479,50.072015],[14.756397,50.071104],[14.756206,50.071078],[14.755842,50.070995],[14.755479,50.070939],[14.755548,50.072221],[14.756266,50.072209],[14.756503,50.072106],[14.756479,50.072015]]]},"properties":{"id":2251539204,"ku":"Tuklaty","p":"1126","druh":"orná půda","vyuziti":null,"vymera":8730,"lv":null}},{"type":"Feature","geometry":{"type":"Polygon","coordinates":[[[14.753023,50.0712],[14.752905,50.071225],[14.752939,50.071853],[14.753059,50.071876],[14.753023,50.0712]]]},"properties":{"id":2251543204,"ku":"Tuklaty","p":"1130","druh":"orná půda","vyuziti":null,"vymera":616,"lv":null}},{"type":"Feature","geometry":{"type":"Polygon","coordinates":[[[14.774379,50.082018],[14.774038,50.082967],[14.774649,50.083548],[14.774881,50.083426],[14.775205,50.083228],[14.775661,50.082942],[14.775857,50.082803],[14.776191,50.08158],[14.775749,50.081559],[14.774817,50.081463],[14.774573,50.081425],[14.774379,50.082018]]]},"properties":{"id":2251457204,"ku":"Tuklaty","p":"1044","druh":"orná půda","vyuziti":null,"vymera":23384,"lv":null}},{"type":"Feature","geometry":{"type":"Polygon","coordinates":[[[14.774762,50.090388],[14.775907,50.090543],[14.7762,50.089122],[14.776211,50.088893],[14.775097,50.088761],[14.774762,50.090388]]]},"properties":{"id":2251416204,"ku":"Tuklaty","p":"1003","druh":"orná půda","vyuziti":null,"vymera":15301,"lv":null}},{"type":"Feature","geometry":{"type":"Polygon","coordinates":[[[14.768872,50.087269],[14.768789,50.087238],[14.768757,50.087251],[14.768454,50.087694],[14.768339,50.087922],[14.768229,50.088431],[14.768188,50.08855],[14.767893,50.0891],[14.767657,50.089498],[14.767281,50.090076],[14.766692,50.0908],[14.766609,50.091],[14.76603,50.09136],[14.76568,50.091521],[14.765538,50.091608],[14.766073,50.091392],[14.76667,50.091026],[14.76677,50.090928],[14.767409,50.090113],[14.767787,50.089532],[14.768106,50.088995],[14.768312,50.088584],[14.768412,50.088059],[14.76845,50.08795],[14.768568,50.08772],[14.768872,50.087269]]]},"properties":{"id":2251425204,"ku":"Tuklaty","p":"1012","druh":"ostatní plocha","vyuziti":"ostatní komunikace","vymera":4693,"lv":null}},{"type":"Feature","geometry":{"type":"Polygon","coordinates":[[[14.767514,50.084222],[14.767368,50.084232],[14.767383,50.084306],[14.767473,50.084282],[14.767514,50.084222]]]},"properties":{"id":1535637204,"ku":"Tuklaty","p":"914","druh":"zahrada","vyuziti":null,"vymera":61,"lv":null}},{"type":"Feature","geometry":{"type":"Polygon","coordinates":[[[14.764868,50.080988],[14.764434,50.07999],[14.764326,50.079631],[14.764131,50.079118],[14.763926,50.07852],[14.763861,50.078362],[14.763801,50.078258],[14.763506,50.077971],[14.763125,50.077549],[14.76283,50.077198],[14.762751,50.077129],[14.762476,50.076936],[14.76237,50.076921],[14.762478,50.077037],[14.762807,50.077323],[14.763043,50.0776],[14.763423,50.077992],[14.763712,50.078303],[14.763776,50.078386],[14.763845,50.078545],[14.764059,50.079135],[14.764108,50.079255],[14.764139,50.079298],[14.764265,50.079621],[14.764376,50.079996],[14.76456,50.080444],[14.764798,50.080977],[14.764851,50.081062],[14.764901,50.081105],[14.76597,50.08094],[14.766415,50.080895],[14.767368,50.080959],[14.767366,50.08092],[14.766537,50.080848],[14.766405,50.080845],[14.766223,50.080855],[14.765102,50.081031],[14.764929,50.081048],[14.764868,50.080988]]]},"properties":{"id":2251645204,"ku":"Tuklaty","p":"1232","druh":"vodní plocha","vyuziti":"koryto vodního toku přirozené nebo upravené","vymera":3899,"lv":null}},{"type":"Feature","geometry":{"type":"Polygon","coordinates":[[[14.742144,50.071314],[14.74249,50.071396],[14.742962,50.070132],[14.742594,50.070111],[14.742144,50.071314]]]},"properties":{"id":2251591204,"ku":"Tuklaty","p":"1178","druh":"orná půda","vyuziti":null,"vymera":3695,"lv":null}},{"type":"Feature","geometry":{"type":"Polygon","coordinates":[[[14.741948,50.072771],[14.741316,50.072615],[14.740581,50.072447],[14.739873,50.072296],[14.739304,50.072157],[14.73867,50.07203],[14.738677,50.072092],[14.743516,50.073163],[14.744822,50.073463],[14.745728,50.073652],[14.744959,50.07348],[14.743306,50.073091],[14.742859,50.072968],[14.74262,50.072885],[14.742596,50.072858],[14.742493,50.072859],[14.742266,50.072826],[14.74211,50.072777],[14.741948,50.072771]]]},"properties":{"id":2251595204,"ku":"Tuklaty","p":"1182","druh":"ostatní plocha","vyuziti":"zeleň","vymera":2624,"lv":null}},{"type":"Feature","geometry":{"type":"Polygon","coordinates":[[[14.738533,50.071099],[14.739006,50.070747],[14.738893,50.070722],[14.738515,50.070881],[14.738498,50.070995],[14.738533,50.071099]]]},"properties":{"id":2251599204,"ku":"Tuklaty","p":"1186","druh":"orná půda","vyuziti":null,"vymera":563,"lv":null}},{"type":"Feature","geometry":{"type":"Polygon","coordinates":[[[14.755438,50.072483],[14.755432,50.072539],[14.755467,50.072539],[14.757217,50.072486],[14.758179,50.072439],[14.758235,50.072427],[14.758572,50.072417],[14.758625,50.072442],[14.758688,50.072425],[14.758687,50.072414],[14.75858,50.072412],[14.755438,50.072483]]]},"properties":{"id":2251534204,"ku":"Tuklaty","p":"1121","druh":"ostatní plocha","vyuziti":"jiná plocha","vymera":1006,"lv":null}},{"type":"Feature","geometry":{"type":"Polygon","coordinates":[[[14.756563,50.084711],[14.756074,50.084427],[14.75598,50.084504],[14.756447,50.084776],[14.756563,50.084711]]]},"properties":{"id":1535554204,"ku":"Tuklaty","p":"805/2","druh":"orná půda","vyuziti":null,"vymera":502,"lv":null}},{"type":"Feature","geometry":{"type":"Polygon","coordinates":[[[14.756779,50.084589],[14.756251,50.084282],[14.756165,50.084353],[14.756672,50.084649],[14.756779,50.084589]]]},"properties":{"id":1535556204,"ku":"Tuklaty","p":"805/4","druh":"orná půda","vyuziti":null,"vymera":501,"lv":null}},{"type":"Feature","geometry":{"type":"Polygon","coordinates":[[[14.756881,50.084531],[14.756334,50.084213],[14.756251,50.084282],[14.756779,50.084589],[14.756881,50.084531]]]},"properties":{"id":1535557204,"ku":"Tuklaty","p":"805/5","druh":"orná půda","vyuziti":null,"vymera":501,"lv":null}},{"type":"Feature","geometry":{"type":"Polygon","coordinates":[[[14.756979,50.084476],[14.756416,50.084147],[14.756334,50.084213],[14.756881,50.084531],[14.756979,50.084476]]]},"properties":{"id":1535558204,"ku":"Tuklaty","p":"805/6","druh":"zahrada","vyuziti":null,"vymera":500,"lv":null}},{"type":"Feature","geometry":{"type":"Polygon","coordinates":[[[14.757179,50.084379],[14.756568,50.084022],[14.756494,50.084083],[14.75708,50.084427],[14.757179,50.084379]]]},"properties":{"id":1535560204,"ku":"Tuklaty","p":"805/8","druh":"orná půda","vyuziti":null,"vymera":500,"lv":null}},{"type":"Feature","geometry":{"type":"Polygon","coordinates":[[[14.778862,50.086156],[14.779053,50.086131],[14.779052,50.085964],[14.778804,50.085995],[14.778862,50.086156]]]},"properties":{"id":1535365204,"ku":"Tuklaty","p":"275/6","druh":"ostatní plocha","vyuziti":"manipulační plocha","vymera":293,"lv":null}},{"type":"Feature","geometry":{"type":"Polygon","coordinates":[[[14.772621,50.084295],[14.771982,50.084496],[14.771679,50.084583],[14.771264,50.08467],[14.771571,50.084893],[14.771815,50.084695],[14.772092,50.084612],[14.7738,50.084003],[14.774496,50.083748],[14.774748,50.083641],[14.774981,50.083519],[14.776321,50.082661],[14.777482,50.081905],[14.777483,50.081783],[14.776974,50.082086],[14.775891,50.082778],[14.775661,50.082942],[14.774881,50.083426],[14.774649,50.083548],[14.77466,50.083558],[14.774452,50.083651],[14.772621,50.084295]]]},"properties":{"id":2251456204,"ku":"Tuklaty","p":"1043","druh":"ostatní plocha","vyuziti":"silnice","vymera":6933,"lv":null}},{"type":"Feature","geometry":{"type":"Polygon","coordinates":[[[14.741727,50.073323],[14.741627,50.07343],[14.741359,50.073604],[14.741145,50.073701],[14.74094,50.073772],[14.740706,50.073837],[14.740462,50.073877],[14.740302,50.073888],[14.740158,50.073873],[14.740142,50.07401],[14.7404,50.074026],[14.740774,50.073996],[14.740993,50.073949],[14.741765,50.073623],[14.741907,50.073523],[14.742151,50.073239],[14.741833,50.07315],[14.741727,50.073323]]]},"properties":{"id":1535616204,"ku":"Tuklaty","p":"888/2","druh":"ostatní plocha","vyuziti":"ostatní komunikace","vymera":3199,"lv":null}},{"type":"Feature","geometry":{"type":"Polygon","coordinates":[[[14.76706,50.083879],[14.76691,50.083735],[14.766657,50.083761],[14.766681,50.083886],[14.76706,50.083879]]]},"properties":{"id":1534959204,"ku":"Tuklaty","p":"st. 24","druh":"zastavěná plocha a nádvoří","vyuziti":null,"vymera":349,"lv":null}},{"type":"Feature","geometry":{"type":"Polygon","coordinates":[[[14.772782,50.080757],[14.773167,50.080879],[14.773382,50.0805],[14.772991,50.08038],[14.772782,50.080757]]]},"properties":{"id":2011776204,"ku":"Tuklaty","p":"342/5","druh":"orná půda","vyuziti":null,"vymera":1372,"lv":null}},{"type":"Feature","geometry":{"type":"Polygon","coordinates":[[[14.757614,50.071841],[14.757734,50.07185],[14.757834,50.071895],[14.757896,50.071889],[14.757851,50.071704],[14.757809,50.071601],[14.757776,50.071479],[14.757777,50.071325],[14.757718,50.071267],[14.757469,50.071224],[14.75726,50.071203],[14.757296,50.071868],[14.757614,50.071841]]]},"properties":{"id":2251537204,"ku":"Tuklaty","p":"1124","druh":"orná půda","vyuziti":null,"vymera":2631,"lv":null}},{"type":"Feature","geometry":{"type":"Polygon","coordinates":[[[14.757842,50.071349],[14.757865,50.071245],[14.757483,50.07118],[14.75699,50.071128],[14.756224,50.071035],[14.755862,50.070952],[14.755483,50.070894],[14.754841,50.070861],[14.754465,50.070885],[14.753837,50.07098],[14.752903,50.071177],[14.752905,50.071225],[14.753856,50.071024],[14.754476,50.070929],[14.754841,50.070907],[14.755472,50.070938],[14.755842,50.070995],[14.756206,50.071078],[14.757012,50.071177],[14.757469,50.071224],[14.757718,50.071267],[14.757777,50.071325],[14.757776,50.071479],[14.757809,50.071601],[14.757851,50.071704],[14.757896,50.071889],[14.757834,50.071895],[14.757881,50.071945],[14.757899,50.072001],[14.758016,50.071997],[14.757845,50.071474],[14.757842,50.071349]]]},"properties":{"id":2251540204,"ku":"Tuklaty","p":"1127","druh":"ostatní plocha","vyuziti":"ostatní komunikace","vymera":2297,"lv":null}},{"type":"Feature","geometry":{"type":"Polygon","coordinates":[[[14.754841,50.070907],[14.754476,50.070929],[14.753856,50.071024],[14.753023,50.0712],[14.753059,50.071876],[14.753769,50.072028],[14.754092,50.072075],[14.754841,50.072149],[14.75508,50.072219],[14.755548,50.072221],[14.755479,50.070939],[14.754841,50.070907]]]},"properties":{"id":2251541204,"ku":"Tuklaty","p":"1128","druh":"orná půda","vyuziti":null,"vymera":21362,"lv":null}},{"type":"Feature","geometry":{"type":"Polygon","coordinates":[[[14.777483,50.081783],[14.777484,50.081573],[14.776723,50.081605],[14.776191,50.08158],[14.775857,50.082803],[14.776974,50.082086],[14.777483,50.081783]]]},"properties":{"id":2251458204,"ku":"Tuklaty","p":"1045","druh":"orná půda","vyuziti":null,"vymera":7395,"lv":null}},{"type":"Feature","geometry":{"type":"Polygon","coordinates":[[[14.774463,50.090348],[14.774762,50.090388],[14.775097,50.088761],[14.774798,50.088725],[14.774463,50.090348]]]},"properties":{"id":2251417204,"ku":"Tuklaty","p":"1004","druh":"orná půda","vyuziti":null,"vymera":3967,"lv":null}},{"type":"Feature","geometry":{"type":"Polygon","coordinates":[[[14.766051,50.0934],[14.76917,50.094249],[14.769279,50.093821],[14.769409,50.093417],[14.769545,50.09305],[14.769733,50.092625],[14.770137,50.09181],[14.770224,50.091584],[14.770292,50.091147],[14.77018,50.090655],[14.770146,50.090075],[14.767837,50.089447],[14.767409,50.090113],[14.767239,50.090333],[14.768244,50.090647],[14.767667,50.092239],[14.767051,50.092062],[14.766228,50.093186],[14.766051,50.0934]]]},"properties":{"id":2251422204,"ku":"Tuklaty","p":"1009","druh":"orná půda","vyuziti":null,"vymera":87850,"lv":null}},{"type":"Feature","geometry":{"type":"Polygon","coordinates":[[[14.760393,50.081398],[14.760448,50.081443],[14.760466,50.079854],[14.76041,50.07985],[14.760393,50.081398]]]},"properties":{"id":2251657204,"ku":"Tuklaty","p":"1244","druh":"ostatní plocha","vyuziti":"ostatní komunikace","vymera":698,"lv":null}},{"type":"Feature","geometry":{"type":"Polygon","coordinates":[[[14.760397,50.082581],[14.760403,50.082566],[14.760729,50.082339],[14.760877,50.082256],[14.761095,50.082172],[14.761366,50.082108],[14.761087,50.08207],[14.761058,50.082054],[14.760743,50.082235],[14.760551,50.082356],[14.760332,50.082519],[14.760397,50.082581]]]},"properties":{"id":2251663204,"ku":"Tuklaty","p":"1250","druh":"ostatní plocha","vyuziti":"ostatní komunikace","vymera":717,"lv":null}},{"type":"Feature","geometry":{"type":"Polygon","coordinates":[[[14.76436,50.08198],[14.763754,50.08191],[14.763733,50.082312],[14.764264,50.08228],[14.76436,50.08198]]]},"properties":{"id":2251665204,"ku":"Tuklaty","p":"1252","druh":"orná půda","vyuziti":null,"vymera":1597,"lv":null}},{"type":"Feature","geometry":{"type":"Polygon","coordinates":[[[14.773621,50.077025],[14.773666,50.07672],[14.773813,50.076379],[14.774235,50.076078],[14.774357,50.075961],[14.774468,50.075759],[14.77547,50.075805],[14.77547,50.075626],[14.775429,50.075596],[14.775431,50.073119],[14.775375,50.073116],[14.775373,50.07571],[14.775303,50.075752],[14.774394,50.07571],[14.774369,50.075803],[14.774294,50.075941],[14.77418,50.07605],[14.77375,50.076356],[14.773599,50.076708],[14.773495,50.077017],[14.773621,50.077025]]]},"properties":{"id":2251483204,"ku":"Tuklaty","p":"1070","druh":"ostatní plocha","vyuziti":"ostatní komunikace","vymera":2493,"lv":null}},{"type":"Feature","geometry":{"type":"Polygon","coordinates":[[[14.767303,50.087513],[14.767134,50.087636],[14.766739,50.087899],[14.76644,50.088165],[14.766345,50.088385],[14.766318,50.08842],[14.766825,50.088479],[14.766869,50.088466],[14.767587,50.087667],[14.767303,50.087513]]]},"properties":{"id":2251438204,"ku":"Tuklaty","p":"1025","druh":"orná půda","vyuziti":null,"vymera":4221,"lv":null}},{"type":"Feature","geometry":{"type":"Polygon","coordinates":[[[14.763875,50.090212],[14.764672,50.090364],[14.765874,50.088731],[14.765787,50.088743],[14.764885,50.088731],[14.763875,50.090212]]]},"properties":{"id":2251442204,"ku":"Tuklaty","p":"1029","druh":"orná půda","vyuziti":null,"vymera":11682,"lv":null}},{"type":"Feature","geometry":{"type":"Polygon","coordinates":[[[14.760857,50.081302],[14.760815,50.08172],[14.761184,50.081916],[14.761273,50.081947],[14.761378,50.081948],[14.761317,50.081678],[14.761218,50.081452],[14.761091,50.081383],[14.760857,50.081302]]]},"properties":{"id":2251659204,"ku":"Tuklaty","p":"1246","druh":"ostatní plocha","vyuziti":"neplodná půda","vymera":1794,"lv":null}},{"type":"Feature","geometry":{"type":"Polygon","coordinates":[[[14.760491,50.082504],[14.763733,50.082312],[14.763754,50.08191],[14.763612,50.081894],[14.763359,50.081899],[14.761366,50.082108],[14.761095,50.082172],[14.760877,50.082256],[14.760729,50.082339],[14.760491,50.082504]]]},"properties":{"id":2251664204,"ku":"Tuklaty","p":"1251","druh":"orná půda","vyuziti":null,"vymera":9005,"lv":null}},{"type":"Feature","geometry":{"type":"Polygon","coordinates":[[[14.742596,50.072858],[14.742587,50.072801],[14.74259,50.072727],[14.742495,50.072749],[14.742503,50.072803],[14.742596,50.072858]]]},"properties":{"id":2257093204,"ku":"Tuklaty","p":"1275","druh":"ostatní plocha","vyuziti":"jiná plocha","vymera":66,"lv":null}},{"type":"Feature","geometry":{"type":"Polygon","coordinates":[[[14.777539,50.071606],[14.777812,50.071585],[14.777637,50.071582],[14.775186,50.071152],[14.77519,50.070998],[14.775133,50.071003],[14.77513,50.07117],[14.775145,50.071173],[14.775145,50.071188],[14.775769,50.071314],[14.777539,50.071606]]]},"properties":{"id":2251486204,"ku":"Tuklaty","p":"1073","druh":"vodní plocha","vyuziti":"koryto vodního toku přirozené nebo upravené","vymera":1093,"lv":null}},{"type":"Feature","geometry":{"type":"Polygon","coordinates":[[[14.767643,50.087627],[14.767628,50.087622],[14.767587,50.087667],[14.768368,50.087865],[14.768466,50.087677],[14.767786,50.087478],[14.767643,50.087627]]]},"properties":{"id":2251435204,"ku":"Tuklaty","p":"1022","druh":"orná půda","vyuziti":null,"vymera":1323,"lv":null}},{"type":"Feature","geometry":{"type":"Polygon","coordinates":[[[14.767135,50.088242],[14.768205,50.088502],[14.76835,50.087899],[14.76766,50.087729],[14.767579,50.087747],[14.767135,50.088242]]]},"properties":{"id":2251437204,"ku":"Tuklaty","p":"1024","druh":"orná půda","vyuziti":null,"vymera":4609,"lv":null}},{"type":"Feature","geometry":{"type":"Polygon","coordinates":[[[14.766599,50.088837],[14.766882,50.088522],[14.766378,50.088464],[14.766337,50.088477],[14.766305,50.088519],[14.766156,50.088622],[14.76599,50.088699],[14.765874,50.088731],[14.764672,50.090364],[14.765372,50.090497],[14.766599,50.088837]]]},"properties":{"id":2251441204,"ku":"Tuklaty","p":"1028","druh":"orná půda","vyuziti":null,"vymera":12076,"lv":null}},{"type":"Feature","geometry":{"type":"Polygon","coordinates":[[[14.773837,50.094686],[14.773937,50.094716],[14.773961,50.094668],[14.77386,50.094638],[14.773837,50.094686]]]},"properties":{"id":2251390204,"ku":"Tuklaty","p":"977","druh":"orná půda","vyuziti":null,"vymera":44,"lv":null}},{"type":"Feature","geometry":{"type":"Polygon","coordinates":[[[14.770057,50.079672],[14.770091,50.079831],[14.770569,50.079806],[14.77049,50.079442],[14.770057,50.079672]],[[14.770239,50.079708],[14.770233,50.079663],[14.770302,50.079659],[14.770296,50.079619],[14.770434,50.07961],[14.770457,50.079778],[14.770307,50.079786],[14.770305,50.079773],[14.770168,50.079781],[14.770159,50.079723],[14.770205,50.07972],[14.770203,50.07971],[14.770239,50.079708]]]},"properties":{"id":1535485204,"ku":"Tuklaty","p":"410/15","druh":"zahrada","vyuziti":null,"vymera":718,"lv":null}},{"type":"Feature","geometry":{"type":"Polygon","coordinates":[[[14.771713,50.080427],[14.772005,50.080502],[14.772208,50.080138],[14.771923,50.08005],[14.771713,50.080427]],[[14.77175,50.080402],[14.771774,50.080408],[14.771758,50.080433],[14.771735,50.080427],[14.77175,50.080402]]]},"properties":{"id":2284189204,"ku":"Tuklaty","p":"342/6","druh":"orná půda","vyuziti":null,"vymera":980,"lv":null}},{"type":"Feature","geometry":{"type":"Polygon","coordinates":[[[14.766473,50.082795],[14.766663,50.082954],[14.767159,50.082928],[14.767071,50.082688],[14.766473,50.082795]],[[14.767049,50.082903],[14.766722,50.082919],[14.766715,50.082862],[14.766857,50.082855],[14.766851,50.082805],[14.766963,50.0828],[14.766969,50.082849],[14.767042,50.082845],[14.767049,50.082903]]]},"properties":{"id":2113220204,"ku":"Tuklaty","p":"62/46","druh":"orná půda","vyuziti":null,"vymera":747,"lv":null}},{"type":"Feature","geometry":{"type":"Polygon","coordinates":[[[14.768476,50.081514],[14.766881,50.081718],[14.766654,50.081534],[14.766545,50.081576],[14.766714,50.081712],[14.767132,50.082856],[14.767242,50.082839],[14.767525,50.082976],[14.767532,50.083005],[14.768205,50.082992],[14.768525,50.082974],[14.768529,50.082882],[14.76851,50.082854],[14.768403,50.082215],[14.768236,50.081682],[14.768236,50.081661],[14.768271,50.081627],[14.768501,50.081593],[14.768476,50.081514]],[[14.767216,50.082722],[14.766895,50.081856],[14.766905,50.081815],[14.766956,50.081791],[14.768097,50.081645],[14.768274,50.082197],[14.7683,50.082412],[14.768383,50.08285],[14.768378,50.082869],[14.768362,50.082887],[14.768313,50.082906],[14.768124,50.082916],[14.767626,50.082923],[14.767216,50.082722]]]},"properties":{"id":2113238204,"ku":"Tuklaty","p":"62/62","druh":"orná půda","vyuziti":null,"vymera":4652,"lv":null}},{"type":"Feature","geometry":{"type":"Polygon","coordinates":[[[14.766985,50.082461],[14.766902,50.082233],[14.766254,50.082349],[14.766342,50.082576],[14.766985,50.082461]],[[14.766537,50.082508],[14.766495,50.082411],[14.766738,50.082368],[14.766766,50.082433],[14.766786,50.08243],[14.766778,50.082409],[14.766871,50.082392],[14.766893,50.082444],[14.766537,50.082508]]]},"properties":{"id":2113222204,"ku":"Tuklaty","p":"62/48","druh":"orná půda","vyuziti":null,"vymera":1000,"lv":null}},{"type":"Feature","geometry":{"type":"Polygon","coordinates":[[[14.767901,50.082658],[14.767762,50.082667],[14.767208,50.082706],[14.767216,50.082722],[14.767626,50.082923],[14.767945,50.082919],[14.767901,50.082658]],[[14.767682,50.082874],[14.767666,50.082774],[14.767806,50.082765],[14.767812,50.082796],[14.767825,50.082795],[14.767832,50.082833],[14.767783,50.082836],[14.767788,50.082867],[14.767682,50.082874]]]},"properties":{"id":2113236204,"ku":"Tuklaty","p":"62/60","druh":"zahrada","vyuziti":null,"vymera":923,"lv":null}},{"type":"Feature","geometry":{"type":"Polygon","coordinates":[[[14.767071,50.082688],[14.766985,50.082461],[14.766342,50.082576],[14.766409,50.082743],[14.766473,50.082795],[14.767071,50.082688]],[[14.766703,50.082721],[14.766661,50.082624],[14.766837,50.082593],[14.766864,50.082657],[14.766882,50.082654],[14.766875,50.082637],[14.766957,50.082623],[14.766978,50.082672],[14.766703,50.082721]],[[14.766498,50.082767],[14.766446,50.082725],[14.766491,50.082702],[14.766543,50.082744],[14.766498,50.082767]]]},"properties":{"id":2113221204,"ku":"Tuklaty","p":"62/47","druh":"orná půda","vyuziti":null,"vymera":1016,"lv":null}},{"type":"Feature","geometry":{"type":"Polygon","coordinates":[[[14.770603,50.085604],[14.770585,50.085653],[14.770602,50.085656],[14.770592,50.085683],[14.770573,50.085683],[14.770692,50.085702],[14.770723,50.085622],[14.770603,50.085604]]]},"properties":{"id":1997717204,"ku":"Tuklaty","p":"30/16","druh":"zahrada","vyuziti":null,"vymera":76,"lv":null}},{"type":"Feature","geometry":{"type":"Polygon","coordinates":[[[14.773248,50.082866],[14.77307,50.082837],[14.773027,50.082946],[14.773204,50.082975],[14.773248,50.082866]]]},"properties":{"id":2216601204,"ku":"Tuklaty","p":"st. 330","druh":"zastavěná plocha a nádvoří","vyuziti":null,"vymera":165,"lv":null}},{"type":"Feature","geometry":{"type":"Polygon","coordinates":[[[14.772206,50.093917],[14.772395,50.093958],[14.773368,50.094094],[14.770772,50.093511],[14.770369,50.093443],[14.769585,50.093356],[14.769565,50.093445],[14.769622,50.093497],[14.770324,50.093574],[14.770711,50.09364],[14.772251,50.093986],[14.772181,50.093949],[14.772206,50.093917]]]},"properties":{"id":2251394204,"ku":"Tuklaty","p":"981","druh":"ostatní plocha","vyuziti":"zeleň","vymera":3376,"lv":null}},{"type":"Feature","geometry":{"type":"Polygon","coordinates":[[[14.777075,50.095064],[14.777413,50.094009],[14.777113,50.093971],[14.775906,50.093726],[14.775356,50.094824],[14.775927,50.094934],[14.777075,50.095064]]]},"properties":{"id":2251398204,"ku":"Tuklaty","p":"985","druh":"orná půda","vyuziti":null,"vymera":14845,"lv":null}},{"type":"Feature","geometry":{"type":"Polygon","coordinates":[[[14.763747,50.088702],[14.76348,50.08888],[14.763029,50.089264],[14.762511,50.089621],[14.762876,50.089861],[14.763111,50.089557],[14.763689,50.088973],[14.764018,50.08871],[14.764146,50.088622],[14.765422,50.088224],[14.764512,50.088199],[14.763886,50.088555],[14.763747,50.088702]]]},"properties":{"id":1535324204,"ku":"Tuklaty","p":"127/1","druh":"lesní pozemek","vyuziti":null,"vymera":5685,"lv":null}},{"type":"Feature","geometry":{"type":"Polygon","coordinates":[[[14.76758,50.085249],[14.767354,50.085596],[14.767416,50.08563],[14.767477,50.085557],[14.767632,50.085286],[14.767666,50.085242],[14.767703,50.085232],[14.767988,50.085207],[14.768106,50.085095],[14.768126,50.08509],[14.768196,50.084995],[14.768133,50.084964],[14.768074,50.085044],[14.767902,50.085163],[14.76758,50.085249]]]},"properties":{"id":1535258204,"ku":"Tuklaty","p":"41","druh":"vodní plocha","vyuziti":"koryto vodního toku umělé","vymera":513,"lv":null}},{"type":"Feature","geometry":{"type":"Polygon","coordinates":[[[14.769077,50.085718],[14.768809,50.085622],[14.76872,50.085725],[14.768994,50.085818],[14.769077,50.085718]]]},"properties":{"id":1534935204,"ku":"Tuklaty","p":"st. 1","druh":"zastavěná plocha a nádvoří","vyuziti":null,"vymera":284,"lv":null}},{"type":"Feature","geometry":{"type":"Polygon","coordinates":[[[14.770693,50.084516],[14.770686,50.084561],[14.770662,50.08456],[14.770656,50.08461],[14.770564,50.084609],[14.770563,50.084634],[14.770458,50.084633],[14.770456,50.08472],[14.770836,50.084727],[14.770873,50.084529],[14.770693,50.084516]]]},"properties":{"id":1534942204,"ku":"Tuklaty","p":"st. 8","druh":"zastavěná plocha a nádvoří","vyuziti":null,"vymera":474,"lv":null}},{"type":"Feature","geometry":{"type":"Polygon","coordinates":[[[14.768135,50.084456],[14.768126,50.084452],[14.768135,50.084443],[14.767948,50.084351],[14.76789,50.084399],[14.767893,50.084413],[14.767918,50.084425],[14.767728,50.084583],[14.767641,50.084638],[14.76779,50.084751],[14.767962,50.084644],[14.768135,50.084456]]]},"properties":{"id":1534951204,"ku":"Tuklaty","p":"st. 17/2","druh":"zastavěná plocha a nádvoří","vyuziti":null,"vymera":682,"lv":null}},{"type":"Feature","geometry":{"type":"Polygon","coordinates":[[[14.766696,50.08342],[14.766812,50.083374],[14.766638,50.083227],[14.766613,50.08319],[14.766509,50.083229],[14.766541,50.083272],[14.766696,50.08342]]]},"properties":{"id":1534955204,"ku":"Tuklaty","p":"st. 20","druh":"zastavěná plocha a nádvoří","vyuziti":null,"vymera":226,"lv":null}},{"type":"Feature","geometry":{"type":"Polygon","coordinates":[[[14.767177,50.084052],[14.767113,50.083944],[14.76706,50.083879],[14.766681,50.083886],[14.766677,50.083853],[14.766307,50.083873],[14.766304,50.083863],[14.766185,50.083873],[14.766217,50.084228],[14.766406,50.084204],[14.766865,50.084186],[14.766873,50.084129],[14.7671,50.084143],[14.767203,50.084132],[14.767177,50.084052]],[[14.766501,50.084126],[14.766568,50.084118],[14.766585,50.084176],[14.766518,50.084183],[14.766501,50.084126]],[[14.76642,50.084091],[14.766413,50.084069],[14.766385,50.084072],[14.766357,50.083978],[14.766501,50.08396],[14.766529,50.084054],[14.766484,50.084059],[14.766491,50.084081],[14.76642,50.084091]]]},"properties":{"id":1534960204,"ku":"Tuklaty","p":"st. 25/1","druh":"zastavěná plocha a nádvoří","vyuziti":"zbořeniště","vymera":2175,"lv":null}},{"type":"Feature","geometry":{"type":"Polygon","coordinates":[[[14.767031,50.084405],[14.766839,50.084383],[14.766631,50.084441],[14.76659,50.084467],[14.766578,50.08453],[14.766666,50.08454],[14.766654,50.084588],[14.76725,50.084628],[14.76727,50.084378],[14.767049,50.084367],[14.767031,50.084405]]]},"properties":{"id":1534964204,"ku":"Tuklaty","p":"st. 28","druh":"zastavěná plocha a nádvoří","vyuziti":null,"vymera":1096,"lv":null}},{"type":"Feature","geometry":{"type":"Polygon","coordinates":[[[14.766945,50.085362],[14.766689,50.085287],[14.766642,50.085353],[14.766902,50.085429],[14.766945,50.085362]]]},"properties":{"id":1534969204,"ku":"Tuklaty","p":"st. 31/2","druh":"zastavěná plocha a nádvoří","vyuziti":null,"vymera":163,"lv":null}},{"type":"Feature","geometry":{"type":"Polygon","coordinates":[[[14.770327,50.09036],[14.770453,50.091124],[14.771838,50.091346],[14.772243,50.090094],[14.770325,50.089834],[14.770259,50.089871],[14.770327,50.09036]]]},"properties":{"id":2251410204,"ku":"Tuklaty","p":"997","druh":"orná půda","vyuziti":null,"vymera":17354,"lv":null}},{"type":"Feature","geometry":{"type":"Polygon","coordinates":[[[14.742546,50.078532],[14.742532,50.07859],[14.742981,50.078564],[14.743153,50.074844],[14.742762,50.074758],[14.742546,50.078532]]]},"properties":{"id":2251606204,"ku":"Tuklaty","p":"1193","druh":"orná půda","vyuziti":null,"vymera":12513,"lv":null}},{"type":"Feature","geometry":{"type":"Polygon","coordinates":[[[14.743654,50.07484],[14.743917,50.074911],[14.744157,50.075016],[14.744421,50.075157],[14.745721,50.075936],[14.747189,50.0768],[14.747414,50.076912],[14.748056,50.077156],[14.748758,50.07741],[14.749423,50.077666],[14.749619,50.07485],[14.746728,50.074211],[14.746298,50.074091],[14.744858,50.07378],[14.743745,50.073528],[14.743654,50.07484]]]},"properties":{"id":2251610204,"ku":"Tuklaty","p":"1197","druh":"orná půda","vyuziti":null,"vymera":101862,"lv":null}},{"type":"Feature","geometry":{"type":"Polygon","coordinates":[[[14.750078,50.077148],[14.750055,50.077906],[14.753687,50.07914],[14.754691,50.079491],[14.754752,50.079469],[14.754341,50.079208],[14.754266,50.079095],[14.754231,50.078951],[14.754184,50.078468],[14.754131,50.07838],[14.754014,50.078274],[14.753638,50.078025],[14.752449,50.077258],[14.751986,50.07697],[14.751781,50.076918],[14.750095,50.07693],[14.750078,50.077148]]]},"properties":{"id":2251614204,"ku":"Tuklaty","p":"1201","druh":"orná půda","vyuziti":null,"vymera":42894,"lv":null}},{"type":"Feature","geometry":{"type":"Polygon","coordinates":[[[14.748875,50.083072],[14.748953,50.083008],[14.748994,50.082865],[14.749057,50.082481],[14.749111,50.081976],[14.747966,50.081885],[14.746886,50.081776],[14.746014,50.081645],[14.745824,50.082065],[14.744279,50.081928],[14.74416,50.082594],[14.744222,50.08265],[14.744214,50.082728],[14.748875,50.083072]]]},"properties":{"id":2251618204,"ku":"Tuklaty","p":"1205","druh":"orná půda","vyuziti":null,"vymera":39153,"lv":null}},{"type":"Feature","geometry":{"type":"Polygon","coordinates":[[[14.767748,50.086933],[14.767616,50.086888],[14.767434,50.08705],[14.76765,50.087143],[14.76768,50.087112],[14.767602,50.087078],[14.767748,50.086933]]]},"properties":{"id":1534977204,"ku":"Tuklaty","p":"st. 42/4","druh":"zastavěná plocha a nádvoří","vyuziti":null,"vymera":280,"lv":null}},{"type":"Feature","geometry":{"type":"Polygon","coordinates":[[[14.768896,50.086742],[14.768874,50.08673],[14.768881,50.086725],[14.768775,50.086671],[14.768685,50.086745],[14.768813,50.086809],[14.768896,50.086742]]]},"properties":{"id":1534981204,"ku":"Tuklaty","p":"st. 46/2","druh":"zastavěná plocha a nádvoří","vyuziti":null,"vymera":120,"lv":null}},{"type":"Feature","geometry":{"type":"Polygon","coordinates":[[[14.767916,50.085514],[14.767944,50.085506],[14.768005,50.085593],[14.768157,50.085547],[14.76805,50.085378],[14.767923,50.085411],[14.767936,50.085432],[14.767874,50.085449],[14.767916,50.085514]]]},"properties":{"id":1534986204,"ku":"Tuklaty","p":"st. 51/1","druh":"zastavěná plocha a nádvoří","vyuziti":null,"vymera":263,"lv":null}},{"type":"Feature","geometry":{"type":"Polygon","coordinates":[[[14.767619,50.084068],[14.767336,50.08408],[14.767368,50.084232],[14.767514,50.084222],[14.767619,50.084068]]]},"properties":{"id":1534993204,"ku":"Tuklaty","p":"st. 59","druh":"zastavěná plocha a nádvoří","vyuziti":null,"vymera":259,"lv":null}},{"type":"Feature","geometry":{"type":"Polygon","coordinates":[[[14.767697,50.083832],[14.76739,50.083804],[14.767236,50.083828],[14.767304,50.083957],[14.767315,50.084],[14.767543,50.083949],[14.767652,50.083963],[14.767697,50.083832]]]},"properties":{"id":1534997204,"ku":"Tuklaty","p":"st. 64","druh":"zastavěná plocha a nádvoří","vyuziti":null,"vymera":487,"lv":null}},{"type":"Feature","geometry":{"type":"Polygon","coordinates":[[[14.765282,50.082371],[14.765415,50.082409],[14.765478,50.082462],[14.765663,50.082394],[14.765567,50.082275],[14.765282,50.082371]]]},"properties":{"id":1535001204,"ku":"Tuklaty","p":"st. 68","druh":"zastavěná plocha a nádvoří","vyuziti":null,"vymera":270,"lv":null}},{"type":"Feature","geometry":{"type":"Polygon","coordinates":[[[14.769747,50.083671],[14.769735,50.083711],[14.769762,50.083715],[14.769718,50.083798],[14.769937,50.083827],[14.769985,50.083705],[14.769747,50.083671]]]},"properties":{"id":1535013204,"ku":"Tuklaty","p":"st. 81","druh":"zastavěná plocha a nádvoří","vyuziti":null,"vymera":230,"lv":null}},{"type":"Feature","geometry":{"type":"Polygon","coordinates":[[[14.770808,50.081527],[14.77036,50.081454],[14.770353,50.081472],[14.770409,50.08148],[14.770402,50.081497],[14.770477,50.081511],[14.770446,50.081592],[14.770423,50.081588],[14.770406,50.081635],[14.770428,50.081639],[14.770422,50.081653],[14.770743,50.081703],[14.770808,50.081527]]]},"properties":{"id":1535019204,"ku":"Tuklaty","p":"st. 86","druh":"zastavěná plocha a nádvoří","vyuziti":null,"vymera":515,"lv":null}},{"type":"Feature","geometry":{"type":"Polygon","coordinates":[[[14.771142,50.082004],[14.771054,50.081985],[14.771071,50.081955],[14.771157,50.081974],[14.771178,50.081933],[14.771,50.081908],[14.771007,50.081891],[14.770985,50.081888],[14.770978,50.081904],[14.770817,50.081879],[14.770749,50.082053],[14.771003,50.082094],[14.771043,50.082001],[14.771132,50.082022],[14.771142,50.082004]]]},"properties":{"id":1535023204,"ku":"Tuklaty","p":"st. 90/1","druh":"zastavěná plocha a nádvoří","vyuziti":null,"vymera":430,"lv":null}},{"type":"Feature","geometry":{"type":"Polygon","coordinates":[[[14.771657,50.082197],[14.771845,50.082227],[14.771878,50.08214],[14.771691,50.08211],[14.771657,50.082197]]]},"properties":{"id":1535028204,"ku":"Tuklaty","p":"st. 94","druh":"zastavěná plocha a nádvoří","vyuziti":null,"vymera":138,"lv":null}},{"type":"Feature","geometry":{"type":"Polygon","coordinates":[[[14.770736,50.077978],[14.770712,50.077882],[14.770524,50.077909],[14.770473,50.077836],[14.770371,50.077846],[14.770373,50.078008],[14.770736,50.077978]]]},"properties":{"id":1535039204,"ku":"Tuklaty","p":"st. 105","druh":"zastavěná plocha a nádvoří","vyuziti":null,"vymera":331,"lv":null}},{"type":"Feature","geometry":{"type":"Polygon","coordinates":[[[14.766151,50.08238],[14.766051,50.082238],[14.766002,50.082253],[14.765964,50.082205],[14.765925,50.082218],[14.765827,50.08235],[14.765901,50.082441],[14.766151,50.08238]]]},"properties":{"id":1535043204,"ku":"Tuklaty","p":"st. 109","druh":"zastavěná plocha a nádvoří","vyuziti":null,"vymera":351,"lv":null}},{"type":"Feature","geometry":{"type":"Polygon","coordinates":[[[14.772426,50.080883],[14.772438,50.080726],[14.772239,50.080718],[14.772233,50.0808],[14.772204,50.080799],[14.772199,50.080877],[14.772426,50.080883]]]},"properties":{"id":1535052204,"ku":"Tuklaty","p":"st. 118","druh":"zastavěná plocha a nádvoří","vyuziti":null,"vymera":269,"lv":null}},{"type":"Feature","geometry":{"type":"Polygon","coordinates":[[[14.771,50.08104],[14.770803,50.081008],[14.770731,50.081199],[14.770925,50.08123],[14.771,50.08104]]]},"properties":{"id":1535057204,"ku":"Tuklaty","p":"st. 123","druh":"zastavěná plocha a nádvoří","vyuziti":null,"vymera":315,"lv":null}},{"type":"Feature","geometry":{"type":"Polygon","coordinates":[[[14.770585,50.085653],[14.770603,50.085604],[14.77045,50.085576],[14.770418,50.085654],[14.770592,50.085683],[14.770602,50.085656],[14.770585,50.085653]]]},"properties":{"id":1997718204,"ku":"Tuklaty","p":"st. 319","druh":"zastavěná plocha a nádvoří","vyuziti":null,"vymera":107,"lv":null}},{"type":"Feature","geometry":{"type":"Polygon","coordinates":[[[14.772894,50.082717],[14.772802,50.082954],[14.77329,50.083011],[14.773375,50.082795],[14.772894,50.082717]],[[14.773027,50.082946],[14.77307,50.082837],[14.773248,50.082866],[14.773204,50.082975],[14.773027,50.082946]]]},"properties":{"id":1635573204,"ku":"Tuklaty","p":"296/42","druh":"zahrada","vyuziti":null,"vymera":759,"lv":null}},{"type":"Feature","geometry":{"type":"Polygon","coordinates":[[[14.756557,50.071921],[14.75665,50.071896],[14.75706,50.071885],[14.757296,50.071868],[14.75726,50.071203],[14.756397,50.071104],[14.756479,50.072015],[14.756495,50.071972],[14.756557,50.071921]]]},"properties":{"id":2251538204,"ku":"Tuklaty","p":"1125","druh":"orná půda","vyuziti":null,"vymera":4964,"lv":null}},{"type":"Feature","geometry":{"type":"Polygon","coordinates":[[[14.756503,50.072106],[14.756266,50.072209],[14.757064,50.072195],[14.757313,50.0722],[14.757296,50.071868],[14.75706,50.071885],[14.75665,50.071896],[14.756585,50.071909],[14.756511,50.071953],[14.756485,50.071993],[14.756479,50.072015],[14.756503,50.072106]]]},"properties":{"id":2251542204,"ku":"Tuklaty","p":"1129","druh":"ostatní plocha","vyuziti":"jiná plocha","vymera":2071,"lv":null}},{"type":"Feature","geometry":{"type":"Polygon","coordinates":[[[14.755218,50.075641],[14.755329,50.074089],[14.755431,50.072669],[14.755304,50.072675],[14.755094,50.075616],[14.755218,50.075641]]]},"properties":{"id":2251545204,"ku":"Tuklaty","p":"1132","druh":"orná půda","vyuziti":null,"vymera":2974,"lv":null}},{"type":"Feature","geometry":{"type":"Polygon","coordinates":[[[14.754678,50.074834],[14.754629,50.075523],[14.755094,50.075616],[14.755149,50.074848],[14.754678,50.074834]]]},"properties":{"id":2251546204,"ku":"Tuklaty","p":"1133","druh":"orná půda","vyuziti":null,"vymera":2737,"lv":null}},{"type":"Feature","geometry":{"type":"Polygon","coordinates":[[[14.777652,50.092228],[14.777769,50.091761],[14.777965,50.091287],[14.778048,50.090995],[14.777739,50.090932],[14.776792,50.093859],[14.777123,50.093926],[14.777395,50.093021],[14.777652,50.092228]]]},"properties":{"id":2251403204,"ku":"Tuklaty","p":"990","druh":"orná půda","vyuziti":null,"vymera":7704,"lv":null}},{"type":"Feature","geometry":{"type":"Polygon","coordinates":[[[14.776613,50.093823],[14.77714,50.092193],[14.771872,50.091351],[14.771413,50.092768],[14.776613,50.093823]]]},"properties":{"id":2251405204,"ku":"Tuklaty","p":"992","druh":"orná půda","vyuziti":null,"vymera":67159,"lv":null}},{"type":"Feature","geometry":{"type":"Polygon","coordinates":[[[14.76991,50.09257],[14.770023,50.092532],[14.777113,50.093971],[14.778038,50.094089],[14.77865,50.094253],[14.779157,50.094364],[14.779169,50.094319],[14.778675,50.094211],[14.778058,50.094045],[14.777123,50.093926],[14.770045,50.09249],[14.769984,50.092415],[14.76991,50.09257]]]},"properties":{"id":2251406204,"ku":"Tuklaty","p":"993","druh":"ostatní plocha","vyuziti":"ostatní komunikace","vymera":3469,"lv":null}},{"type":"Feature","geometry":{"type":"Polygon","coordinates":[[[14.765804,50.093762],[14.768999,50.094632],[14.769029,50.094587],[14.76917,50.094249],[14.766051,50.0934],[14.765993,50.09347],[14.765804,50.093762]]]},"properties":{"id":2251383204,"ku":"Tuklaty","p":"970","druh":"orná půda","vyuziti":null,"vymera":10821,"lv":null}},{"type":"Feature","geometry":{"type":"Polygon","coordinates":[[[14.742814,50.072365],[14.742864,50.07166],[14.741858,50.071422],[14.741765,50.072726],[14.741917,50.072763],[14.742215,50.072586],[14.742352,50.072483],[14.742482,50.072426],[14.742632,50.072389],[14.742814,50.072365]]]},"properties":{"id":2251590204,"ku":"Tuklaty","p":"1177","druh":"orná půda","vyuziti":null,"vymera":8220,"lv":null}},{"type":"Feature","geometry":{"type":"Polygon","coordinates":[[[14.769982,50.077325],[14.770372,50.077333],[14.770376,50.077109],[14.769956,50.077085],[14.769956,50.077102],[14.769891,50.077098],[14.769869,50.077263],[14.769982,50.077325]]]},"properties":{"id":1535080204,"ku":"Tuklaty","p":"st. 146","druh":"zastavěná plocha a nádvoří","vyuziti":null,"vymera":888,"lv":null}},{"type":"Feature","geometry":{"type":"Polygon","coordinates":[[[14.752903,50.071177],[14.752043,50.071333],[14.751327,50.07136],[14.750899,50.071327],[14.751067,50.071402],[14.751129,50.071438],[14.752148,50.071696],[14.752939,50.071853],[14.752903,50.071177]]]},"properties":{"id":2251557204,"ku":"Tuklaty","p":"1144","druh":"orná půda","vyuziti":null,"vymera":5137,"lv":null}},{"type":"Feature","geometry":{"type":"Polygon","coordinates":[[[14.772057,50.077874],[14.771344,50.077881],[14.7716,50.079071],[14.771067,50.079023],[14.771086,50.079099],[14.771617,50.079151],[14.771989,50.079176],[14.772058,50.078578],[14.772057,50.077874]]]},"properties":{"id":1535446204,"ku":"Tuklaty","p":"330/1","druh":"orná půda","vyuziti":null,"vymera":6066,"lv":null}},{"type":"Feature","geometry":{"type":"Polygon","coordinates":[[[14.75154,50.072571],[14.749878,50.072587],[14.74984,50.073021],[14.749977,50.073048],[14.750106,50.073061],[14.750307,50.073063],[14.750719,50.073014],[14.750838,50.072991],[14.750998,50.072942],[14.751114,50.072893],[14.751308,50.072786],[14.751445,50.07277],[14.751476,50.072758],[14.751527,50.072752],[14.75154,50.072571]]]},"properties":{"id":2251563204,"ku":"Tuklaty","p":"1150","druh":"ostatní plocha","vyuziti":"jiná plocha","vymera":5168,"lv":null}},{"type":"Feature","geometry":{"type":"Polygon","coordinates":[[[14.768789,50.087238],[14.768542,50.087118],[14.768528,50.087135],[14.768641,50.087206],[14.768757,50.087251],[14.768789,50.087238]]]},"properties":{"id":2251431204,"ku":"Tuklaty","p":"1018","druh":"orná půda","vyuziti":null,"vymera":61,"lv":null}},{"type":"Feature","geometry":{"type":"Polygon","coordinates":[[[14.764872,50.083691],[14.761916,50.083755],[14.762133,50.083861],[14.76214,50.083905],[14.76196,50.084317],[14.765432,50.084217],[14.76544,50.084195],[14.765322,50.083742],[14.764872,50.083691]]]},"properties":{"id":2251671204,"ku":"Tuklaty","p":"1258","druh":"orná půda","vyuziti":null,"vymera":14453,"lv":null}},{"type":"Feature","geometry":{"type":"Polygon","coordinates":[[[14.764767,50.085671],[14.762329,50.08582],[14.762436,50.086025],[14.762596,50.086178],[14.762926,50.086436],[14.764598,50.086418],[14.76495,50.086402],[14.764767,50.085671]]]},"properties":{"id":2251675204,"ku":"Tuklaty","p":"1262","druh":"orná půda","vyuziti":null,"vymera":12584,"lv":null}},{"type":"Feature","geometry":{"type":"Polygon","coordinates":[[[14.773002,50.080926],[14.772875,50.081055],[14.77287,50.081102],[14.773068,50.081143],[14.773199,50.081005],[14.773002,50.080926]]]},"properties":{"id":1535060204,"ku":"Tuklaty","p":"st. 126","druh":"zastavěná plocha a nádvoří","vyuziti":null,"vymera":330,"lv":null}},{"type":"Feature","geometry":{"type":"Polygon","coordinates":[[[14.741589,50.074502],[14.741489,50.074733],[14.741595,50.074756],[14.74171,50.07453],[14.741589,50.074502]]]},"properties":{"id":1535067204,"ku":"Tuklaty","p":"st. 132/1","druh":"zastavěná plocha a nádvoří","vyuziti":null,"vymera":231,"lv":null}},{"type":"Feature","geometry":{"type":"Polygon","coordinates":[[[14.7691,50.080771],[14.769067,50.080548],[14.76886,50.080559],[14.768892,50.080784],[14.7691,50.080771]]]},"properties":{"id":1535071204,"ku":"Tuklaty","p":"st. 136","druh":"zastavěná plocha a nádvoří","vyuziti":null,"vymera":371,"lv":null}},{"type":"Feature","geometry":{"type":"Polygon","coordinates":[[[14.770822,50.077277],[14.770818,50.077248],[14.770729,50.077251],[14.770733,50.077281],[14.770822,50.077277]]]},"properties":{"id":1535087204,"ku":"Tuklaty","p":"st. 153","druh":"zastavěná plocha a nádvoří","vyuziti":null,"vymera":21,"lv":null}},{"type":"Feature","geometry":{"type":"Polygon","coordinates":[[[14.775025,50.084942],[14.774964,50.084738],[14.774556,50.084789],[14.77455,50.084755],[14.774421,50.084771],[14.774493,50.085009],[14.775025,50.084942]]]},"properties":{"id":1535096204,"ku":"Tuklaty","p":"st. 162","druh":"zastavěná plocha a nádvoří","vyuziti":null,"vymera":933,"lv":null}},{"type":"Feature","geometry":{"type":"Polygon","coordinates":[[[14.767665,50.083667],[14.767617,50.083474],[14.76745,50.083492],[14.767496,50.083684],[14.767665,50.083667]]]},"properties":{"id":1535102204,"ku":"Tuklaty","p":"st. 168/1","druh":"zastavěná plocha a nádvoří","vyuziti":null,"vymera":264,"lv":null}},{"type":"Feature","geometry":{"type":"Polygon","coordinates":[[[14.77012,50.083122],[14.770107,50.083121],[14.770112,50.083106],[14.770038,50.083095],[14.770014,50.083165],[14.7701,50.083177],[14.77012,50.083122]]]},"properties":{"id":1535108204,"ku":"Tuklaty","p":"st. 173","druh":"zastavěná plocha a nádvoří","vyuziti":null,"vymera":49,"lv":null}},{"type":"Feature","geometry":{"type":"Polygon","coordinates":[[[14.769741,50.080283],[14.769593,50.080291],[14.769608,50.080402],[14.769698,50.080397],[14.769702,50.080427],[14.769759,50.080423],[14.769741,50.080283]]]},"properties":{"id":1535112204,"ku":"Tuklaty","p":"st. 177","druh":"zastavěná plocha a nádvoří","vyuziti":null,"vymera":145,"lv":null}},{"type":"Feature","geometry":{"type":"Polygon","coordinates":[[[14.770847,50.077683],[14.770867,50.077787],[14.770893,50.077784],[14.770898,50.077806],[14.77102,50.077796],[14.770996,50.077671],[14.770847,50.077683]]]},"properties":{"id":1535116204,"ku":"Tuklaty","p":"st. 181","druh":"zastavěná plocha a nádvoří","vyuziti":null,"vymera":145,"lv":null}},{"type":"Feature","geometry":{"type":"Polygon","coordinates":[[[14.771579,50.080606],[14.771556,50.080603],[14.77156,50.08059],[14.771455,50.080579],[14.771452,50.080592],[14.771429,50.08059],[14.771402,50.080702],[14.771551,50.080717],[14.771579,50.080606]]]},"properties":{"id":1535120204,"ku":"Tuklaty","p":"st. 185","druh":"zastavěná plocha a nádvoří","vyuziti":null,"vymera":147,"lv":null}},{"type":"Feature","geometry":{"type":"Polygon","coordinates":[[[14.771244,50.082811],[14.771212,50.082895],[14.771258,50.082902],[14.771246,50.082936],[14.771261,50.082939],[14.771268,50.082922],[14.771345,50.082934],[14.771384,50.082833],[14.771244,50.082811]]]},"properties":{"id":1535125204,"ku":"Tuklaty","p":"st. 190","druh":"zastavěná plocha a nádvoří","vyuziti":null,"vymera":115,"lv":null}},{"type":"Feature","geometry":{"type":"Polygon","coordinates":[[[14.768277,50.083921],[14.76832,50.083928],[14.768344,50.08387],[14.768301,50.083863],[14.768277,50.083921]]]},"properties":{"id":1535134204,"ku":"Tuklaty","p":"st. 199","druh":"zastavěná plocha a nádvoří","vyuziti":null,"vymera":21,"lv":null}},{"type":"Feature","geometry":{"type":"Polygon","coordinates":[[[14.766768,50.087596],[14.766684,50.087653],[14.766837,50.087746],[14.76692,50.087691],[14.766768,50.087596]]]},"properties":{"id":1535143204,"ku":"Tuklaty","p":"st. 208","druh":"zastavěná plocha a nádvoří","vyuziti":null,"vymera":131,"lv":null}},{"type":"Feature","geometry":{"type":"Polygon","coordinates":[[[14.766218,50.086822],[14.766337,50.0869],[14.766438,50.086836],[14.766321,50.086758],[14.766218,50.086822]]]},"properties":{"id":1535147204,"ku":"Tuklaty","p":"st. 213","druh":"zastavěná plocha a nádvoří","vyuziti":null,"vymera":124,"lv":null}},{"type":"Feature","geometry":{"type":"Polygon","coordinates":[[[14.773017,50.094016],[14.773415,50.093221],[14.770811,50.092692],[14.770424,50.093452],[14.770772,50.093511],[14.773017,50.094016]]]},"properties":{"id":2251396204,"ku":"Tuklaty","p":"983","druh":"orná půda","vyuziti":null,"vymera":17611,"lv":null}},{"type":"Feature","geometry":{"type":"Polygon","coordinates":[[[14.777437,50.094686],[14.777755,50.094766],[14.77797,50.094854],[14.778163,50.094122],[14.778038,50.094089],[14.777413,50.094009],[14.777075,50.095064],[14.777158,50.095074],[14.77722,50.095094],[14.777361,50.094852],[14.777414,50.094693],[14.777437,50.094686]]]},"properties":{"id":2251399204,"ku":"Tuklaty","p":"986","druh":"orná půda","vyuziti":null,"vymera":4964,"lv":null}},{"type":"Feature","geometry":{"type":"Polygon","coordinates":[[[14.767227,50.087464],[14.767303,50.087513],[14.76736,50.08746],[14.767227,50.087464]]]},"properties":{"id":1535640204,"ku":"Tuklaty","p":"917","druh":"zahrada","vyuziti":null,"vymera":27,"lv":null}},{"type":"Feature","geometry":{"type":"Polygon","coordinates":[[[14.764018,50.087806],[14.764008,50.087795],[14.763781,50.087526],[14.763793,50.087635],[14.763719,50.087808],[14.763763,50.087905],[14.764018,50.087806]]]},"properties":{"id":1621166204,"ku":"Tuklaty","p":"125/2","druh":"ostatní plocha","vyuziti":"sportoviště a rekreační plocha","vymera":409,"lv":null}},{"type":"Feature","geometry":{"type":"Polygon","coordinates":[[[14.766001,50.087166],[14.763849,50.087921],[14.764016,50.088101],[14.764418,50.08801],[14.76478,50.087902],[14.765204,50.087764],[14.765674,50.087599],[14.766002,50.087468],[14.766046,50.08744],[14.76606,50.087408],[14.765995,50.087247],[14.766001,50.087166]]]},"properties":{"id":1535321204,"ku":"Tuklaty","p":"126/1","druh":"orná půda","vyuziti":null,"vymera":4989,"lv":null}},{"type":"Feature","geometry":{"type":"Polygon","coordinates":[[[14.766146,50.087594],[14.76575,50.08773],[14.76535,50.087878],[14.764483,50.088153],[14.764512,50.088199],[14.765422,50.088224],[14.766348,50.087734],[14.766146,50.087594]],[[14.765587,50.088015],[14.765503,50.087921],[14.765784,50.087817],[14.765868,50.087912],[14.765587,50.088015]]]},"properties":{"id":1535325204,"ku":"Tuklaty","p":"127/2","druh":"trvalý travní porost","vyuziti":null,"vymera":3257,"lv":null}},{"type":"Feature","geometry":{"type":"Polygon","coordinates":[[[14.766348,50.087734],[14.765422,50.088224],[14.765672,50.088256],[14.766374,50.087751],[14.766348,50.087734]]]},"properties":{"id":1535326204,"ku":"Tuklaty","p":"127/3","druh":"ostatní plocha","vyuziti":"neplodná půda","vymera":716,"lv":null}},{"type":"Feature","geometry":{"type":"Polygon","coordinates":[[[14.764145,50.088251],[14.763794,50.088377],[14.763886,50.088555],[14.764512,50.088199],[14.764483,50.088153],[14.764145,50.088251]]]},"properties":{"id":1535328204,"ku":"Tuklaty","p":"128","druh":"lesní pozemek","vyuziti":null,"vymera":758,"lv":null}},{"type":"Feature","geometry":{"type":"Polygon","coordinates":[[[14.762591,50.089192],[14.762379,50.089361],[14.762097,50.089513],[14.762836,50.089913],[14.762876,50.089861],[14.762511,50.089621],[14.763029,50.089264],[14.76348,50.08888],[14.763747,50.088702],[14.763886,50.088555],[14.763794,50.088377],[14.763455,50.088539],[14.763116,50.088746],[14.762591,50.089192]]]},"properties":{"id":1535329204,"ku":"Tuklaty","p":"130","druh":"lesní pozemek","vyuziti":null,"vymera":5064,"lv":null}},{"type":"Feature","geometry":{"type":"Polygon","coordinates":[[[14.741689,50.07443],[14.741691,50.074409],[14.741112,50.074287],[14.741177,50.074164],[14.741304,50.07419],[14.74131,50.074177],[14.741439,50.074205],[14.741449,50.074173],[14.741507,50.074104],[14.741556,50.074003],[14.741726,50.074038],[14.741765,50.073623],[14.740993,50.073949],[14.740972,50.074257],[14.740898,50.074241],[14.740896,50.074264],[14.741689,50.07443]],[[14.741259,50.073838],[14.741703,50.073932],[14.741666,50.074004],[14.741461,50.07396],[14.74139,50.074098],[14.741151,50.074047],[14.741259,50.073838]]]},"properties":{"id":1535541204,"ku":"Tuklaty","p":"747/1","druh":"ostatní plocha","vyuziti":"manipulační plocha","vymera":1751,"lv":null}},{"type":"Feature","geometry":{"type":"Polygon","coordinates":[[[14.766997,50.086979],[14.76707,50.087011],[14.767077,50.087004],[14.767156,50.087037],[14.76722,50.086973],[14.767198,50.086964],[14.767271,50.086891],[14.767229,50.086875],[14.767209,50.086896],[14.767183,50.086885],[14.767191,50.086877],[14.767127,50.08685],[14.766997,50.086979]]]},"properties":{"id":1535153204,"ku":"Tuklaty","p":"st. 219","druh":"zastavěná plocha a nádvoří","vyuziti":null,"vymera":208,"lv":null}},{"type":"Feature","geometry":{"type":"Polygon","coordinates":[[[14.770591,50.085157],[14.770484,50.085141],[14.770489,50.085128],[14.77042,50.085118],[14.770384,50.085202],[14.770565,50.085229],[14.770591,50.085157]]]},"properties":{"id":1535154204,"ku":"Tuklaty","p":"st. 220","druh":"zastavěná plocha a nádvoří","vyuziti":null,"vymera":116,"lv":null}},{"type":"Feature","geometry":{"type":"Polygon","coordinates":[[[14.770522,50.078973],[14.770532,50.07902],[14.770629,50.079013],[14.770621,50.078966],[14.770522,50.078973]]]},"properties":{"id":1535158204,"ku":"Tuklaty","p":"st. 226","druh":"zastavěná plocha a nádvoří","vyuziti":null,"vymera":37,"lv":null}},{"type":"Feature","geometry":{"type":"Polygon","coordinates":[[[14.771532,50.083312],[14.771474,50.083302],[14.771448,50.083368],[14.771458,50.08337],[14.771451,50.083386],[14.771494,50.083393],[14.771532,50.083312]]]},"properties":{"id":1535159204,"ku":"Tuklaty","p":"st. 228","druh":"zastavěná plocha a nádvoří","vyuziti":null,"vymera":38,"lv":null}},{"type":"Feature","geometry":{"type":"Polygon","coordinates":[[[14.773466,50.084962],[14.773476,50.084992],[14.773293,50.085016],[14.773326,50.085126],[14.773558,50.085099],[14.773515,50.084956],[14.773466,50.084962]]]},"properties":{"id":1535163204,"ku":"Tuklaty","p":"st. 234","druh":"zastavěná plocha a nádvoří","vyuziti":null,"vymera":225,"lv":null}},{"type":"Feature","geometry":{"type":"Polygon","coordinates":[[[14.766315,50.087402],[14.766307,50.08739],[14.766435,50.087356],[14.766393,50.087289],[14.766353,50.087299],[14.766335,50.087273],[14.766243,50.087297],[14.766279,50.087353],[14.766212,50.08737],[14.766245,50.087421],[14.766315,50.087402]]]},"properties":{"id":1535169204,"ku":"Tuklaty","p":"st. 288","druh":"zastavěná plocha a nádvoří","vyuziti":null,"vymera":137,"lv":null}},{"type":"Feature","geometry":{"type":"Polygon","coordinates":[[[14.766574,50.087229],[14.766405,50.087054],[14.766368,50.087069],[14.766407,50.08711],[14.766347,50.087134],[14.766433,50.087225],[14.76647,50.087211],[14.766512,50.087254],[14.766574,50.087229]]]},"properties":{"id":1535170204,"ku":"Tuklaty","p":"st. 290","druh":"zastavěná plocha a nádvoří","vyuziti":null,"vymera":145,"lv":null}},{"type":"Feature","geometry":{"type":"Polygon","coordinates":[[[14.770399,50.085651],[14.770367,50.085735],[14.770541,50.085758],[14.770551,50.085731],[14.770535,50.085729],[14.770553,50.085679],[14.770399,50.085651]]]},"properties":{"id":1535173204,"ku":"Tuklaty","p":"st. 297","druh":"zastavěná plocha a nádvoří","vyuziti":null,"vymera":112,"lv":null}},{"type":"Feature","geometry":{"type":"Polygon","coordinates":[[[14.773481,50.083783],[14.77347,50.083734],[14.773524,50.083729],[14.773514,50.08368],[14.773433,50.083687],[14.773409,50.083679],[14.773332,50.083696],[14.773353,50.083795],[14.773424,50.083788],[14.773442,50.083798],[14.773467,50.083796],[14.773481,50.083783]]]},"properties":{"id":1535175204,"ku":"Tuklaty","p":"st. 299","druh":"zastavěná plocha a nádvoří","vyuziti":null,"vymera":131,"lv":null}},{"type":"Feature","geometry":{"type":"Polygon","coordinates":[[[14.766741,50.083709],[14.766745,50.083751],[14.76691,50.083735],[14.766817,50.083666],[14.766741,50.083709]]]},"properties":{"id":1535181204,"ku":"Tuklaty","p":"2","druh":"zahrada","vyuziti":null,"vymera":65,"lv":null}},{"type":"Feature","geometry":{"type":"Polygon","coordinates":[[[14.766113,50.086554],[14.766067,50.086589],[14.76623,50.086702],[14.766128,50.086765],[14.765976,50.086663],[14.765831,50.086778],[14.7659,50.086889],[14.765937,50.086879],[14.765979,50.086947],[14.765942,50.086957],[14.76597,50.087002],[14.766311,50.086685],[14.766113,50.086554]]]},"properties":{"id":1535189204,"ku":"Tuklaty","p":"16/3","druh":"zahrada","vyuziti":null,"vymera":616,"lv":null}},{"type":"Feature","geometry":{"type":"Polygon","coordinates":[[[14.765856,50.086387],[14.765662,50.086508],[14.765831,50.086778],[14.766113,50.086554],[14.765856,50.086387]],[[14.765993,50.08655],[14.76601,50.086561],[14.765918,50.086623],[14.765802,50.086549],[14.765903,50.086483],[14.766,50.086545],[14.765993,50.08655]]]},"properties":{"id":1535190204,"ku":"Tuklaty","p":"16/4","druh":"zahrada","vyuziti":null,"vymera":589,"lv":null}},{"type":"Feature","geometry":{"type":"Polygon","coordinates":[[[14.766875,50.08638],[14.766563,50.086738],[14.766584,50.086752],[14.766808,50.086516],[14.766875,50.08638]]]},"properties":{"id":1535195204,"ku":"Tuklaty","p":"16/9","druh":"vodní plocha","vyuziti":"koryto vodního toku přirozené nebo upravené","vymera":101,"lv":null}},{"type":"Feature","geometry":{"type":"Polygon","coordinates":[[[14.766125,50.087128],[14.766065,50.087153],[14.766254,50.087457],[14.766571,50.087335],[14.766125,50.087128]],[[14.766212,50.08737],[14.766279,50.087353],[14.766243,50.087297],[14.766335,50.087273],[14.766353,50.087299],[14.766393,50.087289],[14.766435,50.087356],[14.766307,50.08739],[14.766315,50.087402],[14.766245,50.087421],[14.766212,50.08737]]]},"properties":{"id":1535197204,"ku":"Tuklaty","p":"17/2","druh":"zahrada","vyuziti":null,"vymera":441,"lv":null}},{"type":"Feature","geometry":{"type":"Polygon","coordinates":[[[14.766743,50.086835],[14.766812,50.086895],[14.766898,50.086989],[14.767164,50.086748],[14.766923,50.086618],[14.766743,50.086835]],[[14.767043,50.0868],[14.766971,50.086869],[14.766948,50.08686],[14.766941,50.086867],[14.766817,50.086815],[14.766896,50.086737],[14.767043,50.0868]]]},"properties":{"id":1535201204,"ku":"Tuklaty","p":"17/8","druh":"zahrada","vyuziti":null,"vymera":486,"lv":null}},{"type":"Feature","geometry":{"type":"Polygon","coordinates":[[[14.767404,50.086673],[14.767264,50.08683],[14.767381,50.086967],[14.767503,50.086851],[14.767608,50.086703],[14.767404,50.086673]]]},"properties":{"id":1535206204,"ku":"Tuklaty","p":"18/3","druh":"zahrada","vyuziti":null,"vymera":417,"lv":null}},{"type":"Feature","geometry":{"type":"Polygon","coordinates":[[[14.76868,50.087036],[14.768852,50.087125],[14.768796,50.087241],[14.768969,50.086989],[14.769051,50.086742],[14.768997,50.086715],[14.768925,50.086812],[14.76868,50.087036]]]},"properties":{"id":1535213204,"ku":"Tuklaty","p":"23/1","druh":"ostatní plocha","vyuziti":"jiná plocha","vymera":495,"lv":null}},{"type":"Feature","geometry":{"type":"Polygon","coordinates":[[[14.769117,50.086749],[14.769082,50.087009],[14.769232,50.086903],[14.769379,50.086832],[14.769508,50.086791],[14.769117,50.086749]]]},"properties":{"id":1535214204,"ku":"Tuklaty","p":"23/3","druh":"ostatní plocha","vyuziti":"ostatní komunikace","vymera":349,"lv":null}},{"type":"Feature","geometry":{"type":"Polygon","coordinates":[[[14.770295,50.085248],[14.770186,50.085219],[14.770113,50.085116],[14.769988,50.085272],[14.769893,50.085314],[14.769845,50.085378],[14.769778,50.085518],[14.77014,50.085657],[14.770295,50.085248]]]},"properties":{"id":1535225204,"ku":"Tuklaty","p":"30/2","druh":"zahrada","vyuziti":null,"vymera":1169,"lv":null}},{"type":"Feature","geometry":{"type":"Polygon","coordinates":[[[14.770217,50.085461],[14.770189,50.085536],[14.770469,50.085579],[14.770499,50.085501],[14.770217,50.085461]]]},"properties":{"id":1535230204,"ku":"Tuklaty","p":"30/7","druh":"zahrada","vyuziti":null,"vymera":181,"lv":null}},{"type":"Feature","geometry":{"type":"Polygon","coordinates":[[[14.770246,50.085383],[14.770217,50.085461],[14.770522,50.085505],[14.770549,50.085425],[14.770246,50.085383]]]},"properties":{"id":1535231204,"ku":"Tuklaty","p":"30/8","druh":"zahrada","vyuziti":null,"vymera":200,"lv":null}},{"type":"Feature","geometry":{"type":"Polygon","coordinates":[[[14.770691,50.085533],[14.770674,50.085532],[14.770754,50.085545],[14.770784,50.085468],[14.770705,50.085452],[14.770685,50.085503],[14.770702,50.085506],[14.770691,50.085533]]]},"properties":{"id":1535237204,"ku":"Tuklaty","p":"30/15","druh":"zahrada","vyuziti":null,"vymera":50,"lv":null}},{"type":"Feature","geometry":{"type":"Polygon","coordinates":[[[14.770471,50.084503],[14.770458,50.084633],[14.770563,50.084634],[14.770564,50.084609],[14.770656,50.08461],[14.770662,50.08456],[14.770686,50.084561],[14.770693,50.084516],[14.770471,50.084503]]]},"properties":{"id":1535238204,"ku":"Tuklaty","p":"31","druh":"zahrada","vyuziti":null,"vymera":188,"lv":null}},{"type":"Feature","geometry":{"type":"Polygon","coordinates":[[[14.769963,50.083502],[14.769987,50.083441],[14.770077,50.083456],[14.770134,50.083325],[14.769718,50.08326],[14.769538,50.083523],[14.769803,50.083564],[14.769814,50.083534],[14.770037,50.083573],[14.770054,50.083517],[14.769963,50.083502]]]},"properties":{"id":1535242204,"ku":"Tuklaty","p":"36/1","druh":"zahrada","vyuziti":null,"vymera":941,"lv":null}},{"type":"Feature","geometry":{"type":"Polygon","coordinates":[[[14.769857,50.084081],[14.769191,50.08399],[14.769083,50.084135],[14.76933,50.084215],[14.769437,50.08427],[14.769476,50.084217],[14.769521,50.08423],[14.769803,50.084266],[14.769857,50.084081]]]},"properties":{"id":1535243204,"ku":"Tuklaty","p":"36/2","druh":"zahrada","vyuziti":null,"vymera":1087,"lv":null}},{"type":"Feature","geometry":{"type":"Polygon","coordinates":[[[14.769745,50.083221],[14.769718,50.08326],[14.770134,50.083325],[14.770151,50.083286],[14.769745,50.083221]]]},"properties":{"id":1535249204,"ku":"Tuklaty","p":"36/9","druh":"zahrada","vyuziti":null,"vymera":140,"lv":null}},{"type":"Feature","geometry":{"type":"Polygon","coordinates":[[[14.769745,50.083221],[14.769688,50.083211],[14.76966,50.08325],[14.769718,50.08326],[14.769745,50.083221]]]},"properties":{"id":1535250204,"ku":"Tuklaty","p":"36/10","druh":"zahrada","vyuziti":null,"vymera":20,"lv":null}},{"type":"Feature","geometry":{"type":"Polygon","coordinates":[[[14.769648,50.083205],[14.769688,50.083211],[14.769766,50.083065],[14.769773,50.082994],[14.76975,50.082921],[14.769756,50.082909],[14.769717,50.082911],[14.769713,50.083028],[14.769691,50.083113],[14.769648,50.083205]]]},"properties":{"id":1535253204,"ku":"Tuklaty","p":"37/6","druh":"vodní plocha","vyuziti":"koryto vodního toku přirozené nebo upravené","vymera":121,"lv":null}},{"type":"Feature","geometry":{"type":"Polygon","coordinates":[[[14.780108,50.094477],[14.77972,50.094423],[14.779169,50.094319],[14.778862,50.095482],[14.778984,50.095509],[14.779869,50.095562],[14.779986,50.094925],[14.780108,50.094477]]]},"properties":{"id":2251402204,"ku":"Tuklaty","p":"989","druh":"orná půda","vyuziti":null,"vymera":8870,"lv":null}},{"type":"Feature","geometry":{"type":"Polygon","coordinates":[[[14.776792,50.093859],[14.777322,50.092222],[14.77714,50.092193],[14.776613,50.093823],[14.776792,50.093859]]]},"properties":{"id":2251404204,"ku":"Tuklaty","p":"991","druh":"orná půda","vyuziti":null,"vymera":2477,"lv":null}},{"type":"Feature","geometry":{"type":"Polygon","coordinates":[[[14.770656,50.083296],[14.770293,50.08324],[14.770215,50.083439],[14.770453,50.083467],[14.770467,50.083429],[14.770508,50.083436],[14.770527,50.08337],[14.770571,50.083374],[14.770583,50.083341],[14.770651,50.083308],[14.770656,50.083296]]]},"properties":{"id":1535021204,"ku":"Tuklaty","p":"st. 88","druh":"zastavěná plocha a nádvoří","vyuziti":null,"vymera":478,"lv":null}},{"type":"Feature","geometry":{"type":"Polygon","coordinates":[[[14.770884,50.081704],[14.771121,50.081744],[14.771146,50.081677],[14.771078,50.081622],[14.770925,50.0816],[14.770884,50.081704]]]},"properties":{"id":1535025204,"ku":"Tuklaty","p":"st. 91","druh":"zastavěná plocha a nádvoří","vyuziti":null,"vymera":200,"lv":null}},{"type":"Feature","geometry":{"type":"Polygon","coordinates":[[[14.770912,50.078969],[14.770941,50.078966],[14.770923,50.078887],[14.770576,50.078916],[14.770586,50.078968],[14.770621,50.078966],[14.770629,50.079013],[14.77058,50.079016],[14.770587,50.079049],[14.770685,50.07904],[14.770693,50.079081],[14.770926,50.079059],[14.770912,50.078969]]]},"properties":{"id":1535031204,"ku":"Tuklaty","p":"st. 97","druh":"zastavěná plocha a nádvoří","vyuziti":null,"vymera":425,"lv":null}},{"type":"Feature","geometry":{"type":"Polygon","coordinates":[[[14.770865,50.078602],[14.770837,50.078464],[14.770528,50.078491],[14.77055,50.078596],[14.770522,50.078598],[14.77053,50.078632],[14.770865,50.078602]]]},"properties":{"id":1535037204,"ku":"Tuklaty","p":"st. 103","druh":"zastavěná plocha a nádvoří","vyuziti":null,"vymera":352,"lv":null}},{"type":"Feature","geometry":{"type":"Polygon","coordinates":[[[14.770371,50.077465],[14.770626,50.077444],[14.770604,50.077342],[14.770404,50.077341],[14.770372,50.077333],[14.770371,50.077465]]]},"properties":{"id":1535041204,"ku":"Tuklaty","p":"st. 107","druh":"zastavěná plocha a nádvoří","vyuziti":null,"vymera":222,"lv":null}},{"type":"Feature","geometry":{"type":"Polygon","coordinates":[[[14.772304,50.082394],[14.771946,50.082336],[14.771932,50.082471],[14.772016,50.082474],[14.772015,50.082505],[14.772292,50.082545],[14.772304,50.082394]]]},"properties":{"id":1535045204,"ku":"Tuklaty","p":"st. 111","druh":"zastavěná plocha a nádvoří","vyuziti":null,"vymera":427,"lv":null}},{"type":"Feature","geometry":{"type":"Polygon","coordinates":[[[14.771055,50.081265],[14.771488,50.081336],[14.771527,50.08125],[14.771546,50.081141],[14.771129,50.081076],[14.771055,50.081265]]]},"properties":{"id":1535049204,"ku":"Tuklaty","p":"st. 115","druh":"zastavěná plocha a nádvoří","vyuziti":null,"vymera":699,"lv":null}},{"type":"Feature","geometry":{"type":"Polygon","coordinates":[[[14.770041,50.080611],[14.770031,50.080541],[14.770004,50.080542],[14.769997,50.080495],[14.769787,50.080507],[14.769799,50.080587],[14.769862,50.080581],[14.769865,50.080599],[14.769894,50.080598],[14.769897,50.080625],[14.770041,50.080611]]]},"properties":{"id":1535055204,"ku":"Tuklaty","p":"st. 121","druh":"zastavěná plocha a nádvoří","vyuziti":null,"vymera":190,"lv":null}},{"type":"Feature","geometry":{"type":"Polygon","coordinates":[[[14.741226,50.074642],[14.741519,50.074661],[14.741589,50.074502],[14.741277,50.07443],[14.741277,50.074454],[14.741231,50.074549],[14.741226,50.074642]],[[14.741569,50.074544],[14.741525,50.074626],[14.741478,50.074615],[14.741521,50.074534],[14.741569,50.074544]]]},"properties":{"id":1535064204,"ku":"Tuklaty","p":"st. 130","druh":"zastavěná plocha a nádvoří","vyuziti":null,"vymera":443,"lv":null}},{"type":"Feature","geometry":{"type":"Polygon","coordinates":[[[14.773357,50.081069],[14.77319,50.081241],[14.773373,50.081248],[14.773364,50.081376],[14.773425,50.081378],[14.773431,50.081323],[14.773488,50.081265],[14.773441,50.081247],[14.773469,50.08123],[14.773549,50.081146],[14.773357,50.081069]]]},"properties":{"id":1535069204,"ku":"Tuklaty","p":"st. 134","druh":"zastavěná plocha a nádvoří","vyuziti":null,"vymera":373,"lv":null}},{"type":"Feature","geometry":{"type":"Polygon","coordinates":[[[14.771522,50.082539],[14.771725,50.082563],[14.771736,50.082514],[14.771744,50.082515],[14.77182,50.082339],[14.771614,50.082306],[14.771522,50.082539]]]},"properties":{"id":1535073204,"ku":"Tuklaty","p":"st. 138","druh":"zastavěná plocha a nádvoří","vyuziti":null,"vymera":392,"lv":null}},{"type":"Feature","geometry":{"type":"Polygon","coordinates":[[[14.77269,50.081409],[14.772559,50.081404],[14.772553,50.081481],[14.77272,50.081485],[14.772723,50.081443],[14.772687,50.081442],[14.77269,50.081409]]]},"properties":{"id":1535078204,"ku":"Tuklaty","p":"st. 144","druh":"zastavěná plocha a nádvoří","vyuziti":null,"vymera":92,"lv":null}},{"type":"Feature","geometry":{"type":"Polygon","coordinates":[[[14.772164,50.081371],[14.772161,50.081423],[14.772245,50.081425],[14.772243,50.08146],[14.772377,50.081481],[14.772391,50.08131],[14.772253,50.081307],[14.772251,50.08133],[14.772235,50.081329],[14.772233,50.081342],[14.772191,50.081342],[14.77219,50.081372],[14.772164,50.081371]]]},"properties":{"id":1535083204,"ku":"Tuklaty","p":"st. 149","druh":"zastavěná plocha a nádvoří","vyuziti":null,"vymera":228,"lv":null}},{"type":"Feature","geometry":{"type":"Polygon","coordinates":[[[14.765748,50.082499],[14.765597,50.082551],[14.765621,50.082574],[14.76564,50.082566],[14.765663,50.082594],[14.765638,50.082602],[14.765674,50.082647],[14.765827,50.082597],[14.765748,50.082499]]]},"properties":{"id":1535089204,"ku":"Tuklaty","p":"st. 155","druh":"zastavěná plocha a nádvoří","vyuziti":null,"vymera":141,"lv":null}},{"type":"Feature","geometry":{"type":"Polygon","coordinates":[[[14.774433,50.085518],[14.774413,50.085444],[14.774281,50.085458],[14.774301,50.085533],[14.774433,50.085518]]]},"properties":{"id":1535099204,"ku":"Tuklaty","p":"st. 165","druh":"zastavěná plocha a nádvoří","vyuziti":null,"vymera":81,"lv":null}},{"type":"Feature","geometry":{"type":"Polygon","coordinates":[[[14.770313,50.080349],[14.770298,50.080249],[14.770152,50.080257],[14.770167,50.08037],[14.770222,50.080367],[14.77022,50.080354],[14.770313,50.080349]]]},"properties":{"id":1535106204,"ku":"Tuklaty","p":"st. 171","druh":"zastavěná plocha a nádvoří","vyuziti":null,"vymera":124,"lv":null}},{"type":"Feature","geometry":{"type":"Polygon","coordinates":[[[14.772204,50.080975],[14.772196,50.081081],[14.772311,50.081084],[14.772312,50.081066],[14.77234,50.081067],[14.772347,50.080979],[14.772204,50.080975]]]},"properties":{"id":1535110204,"ku":"Tuklaty","p":"st. 175","druh":"zastavěná plocha a nádvoří","vyuziti":null,"vymera":116,"lv":null}},{"type":"Feature","geometry":{"type":"Polygon","coordinates":[[[14.768064,50.083533],[14.768094,50.083649],[14.768167,50.083641],[14.76817,50.083651],[14.768217,50.083646],[14.768214,50.083636],[14.768286,50.083629],[14.768257,50.083512],[14.768064,50.083533]]]},"properties":{"id":1535114204,"ku":"Tuklaty","p":"st. 179","druh":"zastavěná plocha a nádvoří","vyuziti":null,"vymera":187,"lv":null}},{"type":"Feature","geometry":{"type":"Polygon","coordinates":[[[14.769914,50.080003],[14.769961,50.079999],[14.769939,50.079893],[14.769792,50.079906],[14.769811,50.079994],[14.76986,50.07999],[14.769879,50.080028],[14.769918,50.080025],[14.769914,50.080003]]]},"properties":{"id":1535118204,"ku":"Tuklaty","p":"st. 183","druh":"zastavěná plocha a nádvoří","vyuziti":null,"vymera":126,"lv":null}},{"type":"Feature","geometry":{"type":"Polygon","coordinates":[[[14.770901,50.082205],[14.770773,50.082183],[14.770763,50.082207],[14.770722,50.082207],[14.770716,50.08222],[14.770754,50.082228],[14.770728,50.082287],[14.770855,50.082308],[14.770901,50.082205]]]},"properties":{"id":1535122204,"ku":"Tuklaty","p":"st. 187","druh":"zastavěná plocha a nádvoří","vyuziti":null,"vymera":118,"lv":null}},{"type":"Feature","geometry":{"type":"Polygon","coordinates":[[[14.76798,50.083871],[14.768024,50.083878],[14.768047,50.083821],[14.768003,50.083813],[14.76798,50.083871]]]},"properties":{"id":1535127204,"ku":"Tuklaty","p":"st. 192","druh":"zastavěná plocha a nádvoří","vyuziti":null,"vymera":22,"lv":null}},{"type":"Feature","geometry":{"type":"Polygon","coordinates":[[[14.768362,50.083935],[14.768406,50.083943],[14.768429,50.083885],[14.768385,50.083877],[14.768362,50.083935]]]},"properties":{"id":1535136204,"ku":"Tuklaty","p":"st. 201","druh":"zastavěná plocha a nádvoří","vyuziti":null,"vymera":21,"lv":null}},{"type":"Feature","geometry":{"type":"Polygon","coordinates":[[[14.766888,50.087456],[14.767004,50.087524],[14.767041,50.087499],[14.767062,50.087511],[14.767093,50.087489],[14.767072,50.087476],[14.767105,50.087453],[14.766988,50.087385],[14.766888,50.087456]]]},"properties":{"id":1535145204,"ku":"Tuklaty","p":"st. 210","druh":"zastavěná plocha a nádvoří","vyuziti":null,"vymera":127,"lv":null}},{"type":"Feature","geometry":{"type":"Polygon","coordinates":[[[14.765802,50.086549],[14.765918,50.086623],[14.76601,50.086561],[14.765993,50.08655],[14.766,50.086545],[14.765903,50.086483],[14.765802,50.086549]]]},"properties":{"id":1535149204,"ku":"Tuklaty","p":"st. 215","druh":"zastavěná plocha a nádvoří","vyuziti":null,"vymera":118,"lv":null}},{"type":"Feature","geometry":{"type":"Polygon","coordinates":[[[14.772802,50.082954],[14.772717,50.083172],[14.773203,50.083232],[14.77329,50.083011],[14.772802,50.082954]],[[14.773138,50.08307],[14.773143,50.083053],[14.773127,50.083051],[14.773138,50.083011],[14.773234,50.083022],[14.773218,50.083079],[14.773138,50.08307]],[[14.772794,50.083138],[14.772823,50.083039],[14.772894,50.083048],[14.772886,50.083074],[14.77301,50.083089],[14.772989,50.083161],[14.772926,50.083154],[14.772921,50.083171],[14.772886,50.083167],[14.772891,50.083149],[14.772794,50.083138]]]},"properties":{"id":1635571204,"ku":"Tuklaty","p":"296/40","druh":"zahrada","vyuziti":null,"vymera":712,"lv":null}},{"type":"Feature","geometry":{"type":"Polygon","coordinates":[[[14.772823,50.083039],[14.772794,50.083138],[14.772891,50.083149],[14.772886,50.083167],[14.772921,50.083171],[14.772926,50.083154],[14.772989,50.083161],[14.77301,50.083089],[14.772886,50.083074],[14.772894,50.083048],[14.772823,50.083039]]]},"properties":{"id":2316788204,"ku":"Tuklaty","p":"st. 344","druh":"zastavěná plocha a nádvoří","vyuziti":null,"vymera":137,"lv":null}},{"type":"Feature","geometry":{"type":"Polygon","coordinates":[[[14.772316,50.080171],[14.772722,50.080297],[14.772957,50.079839],[14.772551,50.079714],[14.772316,50.080171]]]},"properties":{"id":2284190204,"ku":"Tuklaty","p":"1052/1","druh":"orná půda","vyuziti":null,"vymera":1715,"lv":null}},{"type":"Feature","geometry":{"type":"Polygon","coordinates":[[[14.761721,50.08402],[14.761744,50.084406],[14.761769,50.084621],[14.762035,50.084013],[14.761721,50.08402]]]},"properties":{"id":2251679204,"ku":"Tuklaty","p":"1266","druh":"trvalý travní porost","vyuziti":null,"vymera":762,"lv":null}},{"type":"Feature","geometry":{"type":"Polygon","coordinates":[[[14.754812,50.084101],[14.75652,50.082551],[14.75436,50.081745],[14.752862,50.083427],[14.754812,50.084101]]]},"properties":{"id":2251622204,"ku":"Tuklaty","p":"1209","druh":"orná půda","vyuziti":null,"vymera":35874,"lv":null}},{"type":"Feature","geometry":{"type":"Polygon","coordinates":[[[14.75598,50.084504],[14.757144,50.083549],[14.758048,50.083651],[14.758498,50.083289],[14.75652,50.082551],[14.754812,50.084101],[14.75598,50.084504]]]},"properties":{"id":2251623204,"ku":"Tuklaty","p":"1210","druh":"orná půda","vyuziti":null,"vymera":24456,"lv":null}},{"type":"Feature","geometry":{"type":"Polygon","coordinates":[[[14.755093,50.0798],[14.755,50.081942],[14.756986,50.082683],[14.757075,50.080648],[14.756852,50.080524],[14.756579,50.080395],[14.755623,50.080024],[14.755093,50.0798]]]},"properties":{"id":2251626204,"ku":"Tuklaty","p":"1213","druh":"orná půda","vyuziti":null,"vymera":33853,"lv":null}},{"type":"Feature","geometry":{"type":"Polygon","coordinates":[[[14.768198,50.08478],[14.767954,50.084886],[14.768133,50.084964],[14.768262,50.084848],[14.768327,50.084758],[14.768198,50.08478]]]},"properties":{"id":1535256204,"ku":"Tuklaty","p":"38/2","druh":"zahrada","vyuziti":null,"vymera":257,"lv":null}},{"type":"Feature","geometry":{"type":"Polygon","coordinates":[[[14.767683,50.083795],[14.767596,50.083792],[14.76759,50.083825],[14.767697,50.083832],[14.767683,50.083795]]]},"properties":{"id":1535261204,"ku":"Tuklaty","p":"47/3","druh":"ostatní plocha","vyuziti":"jiná plocha","vymera":26,"lv":null}},{"type":"Feature","geometry":{"type":"Polygon","coordinates":[[[14.768962,50.08715],[14.768765,50.087428],[14.769915,50.087741],[14.769905,50.087406],[14.768962,50.08715]]]},"properties":{"id":2251429204,"ku":"Tuklaty","p":"1016","druh":"orná půda","vyuziti":null,"vymera":2780,"lv":null}},{"type":"Feature","geometry":{"type":"Polygon","coordinates":[[[14.773451,50.079992],[14.773216,50.080449],[14.773382,50.0805],[14.773617,50.080043],[14.773451,50.079992]]]},"properties":{"id":2251462204,"ku":"Tuklaty","p":"1049","druh":"orná půda","vyuziti":null,"vymera":700,"lv":null}},{"type":"Feature","geometry":{"type":"Polygon","coordinates":[[[14.752029,50.075143],[14.750286,50.07468],[14.749891,50.074593],[14.749865,50.074645],[14.751379,50.075],[14.752029,50.075143]]]},"properties":{"id":2251551204,"ku":"Tuklaty","p":"1138","druh":"ostatní plocha","vyuziti":"zeleň","vymera":684,"lv":null}},{"type":"Feature","geometry":{"type":"Polygon","coordinates":[[[14.751973,50.074952],[14.752055,50.073804],[14.752137,50.072656],[14.751761,50.072724],[14.751476,50.072758],[14.751445,50.07277],[14.751308,50.072786],[14.75124,50.072829],[14.751102,50.074759],[14.751973,50.074952]]]},"properties":{"id":2251552204,"ku":"Tuklaty","p":"1139","druh":"orná půda","vyuziti":null,"vymera":14964,"lv":null}},{"type":"Feature","geometry":{"type":"Polygon","coordinates":[[[14.755318,50.072486],[14.752144,50.07256],[14.752137,50.072656],[14.75253,50.072577],[14.752539,50.072598],[14.752695,50.072573],[14.753356,50.072572],[14.753481,50.072562],[14.754568,50.072526],[14.754743,50.07254],[14.754748,50.072515],[14.755314,50.072537],[14.755318,50.072486]]]},"properties":{"id":2251554204,"ku":"Tuklaty","p":"1141","druh":"ostatní plocha","vyuziti":"jiná plocha","vymera":934,"lv":null}},{"type":"Feature","geometry":{"type":"Polygon","coordinates":[[[14.751527,50.072752],[14.751761,50.072724],[14.752137,50.072656],[14.752144,50.07256],[14.75154,50.072571],[14.751527,50.072752]]]},"properties":{"id":2251555204,"ku":"Tuklaty","p":"1142","druh":"ostatní plocha","vyuziti":"jiná plocha","vymera":685,"lv":null}},{"type":"Feature","geometry":{"type":"Polygon","coordinates":[[[14.752043,50.071333],[14.752959,50.071166],[14.751848,50.071292],[14.751112,50.071342],[14.751327,50.07136],[14.752043,50.071333]]]},"properties":{"id":2251558204,"ku":"Tuklaty","p":"1145","druh":"orná půda","vyuziti":null,"vymera":508,"lv":null}},{"type":"Feature","geometry":{"type":"Polygon","coordinates":[[[14.752308,50.072355],[14.752279,50.0718],[14.751873,50.071717],[14.751702,50.071664],[14.75174,50.072365],[14.752308,50.072355]]]},"properties":{"id":2251559204,"ku":"Tuklaty","p":"1146","druh":"ostatní plocha","vyuziti":"jiná plocha","vymera":2816,"lv":null}},{"type":"Feature","geometry":{"type":"Polygon","coordinates":[[[14.75174,50.072365],[14.751702,50.071664],[14.751492,50.071606],[14.751533,50.072368],[14.75174,50.072365]]]},"properties":{"id":2251560204,"ku":"Tuklaty","p":"1147","druh":"ostatní plocha","vyuziti":"jiná plocha","vymera":1204,"lv":null}},{"type":"Feature","geometry":{"type":"Polygon","coordinates":[[[14.748938,50.072159],[14.750315,50.072166],[14.750232,50.072389],[14.751533,50.072368],[14.751492,50.071606],[14.751394,50.07158],[14.751315,50.071549],[14.751067,50.071402],[14.750899,50.071327],[14.750789,50.071288],[14.750676,50.071258],[14.749578,50.071046],[14.748634,50.070823],[14.748509,50.070799],[14.747835,50.070544],[14.747712,50.070504],[14.747241,50.070925],[14.747853,50.071248],[14.747928,50.071304],[14.748099,50.070848],[14.74931,50.071165],[14.748938,50.072159]]]},"properties":{"id":2251561204,"ku":"Tuklaty","p":"1148","druh":"ostatní plocha","vyuziti":"jiná plocha","vymera":24540,"lv":null}},{"type":"Feature","geometry":{"type":"Polygon","coordinates":[[[14.749395,50.072595],[14.749372,50.072862],[14.749501,50.072922],[14.74963,50.072968],[14.74984,50.073021],[14.749878,50.072587],[14.749395,50.072595]]]},"properties":{"id":2251564204,"ku":"Tuklaty","p":"1151","druh":"ostatní plocha","vyuziti":"jiná plocha","vymera":1390,"lv":null}},{"type":"Feature","geometry":{"type":"Polygon","coordinates":[[[14.74926,50.072597],[14.749243,50.072792],[14.749372,50.072862],[14.749395,50.072595],[14.74926,50.072597]]]},"properties":{"id":2251565204,"ku":"Tuklaty","p":"1152","druh":"ostatní plocha","vyuziti":"jiná plocha","vymera":249,"lv":null}},{"type":"Feature","geometry":{"type":"Polygon","coordinates":[[[14.765785,50.07647],[14.765772,50.073615],[14.765552,50.073617],[14.765564,50.07645],[14.765785,50.07647]]]},"properties":{"id":2251513204,"ku":"Tuklaty","p":"1100","druh":"orná půda","vyuziti":null,"vymera":5001,"lv":null}},{"type":"Feature","geometry":{"type":"Polygon","coordinates":[[[14.761758,50.084474],[14.761744,50.084406],[14.761727,50.084057],[14.761703,50.083918],[14.761643,50.083833],[14.760662,50.082841],[14.75996,50.082172],[14.7567,50.080385],[14.756612,50.080363],[14.75627,50.080243],[14.755451,50.079917],[14.75543,50.079943],[14.756579,50.080395],[14.756852,50.080524],[14.759663,50.08208],[14.759912,50.082232],[14.760035,50.08233],[14.760316,50.082631],[14.761059,50.083337],[14.761587,50.083873],[14.761663,50.084088],[14.761677,50.084212],[14.761704,50.084893],[14.761897,50.08546],[14.762311,50.086049],[14.762388,50.086175],[14.762546,50.086248],[14.762797,50.086442],[14.762926,50.086436],[14.762596,50.086178],[14.762436,50.086025],[14.762311,50.085785],[14.762068,50.08549],[14.761897,50.085233],[14.76179,50.084882],[14.761758,50.084474]]]},"properties":{"id":2251668204,"ku":"Tuklaty","p":"1255","druh":"vodní plocha","vyuziti":"koryto vodního toku přirozené nebo upravené","vymera":5701,"lv":null}},{"type":"Feature","geometry":{"type":"Polygon","coordinates":[[[14.76196,50.084317],[14.761841,50.084589],[14.761862,50.084832],[14.765236,50.084734],[14.765432,50.084217],[14.76196,50.084317]]]},"properties":{"id":2251672204,"ku":"Tuklaty","p":"1259","druh":"orná půda","vyuziti":null,"vymera":14083,"lv":null}},{"type":"Feature","geometry":{"type":"Polygon","coordinates":[[[14.761862,50.084832],[14.761866,50.08488],[14.761964,50.08522],[14.762088,50.085403],[14.764917,50.08527],[14.764897,50.085105],[14.764899,50.084744],[14.761862,50.084832]]]},"properties":{"id":2251673204,"ku":"Tuklaty","p":"1260","druh":"orná půda","vyuziti":null,"vymera":13011,"lv":null}},{"type":"Feature","geometry":{"type":"Polygon","coordinates":[[[14.762072,50.08571],[14.760041,50.086166],[14.760085,50.08627],[14.760092,50.086382],[14.760084,50.086444],[14.76014,50.086448],[14.763248,50.087838],[14.763399,50.088015],[14.763462,50.08799],[14.763763,50.087905],[14.763719,50.087808],[14.763793,50.087635],[14.763781,50.087526],[14.763413,50.087051],[14.763114,50.086762],[14.762886,50.086501],[14.762797,50.086442],[14.762546,50.086248],[14.762388,50.086175],[14.762311,50.086049],[14.762072,50.08571]]]},"properties":{"id":2251676204,"ku":"Tuklaty","p":"1263","druh":"orná půda","vyuziti":null,"vymera":29604,"lv":null}},{"type":"Feature","geometry":{"type":"Polygon","coordinates":[[[14.762072,50.08571],[14.761897,50.08546],[14.761704,50.084893],[14.761693,50.084609],[14.75956,50.085036],[14.760041,50.086166],[14.762072,50.08571]]]},"properties":{"id":2251677204,"ku":"Tuklaty","p":"1264","druh":"orná půda","vyuziti":null,"vymera":19410,"lv":null}},{"type":"Feature","geometry":{"type":"Polygon","coordinates":[[[14.761721,50.08402],[14.762035,50.084013],[14.762073,50.083922],[14.76204,50.083894],[14.761856,50.083805],[14.761843,50.083764],[14.76133,50.083514],[14.761643,50.083833],[14.761703,50.083918],[14.761721,50.08402]]]},"properties":{"id":2251680204,"ku":"Tuklaty","p":"1267","druh":"ostatní plocha","vyuziti":"zeleň","vymera":893,"lv":null}},{"type":"Feature","geometry":{"type":"Polygon","coordinates":[[[14.766277,50.086357],[14.766173,50.08629],[14.766074,50.086352],[14.766108,50.086375],[14.766067,50.0864],[14.766101,50.086422],[14.766111,50.086415],[14.76614,50.086435],[14.766152,50.086428],[14.766157,50.086432],[14.766277,50.086357]]]},"properties":{"id":1535152204,"ku":"Tuklaty","p":"st. 218","druh":"zastavěná plocha a nádvoří","vyuziti":null,"vymera":129,"lv":null}},{"type":"Feature","geometry":{"type":"Polygon","coordinates":[[[14.765964,50.082205],[14.766002,50.082253],[14.76611,50.082219],[14.766074,50.082171],[14.765964,50.082205]]]},"properties":{"id":1535156204,"ku":"Tuklaty","p":"st. 224","druh":"zastavěná plocha a nádvoří","vyuziti":null,"vymera":52,"lv":null}},{"type":"Feature","geometry":{"type":"Polygon","coordinates":[[[14.771444,50.081955],[14.771383,50.081945],[14.771342,50.082054],[14.771402,50.082064],[14.771444,50.081955]]]},"properties":{"id":1535162204,"ku":"Tuklaty","p":"st. 231","druh":"zastavěná plocha a nádvoří","vyuziti":null,"vymera":56,"lv":null}},{"type":"Feature","geometry":{"type":"Polygon","coordinates":[[[14.741521,50.074534],[14.741478,50.074615],[14.741525,50.074626],[14.741569,50.074544],[14.741521,50.074534]]]},"properties":{"id":1535168204,"ku":"Tuklaty","p":"st. 287","druh":"zastavěná plocha a nádvoří","vyuziti":null,"vymera":34,"lv":null}},{"type":"Feature","geometry":{"type":"Polygon","coordinates":[[[14.770872,50.08504],[14.770723,50.085016],[14.770685,50.085115],[14.770834,50.085139],[14.770872,50.08504]]]},"properties":{"id":1535172204,"ku":"Tuklaty","p":"st. 294","druh":"zastavěná plocha a nádvoří","vyuziti":null,"vymera":125,"lv":null}},{"type":"Feature","geometry":{"type":"Polygon","coordinates":[[[14.766311,50.086685],[14.76597,50.087002],[14.766021,50.087083],[14.766347,50.08693],[14.766514,50.086819],[14.766311,50.086685]],[[14.766438,50.086836],[14.766337,50.0869],[14.766218,50.086822],[14.766321,50.086758],[14.766438,50.086836]]]},"properties":{"id":1535188204,"ku":"Tuklaty","p":"16/2","druh":"zahrada","vyuziti":null,"vymera":564,"lv":null}},{"type":"Feature","geometry":{"type":"Polygon","coordinates":[[[14.766249,50.086144],[14.765945,50.086332],[14.766139,50.086461],[14.766442,50.08627],[14.766249,50.086144]],[[14.766111,50.086415],[14.766101,50.086422],[14.766067,50.0864],[14.766108,50.086375],[14.766074,50.086352],[14.766173,50.08629],[14.766277,50.086357],[14.766157,50.086432],[14.766152,50.086428],[14.76614,50.086435],[14.766111,50.086415]]]},"properties":{"id":1535193204,"ku":"Tuklaty","p":"16/7","druh":"zahrada","vyuziti":null,"vymera":467,"lv":null}},{"type":"Feature","geometry":{"type":"Polygon","coordinates":[[[14.766374,50.086999],[14.76652,50.087153],[14.766788,50.087006],[14.766587,50.086856],[14.766374,50.086999]],[[14.76648,50.086964],[14.76658,50.086904],[14.766713,50.086988],[14.766607,50.087051],[14.76648,50.086964]]]},"properties":{"id":1535200204,"ku":"Tuklaty","p":"17/5","druh":"zahrada","vyuziti":null,"vymera":357,"lv":null}},{"type":"Feature","geometry":{"type":"Polygon","coordinates":[[[14.767469,50.087065],[14.767289,50.087169],[14.766988,50.087302],[14.767227,50.087464],[14.76736,50.08746],[14.767712,50.087171],[14.767469,50.087065]],[[14.767317,50.087287],[14.767295,50.08727],[14.767234,50.087305],[14.767195,50.087276],[14.767319,50.087206],[14.76738,50.087252],[14.767317,50.087287]]]},"properties":{"id":1535208204,"ku":"Tuklaty","p":"20/2","druh":"zahrada","vyuziti":null,"vymera":1081,"lv":null}},{"type":"Feature","geometry":{"type":"Polygon","coordinates":[[[14.769181,50.085068],[14.76914,50.08503],[14.769124,50.084956],[14.769158,50.084832],[14.768913,50.084809],[14.768911,50.084923],[14.768983,50.085155],[14.769181,50.085068]]]},"properties":{"id":1535223204,"ku":"Tuklaty","p":"29","druh":"zahrada","vyuziti":null,"vymera":506,"lv":null}},{"type":"Feature","geometry":{"type":"Polygon","coordinates":[[[14.770113,50.085116],[14.770186,50.085219],[14.770295,50.085248],[14.770461,50.084807],[14.770186,50.084806],[14.770299,50.08504],[14.770148,50.08507],[14.770113,50.085116]]]},"properties":{"id":1535228204,"ku":"Tuklaty","p":"30/5","druh":"zahrada","vyuziti":null,"vymera":601,"lv":null}},{"type":"Feature","geometry":{"type":"Polygon","coordinates":[[[14.770295,50.085248],[14.770867,50.085263],[14.77089,50.085204],[14.770367,50.085058],[14.770295,50.085248]],[[14.770384,50.085202],[14.77042,50.085118],[14.770489,50.085128],[14.770484,50.085141],[14.770591,50.085157],[14.770565,50.085229],[14.770384,50.085202]]]},"properties":{"id":1535235204,"ku":"Tuklaty","p":"30/12","druh":"zahrada","vyuziti":null,"vymera":458,"lv":null}},{"type":"Feature","geometry":{"type":"Polygon","coordinates":[[[14.769787,50.084674],[14.769755,50.08477],[14.769778,50.084785],[14.769974,50.084756],[14.770054,50.084711],[14.769787,50.084674]]]},"properties":{"id":1535240204,"ku":"Tuklaty","p":"33","druh":"zahrada","vyuziti":null,"vymera":157,"lv":null}},{"type":"Feature","geometry":{"type":"Polygon","coordinates":[[[14.769747,50.083671],[14.769366,50.083617],[14.769273,50.083736],[14.769718,50.083798],[14.769762,50.083715],[14.769735,50.083711],[14.769747,50.083671]]]},"properties":{"id":1535246204,"ku":"Tuklaty","p":"36/6","druh":"zahrada","vyuziti":null,"vymera":435,"lv":null}},{"type":"Feature","geometry":{"type":"Polygon","coordinates":[[[14.76118,50.077249],[14.762605,50.077333],[14.762046,50.076851],[14.761212,50.076799],[14.76118,50.077249]]]},"properties":{"id":2251635204,"ku":"Tuklaty","p":"1222","druh":"orná půda","vyuziti":null,"vymera":4059,"lv":null}},{"type":"Feature","geometry":{"type":"Polygon","coordinates":[[[14.767178,50.097687],[14.767243,50.097617],[14.76714,50.097635],[14.765923,50.097267],[14.765892,50.097208],[14.766455,50.096485],[14.766404,50.096471],[14.765784,50.097265],[14.767178,50.097687]]]},"properties":{"id":2251374204,"ku":"Tuklaty","p":"961","druh":"ostatní plocha","vyuziti":"ostatní komunikace","vymera":846,"lv":null}},{"type":"Feature","geometry":{"type":"Polygon","coordinates":[[[14.766514,50.097446],[14.767928,50.095633],[14.767261,50.095451],[14.765892,50.097208],[14.765923,50.097267],[14.766514,50.097446]]]},"properties":{"id":2251377204,"ku":"Tuklaty","p":"964","druh":"orná půda","vyuziti":null,"vymera":11600,"lv":null}},{"type":"Feature","geometry":{"type":"Polygon","coordinates":[[[14.762199,50.076295],[14.762788,50.076281],[14.763027,50.076291],[14.763137,50.076288],[14.763138,50.076263],[14.762781,50.076251],[14.762197,50.076261],[14.762199,50.076295]]]},"properties":{"id":2251516204,"ku":"Tuklaty","p":"1103","druh":"orná půda","vyuziti":null,"vymera":234,"lv":null}},{"type":"Feature","geometry":{"type":"Polygon","coordinates":[[[14.772957,50.079839],[14.772722,50.080297],[14.77305,50.080397],[14.773285,50.07994],[14.772957,50.079839]]]},"properties":{"id":2251464204,"ku":"Tuklaty","p":"1051","druh":"orná půda","vyuziti":null,"vymera":1381,"lv":null}},{"type":"Feature","geometry":{"type":"Polygon","coordinates":[[[14.773114,50.079848],[14.773319,50.07945],[14.772694,50.079257],[14.772489,50.079655],[14.773114,50.079848]]]},"properties":{"id":2251468204,"ku":"Tuklaty","p":"1055","druh":"orná půda","vyuziti":null,"vymera":2295,"lv":null}},{"type":"Feature","geometry":{"type":"Polygon","coordinates":[[[14.773169,50.079403],[14.774502,50.079814],[14.775765,50.077368],[14.774244,50.077306],[14.773169,50.079403]]]},"properties":{"id":2251472204,"ku":"Tuklaty","p":"1059","druh":"orná půda","vyuziti":null,"vymera":28026,"lv":null}},{"type":"Feature","geometry":{"type":"Polygon","coordinates":[[[14.761052,50.073995],[14.761022,50.073873],[14.761026,50.073704],[14.761067,50.073442],[14.761048,50.07344],[14.761002,50.073736],[14.761001,50.073875],[14.761037,50.073994],[14.761052,50.073995]]]},"properties":{"id":1861686204,"ku":"Tuklaty","p":"357/10","druh":"orná půda","vyuziti":null,"vymera":87,"lv":null}},{"type":"Feature","geometry":{"type":"Polygon","coordinates":[[[14.761067,50.073442],[14.761026,50.073704],[14.761022,50.073873],[14.761052,50.073995],[14.761738,50.07401],[14.761751,50.073889],[14.7629,50.073989],[14.762924,50.073599],[14.762208,50.073574],[14.761067,50.073442]]]},"properties":{"id":1861683204,"ku":"Tuklaty","p":"357/7","druh":"orná půda","vyuziti":null,"vymera":6367,"lv":null}},{"type":"Feature","geometry":{"type":"Polygon","coordinates":[[[14.770457,50.082471],[14.769967,50.0824],[14.769988,50.082505],[14.76995,50.082584],[14.770391,50.082656],[14.770457,50.082471]],[[14.77027,50.082608],[14.770307,50.08251],[14.770408,50.082521],[14.770364,50.082623],[14.77027,50.082608]],[[14.770099,50.082503],[14.77016,50.082513],[14.770149,50.082563],[14.770063,50.082556],[14.770072,50.082506],[14.770098,50.082508],[14.770099,50.082503]]]},"properties":{"id":1535266204,"ku":"Tuklaty","p":"52/3","druh":"zahrada","vyuziti":null,"vymera":567,"lv":null}},{"type":"Feature","geometry":{"type":"Polygon","coordinates":[[[14.769607,50.081525],[14.769623,50.081556],[14.769667,50.081602],[14.769855,50.08175],[14.770494,50.081849],[14.770539,50.081734],[14.770329,50.081701],[14.770348,50.081642],[14.769607,50.081525]]]},"properties":{"id":1535272204,"ku":"Tuklaty","p":"54/6","druh":"zahrada","vyuziti":null,"vymera":1092,"lv":null}},{"type":"Feature","geometry":{"type":"Polygon","coordinates":[[[14.770093,50.081095],[14.769795,50.081233],[14.769716,50.08129],[14.769662,50.081346],[14.770306,50.081446],[14.770407,50.081192],[14.770908,50.081274],[14.770925,50.08123],[14.770093,50.081095]]]},"properties":{"id":1535277204,"ku":"Tuklaty","p":"54/11","druh":"zahrada","vyuziti":null,"vymera":1484,"lv":null}},{"type":"Feature","geometry":{"type":"Polygon","coordinates":[[[14.769725,50.080736],[14.769695,50.080513],[14.769473,50.080525],[14.769513,50.080748],[14.769725,50.080736]]]},"properties":{"id":1535284204,"ku":"Tuklaty","p":"59/4","druh":"zahrada","vyuziti":null,"vymera":385,"lv":null}},{"type":"Feature","geometry":{"type":"Polygon","coordinates":[[[14.765952,50.082005],[14.766005,50.082078],[14.766202,50.082019],[14.766054,50.08176],[14.765542,50.081999],[14.76555,50.08201],[14.765667,50.08197],[14.765689,50.081996],[14.765745,50.081982],[14.765804,50.082053],[14.765952,50.082005]]]},"properties":{"id":1535295204,"ku":"Tuklaty","p":"65/3","druh":"zahrada","vyuziti":null,"vymera":738,"lv":null}},{"type":"Feature","geometry":{"type":"Polygon","coordinates":[[[14.76476,50.08284],[14.764913,50.083017],[14.765062,50.082999],[14.765057,50.082972],[14.765536,50.082816],[14.765382,50.082625],[14.76476,50.08284]]]},"properties":{"id":1535299204,"ku":"Tuklaty","p":"67/3","druh":"zahrada","vyuziti":null,"vymera":1185,"lv":null}},{"type":"Feature","geometry":{"type":"Polygon","coordinates":[[[14.766312,50.083205],[14.766048,50.083261],[14.766096,50.083474],[14.766152,50.08347],[14.766255,50.083441],[14.766442,50.083368],[14.766312,50.083205]]]},"properties":{"id":1535303204,"ku":"Tuklaty","p":"69/1","druh":"zahrada","vyuziti":null,"vymera":540,"lv":null}},{"type":"Feature","geometry":{"type":"Polygon","coordinates":[[[14.764899,50.084744],[14.764897,50.085105],[14.765553,50.085107],[14.766151,50.085154],[14.766189,50.085083],[14.7662,50.085084],[14.766211,50.085062],[14.766085,50.085037],[14.766211,50.084776],[14.766051,50.08476],[14.765516,50.084737],[14.765236,50.084734],[14.764899,50.084744]]]},"properties":{"id":1535311204,"ku":"Tuklaty","p":"99/3","druh":"ostatní plocha","vyuziti":"manipulační plocha","vymera":3741,"lv":null}},{"type":"Feature","geometry":{"type":"Polygon","coordinates":[[[14.772313,50.082302],[14.770749,50.082053],[14.770715,50.082141],[14.772304,50.082394],[14.772313,50.082302]]]},"properties":{"id":1535408204,"ku":"Tuklaty","p":"286/1","druh":"ostatní plocha","vyuziti":"ostatní komunikace","vymera":1162,"lv":null}},{"type":"Feature","geometry":{"type":"Polygon","coordinates":[[[14.766065,50.087153],[14.766031,50.087168],[14.766218,50.087471],[14.766254,50.087457],[14.766065,50.087153]]]},"properties":{"id":1535323204,"ku":"Tuklaty","p":"126/3","druh":"zahrada","vyuziti":null,"vymera":107,"lv":null}},{"type":"Feature","geometry":{"type":"Polygon","coordinates":[[[14.772438,50.083231],[14.772457,50.08325],[14.771776,50.08422],[14.771714,50.084407],[14.771681,50.08457],[14.77202,50.084484],[14.771916,50.084445],[14.771873,50.084373],[14.771915,50.084214],[14.772596,50.083249],[14.773294,50.083333],[14.773725,50.082201],[14.773795,50.081543],[14.772518,50.081502],[14.772507,50.081582],[14.773664,50.081618],[14.773597,50.082198],[14.773494,50.082489],[14.773203,50.083232],[14.772466,50.083143],[14.772438,50.083231]]]},"properties":{"id":1635564204,"ku":"Tuklaty","p":"296/33","druh":"ostatní plocha","vyuziti":"ostatní komunikace","vymera":4618,"lv":null}},{"type":"Feature","geometry":{"type":"Polygon","coordinates":[[[14.766715,50.0874],[14.766529,50.087469],[14.766768,50.087596],[14.766851,50.08754],[14.767003,50.087635],[14.76692,50.087691],[14.766992,50.087731],[14.767134,50.087636],[14.766732,50.087403],[14.766715,50.0874]]]},"properties":{"id":1535340204,"ku":"Tuklaty","p":"147/5","druh":"trvalý travní porost","vyuziti":null,"vymera":481,"lv":null}},{"type":"Feature","geometry":{"type":"Polygon","coordinates":[[[14.764378,50.088907],[14.764094,50.089285],[14.763744,50.089789],[14.763619,50.090033],[14.763881,50.089628],[14.764108,50.089297],[14.764387,50.088941],[14.764608,50.088741],[14.764734,50.088696],[14.765056,50.088695],[14.764642,50.088662],[14.764378,50.088907]]]},"properties":{"id":1535345204,"ku":"Tuklaty","p":"147/11","druh":"orná půda","vyuziti":null,"vymera":381,"lv":null}},{"type":"Feature","geometry":{"type":"Polygon","coordinates":[[[14.765161,50.081344],[14.765113,50.0811],[14.765486,50.081024],[14.76601,50.080942],[14.766415,50.080895],[14.76597,50.08094],[14.764791,50.081121],[14.764923,50.081293],[14.765346,50.081766],[14.765161,50.081344]]]},"properties":{"id":1621494204,"ku":"Tuklaty","p":"495/3","druh":"trvalý travní porost","vyuziti":null,"vymera":962,"lv":null}},{"type":"Feature","geometry":{"type":"Polygon","coordinates":[[[14.769713,50.083028],[14.769717,50.082911],[14.769605,50.082917],[14.769602,50.083021],[14.769581,50.083096],[14.769542,50.083182],[14.769648,50.083205],[14.769691,50.083113],[14.769713,50.083028]]]},"properties":{"id":1535252204,"ku":"Tuklaty","p":"37/4","druh":"zahrada","vyuziti":null,"vymera":253,"lv":null}},{"type":"Feature","geometry":{"type":"Polygon","coordinates":[[[14.770419,50.082021],[14.77039,50.082016],[14.77011,50.081973],[14.770253,50.08218],[14.770325,50.082191],[14.770333,50.082168],[14.770305,50.082156],[14.770335,50.082083],[14.77038,50.08209],[14.770419,50.082021]]]},"properties":{"id":1535270204,"ku":"Tuklaty","p":"54/4","druh":"zahrada","vyuziti":null,"vymera":255,"lv":null}},{"type":"Feature","geometry":{"type":"Polygon","coordinates":[[[14.770803,50.081008],[14.770477,50.080955],[14.770093,50.081095],[14.770731,50.081199],[14.770803,50.081008]]]},"properties":{"id":1535274204,"ku":"Tuklaty","p":"54/8","druh":"zahrada","vyuziti":null,"vymera":775,"lv":null}},{"type":"Feature","geometry":{"type":"Polygon","coordinates":[[[14.771068,50.080436],[14.770308,50.080478],[14.770316,50.080532],[14.770342,50.08053],[14.770363,50.080699],[14.770458,50.080693],[14.771068,50.080436]]]},"properties":{"id":1535282204,"ku":"Tuklaty","p":"59/2","druh":"zahrada","vyuziti":null,"vymera":756,"lv":null}},{"type":"Feature","geometry":{"type":"Polygon","coordinates":[[[14.768533,50.083964],[14.767966,50.083869],[14.767943,50.083777],[14.767672,50.083765],[14.767697,50.083832],[14.768496,50.084032],[14.768533,50.083964]]]},"properties":{"id":1535293204,"ku":"Tuklaty","p":"62/9","druh":"orná půda","vyuziti":null,"vymera":432,"lv":null}},{"type":"Feature","geometry":{"type":"Polygon","coordinates":[[[14.764969,50.082218],[14.765067,50.082252],[14.765157,50.082186],[14.765304,50.082162],[14.765402,50.082113],[14.765022,50.082052],[14.764969,50.082218]]]},"properties":{"id":1535297204,"ku":"Tuklaty","p":"66/2","druh":"zahrada","vyuziti":null,"vymera":345,"lv":null}},{"type":"Feature","geometry":{"type":"Polygon","coordinates":[[[14.766039,50.08309],[14.765788,50.083036],[14.765661,50.08305],[14.765627,50.082933],[14.764913,50.083017],[14.764881,50.083394],[14.766048,50.083261],[14.766312,50.083205],[14.766184,50.083035],[14.766039,50.08309]],[[14.765494,50.083286],[14.765487,50.083262],[14.765466,50.083264],[14.765437,50.08316],[14.765656,50.083133],[14.765665,50.083218],[14.765639,50.08322],[14.765646,50.083269],[14.765494,50.083286]]]},"properties":{"id":1535301204,"ku":"Tuklaty","p":"68/1","druh":"zahrada","vyuziti":null,"vymera":3067,"lv":null}},{"type":"Feature","geometry":{"type":"Polygon","coordinates":[[[14.765238,50.082346],[14.765196,50.082297],[14.764969,50.082218],[14.764473,50.082514],[14.764571,50.082627],[14.765238,50.082346]]]},"properties":{"id":1535306204,"ku":"Tuklaty","p":"72/7","druh":"zahrada","vyuziti":null,"vymera":1011,"lv":null}},{"type":"Feature","geometry":{"type":"Polygon","coordinates":[[[14.76341,50.086889],[14.763323,50.086923],[14.763425,50.087047],[14.764545,50.086691],[14.764523,50.086663],[14.764787,50.086574],[14.764781,50.086568],[14.764845,50.086546],[14.76485,50.086553],[14.76487,50.086546],[14.764896,50.086579],[14.765124,50.086506],[14.765583,50.086385],[14.765557,50.086334],[14.76543,50.086363],[14.765397,50.086315],[14.765255,50.086353],[14.765247,50.086341],[14.765167,50.086363],[14.76495,50.086402],[14.764598,50.086418],[14.762926,50.086436],[14.763292,50.086886],[14.763378,50.086853],[14.76341,50.086889]]]},"properties":{"id":1535315204,"ku":"Tuklaty","p":"112/2","druh":"ovocný sad","vyuziti":null,"vymera":6304,"lv":null}},{"type":"Feature","geometry":{"type":"Polygon","coordinates":[[[14.766193,50.087577],[14.766207,50.087586],[14.766715,50.0874],[14.766732,50.087403],[14.766988,50.087302],[14.767289,50.087169],[14.767469,50.087065],[14.767434,50.08705],[14.767388,50.08709],[14.767093,50.087229],[14.766193,50.087577]]]},"properties":{"id":1535338204,"ku":"Tuklaty","p":"147/3","druh":"trvalý travní porost","vyuziti":null,"vymera":254,"lv":null}},{"type":"Feature","geometry":{"type":"Polygon","coordinates":[[[14.765056,50.088695],[14.765109,50.088688],[14.765644,50.088714],[14.765154,50.088623],[14.765056,50.088695]]]},"properties":{"id":1535347204,"ku":"Tuklaty","p":"147/13","druh":"orná půda","vyuziti":null,"vymera":155,"lv":null}},{"type":"Feature","geometry":{"type":"Polygon","coordinates":[[[14.769823,50.084561],[14.770085,50.084582],[14.770113,50.084477],[14.769855,50.084459],[14.769823,50.084561]]]},"properties":{"id":1534945204,"ku":"Tuklaty","p":"st. 10/2","druh":"zastavěná plocha a nádvoří","vyuziti":null,"vymera":219,"lv":null}},{"type":"Feature","geometry":{"type":"Polygon","coordinates":[[[14.768309,50.084265],[14.767619,50.084068],[14.767473,50.084282],[14.767383,50.084306],[14.767547,50.084566],[14.767641,50.084638],[14.767728,50.084583],[14.767918,50.084425],[14.767893,50.084413],[14.76789,50.084399],[14.767948,50.084351],[14.768135,50.084443],[14.768309,50.084265]]]},"properties":{"id":1534950204,"ku":"Tuklaty","p":"st. 17/1","druh":"zastavěná plocha a nádvoří","vyuziti":null,"vymera":2041,"lv":null}},{"type":"Feature","geometry":{"type":"Polygon","coordinates":[[[14.76743,50.082961],[14.766513,50.082989],[14.766638,50.083227],[14.766814,50.083376],[14.766985,50.083535],[14.767071,50.083594],[14.767443,50.083462],[14.767365,50.08315],[14.767492,50.083137],[14.76744,50.083086],[14.76743,50.082961]]]},"properties":{"id":1534954204,"ku":"Tuklaty","p":"st. 19","druh":"zastavěná plocha a nádvoří","vyuziti":null,"vymera":3192,"lv":null}},{"type":"Feature","geometry":{"type":"Polygon","coordinates":[[[14.766657,50.083761],[14.766745,50.083751],[14.766741,50.083709],[14.766817,50.083666],[14.76665,50.083541],[14.766618,50.083547],[14.766585,50.083492],[14.766178,50.083585],[14.766121,50.083589],[14.766185,50.083873],[14.766304,50.083863],[14.766307,50.083873],[14.766677,50.083853],[14.766657,50.083761]]]},"properties":{"id":1534958204,"ku":"Tuklaty","p":"st. 23","druh":"zastavěná plocha a nádvoří","vyuziti":null,"vymera":1465,"lv":null}},{"type":"Feature","geometry":{"type":"Polygon","coordinates":[[[14.766903,50.084354],[14.767256,50.084377],[14.767229,50.084252],[14.767015,50.084271],[14.766855,50.084317],[14.766854,50.084322],[14.76691,50.084328],[14.766903,50.084354]]]},"properties":{"id":1534963204,"ku":"Tuklaty","p":"st. 27/2","druh":"zastavěná plocha a nádvoří","vyuziti":null,"vymera":269,"lv":null}},{"type":"Feature","geometry":{"type":"Polygon","coordinates":[[[14.766642,50.085353],[14.766689,50.085287],[14.766439,50.085214],[14.766186,50.085161],[14.766139,50.085266],[14.766083,50.085256],[14.766116,50.08518],[14.766022,50.085163],[14.765975,50.085271],[14.765831,50.085288],[14.765739,50.085281],[14.765744,50.0852],[14.765558,50.085199],[14.76554,50.085578],[14.765548,50.085628],[14.766123,50.085564],[14.76612,50.085557],[14.766845,50.085534],[14.766902,50.085429],[14.766642,50.085353]]]},"properties":{"id":1534968204,"ku":"Tuklaty","p":"st. 31/1","druh":"zastavěná plocha a nádvoří","vyuziti":null,"vymera":3348,"lv":null}},{"type":"Feature","geometry":{"type":"Polygon","coordinates":[[[14.767425,50.086649],[14.767404,50.086673],[14.767608,50.086703],[14.767714,50.086414],[14.767514,50.08639],[14.767481,50.086494],[14.767463,50.086491],[14.767411,50.086645],[14.767425,50.086649]]]},"properties":{"id":1534976204,"ku":"Tuklaty","p":"st. 42/3","druh":"zastavěná plocha a nádvoří","vyuziti":null,"vymera":495,"lv":null}},{"type":"Feature","geometry":{"type":"Polygon","coordinates":[[[14.774337,50.091745],[14.774761,50.090434],[14.772756,50.090163],[14.772347,50.091427],[14.774337,50.091745]]]},"properties":{"id":2251412204,"ku":"Tuklaty","p":"999","druh":"orná půda","vyuziti":null,"vymera":21449,"lv":null}},{"type":"Feature","geometry":{"type":"Polygon","coordinates":[[[14.741994,50.074604],[14.74177,50.075035],[14.741221,50.075017],[14.741229,50.075475],[14.741383,50.07548],[14.74142,50.075813],[14.741486,50.075962],[14.741589,50.076112],[14.741733,50.077133],[14.742028,50.077135],[14.742104,50.077792],[14.742182,50.078171],[14.742216,50.07854],[14.742546,50.078532],[14.742762,50.074758],[14.742401,50.074676],[14.741994,50.074604]]]},"properties":{"id":2251605204,"ku":"Tuklaty","p":"1192","druh":"orná půda","vyuziti":null,"vymera":27547,"lv":null}},{"type":"Feature","geometry":{"type":"Polygon","coordinates":[[[14.760548,50.081713],[14.760883,50.081958],[14.761087,50.08207],[14.761366,50.082108],[14.763359,50.081899],[14.763612,50.081894],[14.76436,50.08198],[14.764406,50.081884],[14.764401,50.081868],[14.763611,50.081783],[14.763412,50.081783],[14.761751,50.081951],[14.761273,50.081947],[14.761184,50.081916],[14.76104,50.081844],[14.760688,50.08165],[14.760193,50.081233],[14.76007,50.081146],[14.759968,50.081095],[14.759789,50.081035],[14.756815,50.080313],[14.756521,50.08023],[14.756197,50.080107],[14.755642,50.079875],[14.755297,50.079715],[14.754691,50.079491],[14.753687,50.07914],[14.750111,50.077928],[14.748758,50.07741],[14.748056,50.077156],[14.747414,50.076912],[14.747189,50.0768],[14.745721,50.075936],[14.744421,50.075157],[14.744157,50.075016],[14.743917,50.074911],[14.743757,50.074863],[14.743432,50.074789],[14.742072,50.074505],[14.742039,50.074612],[14.742401,50.074676],[14.743496,50.074918],[14.743804,50.074997],[14.744058,50.075099],[14.745126,50.075726],[14.746936,50.076814],[14.747163,50.076944],[14.747403,50.077049],[14.747922,50.077238],[14.749426,50.07781],[14.75006,50.078038],[14.753667,50.079266],[14.754468,50.079547],[14.755198,50.079842],[14.75543,50.079943],[14.755451,50.079917],[14.755491,50.07993],[14.75627,50.080243],[14.756612,50.080363],[14.758658,50.080878],[14.759789,50.081156],[14.759937,50.081224],[14.760047,50.081295],[14.760548,50.081713]]]},"properties":{"id":2251609204,"ku":"Tuklaty","p":"1196","druh":"ostatní plocha","vyuziti":"silnice","vymera":23417,"lv":null}},{"type":"Feature","geometry":{"type":"Polygon","coordinates":[[[14.750043,50.076934],[14.75004,50.077607],[14.750005,50.077887],[14.750055,50.077906],[14.750072,50.077279],[14.750095,50.07693],[14.751781,50.076918],[14.751986,50.07697],[14.752449,50.077258],[14.754014,50.078274],[14.754131,50.07838],[14.754184,50.078468],[14.754231,50.078951],[14.754266,50.079095],[14.754341,50.079208],[14.754752,50.079469],[14.754691,50.079491],[14.755297,50.079715],[14.754942,50.079473],[14.754712,50.079356],[14.754538,50.079235],[14.754453,50.07915],[14.7544,50.07903],[14.754354,50.078564],[14.754329,50.078448],[14.754268,50.078349],[14.75401,50.078126],[14.753716,50.077974],[14.75293,50.077474],[14.75252,50.077169],[14.752052,50.076925],[14.751814,50.07686],[14.751545,50.076838],[14.750025,50.076824],[14.750013,50.076937],[14.750043,50.076934]]]},"properties":{"id":2251613204,"ku":"Tuklaty","p":"1200","druh":"vodní plocha","vyuziti":"koryto vodního toku přirozené nebo upravené","vymera":5251,"lv":null}},{"type":"Feature","geometry":{"type":"Polygon","coordinates":[[[14.749111,50.081976],[14.749106,50.08203],[14.749194,50.082037],[14.749244,50.08175],[14.749304,50.081633],[14.749683,50.081059],[14.749834,50.080803],[14.749946,50.080575],[14.749967,50.080508],[14.750204,50.080143],[14.750047,50.080082],[14.75011,50.078095],[14.750155,50.078071],[14.75006,50.078038],[14.750017,50.078981],[14.74999,50.080131],[14.750123,50.080163],[14.750122,50.080176],[14.749789,50.080688],[14.749438,50.081294],[14.749394,50.081402],[14.749316,50.081402],[14.749157,50.081822],[14.74913,50.081978],[14.749111,50.081976]]]},"properties":{"id":2251617204,"ku":"Tuklaty","p":"1204","druh":"ostatní plocha","vyuziti":"ostatní komunikace","vymera":2366,"lv":null}},{"type":"Feature","geometry":{"type":"Polygon","coordinates":[[[14.768779,50.086948],[14.768638,50.086878],[14.768539,50.086967],[14.76868,50.087036],[14.768779,50.086948]]]},"properties":{"id":1534980204,"ku":"Tuklaty","p":"st. 46/1","druh":"zastavěná plocha a nádvoří","vyuziti":null,"vymera":153,"lv":null}},{"type":"Feature","geometry":{"type":"Polygon","coordinates":[[[14.767963,50.085803],[14.767884,50.085745],[14.767863,50.085769],[14.767784,50.085712],[14.767661,50.085759],[14.767576,50.085741],[14.767494,50.085895],[14.767609,50.08592],[14.76777,50.085988],[14.767851,50.085873],[14.767891,50.085887],[14.767963,50.085803]]]},"properties":{"id":1534985204,"ku":"Tuklaty","p":"st. 50","druh":"zastavěná plocha a nádvoří","vyuziti":null,"vymera":577,"lv":null}},{"type":"Feature","geometry":{"type":"Polygon","coordinates":[[[14.768463,50.087079],[14.768789,50.087238],[14.768796,50.087241],[14.768852,50.087125],[14.768575,50.086984],[14.768463,50.087079]]]},"properties":{"id":1534991204,"ku":"Tuklaty","p":"st. 56","druh":"zastavěná plocha a nádvoří","vyuziti":null,"vymera":359,"lv":null}},{"type":"Feature","geometry":{"type":"Polygon","coordinates":[[[14.76574,50.08275],[14.765744,50.082755],[14.765819,50.08273],[14.765845,50.082763],[14.765712,50.082803],[14.765787,50.082874],[14.765809,50.082912],[14.76585,50.082908],[14.766035,50.082852],[14.765908,50.082696],[14.76574,50.08275]]]},"properties":{"id":1534996204,"ku":"Tuklaty","p":"st. 63/2","druh":"zastavěná plocha a nádvoří","vyuziti":null,"vymera":292,"lv":null}},{"type":"Feature","geometry":{"type":"Polygon","coordinates":[[[14.765663,50.082394],[14.765478,50.082462],[14.765591,50.082553],[14.765748,50.082499],[14.765663,50.082394]]]},"properties":{"id":1535000204,"ku":"Tuklaty","p":"st. 67","druh":"zastavěná plocha a nádvoří","vyuziti":null,"vymera":185,"lv":null}},{"type":"Feature","geometry":{"type":"Polygon","coordinates":[[[14.76554,50.082242],[14.765461,50.082144],[14.765402,50.082113],[14.765304,50.082162],[14.765157,50.082186],[14.765067,50.082252],[14.765196,50.082297],[14.765238,50.082346],[14.76554,50.082242]]]},"properties":{"id":1535007204,"ku":"Tuklaty","p":"st. 74","druh":"zastavěná plocha a nádvoří","vyuziti":null,"vymera":448,"lv":null}},{"type":"Feature","geometry":{"type":"Polygon","coordinates":[[[14.769803,50.084266],[14.769521,50.08423],[14.769476,50.084217],[14.769437,50.08427],[14.769758,50.084416],[14.769803,50.084266]]]},"properties":{"id":1535012204,"ku":"Tuklaty","p":"st. 80","druh":"zastavěná plocha a nádvoří","vyuziti":null,"vymera":291,"lv":null}},{"type":"Feature","geometry":{"type":"Polygon","coordinates":[[[14.770611,50.083118],[14.770355,50.083078],[14.770293,50.08324],[14.770627,50.083291],[14.770658,50.083211],[14.77058,50.083198],[14.770611,50.083118]]]},"properties":{"id":1535022204,"ku":"Tuklaty","p":"st. 89","druh":"zastavěná plocha a nádvoří","vyuziti":null,"vymera":402,"lv":null}},{"type":"Feature","geometry":{"type":"Polygon","coordinates":[[[14.771754,50.081952],[14.771553,50.081916],[14.771456,50.082165],[14.771657,50.082197],[14.771754,50.081952]]]},"properties":{"id":1535027204,"ku":"Tuklaty","p":"st. 93","druh":"zastavěná plocha a nádvoří","vyuziti":null,"vymera":422,"lv":null}},{"type":"Feature","geometry":{"type":"Polygon","coordinates":[[[14.770682,50.078793],[14.770672,50.078742],[14.770629,50.078745],[14.770633,50.078768],[14.770591,50.078771],[14.7706,50.078834],[14.770623,50.078833],[14.77063,50.07886],[14.770653,50.078859],[14.770655,50.078869],[14.770717,50.078868],[14.770724,50.078903],[14.770923,50.078887],[14.770898,50.078764],[14.770682,50.078793]]]},"properties":{"id":1535032204,"ku":"Tuklaty","p":"st. 98","druh":"zastavěná plocha a nádvoří","vyuziti":null,"vymera":273,"lv":null}},{"type":"Feature","geometry":{"type":"Polygon","coordinates":[[[14.770506,50.078286],[14.770493,50.078298],[14.770511,50.078394],[14.770539,50.078392],[14.770542,50.078412],[14.770821,50.078388],[14.770793,50.078252],[14.770663,50.078261],[14.770662,50.078246],[14.770505,50.078249],[14.770506,50.078286]]]},"properties":{"id":1535038204,"ku":"Tuklaty","p":"st. 104","druh":"zastavěná plocha a nádvoří","vyuziti":null,"vymera":358,"lv":null}},{"type":"Feature","geometry":{"type":"Polygon","coordinates":[[[14.770349,50.08201],[14.77061,50.082052],[14.770677,50.081876],[14.770494,50.081849],[14.770471,50.081932],[14.770446,50.081928],[14.770441,50.081943],[14.770378,50.081933],[14.770349,50.08201]]]},"properties":{"id":1535046204,"ku":"Tuklaty","p":"st. 112","druh":"zastavěná plocha a nádvoří","vyuziti":null,"vymera":319,"lv":null}},{"type":"Feature","geometry":{"type":"Polygon","coordinates":[[[14.770413,50.082925],[14.770355,50.083078],[14.7706,50.083116],[14.770651,50.082963],[14.770413,50.082925]]]},"properties":{"id":1535050204,"ku":"Tuklaty","p":"st. 116","druh":"zastavěná plocha a nádvoří","vyuziti":null,"vymera":312,"lv":null}},{"type":"Feature","geometry":{"type":"Polygon","coordinates":[[[14.769513,50.080748],[14.769473,50.080525],[14.769277,50.080536],[14.769307,50.080759],[14.769513,50.080748]]]},"properties":{"id":1535056204,"ku":"Tuklaty","p":"st. 122","druh":"zastavěná plocha a nádvoří","vyuziti":null,"vymera":364,"lv":null}},{"type":"Feature","geometry":{"type":"Polygon","coordinates":[[[14.771433,50.084468],[14.771016,50.084453],[14.771002,50.084693],[14.771013,50.084712],[14.771396,50.084645],[14.771433,50.084468]]]},"properties":{"id":1535437204,"ku":"Tuklaty","p":"296/2","druh":"zahrada","vyuziti":null,"vymera":705,"lv":null}},{"type":"Feature","geometry":{"type":"Polygon","coordinates":[[[14.771174,50.07942],[14.771374,50.080388],[14.771552,50.080388],[14.771458,50.080203],[14.771359,50.079801],[14.771174,50.07942]]]},"properties":{"id":1535447204,"ku":"Tuklaty","p":"330/2","druh":"orná půda","vyuziti":null,"vymera":751,"lv":null}},{"type":"Feature","geometry":{"type":"Polygon","coordinates":[[[14.770376,50.077193],[14.770372,50.077333],[14.770404,50.077341],[14.770604,50.077342],[14.770577,50.077213],[14.770546,50.077192],[14.770376,50.077193]]]},"properties":{"id":1535463204,"ku":"Tuklaty","p":"405/2","druh":"zahrada","vyuziti":null,"vymera":251,"lv":null}},{"type":"Feature","geometry":{"type":"Polygon","coordinates":[[[14.770371,50.077595],[14.770645,50.077538],[14.770626,50.077444],[14.770371,50.077465],[14.770371,50.077595]]]},"properties":{"id":1535464204,"ku":"Tuklaty","p":"405/3","druh":"zahrada","vyuziti":null,"vymera":238,"lv":null}},{"type":"Feature","geometry":{"type":"Polygon","coordinates":[[[14.77053,50.078632],[14.770522,50.078598],[14.77055,50.078596],[14.770528,50.078491],[14.770837,50.078464],[14.770821,50.078388],[14.770365,50.078426],[14.770359,50.078646],[14.77053,50.078632]]]},"properties":{"id":1535467204,"ku":"Tuklaty","p":"405/6","druh":"zahrada","vyuziti":null,"vymera":485,"lv":null}},{"type":"Feature","geometry":{"type":"Polygon","coordinates":[[[14.770724,50.078903],[14.770717,50.078868],[14.770655,50.078869],[14.770653,50.078859],[14.77063,50.07886],[14.770623,50.078833],[14.7706,50.078834],[14.770591,50.078771],[14.770633,50.078768],[14.770629,50.078745],[14.770672,50.078742],[14.770682,50.078793],[14.770898,50.078764],[14.770865,50.078602],[14.770359,50.078646],[14.770347,50.078935],[14.770724,50.078903]]]},"properties":{"id":1535468204,"ku":"Tuklaty","p":"405/7","druh":"zahrada","vyuziti":null,"vymera":970,"lv":null}},{"type":"Feature","geometry":{"type":"Polygon","coordinates":[[[14.770606,50.079987],[14.770627,50.080095],[14.770895,50.080078],[14.77088,50.079998],[14.771148,50.079976],[14.771141,50.079942],[14.770606,50.079987]]]},"properties":{"id":1535473204,"ku":"Tuklaty","p":"410/3","druh":"zahrada","vyuziti":null,"vymera":315,"lv":null}},{"type":"Feature","geometry":{"type":"Polygon","coordinates":[[[14.771141,50.079942],[14.771102,50.079754],[14.770568,50.079796],[14.770606,50.079987],[14.771141,50.079942]],[[14.770907,50.079819],[14.771046,50.079808],[14.771065,50.079897],[14.770926,50.079909],[14.770922,50.079892],[14.770876,50.079896],[14.770867,50.079852],[14.770877,50.079852],[14.770873,50.079831],[14.770908,50.079828],[14.770907,50.079819]]]},"properties":{"id":1535474204,"ku":"Tuklaty","p":"410/4","druh":"zahrada","vyuziti":null,"vymera":695,"lv":null}},{"type":"Feature","geometry":{"type":"Polygon","coordinates":[[[14.771181,50.080125],[14.770924,50.080147],[14.770938,50.080209],[14.771195,50.080196],[14.771181,50.080125]]]},"properties":{"id":1535477204,"ku":"Tuklaty","p":"410/7","druh":"zahrada","vyuziti":null,"vymera":141,"lv":null}},{"type":"Feature","geometry":{"type":"Polygon","coordinates":[[[14.770669,50.080387],[14.770612,50.080029],[14.770333,50.080044],[14.770381,50.080402],[14.770669,50.080387]],[[14.770446,50.080354],[14.770432,50.080249],[14.770576,50.080241],[14.770588,50.080328],[14.770527,50.080331],[14.770529,50.080349],[14.770446,50.080354]]]},"properties":{"id":1535478204,"ku":"Tuklaty","p":"410/8","druh":"zahrada","vyuziti":null,"vymera":706,"lv":null}},{"type":"Feature","geometry":{"type":"Polygon","coordinates":[[[14.769825,50.080433],[14.769775,50.080076],[14.769495,50.080092],[14.769546,50.080449],[14.769825,50.080433]],[[14.769593,50.080291],[14.769741,50.080283],[14.769759,50.080423],[14.769702,50.080427],[14.769698,50.080397],[14.769608,50.080402],[14.769593,50.080291]]]},"properties":{"id":1535482204,"ku":"Tuklaty","p":"410/12","druh":"zahrada","vyuziti":null,"vymera":654,"lv":null}},{"type":"Feature","geometry":{"type":"Polygon","coordinates":[[[14.769215,50.08011],[14.769267,50.080464],[14.769546,50.080449],[14.769495,50.080092],[14.769215,50.08011]],[[14.769311,50.080304],[14.769457,50.080297],[14.769471,50.080409],[14.769376,50.080414],[14.769373,50.080397],[14.769323,50.0804],[14.769311,50.080304]]]},"properties":{"id":1535483204,"ku":"Tuklaty","p":"410/13","druh":"zahrada","vyuziti":null,"vymera":675,"lv":null}},{"type":"Feature","geometry":{"type":"Polygon","coordinates":[[[14.770028,50.080061],[14.769979,50.079837],[14.769719,50.079852],[14.769698,50.079856],[14.769215,50.08011],[14.770028,50.080061]],[[14.769918,50.080025],[14.769879,50.080028],[14.76986,50.07999],[14.769811,50.079994],[14.769792,50.079906],[14.769939,50.079893],[14.769961,50.079999],[14.769914,50.080003],[14.769918,50.080025]]]},"properties":{"id":1535487204,"ku":"Tuklaty","p":"410/17","druh":"zahrada","vyuziti":null,"vymera":857,"lv":null}},{"type":"Feature","geometry":{"type":"Polygon","coordinates":[[[14.762893,50.072828],[14.762952,50.072834],[14.762955,50.072573],[14.762788,50.072445],[14.762788,50.072319],[14.762737,50.072325],[14.762743,50.072454],[14.762915,50.072583],[14.762893,50.072828]]]},"properties":{"id":2106520204,"ku":"Tuklaty","p":"357/18","druh":"orná půda","vyuziti":null,"vymera":205,"lv":null}},{"type":"Feature","geometry":{"type":"Polygon","coordinates":[[[14.773059,50.082285],[14.773014,50.082413],[14.773494,50.082489],[14.77354,50.082361],[14.773059,50.082285]]]},"properties":{"id":2242541204,"ku":"Tuklaty","p":"296/60","druh":"orná půda","vyuziti":null,"vymera":518,"lv":null}},{"type":"Feature","geometry":{"type":"Polygon","coordinates":[[[14.767657,50.085362],[14.768025,50.085269],[14.768086,50.085373],[14.768126,50.085498],[14.768189,50.08548],[14.768184,50.085472],[14.768266,50.085449],[14.768302,50.085485],[14.768358,50.08546],[14.768317,50.085443],[14.768207,50.085311],[14.768115,50.085263],[14.768062,50.085254],[14.767732,50.085261],[14.767666,50.085242],[14.767632,50.085286],[14.767477,50.085557],[14.767626,50.085629],[14.767791,50.085667],[14.767601,50.08541],[14.767674,50.085391],[14.767657,50.085362]]]},"properties":{"id":1952012204,"ku":"Tuklaty","p":"851/12","druh":"ostatní plocha","vyuziti":"ostatní komunikace","vymera":812,"lv":null}},{"type":"Feature","geometry":{"type":"Polygon","coordinates":[[[14.752119,50.082798],[14.7526,50.083337],[14.752862,50.083427],[14.754388,50.081713],[14.753118,50.081237],[14.75162,50.082918],[14.752119,50.082798]]]},"properties":{"id":2251621204,"ku":"Tuklaty","p":"1208","druh":"orná půda","vyuziti":null,"vymera":21685,"lv":null}},{"type":"Feature","geometry":{"type":"Polygon","coordinates":[[[14.758608,50.083685],[14.758989,50.083514],[14.758984,50.083471],[14.758498,50.083289],[14.758048,50.083651],[14.758608,50.083685]]]},"properties":{"id":2251624204,"ku":"Tuklaty","p":"1211","druh":"orná půda","vyuziti":null,"vymera":1622,"lv":null}},{"type":"Feature","geometry":{"type":"Polygon","coordinates":[[[14.758989,50.083514],[14.759122,50.083454],[14.759024,50.083444],[14.754388,50.081713],[14.75436,50.081745],[14.758984,50.083471],[14.758989,50.083514]]]},"properties":{"id":2251625204,"ku":"Tuklaty","p":"1212","druh":"ostatní plocha","vyuziti":"ostatní komunikace","vymera":1568,"lv":null}},{"type":"Feature","geometry":{"type":"Polygon","coordinates":[[[14.755326,50.079683],[14.755379,50.079754],[14.755642,50.079875],[14.756197,50.080107],[14.756521,50.08023],[14.756815,50.080313],[14.757338,50.080439],[14.757613,50.076481],[14.757459,50.076594],[14.757311,50.076628],[14.757258,50.076628],[14.757189,50.076613],[14.75702,50.076509],[14.757051,50.07644],[14.755961,50.076223],[14.755211,50.07609],[14.754978,50.079445],[14.755326,50.079683]]]},"properties":{"id":2251630204,"ku":"Tuklaty","p":"1217","druh":"orná půda","vyuziti":null,"vymera":71703,"lv":null}},{"type":"Feature","geometry":{"type":"Polygon","coordinates":[[[14.76133,50.083514],[14.761843,50.083764],[14.761856,50.083805],[14.76204,50.083894],[14.762073,50.083922],[14.761769,50.084621],[14.76179,50.084882],[14.761897,50.085233],[14.762068,50.08549],[14.762311,50.085785],[14.762329,50.08582],[14.762411,50.085815],[14.762134,50.085471],[14.761964,50.08522],[14.761866,50.08488],[14.761841,50.084589],[14.76214,50.083905],[14.762133,50.083861],[14.761413,50.083509],[14.76047,50.082571],[14.760486,50.082525],[14.760518,50.082502],[14.760491,50.082504],[14.760403,50.082566],[14.760397,50.082581],[14.76133,50.083514]]]},"properties":{"id":2251667204,"ku":"Tuklaty","p":"1254","druh":"ostatní plocha","vyuziti":"ostatní komunikace","vymera":2066,"lv":null}},{"type":"Feature","geometry":{"type":"Polygon","coordinates":[[[14.768974,50.09493],[14.770836,50.095385],[14.771373,50.09433],[14.76965,50.093908],[14.769562,50.09423],[14.769401,50.094657],[14.769262,50.09485],[14.769069,50.094798],[14.768974,50.09493]]]},"properties":{"id":2251385204,"ku":"Tuklaty","p":"972","druh":"orná půda","vyuziti":null,"vymera":15822,"lv":null}},{"type":"Feature","geometry":{"type":"Polygon","coordinates":[[[14.765784,50.097265],[14.765971,50.097026],[14.763731,50.096397],[14.763507,50.096635],[14.765784,50.097265]]]},"properties":{"id":2251373204,"ku":"Tuklaty","p":"960","druh":"orná půda","vyuziti":null,"vymera":5348,"lv":null}},{"type":"Feature","geometry":{"type":"Polygon","coordinates":[[[14.768082,50.096424],[14.768281,50.096011],[14.768378,50.095755],[14.767928,50.095633],[14.766514,50.097446],[14.76714,50.097635],[14.767243,50.097617],[14.767343,50.097501],[14.767474,50.097276],[14.767986,50.096653],[14.768133,50.096434],[14.768082,50.096424]]]},"properties":{"id":2251376204,"ku":"Tuklaty","p":"963","druh":"orná půda","vyuziti":null,"vymera":11364,"lv":null}},{"type":"Feature","geometry":{"type":"Polygon","coordinates":[[[14.764979,50.09483],[14.768378,50.095755],[14.76845,50.095565],[14.768465,50.095416],[14.768488,50.09531],[14.768529,50.095232],[14.765344,50.094365],[14.764979,50.09483]]]},"properties":{"id":2251380204,"ku":"Tuklaty","p":"967","druh":"orná půda","vyuziti":null,"vymera":14783,"lv":null}},{"type":"Feature","geometry":{"type":"Polygon","coordinates":[[[14.762202,50.076405],[14.762778,50.076395],[14.763284,50.076413],[14.76425,50.076513],[14.764361,50.076564],[14.764772,50.076592],[14.765259,50.076636],[14.766842,50.076711],[14.766394,50.076649],[14.764944,50.076539],[14.764962,50.076452],[14.764118,50.076377],[14.763213,50.076339],[14.76306,50.076347],[14.762787,50.076335],[14.762201,50.076349],[14.762202,50.076405]]]},"properties":{"id":2251515204,"ku":"Tuklaty","p":"1102","druh":"ostatní plocha","vyuziti":"jiná plocha","vymera":2951,"lv":null}},{"type":"Feature","geometry":{"type":"Polygon","coordinates":[[[14.762004,50.076343],[14.761831,50.076369],[14.761539,50.076369],[14.761201,50.076351],[14.760549,50.076366],[14.759684,50.07634],[14.759474,50.07632],[14.759059,50.076302],[14.758472,50.076258],[14.757999,50.0762],[14.757533,50.076069],[14.756792,50.075956],[14.7542,50.075437],[14.753916,50.075406],[14.752707,50.075142],[14.752481,50.075065],[14.750696,50.07467],[14.749987,50.07445],[14.749982,50.074509],[14.750669,50.074721],[14.752448,50.075115],[14.752674,50.075191],[14.753895,50.075458],[14.75418,50.075489],[14.75677,50.076008],[14.757503,50.07612],[14.758002,50.076269],[14.758529,50.076335],[14.759049,50.076373],[14.759462,50.076392],[14.759673,50.076412],[14.760548,50.076438],[14.761199,50.076423],[14.761968,50.076463],[14.762004,50.076343]]]},"properties":{"id":2251519204,"ku":"Tuklaty","p":"1106","druh":"ostatní plocha","vyuziti":"ostatní komunikace","vymera":5992,"lv":null}},{"type":"Feature","geometry":{"type":"Polygon","coordinates":[[[14.761336,50.072335],[14.76138,50.072339],[14.7626,50.072327],[14.762602,50.072311],[14.761588,50.072325],[14.761336,50.072335]]]},"properties":{"id":2251521204,"ku":"Tuklaty","p":"1108","druh":"ostatní plocha","vyuziti":"jiná plocha","vymera":127,"lv":null}},{"type":"Feature","geometry":{"type":"Polygon","coordinates":[[[14.772489,50.079655],[14.772694,50.079257],[14.772578,50.079221],[14.77254,50.079286],[14.772197,50.079565],[14.772489,50.079655]]]},"properties":{"id":2251467204,"ku":"Tuklaty","p":"1054","druh":"orná půda","vyuziti":null,"vymera":700,"lv":null}},{"type":"Feature","geometry":{"type":"Polygon","coordinates":[[[14.773437,50.077273],[14.773439,50.077344],[14.77336,50.077682],[14.773269,50.077926],[14.773127,50.078063],[14.772862,50.078607],[14.772534,50.079168],[14.773187,50.079369],[14.774244,50.077306],[14.773437,50.077273]]]},"properties":{"id":2251471204,"ku":"Tuklaty","p":"1058","druh":"orná půda","vyuziti":null,"vymera":11409,"lv":null}},{"type":"Feature","geometry":{"type":"Polygon","coordinates":[[[14.771874,50.083265],[14.771755,50.083247],[14.771702,50.083396],[14.771874,50.083265]]]},"properties":{"id":1535379204,"ku":"Tuklaty","p":"283/2","druh":"zahrada","vyuziti":null,"vymera":79,"lv":null}},{"type":"Feature","geometry":{"type":"Polygon","coordinates":[[[14.771476,50.08358],[14.770453,50.083467],[14.770406,50.083614],[14.771334,50.083702],[14.771476,50.08358]]]},"properties":{"id":1535387204,"ku":"Tuklaty","p":"285/5","druh":"zahrada","vyuziti":null,"vymera":1131,"lv":null}},{"type":"Feature","geometry":{"type":"Polygon","coordinates":[[[14.771793,50.081849],[14.771691,50.08211],[14.771878,50.08214],[14.771845,50.082227],[14.771945,50.082243],[14.771951,50.081874],[14.771793,50.081849]]]},"properties":{"id":1535391204,"ku":"Tuklaty","p":"285/9","druh":"zahrada","vyuziti":null,"vymera":520,"lv":null}},{"type":"Feature","geometry":{"type":"Polygon","coordinates":[[[14.771953,50.081691],[14.771601,50.081634],[14.771414,50.082109],[14.771367,50.082104],[14.771351,50.082148],[14.771456,50.082165],[14.771553,50.081916],[14.771754,50.081952],[14.771793,50.081849],[14.771951,50.081874],[14.771953,50.081691]]]},"properties":{"id":1535396204,"ku":"Tuklaty","p":"285/15","druh":"zahrada","vyuziti":null,"vymera":929,"lv":null}},{"type":"Feature","geometry":{"type":"Polygon","coordinates":[[[14.771123,50.082945],[14.77146,50.082999],[14.77159,50.08265],[14.771254,50.082597],[14.771123,50.082945]],[[14.771384,50.082833],[14.771345,50.082934],[14.771268,50.082922],[14.771261,50.082939],[14.771246,50.082936],[14.771258,50.082902],[14.771212,50.082895],[14.771244,50.082811],[14.771384,50.082833]]]},"properties":{"id":1535404204,"ku":"Tuklaty","p":"285/23","druh":"zahrada","vyuziti":null,"vymera":877,"lv":null}},{"type":"Feature","geometry":{"type":"Polygon","coordinates":[[[14.771178,50.081933],[14.771132,50.082022],[14.771043,50.082001],[14.771003,50.082094],[14.771291,50.08214],[14.77136,50.081962],[14.771178,50.081933]]]},"properties":{"id":1535410204,"ku":"Tuklaty","p":"286/5","druh":"zahrada","vyuziti":null,"vymera":357,"lv":null}},{"type":"Feature","geometry":{"type":"Polygon","coordinates":[[[14.771253,50.080764],[14.77162,50.080802],[14.771682,50.080506],[14.771418,50.080439],[14.771376,50.08045],[14.771253,50.080764]],[[14.771402,50.080702],[14.771429,50.08059],[14.771452,50.080592],[14.771455,50.080579],[14.77156,50.08059],[14.771556,50.080603],[14.771579,50.080606],[14.771551,50.080717],[14.771402,50.080702]]]},"properties":{"id":1535416204,"ku":"Tuklaty","p":"287/5","druh":"zahrada","vyuziti":null,"vymera":725,"lv":null}},{"type":"Feature","geometry":{"type":"Polygon","coordinates":[[[14.772421,50.080949],[14.772426,50.080883],[14.772199,50.080877],[14.772204,50.080799],[14.772233,50.0808],[14.772239,50.080718],[14.772438,50.080726],[14.77244,50.0807],[14.772062,50.080603],[14.771997,50.080936],[14.772421,50.080949]]]},"properties":{"id":1535422204,"ku":"Tuklaty","p":"288/3","druh":"zahrada","vyuziti":null,"vymera":681,"lv":null}},{"type":"Feature","geometry":{"type":"Polygon","coordinates":[[[14.772557,50.080995],[14.772539,50.081221],[14.7727,50.081225],[14.772711,50.081039],[14.772675,50.081031],[14.772682,50.081019],[14.772557,50.080995]]]},"properties":{"id":1535429204,"ku":"Tuklaty","p":"289/4","druh":"zahrada","vyuziti":null,"vymera":265,"lv":null}},{"type":"Feature","geometry":{"type":"Polygon","coordinates":[[[14.772607,50.080766],[14.772572,50.080782],[14.772582,50.080858],[14.77269,50.080891],[14.772734,50.080845],[14.772838,50.080887],[14.772858,50.080868],[14.772607,50.080766]]]},"properties":{"id":1535433204,"ku":"Tuklaty","p":"289/9","druh":"zahrada","vyuziti":null,"vymera":128,"lv":null}},{"type":"Feature","geometry":{"type":"Polygon","coordinates":[[[14.772582,50.080858],[14.772557,50.080995],[14.772682,50.081019],[14.772675,50.081031],[14.772711,50.081039],[14.772714,50.081019],[14.772838,50.080887],[14.772734,50.080845],[14.77269,50.080891],[14.772582,50.080858]]]},"properties":{"id":1535058204,"ku":"Tuklaty","p":"st. 124","druh":"zastavěná plocha a nádvoří","vyuziti":null,"vymera":254,"lv":null}},{"type":"Feature","geometry":{"type":"Polygon","coordinates":[[[14.740881,50.074086],[14.740884,50.073974],[14.740774,50.073996],[14.740712,50.074],[14.740718,50.074066],[14.740763,50.074091],[14.740707,50.074201],[14.740898,50.074241],[14.740914,50.074086],[14.740881,50.074086]]]},"properties":{"id":1535065204,"ku":"Tuklaty","p":"st. 131/1","druh":"zastavěná plocha a nádvoří","vyuziti":null,"vymera":315,"lv":null}},{"type":"Feature","geometry":{"type":"Polygon","coordinates":[[[14.771988,50.081011],[14.771322,50.080942],[14.771295,50.08106],[14.771147,50.08103],[14.771129,50.081076],[14.771973,50.081208],[14.771988,50.081011]]]},"properties":{"id":1535070204,"ku":"Tuklaty","p":"st. 135","druh":"zastavěná plocha a nádvoří","vyuziti":null,"vymera":1032,"lv":null}},{"type":"Feature","geometry":{"type":"Polygon","coordinates":[[[14.770391,50.082656],[14.770282,50.082638],[14.77021,50.082853],[14.77031,50.082869],[14.770391,50.082656]]]},"properties":{"id":1535074204,"ku":"Tuklaty","p":"st. 139","druh":"zastavěná plocha a nádvoří","vyuziti":null,"vymera":191,"lv":null}},{"type":"Feature","geometry":{"type":"Polygon","coordinates":[[[14.769911,50.083182],[14.769866,50.083174],[14.769843,50.083226],[14.769887,50.083233],[14.769911,50.083182]]]},"properties":{"id":1535079204,"ku":"Tuklaty","p":"st. 145","druh":"zastavěná plocha a nádvoří","vyuziti":null,"vymera":20,"lv":null}},{"type":"Feature","geometry":{"type":"Polygon","coordinates":[[[14.770924,50.080147],[14.770788,50.080158],[14.770809,50.080243],[14.770945,50.080233],[14.770954,50.080297],[14.77101,50.080293],[14.771015,50.080324],[14.771146,50.080315],[14.771135,50.080239],[14.771203,50.080235],[14.771195,50.080196],[14.770944,50.080211],[14.770924,50.080147]]]},"properties":{"id":1535084204,"ku":"Tuklaty","p":"st. 150","druh":"zastavěná plocha a nádvoří","vyuziti":null,"vymera":275,"lv":null}},{"type":"Feature","geometry":{"type":"Polygon","coordinates":[[[14.76738,50.087252],[14.767319,50.087206],[14.767195,50.087276],[14.767234,50.087305],[14.767295,50.08727],[14.767317,50.087287],[14.76738,50.087252]]]},"properties":{"id":1535092204,"ku":"Tuklaty","p":"st. 159","druh":"zastavěná plocha a nádvoří","vyuziti":null,"vymera":64,"lv":null}},{"type":"Feature","geometry":{"type":"Polygon","coordinates":[[[14.770432,50.080249],[14.770446,50.080354],[14.770529,50.080349],[14.770527,50.080331],[14.770588,50.080328],[14.770576,50.080241],[14.770432,50.080249]]]},"properties":{"id":1535107204,"ku":"Tuklaty","p":"st. 172","druh":"zastavěná plocha a nádvoří","vyuziti":null,"vymera":112,"lv":null}},{"type":"Feature","geometry":{"type":"Polygon","coordinates":[[[14.769471,50.080409],[14.769457,50.080297],[14.769311,50.080304],[14.769323,50.0804],[14.769373,50.080397],[14.769376,50.080414],[14.769471,50.080409]]]},"properties":{"id":1535111204,"ku":"Tuklaty","p":"st. 176","druh":"zastavěná plocha a nádvoří","vyuziti":null,"vymera":125,"lv":null}},{"type":"Feature","geometry":{"type":"Polygon","coordinates":[[[14.768678,50.083559],[14.768485,50.08358],[14.768515,50.083696],[14.768589,50.083689],[14.768591,50.083698],[14.768638,50.083693],[14.768636,50.083684],[14.768707,50.083676],[14.768678,50.083559]]]},"properties":{"id":1535115204,"ku":"Tuklaty","p":"st. 180","druh":"zastavěná plocha a nádvoří","vyuziti":null,"vymera":188,"lv":null}},{"type":"Feature","geometry":{"type":"Polygon","coordinates":[[[14.770082,50.079914],[14.770094,50.079992],[14.770336,50.079979],[14.770323,50.079895],[14.770109,50.079907],[14.77011,50.079913],[14.770082,50.079914]]]},"properties":{"id":1535119204,"ku":"Tuklaty","p":"st. 184","druh":"zastavěná plocha a nádvoří","vyuziti":null,"vymera":163,"lv":null}},{"type":"Feature","geometry":{"type":"Polygon","coordinates":[[[14.769163,50.080438],[14.769161,50.080425],[14.769191,50.080424],[14.769178,50.080319],[14.769033,50.080328],[14.769044,50.080413],[14.769095,50.080411],[14.769111,50.080441],[14.769163,50.080438]]]},"properties":{"id":1535124204,"ku":"Tuklaty","p":"st. 189","druh":"zastavěná plocha a nádvoří","vyuziti":null,"vymera":118,"lv":null}},{"type":"Feature","geometry":{"type":"Polygon","coordinates":[[[14.768047,50.083821],[14.768024,50.083878],[14.768067,50.083886],[14.76809,50.083828],[14.768047,50.083821]]]},"properties":{"id":1535128204,"ku":"Tuklaty","p":"st. 193","druh":"zastavěná plocha a nádvoří","vyuziti":null,"vymera":21,"lv":null}},{"type":"Feature","geometry":{"type":"Polygon","coordinates":[[[14.766442,50.08662],[14.766537,50.086683],[14.766591,50.086649],[14.766624,50.08667],[14.766648,50.086642],[14.766531,50.086565],[14.766442,50.08662]]]},"properties":{"id":1535142204,"ku":"Tuklaty","p":"st. 207","druh":"zastavěná plocha a nádvoří","vyuziti":null,"vymera":96,"lv":null}},{"type":"Feature","geometry":{"type":"Polygon","coordinates":[[[14.766817,50.086815],[14.766941,50.086867],[14.766948,50.08686],[14.766971,50.086869],[14.767043,50.0868],[14.766896,50.086737],[14.766817,50.086815]]]},"properties":{"id":1535146204,"ku":"Tuklaty","p":"st. 211","druh":"zastavěná plocha a nádvoří","vyuziti":null,"vymera":128,"lv":null}},{"type":"Feature","geometry":{"type":"Polygon","coordinates":[[[14.766452,50.086492],[14.766338,50.086417],[14.766231,50.086485],[14.766344,50.08656],[14.766452,50.086492]]]},"properties":{"id":1535150204,"ku":"Tuklaty","p":"st. 216","druh":"zastavěná plocha a nádvoří","vyuziti":null,"vymera":125,"lv":null}},{"type":"Feature","geometry":{"type":"Polygon","coordinates":[[[14.774337,50.070986],[14.774366,50.070987],[14.775095,50.071021],[14.775096,50.070999],[14.774952,50.070984],[14.774338,50.070968],[14.774337,50.070986]]]},"properties":{"id":1748012204,"ku":"Tuklaty","p":"944","druh":"orná půda","vyuziti":null,"vymera":149,"lv":null}},{"type":"Feature","geometry":{"type":"Polygon","coordinates":[[[14.764883,50.083379],[14.764913,50.083017],[14.764699,50.082775],[14.764383,50.082918],[14.764058,50.083079],[14.763639,50.083257],[14.763723,50.083463],[14.764883,50.083379]]]},"properties":{"id":1535506204,"ku":"Tuklaty","p":"506/7","druh":"zahrada","vyuziti":null,"vymera":4173,"lv":null}},{"type":"Feature","geometry":{"type":"Polygon","coordinates":[[[14.775095,50.071021],[14.775133,50.071023],[14.775133,50.071003],[14.775096,50.070999],[14.775095,50.071021]]]},"properties":{"id":1748013204,"ku":"Tuklaty","p":"945","druh":"vodní plocha","vyuziti":"koryto vodního toku přirozené nebo upravené","vymera":6,"lv":null}},{"type":"Feature","geometry":{"type":"Polygon","coordinates":[[[14.762893,50.072828],[14.761241,50.072677],[14.76121,50.072771],[14.761067,50.073442],[14.762208,50.073574],[14.762924,50.073599],[14.762893,50.072828]],[[14.761294,50.073425],[14.761391,50.072986],[14.761474,50.072994],[14.761518,50.072797],[14.762301,50.07287],[14.762256,50.073067],[14.761694,50.073015],[14.761609,50.073396],[14.761664,50.073401],[14.761652,50.073458],[14.761294,50.073425]]]},"properties":{"id":1861684204,"ku":"Tuklaty","p":"357/8","druh":"orná půda","vyuziti":null,"vymera":8753,"lv":null}},{"type":"Feature","geometry":{"type":"Polygon","coordinates":[[[14.76121,50.072771],[14.761241,50.072677],[14.761212,50.072675],[14.7611,50.073097],[14.761048,50.07344],[14.761067,50.073442],[14.76121,50.072771]]]},"properties":{"id":1861685204,"ku":"Tuklaty","p":"357/9","druh":"orná půda","vyuziti":null,"vymera":178,"lv":null}},{"type":"Feature","geometry":{"type":"Polygon","coordinates":[[[14.770754,50.077181],[14.770764,50.077182],[14.77076,50.077214],[14.77086,50.077219],[14.770872,50.077161],[14.770905,50.077162],[14.77091,50.077123],[14.770762,50.077114],[14.770754,50.077181]]]},"properties":{"id":1534992204,"ku":"Tuklaty","p":"st. 57","druh":"zastavěná plocha a nádvoří","vyuziti":null,"vymera":98,"lv":null}},{"type":"Feature","geometry":{"type":"Polygon","coordinates":[[[14.775833,50.084846],[14.775832,50.084811],[14.775777,50.084811],[14.775778,50.084846],[14.775833,50.084846]]]},"properties":{"id":1535101204,"ku":"Tuklaty","p":"st. 167","druh":"zastavěná plocha a nádvoří","vyuziti":null,"vymera":15,"lv":null}},{"type":"Feature","geometry":{"type":"Polygon","coordinates":[[[14.748698,50.072674],[14.748154,50.072649],[14.748152,50.07266],[14.747802,50.072632],[14.746848,50.072593],[14.746756,50.07388],[14.748582,50.074305],[14.748698,50.072674]]]},"properties":{"id":2251567204,"ku":"Tuklaty","p":"1154","druh":"orná půda","vyuziti":null,"vymera":21571,"lv":null}},{"type":"Feature","geometry":{"type":"Polygon","coordinates":[[[14.747381,50.07257],[14.747435,50.072583],[14.747665,50.072606],[14.747802,50.072632],[14.748152,50.07266],[14.748154,50.072649],[14.748323,50.072661],[14.749049,50.072684],[14.749096,50.072697],[14.749243,50.072792],[14.74926,50.072597],[14.749075,50.0726],[14.747931,50.072571],[14.747381,50.07257]]]},"properties":{"id":2251568204,"ku":"Tuklaty","p":"1155","druh":"ostatní plocha","vyuziti":"jiná plocha","vymera":1103,"lv":null}},{"type":"Feature","geometry":{"type":"Polygon","coordinates":[[[14.747853,50.071248],[14.747241,50.070925],[14.746899,50.071228],[14.746851,50.071205],[14.746472,50.072221],[14.747548,50.07232],[14.747928,50.071304],[14.747853,50.071248]]]},"properties":{"id":2251571204,"ku":"Tuklaty","p":"1158","druh":"orná půda","vyuziti":null,"vymera":10304,"lv":null}},{"type":"Feature","geometry":{"type":"Polygon","coordinates":[[[14.745363,50.072048],[14.745503,50.072082],[14.745789,50.072128],[14.746472,50.072221],[14.746851,50.071205],[14.746818,50.07119],[14.746855,50.071117],[14.746796,50.071051],[14.746177,50.070756],[14.745907,50.070593],[14.745363,50.072048]]]},"properties":{"id":2251572204,"ku":"Tuklaty","p":"1159","druh":"orná půda","vyuziti":null,"vymera":11977,"lv":null}},{"type":"Feature","geometry":{"type":"Polygon","coordinates":[[[14.761224,50.071926],[14.761192,50.071809],[14.759949,50.071597],[14.758132,50.071314],[14.758122,50.07136],[14.758124,50.071457],[14.758183,50.071631],[14.758241,50.071719],[14.758469,50.071977],[14.761224,50.071926]]]},"properties":{"id":2251524204,"ku":"Tuklaty","p":"1111","druh":"orná půda","vyuziti":null,"vymera":9186,"lv":null}},{"type":"Feature","geometry":{"type":"Polygon","coordinates":[[[14.758716,50.07271],[14.758693,50.072478],[14.758638,50.07248],[14.758657,50.072705],[14.758716,50.07271]]]},"properties":{"id":2251527204,"ku":"Tuklaty","p":"1114","druh":"ostatní plocha","vyuziti":"jiná plocha","vymera":102,"lv":null}},{"type":"Feature","geometry":{"type":"Polygon","coordinates":[[[14.758652,50.072753],[14.758572,50.073437],[14.758629,50.073446],[14.758711,50.072751],[14.758652,50.072753]]]},"properties":{"id":2251528204,"ku":"Tuklaty","p":"1115","druh":"ostatní plocha","vyuziti":"jiná plocha","vymera":321,"lv":null}},{"type":"Feature","geometry":{"type":"Polygon","coordinates":[[[14.741151,50.074047],[14.74139,50.074098],[14.741461,50.07396],[14.741666,50.074004],[14.741703,50.073932],[14.741259,50.073838],[14.741151,50.074047]]]},"properties":{"id":1535090204,"ku":"Tuklaty","p":"st. 157/1","druh":"zastavěná plocha a nádvoří","vyuziti":null,"vymera":571,"lv":null}},{"type":"Feature","geometry":{"type":"Polygon","coordinates":[[[14.773658,50.082657],[14.77386,50.082688],[14.773874,50.082648],[14.773904,50.082653],[14.773929,50.082586],[14.773697,50.082551],[14.773658,50.082657]]]},"properties":{"id":2257919204,"ku":"Tuklaty","p":"st. 336","druh":"zastavěná plocha a nádvoří","vyuziti":null,"vymera":197,"lv":null}},{"type":"Feature","geometry":{"type":"Polygon","coordinates":[[[14.770233,50.079663],[14.770239,50.079708],[14.770203,50.07971],[14.770205,50.07972],[14.770159,50.079723],[14.770168,50.079781],[14.770305,50.079773],[14.770307,50.079786],[14.770457,50.079778],[14.770434,50.07961],[14.770296,50.079619],[14.770302,50.079659],[14.770233,50.079663]]]},"properties":{"id":2282295204,"ku":"Tuklaty","p":"st. 227","druh":"zastavěná plocha a nádvoří","vyuziti":null,"vymera":290,"lv":null}},{"type":"Feature","geometry":{"type":"Polygon","coordinates":[[[14.772076,50.079692],[14.771923,50.08005],[14.772316,50.080171],[14.772551,50.079714],[14.77216,50.079593],[14.772076,50.079692]]]},"properties":{"id":2284191204,"ku":"Tuklaty","p":"1052/2","druh":"orná půda","vyuziti":null,"vymera":1714,"lv":null}},{"type":"Feature","geometry":{"type":"Polygon","coordinates":[[[14.760332,50.082519],[14.760551,50.082356],[14.760743,50.082235],[14.761058,50.082054],[14.760883,50.081958],[14.760641,50.081781],[14.759991,50.082201],[14.760332,50.082519]]]},"properties":{"id":2251662204,"ku":"Tuklaty","p":"1249","druh":"orná půda","vyuziti":null,"vymera":2847,"lv":null}},{"type":"Feature","geometry":{"type":"Polygon","coordinates":[[[14.775539,50.071644],[14.776642,50.071605],[14.777539,50.071606],[14.775769,50.071314],[14.775554,50.071271],[14.775539,50.071644]]]},"properties":{"id":2251485204,"ku":"Tuklaty","p":"1072","druh":"orná půda","vyuziti":null,"vymera":2751,"lv":null}},{"type":"Feature","geometry":{"type":"Polygon","coordinates":[[[14.767988,50.087267],[14.767786,50.087478],[14.768466,50.087677],[14.7686,50.087479],[14.767988,50.087267]]]},"properties":{"id":2251434204,"ku":"Tuklaty","p":"1021","druh":"orná půda","vyuziti":null,"vymera":1323,"lv":null}},{"type":"Feature","geometry":{"type":"Polygon","coordinates":[[[14.766732,50.090755],[14.767281,50.090076],[14.767657,50.089498],[14.767893,50.0891],[14.768188,50.08855],[14.768205,50.088502],[14.767135,50.088242],[14.766599,50.088837],[14.765372,50.090497],[14.766732,50.090755]]]},"properties":{"id":2251440204,"ku":"Tuklaty","p":"1027","druh":"orná půda","vyuziti":null,"vymera":27031,"lv":null}},{"type":"Feature","geometry":{"type":"Polygon","coordinates":[[[14.776436,50.095942],[14.776699,50.095157],[14.776567,50.095125],[14.77633,50.095114],[14.77588,50.095065],[14.775507,50.094998],[14.774952,50.09488],[14.774442,50.094745],[14.773979,50.094634],[14.773937,50.094716],[14.773837,50.094686],[14.772869,50.096646],[14.774207,50.096975],[14.774492,50.096495],[14.776274,50.096933],[14.776409,50.096194],[14.776436,50.095942]]]},"properties":{"id":2251389204,"ku":"Tuklaty","p":"976","druh":"orná půda","vyuziti":null,"vymera":47170,"lv":null}},{"type":"Feature","geometry":{"type":"Polygon","coordinates":[[[14.773361,50.09449],[14.773961,50.094668],[14.773979,50.094634],[14.773386,50.094458],[14.772934,50.094304],[14.772607,50.094178],[14.772251,50.093986],[14.770711,50.09364],[14.770324,50.093574],[14.769622,50.093497],[14.769565,50.093445],[14.769531,50.093569],[14.769612,50.093532],[14.770312,50.09361],[14.770694,50.093674],[14.772223,50.094018],[14.772574,50.094207],[14.772906,50.094336],[14.773361,50.09449]]]},"properties":{"id":2251393204,"ku":"Tuklaty","p":"980","druh":"ostatní plocha","vyuziti":"ostatní komunikace","vymera":1404,"lv":null}},{"type":"Feature","geometry":{"type":"Polygon","coordinates":[[[14.775356,50.094824],[14.775906,50.093726],[14.773415,50.093221],[14.773017,50.094016],[14.773368,50.094094],[14.774267,50.094252],[14.774201,50.094412],[14.774209,50.094465],[14.774281,50.094568],[14.775023,50.094753],[14.775356,50.094824]]]},"properties":{"id":2251397204,"ku":"Tuklaty","p":"984","druh":"orná půda","vyuziti":null,"vymera":20392,"lv":null}},{"type":"Feature","geometry":{"type":"Polygon","coordinates":[[[14.763451,50.088063],[14.763663,50.088272],[14.763979,50.088115],[14.763813,50.087933],[14.763451,50.088063]],[[14.763776,50.087962],[14.763808,50.087951],[14.763823,50.08798],[14.763793,50.087982],[14.763776,50.087962]]]},"properties":{"id":1535322204,"ku":"Tuklaty","p":"126/2","druh":"orná půda","vyuziti":null,"vymera":736,"lv":null}},{"type":"Feature","geometry":{"type":"Polygon","coordinates":[[[14.763111,50.089557],[14.762836,50.089913],[14.763049,50.090006],[14.76352,50.090141],[14.763577,50.090098],[14.763744,50.089789],[14.764094,50.089285],[14.764378,50.088907],[14.764486,50.088806],[14.764018,50.08871],[14.763689,50.088973],[14.763111,50.089557]]]},"properties":{"id":1535330204,"ku":"Tuklaty","p":"132/1","druh":"lesní pozemek","vyuziti":null,"vymera":7478,"lv":null}},{"type":"Feature","geometry":{"type":"Polygon","coordinates":[[[14.771808,50.083382],[14.771619,50.083536],[14.772209,50.083606],[14.772323,50.083443],[14.771808,50.083382]],[[14.772195,50.083535],[14.77217,50.083528],[14.77215,50.083556],[14.772022,50.083518],[14.772075,50.083442],[14.772117,50.083454],[14.772123,50.083446],[14.772168,50.083459],[14.772162,50.083468],[14.772204,50.08348],[14.772186,50.083505],[14.772211,50.083513],[14.772195,50.083535]]]},"properties":{"id":1635559204,"ku":"Tuklaty","p":"280/10","druh":"zahrada","vyuziti":null,"vymera":672,"lv":null}},{"type":"Feature","geometry":{"type":"Polygon","coordinates":[[[14.770489,50.08068],[14.770458,50.080693],[14.770112,50.080714],[14.770093,50.081095],[14.770477,50.080955],[14.770513,50.080766],[14.770489,50.080729],[14.770489,50.08068]]]},"properties":{"id":2213688204,"ku":"Tuklaty","p":"55/8","druh":"trvalý travní porost","vyuziti":null,"vymera":993,"lv":null}},{"type":"Feature","geometry":{"type":"Polygon","coordinates":[[[14.76062,50.073799],[14.760233,50.073695],[14.759828,50.073669],[14.759826,50.073709],[14.760215,50.073734],[14.760612,50.073827],[14.760782,50.073923],[14.760831,50.073896],[14.76062,50.073799]]]},"properties":{"id":1999936204,"ku":"Tuklaty","p":"539/3","druh":"ostatní plocha","vyuziti":"jiná plocha","vymera":305,"lv":null}},{"type":"Feature","geometry":{"type":"Polygon","coordinates":[[[14.770112,50.080714],[14.768691,50.080798],[14.768431,50.080833],[14.768473,50.080851],[14.768567,50.08085],[14.768656,50.080882],[14.76932,50.081291],[14.769505,50.08151],[14.769607,50.081525],[14.769599,50.081466],[14.769626,50.081399],[14.769716,50.08129],[14.769795,50.081233],[14.770093,50.081095],[14.770112,50.080714]]]},"properties":{"id":1535278204,"ku":"Tuklaty","p":"55/1","druh":"trvalý travní porost","vyuziti":null,"vymera":5206,"lv":null}},{"type":"Feature","geometry":{"type":"Polygon","coordinates":[[[14.768813,50.083508],[14.769228,50.083596],[14.769328,50.083461],[14.769432,50.083342],[14.769426,50.083331],[14.769319,50.083293],[14.769343,50.083263],[14.768969,50.083206],[14.768813,50.083508]]]},"properties":{"id":2143524204,"ku":"Tuklaty","p":"62/11","druh":"zahrada","vyuziti":null,"vymera":1208,"lv":null}},{"type":"Feature","geometry":{"type":"Polygon","coordinates":[[[14.769608,50.083357],[14.769366,50.083617],[14.769762,50.083673],[14.769803,50.083564],[14.769538,50.083523],[14.769718,50.08326],[14.76966,50.08325],[14.769623,50.083296],[14.769608,50.083357]]]},"properties":{"id":1535247204,"ku":"Tuklaty","p":"36/7","druh":"zahrada","vyuziti":null,"vymera":478,"lv":null}},{"type":"Feature","geometry":{"type":"Polygon","coordinates":[[[14.769623,50.083296],[14.769366,50.083617],[14.769608,50.083357],[14.769623,50.083296]]]},"properties":{"id":2146031204,"ku":"Tuklaty","p":"36/15","druh":"vodní plocha","vyuziti":"koryto vodního toku přirozené nebo upravené","vymera":43,"lv":null}},{"type":"Feature","geometry":{"type":"Polygon","coordinates":[[[14.766113,50.087943],[14.765672,50.088256],[14.765154,50.088623],[14.765644,50.088714],[14.765823,50.088705],[14.766248,50.088261],[14.76644,50.088132],[14.766113,50.087943]]]},"properties":{"id":1535337204,"ku":"Tuklaty","p":"147/2","druh":"lesní pozemek","vyuziti":null,"vymera":3296,"lv":null}},{"type":"Feature","geometry":{"type":"Polygon","coordinates":[[[14.774431,50.075567],[14.774439,50.075314],[14.774306,50.075284],[14.774279,50.075331],[14.774355,50.075344],[14.774336,50.075628],[14.774292,50.075781],[14.774207,50.075946],[14.77411,50.076028],[14.773679,50.076295],[14.773575,50.076491],[14.773528,50.076702],[14.773465,50.076907],[14.773413,50.077009],[14.773495,50.077017],[14.773599,50.076708],[14.77375,50.076356],[14.77418,50.07605],[14.774294,50.075941],[14.774369,50.075803],[14.774431,50.075567]]]},"properties":{"id":2251489204,"ku":"Tuklaty","p":"1076","druh":"vodní plocha","vyuziti":"koryto vodního toku přirozené nebo upravené","vymera":1312,"lv":null}},{"type":"Feature","geometry":{"type":"Polygon","coordinates":[[[14.773679,50.076295],[14.774127,50.076013],[14.773439,50.075997],[14.773306,50.076928],[14.773447,50.076942],[14.773528,50.076702],[14.773575,50.076491],[14.773679,50.076295]]]},"properties":{"id":2251490204,"ku":"Tuklaty","p":"1077","druh":"orná půda","vyuziti":null,"vymera":2169,"lv":null}},{"type":"Feature","geometry":{"type":"Polygon","coordinates":[[[14.77784,50.086043],[14.777798,50.086138],[14.778013,50.086181],[14.778486,50.08631],[14.779055,50.086492],[14.779054,50.086387],[14.778572,50.086238],[14.778229,50.0861],[14.77784,50.086043]]]},"properties":{"id":2251445204,"ku":"Tuklaty","p":"1032","druh":"ostatní plocha","vyuziti":"silnice","vymera":1101,"lv":null}},{"type":"Feature","geometry":{"type":"Polygon","coordinates":[[[14.778572,50.086238],[14.779054,50.086387],[14.779054,50.086226],[14.778622,50.08622],[14.778562,50.086197],[14.778572,50.086238]]]},"properties":{"id":2251446204,"ku":"Tuklaty","p":"1033","druh":"ostatní plocha","vyuziti":"manipulační plocha","vymera":348,"lv":null}},{"type":"Feature","geometry":{"type":"Polygon","coordinates":[[[14.773053,50.084267],[14.772092,50.084612],[14.771815,50.084695],[14.771571,50.084893],[14.771862,50.085068],[14.772221,50.085244],[14.772491,50.085363],[14.772564,50.085378],[14.773121,50.085059],[14.773053,50.084267]]]},"properties":{"id":2251449204,"ku":"Tuklaty","p":"1036","druh":"orná půda","vyuziti":null,"vymera":7874,"lv":null}},{"type":"Feature","geometry":{"type":"Polygon","coordinates":[[[14.776299,50.082675],[14.774981,50.083519],[14.774748,50.083641],[14.774496,50.083748],[14.773053,50.084267],[14.773121,50.085059],[14.773339,50.084933],[14.773534,50.084837],[14.774036,50.084631],[14.774564,50.084511],[14.776246,50.084421],[14.776299,50.082675]]]},"properties":{"id":2251453204,"ku":"Tuklaty","p":"1040","druh":"orná půda","vyuziti":null,"vymera":25582,"lv":null}},{"type":"Feature","geometry":{"type":"Polygon","coordinates":[[[14.773349,50.083341],[14.773884,50.083419],[14.774032,50.082986],[14.773464,50.082897],[14.773315,50.08328],[14.77337,50.083288],[14.773349,50.083341]],[[14.773824,50.083091],[14.773778,50.083207],[14.77367,50.083189],[14.773653,50.083196],[14.77357,50.083173],[14.773628,50.083022],[14.773692,50.083032],[14.773678,50.083068],[14.773824,50.083091]]]},"properties":{"id":1635589204,"ku":"Tuklaty","p":"296/54","druh":"zahrada","vyuziti":null,"vymera":1860,"lv":null}},{"type":"Feature","geometry":{"type":"Polygon","coordinates":[[[14.774038,50.082967],[14.773884,50.083419],[14.773914,50.083424],[14.774081,50.083373],[14.774075,50.083366],[14.774161,50.083339],[14.774166,50.083347],[14.774182,50.083342],[14.774215,50.083389],[14.774173,50.083402],[14.774425,50.083642],[14.774649,50.083548],[14.774038,50.082967]]]},"properties":{"id":1535444204,"ku":"Tuklaty","p":"299/2","druh":"zahrada","vyuziti":null,"vymera":1490,"lv":null}},{"type":"Feature","geometry":{"type":"Polygon","coordinates":[[[14.774215,50.083389],[14.774182,50.083342],[14.774166,50.083347],[14.774161,50.083339],[14.774075,50.083366],[14.774081,50.083373],[14.774072,50.083376],[14.774106,50.083422],[14.774215,50.083389]]]},"properties":{"id":2148850204,"ku":"Tuklaty","p":"st. 102/2","druh":"zastavěná plocha a nádvoří","vyuziti":null,"vymera":56,"lv":null}},{"type":"Feature","geometry":{"type":"Polygon","coordinates":[[[14.763138,50.076263],[14.76315,50.075837],[14.762917,50.075994],[14.762633,50.076076],[14.762705,50.076252],[14.763138,50.076263]]]},"properties":{"id":1999057204,"ku":"Tuklaty","p":"357/14","druh":"orná půda","vyuziti":null,"vymera":1059,"lv":null}},{"type":"Feature","geometry":{"type":"Polygon","coordinates":[[[14.743723,50.073211],[14.743719,50.073264],[14.744572,50.073462],[14.744574,50.073406],[14.743723,50.073211]]]},"properties":{"id":1736487204,"ku":"Tuklaty","p":"715/4","druh":"orná půda","vyuziti":null,"vymera":377,"lv":null}},{"type":"Feature","geometry":{"type":"Polygon","coordinates":[[[14.744572,50.073462],[14.745347,50.07364],[14.745351,50.073573],[14.744574,50.073406],[14.744572,50.073462]]]},"properties":{"id":1736488204,"ku":"Tuklaty","p":"715/5","druh":"orná půda","vyuziti":null,"vymera":371,"lv":null}},{"type":"Feature","geometry":{"type":"Polygon","coordinates":[[[14.742576,50.072995],[14.742958,50.073089],[14.742958,50.073041],[14.7426,50.072962],[14.742576,50.072995]]]},"properties":{"id":1736491204,"ku":"Tuklaty","p":"715/8","druh":"orná půda","vyuziti":null,"vymera":126,"lv":null}},{"type":"Feature","geometry":{"type":"Polygon","coordinates":[[[14.742319,50.072938],[14.742349,50.072906],[14.742268,50.072888],[14.742319,50.072938]]]},"properties":{"id":1736493204,"ku":"Tuklaty","p":"888/5","druh":"ostatní plocha","vyuziti":"dráha","vymera":12,"lv":null}},{"type":"Feature","geometry":{"type":"Polygon","coordinates":[[[14.760215,50.073734],[14.759826,50.073709],[14.759011,50.073612],[14.758552,50.073489],[14.758564,50.074037],[14.758543,50.074992],[14.758492,50.07553],[14.758475,50.076181],[14.759067,50.07623],[14.75949,50.076249],[14.759688,50.076268],[14.760545,50.076294],[14.76121,50.07628],[14.761539,50.076297],[14.762035,50.076298],[14.762023,50.076191],[14.76198,50.076019],[14.761792,50.075634],[14.761304,50.07482],[14.761104,50.074446],[14.761071,50.074453],[14.760984,50.074306],[14.760881,50.074103],[14.760829,50.073946],[14.760601,50.073833],[14.760215,50.073734]]]},"properties":{"id":1999066204,"ku":"Tuklaty","p":"576/9","druh":"orná půda","vyuziti":null,"vymera":58940,"lv":null}},{"type":"Feature","geometry":{"type":"Polygon","coordinates":[[[14.761201,50.072346],[14.76102,50.072996],[14.760883,50.073739],[14.760881,50.073919],[14.760935,50.074094],[14.761055,50.074355],[14.761304,50.07482],[14.761792,50.075634],[14.76198,50.076019],[14.762023,50.076191],[14.762035,50.076298],[14.762167,50.076261],[14.762153,50.076098],[14.762111,50.075956],[14.761066,50.074081],[14.761001,50.073875],[14.761002,50.073736],[14.7611,50.073097],[14.761204,50.072698],[14.761336,50.072335],[14.761201,50.072346]]]},"properties":{"id":1999067204,"ku":"Tuklaty","p":"885/1","druh":"ostatní plocha","vyuziti":"silnice","vymera":4345,"lv":null}},{"type":"Feature","geometry":{"type":"Polygon","coordinates":[[[14.773824,50.083091],[14.773678,50.083068],[14.773692,50.083032],[14.773628,50.083022],[14.77357,50.083173],[14.773653,50.083196],[14.77367,50.083189],[14.773778,50.083207],[14.773824,50.083091]]]},"properties":{"id":2342329204,"ku":"Tuklaty","p":"st. 346","druh":"zastavěná plocha a nádvoří","vyuziti":null,"vymera":227,"lv":null}},{"type":"Feature","geometry":{"type":"Polygon","coordinates":[[[14.77026,50.082442],[14.770457,50.082471],[14.770513,50.082314],[14.770338,50.082287],[14.770365,50.082214],[14.77043,50.082225],[14.770436,50.082208],[14.770253,50.08218],[14.770281,50.082243],[14.770291,50.082337],[14.77026,50.082442]]]},"properties":{"id":1535267204,"ku":"Tuklaty","p":"53","druh":"zahrada","vyuziti":null,"vymera":339,"lv":null}},{"type":"Feature","geometry":{"type":"Polygon","coordinates":[[[14.774259,50.081633],[14.773794,50.081569],[14.773792,50.081609],[14.774246,50.081672],[14.774259,50.081633]]]},"properties":{"id":1648960204,"ku":"Tuklaty","p":"296/57","druh":"orná půda","vyuziti":null,"vymera":148,"lv":null}},{"type":"Feature","geometry":{"type":"Polygon","coordinates":[[[14.774316,50.081691],[14.774304,50.081726],[14.77447,50.081749],[14.774485,50.081705],[14.774437,50.081699],[14.774434,50.081708],[14.774316,50.081691]]]},"properties":{"id":1648962204,"ku":"Tuklaty","p":"296/56","druh":"orná půda","vyuziti":null,"vymera":52,"lv":null}},{"type":"Feature","geometry":{"type":"Polygon","coordinates":[[[14.775266,50.085742],[14.775025,50.084942],[14.774493,50.085009],[14.774421,50.084771],[14.77455,50.084755],[14.774556,50.084789],[14.774964,50.084738],[14.774907,50.08455],[14.774452,50.08456],[14.773659,50.08485],[14.773643,50.084941],[14.774219,50.08487],[14.774226,50.084892],[14.774203,50.084893],[14.774238,50.08501],[14.773678,50.08508],[14.773641,50.084956],[14.773592,50.085243],[14.774306,50.085154],[14.774415,50.085444],[14.77446,50.085617],[14.77465,50.085639],[14.774701,50.085671],[14.775266,50.085742]],[[14.77457,50.085266],[14.774608,50.085261],[14.774612,50.085277],[14.775071,50.085219],[14.775153,50.085489],[14.774658,50.085551],[14.77457,50.085266]]]},"properties":{"id":1535364204,"ku":"Tuklaty","p":"275/5","druh":"ostatní plocha","vyuziti":"manipulační plocha","vymera":6315,"lv":null}},{"type":"Feature","geometry":{"type":"Polygon","coordinates":[[[14.768067,50.083886],[14.768109,50.083893],[14.768133,50.083835],[14.76809,50.083828],[14.768067,50.083886]]]},"properties":{"id":1535129204,"ku":"Tuklaty","p":"st. 194","druh":"zastavěná plocha a nádvoří","vyuziti":null,"vymera":21,"lv":null}},{"type":"Feature","geometry":{"type":"Polygon","coordinates":[[[14.774243,50.081681],[14.774246,50.081672],[14.773792,50.081609],[14.773789,50.081655],[14.774304,50.081726],[14.774316,50.081691],[14.774243,50.081681]]]},"properties":{"id":1535443204,"ku":"Tuklaty","p":"296/8","druh":"orná půda","vyuziti":null,"vymera":186,"lv":null}},{"type":"Feature","geometry":{"type":"Polygon","coordinates":[[[14.774485,50.081554],[14.774294,50.081527],[14.774243,50.081681],[14.774434,50.081708],[14.774485,50.081554]]]},"properties":{"id":1611993204,"ku":"Tuklaty","p":"st. 309","druh":"zastavěná plocha a nádvoří","vyuziti":null,"vymera":245,"lv":null}},{"type":"Feature","geometry":{"type":"Polygon","coordinates":[[[14.770764,50.082574],[14.770626,50.082553],[14.770588,50.082654],[14.770726,50.082675],[14.770764,50.082574]]]},"properties":{"id":1535151204,"ku":"Tuklaty","p":"st. 217","druh":"zastavěná plocha a nádvoří","vyuziti":null,"vymera":117,"lv":null}},{"type":"Feature","geometry":{"type":"Polygon","coordinates":[[[14.770522,50.085505],[14.770691,50.085533],[14.770702,50.085506],[14.770685,50.085503],[14.770705,50.085452],[14.770549,50.085425],[14.770522,50.085505]]]},"properties":{"id":1535155204,"ku":"Tuklaty","p":"st. 222","druh":"zastavěná plocha a nádvoří","vyuziti":null,"vymera":108,"lv":null}},{"type":"Feature","geometry":{"type":"Polygon","coordinates":[[[14.76658,50.086904],[14.76648,50.086964],[14.766607,50.087051],[14.766713,50.086988],[14.76658,50.086904]]]},"properties":{"id":1535161204,"ku":"Tuklaty","p":"st. 230","druh":"zastavěná plocha a nádvoří","vyuziti":null,"vymera":134,"lv":null}},{"type":"Feature","geometry":{"type":"Polygon","coordinates":[[[14.770891,50.083669],[14.770772,50.083658],[14.770759,50.083716],[14.770877,50.083728],[14.770891,50.083669]]]},"properties":{"id":1535171204,"ku":"Tuklaty","p":"st. 291","druh":"zastavěná plocha a nádvoří","vyuziti":null,"vymera":56,"lv":null}},{"type":"Feature","geometry":{"type":"Polygon","coordinates":[[[14.770328,50.081829],[14.770311,50.081877],[14.770405,50.08189],[14.770421,50.081842],[14.770328,50.081829]]]},"properties":{"id":1535176204,"ku":"Tuklaty","p":"st. 300","druh":"zastavěná plocha a nádvoří","vyuziti":null,"vymera":38,"lv":null}},{"type":"Feature","geometry":{"type":"Polygon","coordinates":[[[14.766083,50.085256],[14.766139,50.085266],[14.766186,50.085161],[14.765553,50.085107],[14.765558,50.085199],[14.765744,50.0852],[14.765739,50.085281],[14.765831,50.085288],[14.765975,50.085271],[14.766022,50.085163],[14.766116,50.08518],[14.766083,50.085256]]]},"properties":{"id":1535186204,"ku":"Tuklaty","p":"11","druh":"zahrada","vyuziti":null,"vymera":500,"lv":null}},{"type":"Feature","geometry":{"type":"Polygon","coordinates":[[[14.766778,50.086495],[14.766635,50.0864],[14.766335,50.086589],[14.766563,50.086738],[14.766624,50.08667],[14.766591,50.086649],[14.766537,50.086683],[14.766442,50.08662],[14.766531,50.086565],[14.766648,50.086642],[14.766778,50.086495]]]},"properties":{"id":1535191204,"ku":"Tuklaty","p":"16/5","druh":"zahrada","vyuziti":null,"vymera":474,"lv":null}},{"type":"Feature","geometry":{"type":"Polygon","coordinates":[[[14.766663,50.087301],[14.766374,50.086999],[14.766125,50.087128],[14.766571,50.087335],[14.766663,50.087301]],[[14.766368,50.087069],[14.766405,50.087054],[14.766574,50.087229],[14.766512,50.087254],[14.76647,50.087211],[14.766433,50.087225],[14.766347,50.087134],[14.766407,50.08711],[14.766368,50.087069]]]},"properties":{"id":1535198204,"ku":"Tuklaty","p":"17/3","druh":"zahrada","vyuziti":null,"vymera":428,"lv":null}},{"type":"Feature","geometry":{"type":"Polygon","coordinates":[[[14.767164,50.086748],[14.766898,50.086989],[14.767052,50.087139],[14.767109,50.087133],[14.76719,50.087093],[14.767264,50.087051],[14.767381,50.086967],[14.767264,50.08683],[14.767164,50.086748]],[[14.767183,50.086885],[14.767209,50.086896],[14.767229,50.086875],[14.767271,50.086891],[14.767198,50.086964],[14.76722,50.086973],[14.767156,50.087037],[14.767077,50.087004],[14.76707,50.087011],[14.766997,50.086979],[14.767127,50.08685],[14.767191,50.086877],[14.767183,50.086885]]]},"properties":{"id":1535207204,"ku":"Tuklaty","p":"18/4","druh":"zahrada","vyuziti":null,"vymera":597,"lv":null}},{"type":"Feature","geometry":{"type":"Polygon","coordinates":[[[14.767958,50.086343],[14.767959,50.086318],[14.767853,50.086307],[14.767846,50.086332],[14.767958,50.086343]]]},"properties":{"id":1535210204,"ku":"Tuklaty","p":"21/2","druh":"zahrada","vyuziti":null,"vymera":22,"lv":null}},{"type":"Feature","geometry":{"type":"Polygon","coordinates":[[[14.767854,50.087012],[14.767776,50.086943],[14.767748,50.086933],[14.767602,50.087078],[14.76768,50.087112],[14.76765,50.087143],[14.767712,50.087171],[14.767854,50.087012]]]},"properties":{"id":1535211204,"ku":"Tuklaty","p":"21/3","druh":"zahrada","vyuziti":null,"vymera":233,"lv":null}},{"type":"Feature","geometry":{"type":"Polygon","coordinates":[[[14.76883,50.085582],[14.768594,50.085698],[14.768656,50.08575],[14.768594,50.08578],[14.768534,50.08573],[14.768419,50.085815],[14.768364,50.08589],[14.768347,50.085941],[14.768365,50.085964],[14.768364,50.086027],[14.768345,50.086043],[14.768342,50.086059],[14.768377,50.086115],[14.768539,50.086267],[14.769296,50.085893],[14.769077,50.085642],[14.769,50.085597],[14.768968,50.085588],[14.76883,50.085582]],[[14.76872,50.085725],[14.768809,50.085622],[14.769077,50.085718],[14.768994,50.085818],[14.76872,50.085725]]]},"properties":{"id":1535216204,"ku":"Tuklaty","p":"25","druh":"ostatní plocha","vyuziti":"pohřebiště","vymera":2717,"lv":null}},{"type":"Feature","geometry":{"type":"Polygon","coordinates":[[[14.770159,50.085613],[14.77014,50.085657],[14.770636,50.085847],[14.770692,50.085702],[14.770553,50.085679],[14.770535,50.085729],[14.770551,50.085731],[14.770541,50.085758],[14.770524,50.08576],[14.770367,50.085735],[14.770399,50.085651],[14.770159,50.085613]]]},"properties":{"id":1535226204,"ku":"Tuklaty","p":"30/3","druh":"zahrada","vyuziti":null,"vymera":319,"lv":null}},{"type":"Feature","geometry":{"type":"Polygon","coordinates":[[[14.770246,50.085383],[14.770569,50.085428],[14.7706,50.08535],[14.770275,50.085304],[14.770246,50.085383]]]},"properties":{"id":1535232204,"ku":"Tuklaty","p":"30/9","druh":"zahrada","vyuziti":null,"vymera":213,"lv":null}},{"type":"Feature","geometry":{"type":"Polygon","coordinates":[[[14.770113,50.084477],[14.770074,50.084626],[14.770386,50.084622],[14.770387,50.084597],[14.770457,50.084597],[14.770471,50.084503],[14.770305,50.084487],[14.770113,50.084477]]]},"properties":{"id":1535239204,"ku":"Tuklaty","p":"32","druh":"zahrada","vyuziti":null,"vymera":386,"lv":null}},{"type":"Feature","geometry":{"type":"Polygon","coordinates":[[[14.769649,50.083975],[14.76957,50.083965],[14.769587,50.083911],[14.76926,50.083867],[14.769191,50.08399],[14.769626,50.084049],[14.769649,50.083975]]]},"properties":{"id":1535244204,"ku":"Tuklaty","p":"36/4","druh":"zahrada","vyuziti":null,"vymera":408,"lv":null}},{"type":"Feature","geometry":{"type":"Polygon","coordinates":[[[14.768496,50.084032],[14.768309,50.084265],[14.768196,50.084383],[14.768533,50.084539],[14.768723,50.084292],[14.769,50.084121],[14.768496,50.084032]]]},"properties":{"id":1535251204,"ku":"Tuklaty","p":"37/3","druh":"ovocný sad","vyuziti":null,"vymera":1499,"lv":null}},{"type":"Feature","geometry":{"type":"Polygon","coordinates":[[[14.767787,50.085102],[14.767661,50.085095],[14.767667,50.085165],[14.767761,50.085186],[14.767798,50.085186],[14.767902,50.085163],[14.767892,50.085097],[14.767787,50.085102]]]},"properties":{"id":1535257204,"ku":"Tuklaty","p":"40","druh":"zahrada","vyuziti":null,"vymera":144,"lv":null}},{"type":"Feature","geometry":{"type":"Polygon","coordinates":[[[14.770674,50.084115],[14.771021,50.08414],[14.771225,50.083841],[14.770879,50.083811],[14.770674,50.084115]],[[14.770966,50.084096],[14.770767,50.08404],[14.770865,50.083896],[14.771065,50.083952],[14.770966,50.084096]]]},"properties":{"id":1535406204,"ku":"Tuklaty","p":"285/25","druh":"zahrada","vyuziti":null,"vymera":604,"lv":null}},{"type":"Feature","geometry":{"type":"Polygon","coordinates":[[[14.771065,50.083952],[14.770865,50.083896],[14.770767,50.08404],[14.770966,50.084096],[14.771065,50.083952]]]},"properties":{"id":2265176204,"ku":"Tuklaty","p":"st. 337","druh":"zastavěná plocha a nádvoří","vyuziti":null,"vymera":273,"lv":null}},{"type":"Feature","geometry":{"type":"Polygon","coordinates":[[[14.773306,50.076928],[14.773439,50.075997],[14.770188,50.075917],[14.770187,50.076672],[14.772585,50.076766],[14.773306,50.076928]]]},"properties":{"id":2251491204,"ku":"Tuklaty","p":"1078","druh":"orná půda","vyuziti":null,"vymera":20165,"lv":null}},{"type":"Feature","geometry":{"type":"Polygon","coordinates":[[[14.771264,50.08467],[14.771013,50.084712],[14.7711,50.084842],[14.771592,50.085104],[14.771728,50.085199],[14.772407,50.085445],[14.772731,50.085529],[14.773123,50.085587],[14.776346,50.085979],[14.776347,50.085959],[14.776585,50.085992],[14.776599,50.085914],[14.777783,50.086061],[14.777755,50.08613],[14.777798,50.086138],[14.77784,50.086043],[14.777684,50.08602],[14.775674,50.085793],[14.773021,50.085464],[14.772858,50.085439],[14.772491,50.085363],[14.772221,50.085244],[14.771862,50.085068],[14.771571,50.084893],[14.771264,50.08467]]]},"properties":{"id":2251447204,"ku":"Tuklaty","p":"1034","druh":"ostatní plocha","vyuziti":"silnice","vymera":5815,"lv":null}},{"type":"Feature","geometry":{"type":"Polygon","coordinates":[[[14.777482,50.081905],[14.776299,50.082675],[14.776202,50.085853],[14.777204,50.085967],[14.777251,50.083589],[14.777355,50.082929],[14.777396,50.082561],[14.77748,50.08207],[14.777482,50.081905]]]},"properties":{"id":2251451204,"ku":"Tuklaty","p":"1038","druh":"orná půda","vyuziti":null,"vymera":29255,"lv":null}},{"type":"Feature","geometry":{"type":"Polygon","coordinates":[[[14.772123,50.083915],[14.772859,50.084003],[14.772947,50.083815],[14.772256,50.083733],[14.772123,50.083915]],[[14.77241,50.08388],[14.772291,50.08387],[14.772308,50.083789],[14.77246,50.083802],[14.772444,50.083881],[14.772469,50.083883],[14.772461,50.083924],[14.772403,50.083918],[14.77241,50.08388]]]},"properties":{"id":1635567204,"ku":"Tuklaty","p":"296/36","druh":"orná půda","vyuziti":null,"vymera":1006,"lv":null}},{"type":"Feature","geometry":{"type":"Polygon","coordinates":[[[14.770428,50.081639],[14.770406,50.081635],[14.770423,50.081588],[14.770446,50.081592],[14.770477,50.081511],[14.770402,50.081497],[14.770409,50.08148],[14.770353,50.081472],[14.77036,50.081454],[14.769662,50.081346],[14.769626,50.081399],[14.769599,50.081466],[14.769607,50.081525],[14.770422,50.081653],[14.770428,50.081639]]]},"properties":{"id":1535269204,"ku":"Tuklaty","p":"54/2","druh":"zahrada","vyuziti":null,"vymera":1220,"lv":null}},{"type":"Feature","geometry":{"type":"Polygon","coordinates":[[[14.76886,50.080559],[14.768649,50.080578],[14.768463,50.080615],[14.768414,50.080641],[14.768159,50.080827],[14.768431,50.080833],[14.768691,50.080798],[14.768892,50.080784],[14.76886,50.080559]],[[14.768763,50.080695],[14.768766,50.080712],[14.768685,50.080718],[14.768667,50.080612],[14.768812,50.080601],[14.768829,50.080691],[14.768763,50.080695]],[[14.768574,50.080793],[14.768571,50.080753],[14.768656,50.08075],[14.768659,50.080789],[14.768574,50.080793]]]},"properties":{"id":1535281204,"ku":"Tuklaty","p":"59/1","druh":"zahrada","vyuziti":null,"vymera":869,"lv":null}},{"type":"Feature","geometry":{"type":"Polygon","coordinates":[[[14.769067,50.080548],[14.7691,50.080771],[14.769307,50.080759],[14.769277,50.080536],[14.769067,50.080548]]]},"properties":{"id":1535285204,"ku":"Tuklaty","p":"59/5","druh":"zahrada","vyuziti":null,"vymera":374,"lv":null}},{"type":"Feature","geometry":{"type":"Polygon","coordinates":[[[14.765591,50.082553],[14.765478,50.082462],[14.764668,50.082739],[14.76476,50.08284],[14.765591,50.082553]]]},"properties":{"id":1535300204,"ku":"Tuklaty","p":"67/4","druh":"zahrada","vyuziti":null,"vymera":858,"lv":null}},{"type":"Feature","geometry":{"type":"Polygon","coordinates":[[[14.764806,50.085275],[14.764767,50.085671],[14.765548,50.085628],[14.76554,50.085578],[14.765558,50.085199],[14.765553,50.085107],[14.764897,50.085105],[14.764917,50.08527],[14.764806,50.085275]]]},"properties":{"id":1535314204,"ku":"Tuklaty","p":"110/2","druh":"ovocný sad","vyuziti":null,"vymera":3137,"lv":null}},{"type":"Feature","geometry":{"type":"Polygon","coordinates":[[[14.771019,50.081355],[14.771964,50.081507],[14.772368,50.081571],[14.772377,50.081481],[14.771055,50.081265],[14.771019,50.081355]]]},"properties":{"id":1535414204,"ku":"Tuklaty","p":"287/3","druh":"ostatní plocha","vyuziti":"ostatní komunikace","vymera":989,"lv":null}},{"type":"Feature","geometry":{"type":"Polygon","coordinates":[[[14.771596,50.080389],[14.771508,50.080232],[14.771403,50.079798],[14.771211,50.079414],[14.771124,50.079188],[14.771174,50.07942],[14.771359,50.079801],[14.771458,50.080203],[14.771552,50.080388],[14.771596,50.080389]]]},"properties":{"id":1619375204,"ku":"Tuklaty","p":"330/7","druh":"orná půda","vyuziti":null,"vymera":365,"lv":null}},{"type":"Feature","geometry":{"type":"Polygon","coordinates":[[[14.767303,50.087513],[14.766988,50.087302],[14.766732,50.087403],[14.767134,50.087636],[14.767303,50.087513]],[[14.767105,50.087453],[14.767072,50.087476],[14.767093,50.087489],[14.767062,50.087511],[14.767041,50.087499],[14.767004,50.087524],[14.766888,50.087456],[14.766988,50.087385],[14.767105,50.087453]]]},"properties":{"id":1535341204,"ku":"Tuklaty","p":"147/6","druh":"trvalý travní porost","vyuziti":null,"vymera":566,"lv":null}},{"type":"Feature","geometry":{"type":"Polygon","coordinates":[[[14.765905,50.088683],[14.765958,50.08867],[14.766118,50.088595],[14.766193,50.088543],[14.765905,50.088683]]]},"properties":{"id":1535349204,"ku":"Tuklaty","p":"147/15","druh":"orná půda","vyuziti":null,"vymera":25,"lv":null}},{"type":"Feature","geometry":{"type":"Polygon","coordinates":[[[14.76641,50.087725],[14.766113,50.087943],[14.766138,50.087958],[14.766435,50.087742],[14.76641,50.087725]]]},"properties":{"id":1916509204,"ku":"Tuklaty","p":"138/4","druh":"ostatní plocha","vyuziti":"jiná plocha","vymera":80,"lv":null}},{"type":"Feature","geometry":{"type":"Polygon","coordinates":[[[14.761066,50.074081],[14.762111,50.075956],[14.762153,50.076098],[14.762633,50.076076],[14.762917,50.075994],[14.76315,50.075837],[14.763129,50.074827],[14.763168,50.074468],[14.763195,50.074029],[14.7629,50.073989],[14.761751,50.073889],[14.761738,50.07401],[14.761037,50.073994],[14.761066,50.074081]]]},"properties":{"id":1999055204,"ku":"Tuklaty","p":"357/12","druh":"orná půda","vyuziti":null,"vymera":25823,"lv":null}},{"type":"Feature","geometry":{"type":"Polygon","coordinates":[[[14.742958,50.073089],[14.743357,50.073182],[14.74336,50.073129],[14.742958,50.073041],[14.742958,50.073089]]]},"properties":{"id":1736489204,"ku":"Tuklaty","p":"715/6","druh":"orná půda","vyuziti":null,"vymera":161,"lv":null}},{"type":"Feature","geometry":{"type":"Polygon","coordinates":[[[14.774339,50.071709],[14.774366,50.070987],[14.774337,50.070986],[14.77431,50.071709],[14.774339,50.071709]]]},"properties":{"id":1748008204,"ku":"Tuklaty","p":"940","druh":"orná půda","vyuziti":null,"vymera":165,"lv":null}},{"type":"Feature","geometry":{"type":"Polygon","coordinates":[[[14.77356,50.085105],[14.773558,50.085099],[14.773326,50.085126],[14.773293,50.085016],[14.773476,50.084992],[14.773466,50.084962],[14.773515,50.084956],[14.773501,50.084914],[14.773246,50.085008],[14.77267,50.085353],[14.772729,50.085413],[14.77356,50.085105]]]},"properties":{"id":1535369204,"ku":"Tuklaty","p":"275/12","druh":"ostatní plocha","vyuziti":"manipulační plocha","vymera":915,"lv":null}},{"type":"Feature","geometry":{"type":"Polygon","coordinates":[[[14.770499,50.083623],[14.770466,50.083775],[14.771225,50.083841],[14.771334,50.083702],[14.770499,50.083623]],[[14.770759,50.083716],[14.770772,50.083658],[14.770891,50.083669],[14.770877,50.083728],[14.770759,50.083716]]]},"properties":{"id":1535386204,"ku":"Tuklaty","p":"285/4","druh":"zahrada","vyuziti":null,"vymera":910,"lv":null}},{"type":"Feature","geometry":{"type":"Polygon","coordinates":[[[14.771522,50.082539],[14.771485,50.082632],[14.771908,50.082699],[14.771946,50.082336],[14.771896,50.082328],[14.771853,50.08244],[14.771865,50.082442],[14.771832,50.082537],[14.771734,50.082521],[14.771725,50.082563],[14.771522,50.082539]]]},"properties":{"id":1535390204,"ku":"Tuklaty","p":"285/8","druh":"zahrada","vyuziti":null,"vymera":536,"lv":null}},{"type":"Feature","geometry":{"type":"Polygon","coordinates":[[[14.770651,50.083308],[14.770583,50.083341],[14.770571,50.083374],[14.770527,50.08337],[14.770508,50.083436],[14.770467,50.083429],[14.770453,50.083467],[14.770848,50.083509],[14.770916,50.083338],[14.770656,50.083296],[14.770651,50.083308]]]},"properties":{"id":1535394204,"ku":"Tuklaty","p":"285/13","druh":"zahrada","vyuziti":null,"vymera":503,"lv":null}},{"type":"Feature","geometry":{"type":"Polygon","coordinates":[[[14.770848,50.083509],[14.771108,50.083537],[14.771214,50.083261],[14.771125,50.083245],[14.771141,50.083208],[14.770978,50.08318],[14.770848,50.083509]]]},"properties":{"id":1535399204,"ku":"Tuklaty","p":"285/18","druh":"zahrada","vyuziti":null,"vymera":659,"lv":null}},{"type":"Feature","geometry":{"type":"Polygon","coordinates":[[[14.771908,50.082699],[14.771705,50.082669],[14.771637,50.082864],[14.771714,50.082899],[14.771843,50.082919],[14.771794,50.08305],[14.771825,50.083055],[14.771908,50.082699]]]},"properties":{"id":1535403204,"ku":"Tuklaty","p":"285/22","druh":"zahrada","vyuziti":null,"vymera":409,"lv":null}},{"type":"Feature","geometry":{"type":"Polygon","coordinates":[[[14.770882,50.082337],[14.770823,50.082528],[14.771121,50.082574],[14.771192,50.082381],[14.770882,50.082337]]]},"properties":{"id":1535409204,"ku":"Tuklaty","p":"286/3","druh":"zahrada","vyuziti":null,"vymera":488,"lv":null}},{"type":"Feature","geometry":{"type":"Polygon","coordinates":[[[14.771546,50.081141],[14.771527,50.08125],[14.771488,50.081336],[14.771963,50.081415],[14.771973,50.081208],[14.771546,50.081141]]]},"properties":{"id":1535415204,"ku":"Tuklaty","p":"287/4","druh":"zahrada","vyuziti":null,"vymera":731,"lv":null}},{"type":"Feature","geometry":{"type":"Polygon","coordinates":[[[14.772243,50.08146],[14.772245,50.081425],[14.772161,50.081423],[14.772164,50.081371],[14.77219,50.081372],[14.772191,50.081342],[14.772233,50.081342],[14.772235,50.081329],[14.772251,50.08133],[14.772253,50.081307],[14.772391,50.08131],[14.772406,50.081129],[14.771977,50.081116],[14.771963,50.081415],[14.772243,50.08146]],[[14.77202,50.08138],[14.772023,50.081321],[14.77207,50.081322],[14.772072,50.081299],[14.772133,50.081301],[14.772129,50.081354],[14.772073,50.081353],[14.772072,50.081381],[14.77202,50.08138]]]},"properties":{"id":1535421204,"ku":"Tuklaty","p":"288/2","druh":"zahrada","vyuziti":null,"vymera":820,"lv":null}},{"type":"Feature","geometry":{"type":"Polygon","coordinates":[[[14.772873,50.08107],[14.77271,50.081063],[14.7727,50.081225],[14.772861,50.081231],[14.772873,50.08107]]]},"properties":{"id":1535428204,"ku":"Tuklaty","p":"289/3","druh":"zahrada","vyuziti":null,"vymera":208,"lv":null}},{"type":"Feature","geometry":{"type":"Polygon","coordinates":[[[14.772796,50.08151],[14.772821,50.081229],[14.772539,50.081221],[14.772518,50.081502],[14.772796,50.08151]],[[14.772559,50.081404],[14.77269,50.081409],[14.772687,50.081442],[14.772723,50.081443],[14.77272,50.081485],[14.772553,50.081481],[14.772559,50.081404]],[[14.772793,50.081433],[14.772736,50.081432],[14.772738,50.081381],[14.772711,50.081381],[14.772712,50.081345],[14.772797,50.081347],[14.772793,50.081433]]]},"properties":{"id":1535432204,"ku":"Tuklaty","p":"289/7","druh":"zahrada","vyuziti":null,"vymera":490,"lv":null}},{"type":"Feature","geometry":{"type":"Polygon","coordinates":[[[14.770638,50.084972],[14.770636,50.084849],[14.770463,50.084849],[14.770465,50.084973],[14.770638,50.084972]]]},"properties":{"id":2102383204,"ku":"Tuklaty","p":"st. 322","druh":"zastavěná plocha a nádvoří","vyuziti":null,"vymera":169,"lv":null}},{"type":"Feature","geometry":{"type":"Polygon","coordinates":[[[14.771274,50.077568],[14.770793,50.077583],[14.770841,50.077837],[14.771332,50.077821],[14.771274,50.077568]],[[14.770898,50.077806],[14.770893,50.077784],[14.770867,50.077787],[14.770847,50.077683],[14.770996,50.077671],[14.77102,50.077796],[14.770898,50.077806]]]},"properties":{"id":1535448204,"ku":"Tuklaty","p":"333/2","druh":"zahrada","vyuziti":null,"vymera":840,"lv":null}},{"type":"Feature","geometry":{"type":"Polygon","coordinates":[[[14.771274,50.077568],[14.771198,50.07723],[14.770912,50.077246],[14.770727,50.077239],[14.770729,50.077251],[14.770818,50.077248],[14.770822,50.077277],[14.770733,50.077281],[14.770765,50.077448],[14.771063,50.077428],[14.7711,50.077574],[14.771274,50.077568]]]},"properties":{"id":1535449204,"ku":"Tuklaty","p":"334/2","druh":"zahrada","vyuziti":null,"vymera":918,"lv":null}},{"type":"Feature","geometry":{"type":"Polygon","coordinates":[[[14.770524,50.077909],[14.770712,50.077882],[14.770671,50.077667],[14.770369,50.077691],[14.770371,50.077846],[14.770473,50.077836],[14.770524,50.077909]]]},"properties":{"id":1535465204,"ku":"Tuklaty","p":"405/4","druh":"zahrada","vyuziti":null,"vymera":503,"lv":null}},{"type":"Feature","geometry":{"type":"Polygon","coordinates":[[[14.770365,50.078426],[14.770542,50.078412],[14.770539,50.078392],[14.770511,50.078394],[14.770493,50.078298],[14.770506,50.078286],[14.770505,50.078249],[14.770662,50.078246],[14.770663,50.078261],[14.770793,50.078252],[14.770736,50.077978],[14.770373,50.078008],[14.770365,50.078426]]]},"properties":{"id":1535466204,"ku":"Tuklaty","p":"405/5","druh":"zahrada","vyuziti":null,"vymera":1003,"lv":null}},{"type":"Feature","geometry":{"type":"Polygon","coordinates":[[[14.770788,50.080158],[14.770636,50.080171],[14.770669,50.080387],[14.771228,50.080356],[14.771203,50.080235],[14.771135,50.080239],[14.771146,50.080315],[14.771015,50.080324],[14.77101,50.080293],[14.770954,50.080297],[14.770945,50.080233],[14.770809,50.080243],[14.770788,50.080158]]]},"properties":{"id":1535472204,"ku":"Tuklaty","p":"410/2","druh":"zahrada","vyuziti":null,"vymera":578,"lv":null}},{"type":"Feature","geometry":{"type":"Polygon","coordinates":[[[14.770527,50.079611],[14.770568,50.079796],[14.771102,50.079754],[14.771063,50.079567],[14.770527,50.079611]],[[14.771029,50.079719],[14.77092,50.079728],[14.770923,50.079743],[14.770847,50.079749],[14.770839,50.079705],[14.770876,50.079702],[14.770864,50.079639],[14.77101,50.079626],[14.771029,50.079719]]]},"properties":{"id":1535475204,"ku":"Tuklaty","p":"410/5","druh":"zahrada","vyuziti":null,"vymera":678,"lv":null}},{"type":"Feature","geometry":{"type":"Polygon","coordinates":[[[14.771063,50.079567],[14.770993,50.079216],[14.770962,50.07921],[14.770934,50.079216],[14.77049,50.079442],[14.770527,50.079611],[14.771063,50.079567]],[[14.770851,50.07955],[14.77083,50.079441],[14.770976,50.07943],[14.770994,50.079519],[14.770963,50.079521],[14.770967,50.079541],[14.770851,50.07955]]]},"properties":{"id":1535476204,"ku":"Tuklaty","p":"410/6","druh":"zahrada","vyuziti":null,"vymera":1065,"lv":null}},{"type":"Feature","geometry":{"type":"Polygon","coordinates":[[[14.770381,50.080402],[14.770333,50.080044],[14.770053,50.08006],[14.770103,50.080417],[14.770381,50.080402]],[[14.770152,50.080257],[14.770298,50.080249],[14.770313,50.080349],[14.77022,50.080354],[14.770222,50.080367],[14.770167,50.08037],[14.770152,50.080257]]]},"properties":{"id":1535479204,"ku":"Tuklaty","p":"410/9","druh":"zahrada","vyuziti":null,"vymera":677,"lv":null}},{"type":"Feature","geometry":{"type":"Polygon","coordinates":[[[14.770103,50.080417],[14.770053,50.08006],[14.769775,50.080076],[14.769825,50.080433],[14.770103,50.080417]],[[14.769863,50.080254],[14.769949,50.08025],[14.769951,50.080267],[14.770004,50.080264],[14.770018,50.080376],[14.769971,50.080379],[14.769973,50.08039],[14.769941,50.080392],[14.769938,50.080381],[14.769925,50.080382],[14.769921,50.080364],[14.769871,50.080367],[14.769863,50.080254]]]},"properties":{"id":1535480204,"ku":"Tuklaty","p":"410/10","druh":"zahrada","vyuziti":null,"vymera":660,"lv":null}},{"type":"Feature","geometry":{"type":"Polygon","coordinates":[[[14.769267,50.080464],[14.769215,50.08011],[14.768663,50.080386],[14.768757,50.080493],[14.769267,50.080464]],[[14.769097,50.080429],[14.769095,50.080411],[14.769044,50.080413],[14.769033,50.080328],[14.769178,50.080319],[14.769191,50.080424],[14.769161,50.080425],[14.769163,50.080438],[14.769111,50.080441],[14.769109,50.080428],[14.769097,50.080429]]]},"properties":{"id":1535484204,"ku":"Tuklaty","p":"410/14","druh":"zahrada","vyuziti":null,"vymera":947,"lv":null}},{"type":"Feature","geometry":{"type":"Polygon","coordinates":[[[14.770612,50.080029],[14.770569,50.079806],[14.769979,50.079837],[14.770028,50.080061],[14.770612,50.080029]],[[14.770094,50.079992],[14.770082,50.079914],[14.77011,50.079913],[14.770109,50.079907],[14.770323,50.079895],[14.770336,50.079979],[14.770094,50.079992]]]},"properties":{"id":1535486204,"ku":"Tuklaty","p":"410/16","druh":"zahrada","vyuziti":null,"vymera":895,"lv":null}},{"type":"Feature","geometry":{"type":"Polygon","coordinates":[[[14.760146,50.082782],[14.760134,50.082605],[14.760079,50.082473],[14.759957,50.082399],[14.759554,50.082203],[14.759165,50.081996],[14.759159,50.082202],[14.760146,50.082782]]]},"properties":{"id":2216984204,"ku":"Tuklaty","p":"828/1","druh":"zahrada","vyuziti":null,"vymera":1859,"lv":null}},{"type":"Feature","geometry":{"type":"Polygon","coordinates":[[[14.765418,50.083336],[14.765516,50.083778],[14.765938,50.083896],[14.766185,50.083873],[14.766048,50.083261],[14.765418,50.083336]]]},"properties":{"id":1535504204,"ku":"Tuklaty","p":"506/3","druh":"zahrada","vyuziti":null,"vymera":2878,"lv":null}},{"type":"Feature","geometry":{"type":"Polygon","coordinates":[[[14.764881,50.083394],[14.764872,50.083691],[14.765322,50.083742],[14.765516,50.083778],[14.765418,50.083336],[14.764881,50.083394]]]},"properties":{"id":1535505204,"ku":"Tuklaty","p":"506/4","druh":"zahrada","vyuziti":null,"vymera":1705,"lv":null}},{"type":"Feature","geometry":{"type":"Polygon","coordinates":[[[14.775089,50.071177],[14.775145,50.071188],[14.775145,50.071173],[14.77513,50.07117],[14.775133,50.071023],[14.775095,50.071021],[14.775089,50.071177]]]},"properties":{"id":1748014204,"ku":"Tuklaty","p":"946","druh":"vodní plocha","vyuziti":"koryto vodního toku přirozené nebo upravené","vymera":52,"lv":null}},{"type":"Feature","geometry":{"type":"Polygon","coordinates":[[[14.774337,50.070986],[14.774338,50.070968],[14.774216,50.070965],[14.773941,50.071013],[14.773362,50.07102],[14.772844,50.070982],[14.772862,50.071017],[14.773313,50.071043],[14.773944,50.071036],[14.7742,50.070987],[14.774337,50.070986]]]},"properties":{"id":1748019204,"ku":"Tuklaty","p":"951","druh":"orná půda","vyuziti":null,"vymera":289,"lv":null}},{"type":"Feature","geometry":{"type":"Polygon","coordinates":[[[14.759969,50.073604],[14.760036,50.072855],[14.759731,50.072817],[14.759663,50.073572],[14.759969,50.073604]]]},"properties":{"id":1535515204,"ku":"Tuklaty","p":"547/13","druh":"orná půda","vyuziti":null,"vymera":1847,"lv":null}},{"type":"Feature","geometry":{"type":"Polygon","coordinates":[[[14.760831,50.073896],[14.760827,50.073824],[14.760845,50.073704],[14.760708,50.073756],[14.760658,50.073734],[14.760241,50.073625],[14.759663,50.073572],[14.759656,50.073644],[14.759828,50.073669],[14.760233,50.073695],[14.760631,50.073791],[14.760831,50.073896]]]},"properties":{"id":1535516204,"ku":"Tuklaty","p":"547/14","druh":"orná půda","vyuziti":null,"vymera":732,"lv":null}},{"type":"Feature","geometry":{"type":"Polygon","coordinates":[[[14.772281,50.071772],[14.774185,50.071713],[14.774049,50.071658],[14.77362,50.071422],[14.773184,50.071434],[14.773136,50.071483],[14.772716,50.071501],[14.7726,50.071529],[14.772364,50.071717],[14.772281,50.071772]]]},"properties":{"id":1535167204,"ku":"Tuklaty","p":"st. 286","druh":"zastavěná plocha a nádvoří","vyuziti":null,"vymera":3235,"lv":null}},{"type":"Feature","geometry":{"type":"Polygon","coordinates":[[[14.757899,50.072001],[14.757881,50.071945],[14.757834,50.071895],[14.757771,50.071862],[14.757692,50.071843],[14.757723,50.072206],[14.757865,50.072204],[14.758051,50.072181],[14.758016,50.071997],[14.757899,50.072001]]]},"properties":{"id":2251535204,"ku":"Tuklaty","p":"1122","druh":"ostatní plocha","vyuziti":"jiná plocha","vymera":691,"lv":null}},{"type":"Feature","geometry":{"type":"Polygon","coordinates":[[[14.747892,50.072353],[14.748307,50.072334],[14.748746,50.072329],[14.748778,50.072313],[14.748746,50.072135],[14.748719,50.07209],[14.748022,50.071347],[14.747991,50.07136],[14.747928,50.071304],[14.747548,50.07232],[14.747892,50.072353]]]},"properties":{"id":2251569204,"ku":"Tuklaty","p":"1156","druh":"orná půda","vyuziti":null,"vymera":5839,"lv":null}},{"type":"Feature","geometry":{"type":"Polygon","coordinates":[[[14.748855,50.07238],[14.74931,50.071165],[14.748099,50.070848],[14.747928,50.071304],[14.747991,50.07136],[14.748022,50.071347],[14.748719,50.07209],[14.748746,50.072135],[14.748778,50.072313],[14.748746,50.072329],[14.748307,50.072334],[14.747892,50.072353],[14.747963,50.07236],[14.748855,50.07238]]]},"properties":{"id":2251570204,"ku":"Tuklaty","p":"1157","druh":"ostatní plocha","vyuziti":"jiná plocha","vymera":8495,"lv":null}},{"type":"Feature","geometry":{"type":"Polygon","coordinates":[[[14.745588,50.072437],[14.746583,50.07247],[14.746259,50.072399],[14.745869,50.072344],[14.745599,50.072288],[14.745588,50.072437]]]},"properties":{"id":2251573204,"ku":"Tuklaty","p":"1160","druh":"ostatní plocha","vyuziti":"neplodná půda","vymera":607,"lv":null}},{"type":"Feature","geometry":{"type":"Polygon","coordinates":[[[14.761254,50.071819],[14.761192,50.071809],[14.761284,50.072143],[14.761472,50.072132],[14.761322,50.071972],[14.761254,50.071819]]]},"properties":{"id":2251522204,"ku":"Tuklaty","p":"1109","druh":"ostatní plocha","vyuziti":"silnice","vymera":275,"lv":null}},{"type":"Feature","geometry":{"type":"Polygon","coordinates":[[[14.758593,50.072203],[14.758261,50.071856],[14.758169,50.071748],[14.758114,50.071667],[14.75806,50.071554],[14.758032,50.071457],[14.758031,50.071341],[14.758045,50.071276],[14.757865,50.071245],[14.757842,50.071349],[14.757845,50.071474],[14.758016,50.071997],[14.758051,50.072181],[14.758193,50.072181],[14.758279,50.072195],[14.758593,50.072203]]]},"properties":{"id":2251526204,"ku":"Tuklaty","p":"1113","druh":"ostatní plocha","vyuziti":"zeleň","vymera":2058,"lv":null}},{"type":"Feature","geometry":{"type":"Polygon","coordinates":[[[14.772746,50.08181],[14.772761,50.081679],[14.772597,50.081674],[14.77259,50.081767],[14.772623,50.081768],[14.77262,50.081807],[14.772746,50.08181]]]},"properties":{"id":2096306204,"ku":"Tuklaty","p":"st. 321","druh":"zastavěná plocha a nádvoří","vyuziti":null,"vymera":160,"lv":null}},{"type":"Feature","geometry":{"type":"Polygon","coordinates":[[[14.774286,50.083614],[14.774044,50.083692],[14.77387,50.083459],[14.773724,50.08389],[14.774349,50.083669],[14.774367,50.083642],[14.774338,50.083621],[14.774286,50.083614]]]},"properties":{"id":1619395204,"ku":"Tuklaty","p":"299/3","druh":"zahrada","vyuziti":null,"vymera":730,"lv":null}},{"type":"Feature","geometry":{"type":"Polygon","coordinates":[[[14.778764,50.075958],[14.774468,50.075759],[14.774357,50.075961],[14.774276,50.076039],[14.774217,50.076608],[14.778384,50.076801],[14.778764,50.075958]]]},"properties":{"id":2251477204,"ku":"Tuklaty","p":"1064","druh":"orná půda","vyuziti":null,"vymera":29338,"lv":null}},{"type":"Feature","geometry":{"type":"Polygon","coordinates":[[[14.779558,50.074197],[14.779693,50.073893],[14.779544,50.073722],[14.779202,50.073294],[14.775431,50.073119],[14.77543,50.074006],[14.779558,50.074197]]]},"properties":{"id":2251481204,"ku":"Tuklaty","p":"1068","druh":"orná půda","vyuziti":null,"vymera":28778,"lv":null}},{"type":"Feature","geometry":{"type":"Polygon","coordinates":[[[14.760015,50.086277],[14.760085,50.08627],[14.75897,50.083653],[14.759012,50.083581],[14.75883,50.083663],[14.75891,50.083681],[14.760015,50.086277]]]},"properties":{"id":2251683204,"ku":"Tuklaty","p":"1270","druh":"ostatní plocha","vyuziti":"ostatní komunikace","vymera":1556,"lv":null}},{"type":"Feature","geometry":{"type":"Polygon","coordinates":[[[14.771145,50.079242],[14.771211,50.079414],[14.771684,50.07946],[14.771647,50.079287],[14.771145,50.079242]]]},"properties":{"id":1619373204,"ku":"Tuklaty","p":"330/5","druh":"orná půda","vyuziti":null,"vymera":651,"lv":null}},{"type":"Feature","geometry":{"type":"Polygon","coordinates":[[[14.740707,50.074201],[14.740763,50.074091],[14.740718,50.074066],[14.740712,50.074],[14.7404,50.074026],[14.740142,50.07401],[14.740163,50.074035],[14.740247,50.074086],[14.740364,50.074142],[14.740511,50.074184],[14.740896,50.074264],[14.740898,50.074241],[14.740707,50.074201]]]},"properties":{"id":1535543204,"ku":"Tuklaty","p":"750/1","druh":"zahrada","vyuziti":null,"vymera":658,"lv":null}},{"type":"Feature","geometry":{"type":"Polygon","coordinates":[[[14.740991,50.07295],[14.74094,50.073772],[14.741145,50.073701],[14.741359,50.073604],[14.741375,50.073041],[14.740991,50.07295]]]},"properties":{"id":1535544204,"ku":"Tuklaty","p":"750/2","druh":"orná půda","vyuziti":null,"vymera":2224,"lv":null}},{"type":"Feature","geometry":{"type":"Polygon","coordinates":[[[14.758555,50.073622],[14.758552,50.073483],[14.758635,50.072753],[14.758652,50.072753],[14.758657,50.072705],[14.758638,50.07248],[14.758414,50.072485],[14.758436,50.072709],[14.758329,50.073615],[14.758555,50.073622]]]},"properties":{"id":2251529204,"ku":"Tuklaty","p":"1116","druh":"ostatní plocha","vyuziti":"zeleň","vymera":1914,"lv":null}},{"type":"Feature","geometry":{"type":"Polygon","coordinates":[[[14.758472,50.076258],[14.758492,50.07553],[14.758543,50.074992],[14.758564,50.074037],[14.758555,50.073622],[14.757988,50.073604],[14.757884,50.076168],[14.757999,50.0762],[14.758472,50.076258]]]},"properties":{"id":2251530204,"ku":"Tuklaty","p":"1117","druh":"orná půda","vyuziti":null,"vymera":12315,"lv":null}},{"type":"Feature","geometry":{"type":"Polygon","coordinates":[[[14.757614,50.071841],[14.757296,50.071868],[14.757313,50.0722],[14.757723,50.072206],[14.757692,50.071843],[14.757614,50.071841]]]},"properties":{"id":2251536204,"ku":"Tuklaty","p":"1123","druh":"ostatní plocha","vyuziti":"jiná plocha","vymera":1128,"lv":null}},{"type":"Feature","geometry":{"type":"Polygon","coordinates":[[[14.769984,50.092415],[14.770045,50.09249],[14.771125,50.092709],[14.771579,50.091304],[14.770453,50.091124],[14.770461,50.091181],[14.770394,50.0916],[14.770303,50.091834],[14.769984,50.092415]]]},"properties":{"id":2251408204,"ku":"Tuklaty","p":"995","druh":"orná půda","vyuziti":null,"vymera":12599,"lv":null}},{"type":"Feature","geometry":{"type":"Polygon","coordinates":[[[14.76845,50.095565],[14.768616,50.095605],[14.768807,50.095175],[14.769202,50.094612],[14.769357,50.094202],[14.769565,50.093445],[14.769599,50.093291],[14.769717,50.092993],[14.769984,50.092415],[14.770303,50.091834],[14.770394,50.0916],[14.770461,50.091181],[14.770327,50.09036],[14.770259,50.089871],[14.770216,50.089389],[14.770186,50.088553],[14.770092,50.088134],[14.770071,50.087838],[14.770067,50.087431],[14.770057,50.087356],[14.770089,50.08693],[14.770247,50.086554],[14.770133,50.086745],[14.770086,50.086873],[14.770041,50.086882],[14.769977,50.087008],[14.769886,50.087055],[14.769919,50.087653],[14.769915,50.087741],[14.769953,50.088143],[14.770046,50.08856],[14.770075,50.089364],[14.770123,50.089922],[14.770146,50.090075],[14.77018,50.090655],[14.770292,50.091147],[14.770224,50.091584],[14.770137,50.09181],[14.769733,50.092625],[14.769545,50.09305],[14.769409,50.093417],[14.769279,50.093821],[14.769183,50.094218],[14.769029,50.094587],[14.768917,50.094756],[14.768635,50.095082],[14.768546,50.095203],[14.768488,50.09531],[14.768465,50.095416],[14.76845,50.095565]]]},"properties":{"id":2251409204,"ku":"Tuklaty","p":"996","druh":"ostatní plocha","vyuziti":"ostatní komunikace","vymera":11395,"lv":null}},{"type":"Feature","geometry":{"type":"Polygon","coordinates":[[[14.741519,50.074661],[14.741226,50.074642],[14.741221,50.075017],[14.741438,50.075023],[14.741489,50.074733],[14.741519,50.074661]]]},"properties":{"id":1535548204,"ku":"Tuklaty","p":"768/2","druh":"zahrada","vyuziti":null,"vymera":742,"lv":null}},{"type":"Feature","geometry":{"type":"Polygon","coordinates":[[[14.74183,50.074574],[14.741702,50.074546],[14.741595,50.074756],[14.741489,50.074733],[14.741438,50.075023],[14.741595,50.075027],[14.74183,50.074574]]]},"properties":{"id":1535549204,"ku":"Tuklaty","p":"768/3","druh":"zahrada","vyuziti":null,"vymera":672,"lv":null}},{"type":"Feature","geometry":{"type":"Polygon","coordinates":[[[14.741838,50.074559],[14.74171,50.07453],[14.741702,50.074546],[14.74183,50.074574],[14.741838,50.074559]]]},"properties":{"id":1535550204,"ku":"Tuklaty","p":"768/4","druh":"ostatní plocha","vyuziti":"ostatní komunikace","vymera":17,"lv":null}},{"type":"Feature","geometry":{"type":"Polygon","coordinates":[[[14.741838,50.074559],[14.74183,50.074574],[14.742039,50.074612],[14.742042,50.074601],[14.741838,50.074559]]]},"properties":{"id":1535552204,"ku":"Tuklaty","p":"782/3","druh":"orná půda","vyuziti":null,"vymera":23,"lv":null}},{"type":"Feature","geometry":{"type":"Polygon","coordinates":[[[14.752157,50.075418],[14.752872,50.075773],[14.753438,50.076037],[14.752914,50.075748],[14.752157,50.075418]]]},"properties":{"id":1736441204,"ku":"Tuklaty","p":"516/10","druh":"orná půda","vyuziti":null,"vymera":231,"lv":null}},{"type":"Feature","geometry":{"type":"Polygon","coordinates":[[[14.75702,50.076509],[14.757189,50.076613],[14.757207,50.076617],[14.757079,50.0765],[14.757051,50.07644],[14.75702,50.076509]]]},"properties":{"id":1736442204,"ku":"Tuklaty","p":"516/11","druh":"orná půda","vyuziti":null,"vymera":52,"lv":null}},{"type":"Feature","geometry":{"type":"Polygon","coordinates":[[[14.763965,50.076887],[14.764376,50.076914],[14.764454,50.076912],[14.764455,50.076882],[14.763965,50.076865],[14.763965,50.076887]]]},"properties":{"id":1736443204,"ku":"Tuklaty","p":"477/2","druh":"trvalý travní porost","vyuziti":null,"vymera":112,"lv":null}},{"type":"Feature","geometry":{"type":"Polygon","coordinates":[[[14.776353,50.077413],[14.776743,50.077442],[14.776645,50.077399],[14.776035,50.077379],[14.776353,50.077413]]]},"properties":{"id":1635012204,"ku":"Tuklaty","p":"927","druh":"ostatní plocha","vyuziti":"dráha","vymera":112,"lv":null}},{"type":"Feature","geometry":{"type":"Polygon","coordinates":[[[14.777942,50.077249],[14.778161,50.077259],[14.778194,50.077222],[14.777955,50.07721],[14.777942,50.077249]]]},"properties":{"id":1642773204,"ku":"Tuklaty","p":"931","druh":"ostatní plocha","vyuziti":"dráha","vymera":71,"lv":null}},{"type":"Feature","geometry":{"type":"Polygon","coordinates":[[[14.777942,50.077249],[14.777908,50.077347],[14.776743,50.077442],[14.777933,50.077513],[14.778161,50.077259],[14.777942,50.077249]]]},"properties":{"id":1642812204,"ku":"Tuklaty","p":"930","druh":"ostatní plocha","vyuziti":"dráha","vymera":1040,"lv":null}},{"type":"Feature","geometry":{"type":"Polygon","coordinates":[[[14.775062,50.077192],[14.776994,50.07727],[14.777128,50.077254],[14.777933,50.077273],[14.777955,50.07721],[14.776873,50.077173],[14.77506,50.07709],[14.775062,50.077192]]]},"properties":{"id":1642813204,"ku":"Tuklaty","p":"933","druh":"ostatní plocha","vyuziti":"dráha","vymera":2031,"lv":null}},{"type":"Feature","geometry":{"type":"Polygon","coordinates":[[[14.760845,50.073704],[14.760827,50.073824],[14.760831,50.073896],[14.760881,50.073919],[14.760883,50.073739],[14.760892,50.073685],[14.760845,50.073704]]]},"properties":{"id":1660739204,"ku":"Tuklaty","p":"547/18","druh":"orná půda","vyuziti":null,"vymera":83,"lv":null}},{"type":"Feature","geometry":{"type":"Polygon","coordinates":[[[14.761144,50.072347],[14.75995,50.07238],[14.761102,50.072532],[14.761152,50.072373],[14.761144,50.072347]],[[14.761062,50.07236],[14.761106,50.072359],[14.761106,50.072377],[14.761063,50.072378],[14.761062,50.07236]]]},"properties":{"id":1660741204,"ku":"Tuklaty","p":"547/16","druh":"orná půda","vyuziti":null,"vymera":858,"lv":null}},{"type":"Feature","geometry":{"type":"Polygon","coordinates":[[[14.760971,50.07299],[14.76102,50.072996],[14.761142,50.072538],[14.761102,50.072532],[14.76105,50.072688],[14.760971,50.07299]]]},"properties":{"id":1660742204,"ku":"Tuklaty","p":"547/17","druh":"orná půda","vyuziti":null,"vymera":182,"lv":null}},{"type":"Feature","geometry":{"type":"Polygon","coordinates":[[[14.761144,50.072347],[14.761152,50.072373],[14.761102,50.072532],[14.761142,50.072538],[14.761201,50.072346],[14.761144,50.072347]]]},"properties":{"id":1660743204,"ku":"Tuklaty","p":"547/19","druh":"orná půda","vyuziti":null,"vymera":64,"lv":null}},{"type":"Feature","geometry":{"type":"Polygon","coordinates":[[[14.77056,50.077151],[14.770551,50.077119],[14.770656,50.077124],[14.77067,50.077236],[14.771195,50.077216],[14.771193,50.077209],[14.771383,50.077191],[14.771515,50.0772],[14.771928,50.077182],[14.772627,50.077222],[14.773366,50.077289],[14.773437,50.077273],[14.776645,50.077399],[14.776743,50.077442],[14.777908,50.077347],[14.777933,50.077273],[14.777128,50.077254],[14.776994,50.07727],[14.774628,50.077175],[14.774194,50.077152],[14.773778,50.077122],[14.773293,50.077024],[14.772503,50.076977],[14.7733,50.076984],[14.772407,50.076938],[14.772073,50.076935],[14.770928,50.07687],[14.770607,50.076822],[14.770569,50.076823],[14.770577,50.076848],[14.770537,50.076842],[14.769992,50.076846],[14.768709,50.076779],[14.767698,50.076748],[14.76598,50.076674],[14.765259,50.076636],[14.764694,50.076618],[14.764689,50.07665],[14.764586,50.076644],[14.76459,50.076611],[14.764541,50.076608],[14.764459,50.076586],[14.764459,50.076604],[14.762206,50.07647],[14.762191,50.076534],[14.761815,50.07652],[14.760545,50.076495],[14.760548,50.076438],[14.759653,50.076451],[14.759007,50.076425],[14.758,50.076337],[14.757045,50.076214],[14.756915,50.076184],[14.756635,50.076147],[14.756093,50.076048],[14.75554,50.075913],[14.75534,50.075875],[14.755332,50.075899],[14.753848,50.075551],[14.753297,50.075433],[14.751399,50.075004],[14.750758,50.074893],[14.749801,50.074625],[14.749223,50.074502],[14.746816,50.073945],[14.746051,50.073796],[14.745347,50.07364],[14.743357,50.073182],[14.742576,50.072995],[14.7426,50.072962],[14.742349,50.072906],[14.742319,50.072938],[14.742268,50.072888],[14.738677,50.072092],[14.738722,50.072437],[14.740301,50.072786],[14.741784,50.0731],[14.742136,50.073192],[14.742152,50.073205],[14.742613,50.073311],[14.742952,50.073356],[14.743716,50.073522],[14.745574,50.073907],[14.746335,50.074081],[14.746854,50.074224],[14.747738,50.074432],[14.751377,50.075235],[14.751997,50.075359],[14.752157,50.075418],[14.753051,50.075635],[14.75433,50.07593],[14.754698,50.076004],[14.755961,50.076223],[14.757051,50.07644],[14.757079,50.0765],[14.757207,50.076617],[14.757258,50.076628],[14.757311,50.076628],[14.757459,50.076594],[14.757638,50.076463],[14.757638,50.076445],[14.758105,50.076502],[14.760545,50.076705],[14.761977,50.076777],[14.762198,50.076769],[14.763494,50.076855],[14.764455,50.076882],[14.764454,50.076912],[14.765074,50.076894],[14.765236,50.076872],[14.766353,50.076915],[14.768285,50.07702],[14.768592,50.077043],[14.768593,50.077033],[14.769024,50.077051],[14.769021,50.07706],[14.769887,50.077125],[14.769891,50.077098],[14.769956,50.077102],[14.769956,50.077085],[14.770376,50.077109],[14.770376,50.077193],[14.770546,50.077192],[14.77056,50.077151]],[[14.770754,50.077181],[14.770762,50.077114],[14.77091,50.077123],[14.770905,50.077162],[14.770872,50.077161],[14.77086,50.077219],[14.77076,50.077214],[14.770764,50.077182],[14.770754,50.077181]]]},"properties":{"id":1736396204,"ku":"Tuklaty","p":"909/21","druh":"ostatní plocha","vyuziti":"dráha","vymera":76475,"lv":null}},{"type":"Feature","geometry":{"type":"Polygon","coordinates":[[[14.77056,50.077151],[14.770546,50.077192],[14.770571,50.077192],[14.77056,50.077151]]]},"properties":{"id":1736452204,"ku":"Tuklaty","p":"878/3","druh":"ostatní plocha","vyuziti":"dráha","vymera":4,"lv":null}},{"type":"Feature","geometry":{"type":"Polygon","coordinates":[[[14.753761,50.076067],[14.754111,50.076044],[14.754327,50.075959],[14.753761,50.076067]]]},"properties":{"id":1736453204,"ku":"Tuklaty","p":"605/5","druh":"ostatní plocha","vyuziti":"manipulační plocha","vymera":104,"lv":null}},{"type":"Feature","geometry":{"type":"Polygon","coordinates":[[[14.774628,50.077175],[14.775062,50.077192],[14.77506,50.07709],[14.774626,50.077074],[14.774628,50.077175]]]},"properties":{"id":1736456204,"ku":"Tuklaty","p":"357/5","druh":"orná půda","vyuziti":null,"vymera":354,"lv":null}},{"type":"Feature","geometry":{"type":"Polygon","coordinates":[[[14.774128,50.077055],[14.774074,50.077053],[14.77399,50.077139],[14.774041,50.077141],[14.774128,50.077055]]]},"properties":{"id":1736457204,"ku":"Tuklaty","p":"357/6","druh":"orná půda","vyuziti":null,"vymera":38,"lv":null}},{"type":"Feature","geometry":{"type":"Polygon","coordinates":[[[14.769992,50.076846],[14.770537,50.076842],[14.770532,50.076824],[14.770012,50.076832],[14.769345,50.076799],[14.768709,50.076779],[14.769992,50.076846]]]},"properties":{"id":1736463204,"ku":"Tuklaty","p":"906/6","druh":"ostatní plocha","vyuziti":"dráha","vymera":180,"lv":null}},{"type":"Feature","geometry":{"type":"Polygon","coordinates":[[[14.764459,50.076586],[14.764541,50.076608],[14.765259,50.076636],[14.764457,50.07657],[14.764459,50.076586]]]},"properties":{"id":1736464204,"ku":"Tuklaty","p":"906/7","druh":"ostatní plocha","vyuziti":"dráha","vymera":128,"lv":null}},{"type":"Feature","geometry":{"type":"Polygon","coordinates":[[[14.762827,50.076503],[14.763978,50.076578],[14.764459,50.076604],[14.764457,50.07657],[14.764361,50.076564],[14.76425,50.076513],[14.763284,50.076413],[14.762778,50.076395],[14.762827,50.076503]]]},"properties":{"id":1736466204,"ku":"Tuklaty","p":"470/5","druh":"ostatní plocha","vyuziti":"dráha","vymera":1296,"lv":null}},{"type":"Feature","geometry":{"type":"Polygon","coordinates":[[[14.770577,50.076848],[14.770569,50.076823],[14.770532,50.076824],[14.770537,50.076842],[14.770577,50.076848]]]},"properties":{"id":1736430204,"ku":"Tuklaty","p":"909/36","druh":"ostatní plocha","vyuziti":"dráha","vymera":7,"lv":null}},{"type":"Feature","geometry":{"type":"Polygon","coordinates":[[[14.767334,50.08562],[14.767223,50.085548],[14.767154,50.08567],[14.767282,50.085698],[14.767334,50.08562]]]},"properties":{"id":1535582204,"ku":"Tuklaty","p":"851/2","druh":"ostatní plocha","vyuziti":"ostatní komunikace","vymera":120,"lv":null}},{"type":"Feature","geometry":{"type":"Polygon","coordinates":[[[14.767885,50.084898],[14.767787,50.085102],[14.767892,50.085097],[14.767902,50.085163],[14.76803,50.085027],[14.767885,50.084898]]]},"properties":{"id":1535589204,"ku":"Tuklaty","p":"851/11","druh":"ostatní plocha","vyuziti":"manipulační plocha","vymera":235,"lv":null}},{"type":"Feature","geometry":{"type":"Polygon","coordinates":[[[14.768575,50.086984],[14.768392,50.08689],[14.768291,50.086998],[14.768463,50.087079],[14.768575,50.086984]]]},"properties":{"id":2083413204,"ku":"Tuklaty","p":"147/22","druh":"orná půda","vyuziti":null,"vymera":214,"lv":null}},{"type":"Feature","geometry":{"type":"Polygon","coordinates":[[[14.765876,50.088653],[14.766295,50.08845],[14.766345,50.088385],[14.766381,50.088301],[14.766248,50.088261],[14.765876,50.088653]]]},"properties":{"id":2083405204,"ku":"Tuklaty","p":"143/1","druh":"lesní pozemek","vyuziti":null,"vymera":454,"lv":null}},{"type":"Feature","geometry":{"type":"Polygon","coordinates":[[[14.771038,50.083023],[14.770651,50.082963],[14.7706,50.083116],[14.770978,50.08318],[14.771038,50.083023]]]},"properties":{"id":1535398204,"ku":"Tuklaty","p":"285/17","druh":"zahrada","vyuziti":null,"vymera":498,"lv":null}},{"type":"Feature","geometry":{"type":"Polygon","coordinates":[[[14.770513,50.082663],[14.771188,50.082772],[14.771254,50.082597],[14.770578,50.08249],[14.770513,50.082663]],[[14.770999,50.082614],[14.770904,50.082601],[14.770917,50.082561],[14.771011,50.082573],[14.770999,50.082614]],[[14.770588,50.082654],[14.770626,50.082553],[14.770764,50.082574],[14.770726,50.082675],[14.770588,50.082654]]]},"properties":{"id":1535402204,"ku":"Tuklaty","p":"285/21","druh":"zahrada","vyuziti":null,"vymera":848,"lv":null}},{"type":"Feature","geometry":{"type":"Polygon","coordinates":[[[14.77162,50.080802],[14.771253,50.080764],[14.771147,50.08103],[14.771295,50.08106],[14.771322,50.080942],[14.771586,50.080968],[14.77162,50.080802]]]},"properties":{"id":1535413204,"ku":"Tuklaty","p":"287/2","druh":"zahrada","vyuziti":null,"vymera":647,"lv":null}},{"type":"Feature","geometry":{"type":"Polygon","coordinates":[[[14.771988,50.081011],[14.772014,50.080834],[14.77162,50.080802],[14.771586,50.080968],[14.771988,50.081011]]]},"properties":{"id":1535419204,"ku":"Tuklaty","p":"287/8","druh":"zahrada","vyuziti":null,"vymera":550,"lv":null}},{"type":"Feature","geometry":{"type":"Polygon","coordinates":[[[14.773199,50.081005],[14.773068,50.081143],[14.77287,50.081102],[14.772861,50.081231],[14.77319,50.081241],[14.773308,50.08112],[14.77326,50.081101],[14.773308,50.081049],[14.773199,50.081005]],[[14.77303,50.081152],[14.772988,50.081197],[14.772943,50.08118],[14.772985,50.081135],[14.77303,50.081152]]]},"properties":{"id":1535427204,"ku":"Tuklaty","p":"289/2","druh":"zahrada","vyuziti":null,"vymera":448,"lv":null}},{"type":"Feature","geometry":{"type":"Polygon","coordinates":[[[14.773144,50.081379],[14.773363,50.081387],[14.773373,50.081248],[14.773092,50.081238],[14.773084,50.081364],[14.773115,50.081365],[14.773144,50.081379]]]},"properties":{"id":1535431204,"ku":"Tuklaty","p":"289/6","druh":"zahrada","vyuziti":null,"vymera":307,"lv":null}},{"type":"Feature","geometry":{"type":"Polygon","coordinates":[[[14.770488,50.082845],[14.770447,50.082838],[14.770431,50.082878],[14.770472,50.082887],[14.770488,50.082845]]]},"properties":{"id":1535383204,"ku":"Tuklaty","p":"283/6","druh":"ostatní plocha","vyuziti":"ostatní komunikace","vymera":14,"lv":null}},{"type":"Feature","geometry":{"type":"Polygon","coordinates":[[[14.767388,50.084852],[14.767352,50.085024],[14.767388,50.085048],[14.767375,50.085114],[14.767586,50.085144],[14.76764,50.084841],[14.767556,50.084837],[14.767565,50.085002],[14.767439,50.085006],[14.767421,50.084844],[14.767388,50.084852]]]},"properties":{"id":1535588204,"ku":"Tuklaty","p":"851/10","druh":"zahrada","vyuziti":null,"vymera":390,"lv":null}},{"type":"Feature","geometry":{"type":"Polygon","coordinates":[[[14.77367,50.081536],[14.77409,50.081555],[14.774147,50.081328],[14.773756,50.081203],[14.77367,50.081536]],[[14.773727,50.081504],[14.773747,50.081421],[14.77385,50.081432],[14.773865,50.081419],[14.773891,50.081422],[14.7739,50.081437],[14.773932,50.08144],[14.773911,50.081523],[14.773727,50.081504]]]},"properties":{"id":1535441204,"ku":"Tuklaty","p":"296/6","druh":"zahrada","vyuziti":null,"vymera":818,"lv":null}},{"type":"Feature","geometry":{"type":"Polygon","coordinates":[[[14.771177,50.081451],[14.77115,50.081446],[14.771163,50.081414],[14.771109,50.081404],[14.771093,50.081383],[14.771065,50.081379],[14.77104,50.08139],[14.771016,50.081453],[14.770983,50.081448],[14.770952,50.08153],[14.771103,50.081553],[14.771166,50.081477],[14.771177,50.081451]]]},"properties":{"id":1535026204,"ku":"Tuklaty","p":"st. 92","druh":"zastavěná plocha a nádvoří","vyuziti":null,"vymera":190,"lv":null}},{"type":"Feature","geometry":{"type":"Polygon","coordinates":[[[14.769298,50.083739],[14.769273,50.083736],[14.76966,50.08325],[14.769636,50.083247],[14.769428,50.083494],[14.769252,50.083728],[14.769118,50.083964],[14.769,50.084121],[14.769078,50.084134],[14.769179,50.083982],[14.769298,50.083739]]]},"properties":{"id":2143526204,"ku":"Tuklaty","p":"62/13","druh":"vodní plocha","vyuziti":"koryto vodního toku přirozené nebo upravené","vymera":334,"lv":null}},{"type":"Feature","geometry":{"type":"Polygon","coordinates":[[[14.75905,50.08028],[14.760404,50.08037],[14.760408,50.080086],[14.75907,50.079997],[14.75905,50.08028]]]},"properties":{"id":2251654204,"ku":"Tuklaty","p":"1241","druh":"orná půda","vyuziti":null,"vymera":3048,"lv":null}},{"type":"Feature","geometry":{"type":"Polygon","coordinates":[[[14.769027,50.080106],[14.768701,50.080272],[14.768585,50.080345],[14.7683,50.080612],[14.768492,50.080486],[14.768771,50.080264],[14.769025,50.080119],[14.769027,50.080106]]]},"properties":{"id":1621473204,"ku":"Tuklaty","p":"437/6","druh":"orná půda","vyuziti":null,"vymera":195,"lv":null}},{"type":"Feature","geometry":{"type":"Polygon","coordinates":[[[14.767842,50.080902],[14.767847,50.080916],[14.767926,50.080893],[14.768002,50.080834],[14.767842,50.080902]]]},"properties":{"id":1621474204,"ku":"Tuklaty","p":"437/7","druh":"orná půda","vyuziti":null,"vymera":22,"lv":null}},{"type":"Feature","geometry":{"type":"Polygon","coordinates":[[[14.764383,50.082918],[14.764699,50.082775],[14.764691,50.082766],[14.764383,50.082918]]]},"properties":{"id":1621612204,"ku":"Tuklaty","p":"506/9","druh":"orná půda","vyuziti":null,"vymera":16,"lv":null}},{"type":"Feature","geometry":{"type":"Polygon","coordinates":[[[14.769831,50.077121],[14.769811,50.077278],[14.769877,50.077314],[14.769875,50.077468],[14.769832,50.077493],[14.768273,50.07742],[14.76827,50.077492],[14.768722,50.077513],[14.768763,50.077542],[14.768733,50.078944],[14.768691,50.07897],[14.768225,50.078969],[14.768223,50.079041],[14.769819,50.079046],[14.769861,50.079073],[14.769858,50.079406],[14.76994,50.079406],[14.769958,50.078524],[14.76996,50.077314],[14.769869,50.077263],[14.769887,50.077125],[14.769831,50.077121]],[[14.76982,50.078974],[14.768887,50.078971],[14.768845,50.078944],[14.768875,50.077547],[14.768917,50.077522],[14.769833,50.077565],[14.769874,50.077594],[14.769862,50.078948],[14.76982,50.078974]]]},"properties":{"id":1621453204,"ku":"Tuklaty","p":"437/4","druh":"ostatní plocha","vyuziti":"ostatní komunikace","vymera":4746,"lv":null}},{"type":"Feature","geometry":{"type":"Polygon","coordinates":[[[14.7698,50.082998],[14.769773,50.082994],[14.769766,50.083065],[14.769688,50.083211],[14.769712,50.083215],[14.769764,50.083109],[14.7698,50.082998]]]},"properties":{"id":1829812204,"ku":"Tuklaty","p":"36/13","druh":"zahrada","vyuziti":null,"vymera":35,"lv":null}},{"type":"Feature","geometry":{"type":"Polygon","coordinates":[[[14.765074,50.076894],[14.765238,50.076892],[14.765236,50.076872],[14.765074,50.076894]]]},"properties":{"id":1736448204,"ku":"Tuklaty","p":"437/17","druh":"orná půda","vyuziti":null,"vymera":12,"lv":null}},{"type":"Feature","geometry":{"type":"Polygon","coordinates":[[[14.762206,50.07647],[14.762395,50.07648],[14.762367,50.076402],[14.762202,50.076405],[14.762206,50.07647]]]},"properties":{"id":1736469204,"ku":"Tuklaty","p":"470/7","druh":"ostatní plocha","vyuziti":"dráha","vymera":100,"lv":null}},{"type":"Feature","geometry":{"type":"Polygon","coordinates":[[[14.749865,50.074645],[14.750758,50.074893],[14.751399,50.075004],[14.750698,50.074841],[14.749865,50.074645]]]},"properties":{"id":1736475204,"ku":"Tuklaty","p":"576/3","druh":"orná půda","vyuziti":null,"vymera":242,"lv":null}},{"type":"Feature","geometry":{"type":"Polygon","coordinates":[[[14.756915,50.076184],[14.757045,50.076214],[14.757019,50.076132],[14.756895,50.076115],[14.756915,50.076184]]]},"properties":{"id":1736478204,"ku":"Tuklaty","p":"576/6","druh":"orná půda","vyuziti":null,"vymera":72,"lv":null}},{"type":"Feature","geometry":{"type":"Polygon","coordinates":[[[14.773932,50.08144],[14.7739,50.081437],[14.773891,50.081422],[14.773865,50.081419],[14.77385,50.081432],[14.773747,50.081421],[14.773727,50.081504],[14.773911,50.081523],[14.773932,50.08144]]]},"properties":{"id":1612674204,"ku":"Tuklaty","p":"st. 307","druh":"zastavěná plocha a nádvoří","vyuziti":null,"vymera":128,"lv":null}},{"type":"Feature","geometry":{"type":"Polygon","coordinates":[[[14.772257,50.083399],[14.772251,50.083392],[14.772278,50.083353],[14.772303,50.083361],[14.772326,50.083329],[14.772309,50.083324],[14.772344,50.083275],[14.772234,50.083242],[14.772221,50.08326],[14.772198,50.083266],[14.772179,50.083293],[14.772187,50.083308],[14.772145,50.083367],[14.772257,50.083399]]]},"properties":{"id":2171798204,"ku":"Tuklaty","p":"st. 325","druh":"zastavěná plocha a nádvoří","vyuziti":null,"vymera":140,"lv":null}},{"type":"Feature","geometry":{"type":"Polygon","coordinates":[[[14.772109,50.082051],[14.772014,50.082049],[14.772009,50.082083],[14.77233,50.082092],[14.772339,50.08196],[14.772158,50.081954],[14.772155,50.081993],[14.772113,50.081997],[14.772109,50.082051]]]},"properties":{"id":1535051204,"ku":"Tuklaty","p":"st. 117","druh":"zastavěná plocha a nádvoří","vyuziti":null,"vymera":249,"lv":null}},{"type":"Feature","geometry":{"type":"Polygon","coordinates":[[[14.771351,50.081408],[14.771019,50.081355],[14.770983,50.081448],[14.771016,50.081453],[14.77104,50.08139],[14.771065,50.081379],[14.771093,50.081383],[14.771109,50.081404],[14.771163,50.081414],[14.77115,50.081446],[14.771177,50.081451],[14.771166,50.081477],[14.771103,50.081553],[14.771296,50.081585],[14.771351,50.081408]]]},"properties":{"id":1535395204,"ku":"Tuklaty","p":"285/14","druh":"zahrada","vyuziti":null,"vymera":306,"lv":null}},{"type":"Feature","geometry":{"type":"Polygon","coordinates":[[[14.767866,50.083475],[14.767966,50.083869],[14.76798,50.083871],[14.768003,50.083813],[14.768557,50.083906],[14.768496,50.084032],[14.768558,50.083959],[14.768584,50.083953],[14.7688,50.083533],[14.767866,50.083475]],[[14.768094,50.083649],[14.768064,50.083533],[14.768257,50.083512],[14.768286,50.083629],[14.768214,50.083636],[14.768217,50.083646],[14.76817,50.083651],[14.768167,50.083641],[14.768094,50.083649]],[[14.768707,50.083676],[14.768636,50.083684],[14.768638,50.083693],[14.768591,50.083698],[14.768589,50.083689],[14.768515,50.083696],[14.768485,50.08358],[14.768678,50.083559],[14.768707,50.083676]]]},"properties":{"id":1535288204,"ku":"Tuklaty","p":"62/3","druh":"ostatní plocha","vyuziti":"jiná plocha","vymera":1957,"lv":null}},{"type":"Feature","geometry":{"type":"Polygon","coordinates":[[[14.774336,50.075628],[14.774355,50.075344],[14.774279,50.075331],[14.774306,50.075284],[14.774439,50.075314],[14.77486,50.07533],[14.774863,50.071888],[14.773738,50.071933],[14.770123,50.072044],[14.770118,50.075915],[14.774127,50.076013],[14.774207,50.075946],[14.774292,50.075781],[14.774336,50.075628]]]},"properties":{"id":2251488204,"ku":"Tuklaty","p":"1075","druh":"orná půda","vyuziti":null,"vymera":147888,"lv":null}},{"type":"Feature","geometry":{"type":"Polygon","coordinates":[[[14.774217,50.076608],[14.774276,50.076039],[14.774235,50.076078],[14.773813,50.076379],[14.773724,50.076585],[14.774217,50.076608]]]},"properties":{"id":2251476204,"ku":"Tuklaty","p":"1063","druh":"orná půda","vyuziti":null,"vymera":1365,"lv":null}},{"type":"Feature","geometry":{"type":"Polygon","coordinates":[[[14.77622,50.075654],[14.776222,50.074042],[14.77543,50.074006],[14.775429,50.075596],[14.77546,50.075619],[14.77622,50.075654]]]},"properties":{"id":2251480204,"ku":"Tuklaty","p":"1067","druh":"orná půda","vyuziti":null,"vymera":10152,"lv":null}},{"type":"Feature","geometry":{"type":"Polygon","coordinates":[[[14.759144,50.084061],[14.76134,50.083622],[14.761059,50.083337],[14.760322,50.082637],[14.760225,50.082829],[14.760137,50.082939],[14.760041,50.083032],[14.759884,50.083155],[14.759678,50.083276],[14.759479,50.083376],[14.759012,50.083581],[14.75897,50.083653],[14.759144,50.084061]]]},"properties":{"id":2251682204,"ku":"Tuklaty","p":"1269","druh":"orná půda","vyuziti":null,"vymera":12228,"lv":null}},{"type":"Feature","geometry":{"type":"Polygon","coordinates":[[[14.75662,50.086092],[14.759601,50.085303],[14.759325,50.084656],[14.75622,50.085479],[14.75662,50.086092]]]},"properties":{"id":2251686204,"ku":"Tuklaty","p":"1273","druh":"orná půda","vyuziti":null,"vymera":17422,"lv":null}},{"type":"Feature","geometry":{"type":"Polygon","coordinates":[[[14.778486,50.08631],[14.778486,50.087118],[14.779027,50.087101],[14.779039,50.086829],[14.779035,50.08651],[14.779055,50.086492],[14.778486,50.08631]]]},"properties":{"id":2251444204,"ku":"Tuklaty","p":"1031","druh":"orná půda","vyuziti":null,"vymera":3111,"lv":null}},{"type":"Feature","geometry":{"type":"Polygon","coordinates":[[[14.778474,50.085961],[14.778717,50.085919],[14.779052,50.08593],[14.779051,50.085865],[14.778941,50.085046],[14.778861,50.084571],[14.778855,50.084219],[14.77844,50.083956],[14.778123,50.083812],[14.777748,50.083709],[14.777251,50.083589],[14.777204,50.085967],[14.777684,50.08602],[14.778229,50.0861],[14.778572,50.086238],[14.778474,50.085961]]]},"properties":{"id":2251452204,"ku":"Tuklaty","p":"1039","druh":"orná půda","vyuziti":null,"vymera":29725,"lv":null}},{"type":"Feature","geometry":{"type":"Polygon","coordinates":[[[14.77043,50.082225],[14.770365,50.082214],[14.770338,50.082287],[14.770513,50.082314],[14.770545,50.082225],[14.770436,50.082208],[14.77043,50.082225]]]},"properties":{"id":1535030204,"ku":"Tuklaty","p":"st. 96","druh":"zastavěná plocha a nádvoří","vyuziti":null,"vymera":122,"lv":null}},{"type":"Feature","geometry":{"type":"Polygon","coordinates":[[[14.774437,50.081699],[14.774485,50.081705],[14.774575,50.081416],[14.774512,50.081409],[14.774202,50.081345],[14.774147,50.081328],[14.77409,50.081555],[14.773795,50.081543],[14.773794,50.081569],[14.774259,50.081633],[14.774294,50.081527],[14.774485,50.081554],[14.774437,50.081699]]]},"properties":{"id":1535442204,"ku":"Tuklaty","p":"296/7","druh":"orná půda","vyuziti":null,"vymera":865,"lv":null}},{"type":"Feature","geometry":{"type":"Polygon","coordinates":[[[14.773501,50.084914],[14.773485,50.084861],[14.773339,50.084933],[14.772564,50.085378],[14.772729,50.085413],[14.77267,50.085353],[14.773246,50.085008],[14.773501,50.084914]]]},"properties":{"id":1535370204,"ku":"Tuklaty","p":"275/13","druh":"orná půda","vyuziti":null,"vymera":262,"lv":null}},{"type":"Feature","geometry":{"type":"Polygon","coordinates":[[[14.770232,50.083068],[14.7698,50.082998],[14.769764,50.083109],[14.769712,50.083215],[14.770151,50.083286],[14.770232,50.083068]],[[14.769843,50.083226],[14.769866,50.083174],[14.769911,50.083182],[14.769887,50.083233],[14.769843,50.083226]],[[14.770014,50.083165],[14.770038,50.083095],[14.770112,50.083106],[14.770107,50.083121],[14.77012,50.083122],[14.7701,50.083177],[14.770014,50.083165]]]},"properties":{"id":1535248204,"ku":"Tuklaty","p":"36/8","druh":"zahrada","vyuziti":null,"vymera":729,"lv":null}},{"type":"Feature","geometry":{"type":"Polygon","coordinates":[[[14.76644,50.088132],[14.766248,50.088261],[14.766381,50.088301],[14.76644,50.088165],[14.766739,50.087899],[14.76644,50.088132]]]},"properties":{"id":2083412204,"ku":"Tuklaty","p":"147/25","druh":"orná půda","vyuziti":null,"vymera":143,"lv":null}},{"type":"Feature","geometry":{"type":"Polygon","coordinates":[[[14.769112,50.083973],[14.768627,50.08387],[14.768584,50.083953],[14.768558,50.083959],[14.768496,50.084032],[14.769,50.084121],[14.769112,50.083973]]]},"properties":{"id":2143523204,"ku":"Tuklaty","p":"62/10","druh":"zahrada","vyuziti":null,"vymera":690,"lv":null}},{"type":"Feature","geometry":{"type":"Polygon","coordinates":[[[14.761212,50.072675],[14.762893,50.072828],[14.762915,50.072583],[14.762743,50.072454],[14.762737,50.072325],[14.76138,50.072339],[14.761336,50.072335],[14.761212,50.072675]]]},"properties":{"id":1999056204,"ku":"Tuklaty","p":"357/13","druh":"orná půda","vyuziti":null,"vymera":5245,"lv":null}},{"type":"Feature","geometry":{"type":"Polygon","coordinates":[[[14.743357,50.073182],[14.743719,50.073264],[14.743723,50.073211],[14.74336,50.073129],[14.743357,50.073182]]]},"properties":{"id":1736490204,"ku":"Tuklaty","p":"715/7","druh":"orná půda","vyuziti":null,"vymera":157,"lv":null}},{"type":"Feature","geometry":{"type":"Polygon","coordinates":[[[14.745347,50.07364],[14.74556,50.073687],[14.745564,50.073618],[14.745351,50.073573],[14.745347,50.07364]]]},"properties":{"id":1736492204,"ku":"Tuklaty","p":"715/9","druh":"orná půda","vyuziti":null,"vymera":117,"lv":null}},{"type":"Feature","geometry":{"type":"Polygon","coordinates":[[[14.762788,50.072319],[14.762788,50.072445],[14.762955,50.072573],[14.762952,50.072834],[14.762995,50.07231],[14.762788,50.072319]]]},"properties":{"id":1999059204,"ku":"Tuklaty","p":"357/16","druh":"orná půda","vyuziti":null,"vymera":338,"lv":null}},{"type":"Feature","geometry":{"type":"Polygon","coordinates":[[[14.759011,50.080844],[14.759583,50.080984],[14.759629,50.080319],[14.75905,50.08028],[14.759011,50.080844]]]},"properties":{"id":2251655204,"ku":"Tuklaty","p":"1242","druh":"orná půda","vyuziti":null,"vymera":2847,"lv":null}},{"type":"Feature","geometry":{"type":"Polygon","coordinates":[[[14.767848,50.080953],[14.767638,50.081049],[14.766975,50.081325],[14.766523,50.081504],[14.766293,50.081586],[14.766296,50.081613],[14.766056,50.081674],[14.765918,50.081724],[14.765531,50.081901],[14.765463,50.081902],[14.765542,50.081999],[14.766109,50.081733],[14.766545,50.081576],[14.76715,50.081335],[14.768122,50.080917],[14.768187,50.080856],[14.768159,50.080827],[14.768414,50.080641],[14.768463,50.080615],[14.768656,50.08055],[14.77011,50.08047],[14.771223,50.08043],[14.771234,50.080389],[14.769546,50.080449],[14.768757,50.080493],[14.768492,50.080486],[14.768377,50.080556],[14.767926,50.080893],[14.767834,50.080924],[14.767848,50.080953]]]},"properties":{"id":1535608204,"ku":"Tuklaty","p":"876/1","druh":"ostatní plocha","vyuziti":"ostatní komunikace","vymera":3254,"lv":null}},{"type":"Feature","geometry":{"type":"Polygon","coordinates":[[[14.764628,50.081141],[14.765175,50.081788],[14.765124,50.081952],[14.765168,50.081965],[14.765198,50.081777],[14.764654,50.081138],[14.764628,50.081141]]]},"properties":{"id":1621534204,"ku":"Tuklaty","p":"516/6","druh":"orná půda","vyuziti":null,"vymera":192,"lv":null}},{"type":"Feature","geometry":{"type":"Polygon","coordinates":[[[14.769909,50.0843],[14.770196,50.08434],[14.770181,50.08438],[14.770307,50.084395],[14.770296,50.084457],[14.77031,50.084458],[14.770305,50.084487],[14.770471,50.084503],[14.770873,50.084529],[14.770884,50.084501],[14.770472,50.084473],[14.770513,50.084287],[14.770408,50.084276],[14.770439,50.084098],[14.769988,50.084065],[14.769909,50.0843]]]},"properties":{"id":1535384204,"ku":"Tuklaty","p":"285/2","druh":"zahrada","vyuziti":null,"vymera":1349,"lv":null}},{"type":"Feature","geometry":{"type":"Polygon","coordinates":[[[14.759086,50.079762],[14.760466,50.079854],[14.760479,50.078778],[14.759161,50.078684],[14.759086,50.079762]]]},"properties":{"id":2251652204,"ku":"Tuklaty","p":"1239","druh":"orná půda","vyuziti":null,"vymera":11627,"lv":null}},{"type":"Feature","geometry":{"type":"Polygon","coordinates":[[[14.761982,50.076488],[14.761968,50.076463],[14.761199,50.076423],[14.760548,50.076438],[14.761982,50.076488]]]},"properties":{"id":1736470204,"ku":"Tuklaty","p":"907/5","druh":"ostatní plocha","vyuziti":"dráha","vymera":290,"lv":null}},{"type":"Feature","geometry":{"type":"Polygon","coordinates":[[[14.756635,50.076147],[14.756915,50.076184],[14.756895,50.076115],[14.756581,50.076071],[14.756635,50.076147]]]},"properties":{"id":1736476204,"ku":"Tuklaty","p":"576/4","druh":"orná půda","vyuziti":null,"vymera":159,"lv":null}},{"type":"Feature","geometry":{"type":"Polygon","coordinates":[[[14.771152,50.080652],[14.770972,50.080623],[14.770917,50.080757],[14.771113,50.080752],[14.771152,50.080652]]]},"properties":{"id":1535034204,"ku":"Tuklaty","p":"st. 100","druh":"zastavěná plocha a nádvoří","vyuziti":null,"vymera":179,"lv":null}},{"type":"Feature","geometry":{"type":"Polygon","coordinates":[[[14.770851,50.084809],[14.770461,50.084807],[14.770388,50.085006],[14.770934,50.085005],[14.770906,50.084877],[14.770851,50.084809]],[[14.770463,50.084849],[14.770636,50.084849],[14.770638,50.084972],[14.770465,50.084973],[14.770463,50.084849]]]},"properties":{"id":1535227204,"ku":"Tuklaty","p":"30/4","druh":"zahrada","vyuziti":null,"vymera":587,"lv":null}},{"type":"Feature","geometry":{"type":"Polygon","coordinates":[[[14.767616,50.086888],[14.767776,50.086943],[14.767912,50.086663],[14.767773,50.086646],[14.767616,50.086888]]]},"properties":{"id":1534975204,"ku":"Tuklaty","p":"st. 42/2","druh":"zastavěná plocha a nádvoří","vyuziti":null,"vymera":356,"lv":null}},{"type":"Feature","geometry":{"type":"Polygon","coordinates":[[[14.740993,50.073949],[14.740922,50.073966],[14.740898,50.074241],[14.740972,50.074257],[14.740993,50.073949]]]},"properties":{"id":1535066204,"ku":"Tuklaty","p":"st. 131/2","druh":"zastavěná plocha a nádvoří","vyuziti":null,"vymera":166,"lv":null}},{"type":"Feature","geometry":{"type":"Polygon","coordinates":[[[14.772894,50.082717],[14.772427,50.082644],[14.772418,50.082779],[14.772345,50.0829],[14.772802,50.082954],[14.772894,50.082717]]]},"properties":{"id":1635572204,"ku":"Tuklaty","p":"296/41","druh":"orná půda","vyuziti":null,"vymera":918,"lv":null}},{"type":"Feature","geometry":{"type":"Polygon","coordinates":[[[14.775145,50.071188],[14.775127,50.071656],[14.775539,50.071644],[14.775554,50.071271],[14.775145,50.071188]]]},"properties":{"id":2251487204,"ku":"Tuklaty","p":"1074","druh":"orná půda","vyuziti":null,"vymera":1377,"lv":null}},{"type":"Feature","geometry":{"type":"Polygon","coordinates":[[[14.7683,50.082412],[14.768274,50.082197],[14.767691,50.082239],[14.767726,50.082453],[14.7683,50.082412]]]},"properties":{"id":2113233204,"ku":"Tuklaty","p":"62/57","druh":"orná půda","vyuziti":null,"vymera":998,"lv":null}},{"type":"Feature","geometry":{"type":"Polygon","coordinates":[[[14.772438,50.083231],[14.772049,50.083185],[14.771808,50.083382],[14.772323,50.083443],[14.772457,50.08325],[14.772438,50.083231]],[[14.772145,50.083367],[14.772187,50.083308],[14.772179,50.083293],[14.772198,50.083266],[14.772221,50.08326],[14.772234,50.083242],[14.772344,50.083275],[14.772309,50.083324],[14.772326,50.083329],[14.772303,50.083361],[14.772278,50.083353],[14.772251,50.083392],[14.772257,50.083399],[14.772145,50.083367]]]},"properties":{"id":1635561204,"ku":"Tuklaty","p":"280/11","druh":"zahrada","vyuziti":null,"vymera":697,"lv":null}},{"type":"Feature","geometry":{"type":"Polygon","coordinates":[[[14.773237,50.081604],[14.772507,50.081582],[14.772488,50.08183],[14.77321,50.081852],[14.773237,50.081604]],[[14.772623,50.081768],[14.77259,50.081767],[14.772597,50.081674],[14.772761,50.081679],[14.772746,50.08181],[14.77262,50.081807],[14.772623,50.081768]]]},"properties":{"id":1535438204,"ku":"Tuklaty","p":"296/3","druh":"orná půda","vyuziti":null,"vymera":1275,"lv":null}},{"type":"Feature","geometry":{"type":"Polygon","coordinates":[[[14.761624,50.083977],[14.761587,50.083873],[14.76134,50.083622],[14.759144,50.084061],[14.759306,50.084441],[14.761624,50.083977]]]},"properties":{"id":2251681204,"ku":"Tuklaty","p":"1268","druh":"orná půda","vyuziti":null,"vymera":7470,"lv":null}},{"type":"Feature","geometry":{"type":"Polygon","coordinates":[[[14.760645,50.073599],[14.760677,50.073503],[14.760327,50.073453],[14.760297,50.073549],[14.760645,50.073599]]]},"properties":{"id":2431319204,"ku":"Tuklaty","p":"st. 350","druh":"zastavěná plocha a nádvoří","vyuziti":null,"vymera":280,"lv":null}},{"type":"Feature","geometry":{"type":"Polygon","coordinates":[[[14.741449,50.074173],[14.741439,50.074205],[14.74131,50.074177],[14.741304,50.07419],[14.741177,50.074164],[14.741112,50.074287],[14.741691,50.074409],[14.741726,50.074038],[14.741556,50.074003],[14.741507,50.074104],[14.741449,50.074173]]]},"properties":{"id":1535063204,"ku":"Tuklaty","p":"st. 129","druh":"zastavěná plocha a nádvoří","vyuziti":null,"vymera":1037,"lv":null}},{"type":"Feature","geometry":{"type":"Polygon","coordinates":[[[14.778201,50.077206],[14.773624,50.077009],[14.773621,50.077025],[14.774095,50.077054],[14.774904,50.077083],[14.776873,50.077173],[14.778194,50.077222],[14.778201,50.077206]]]},"properties":{"id":2251474204,"ku":"Tuklaty","p":"1061","druh":"ostatní plocha","vyuziti":"zeleň","vymera":751,"lv":null}},{"type":"Feature","geometry":{"type":"Polygon","coordinates":[[[14.778384,50.076801],[14.773724,50.076585],[14.773666,50.07672],[14.773624,50.077009],[14.778201,50.077206],[14.778384,50.076801]]]},"properties":{"id":2251475204,"ku":"Tuklaty","p":"1062","druh":"orná půda","vyuziti":null,"vymera":15513,"lv":null}},{"type":"Feature","geometry":{"type":"Polygon","coordinates":[[[14.77622,50.07584],[14.77622,50.075654],[14.77546,50.075619],[14.77547,50.075626],[14.77547,50.075805],[14.77622,50.07584]]]},"properties":{"id":2251478204,"ku":"Tuklaty","p":"1065","druh":"orná půda","vyuziti":null,"vymera":1110,"lv":null}},{"type":"Feature","geometry":{"type":"Polygon","coordinates":[[[14.778764,50.075958],[14.779558,50.074197],[14.776222,50.074042],[14.77622,50.07584],[14.778764,50.075958]]]},"properties":{"id":2251479204,"ku":"Tuklaty","p":"1066","druh":"orná půda","vyuziti":null,"vymera":42078,"lv":null}},{"type":"Feature","geometry":{"type":"Polygon","coordinates":[[[14.779202,50.073294],[14.778987,50.073025],[14.77892,50.07297],[14.77808,50.072812],[14.77791,50.07276],[14.777836,50.07268],[14.777814,50.072585],[14.777832,50.071898],[14.777809,50.071799],[14.775377,50.071868],[14.775375,50.073116],[14.779202,50.073294]]]},"properties":{"id":2251482204,"ku":"Tuklaty","p":"1069","druh":"orná půda","vyuziti":null,"vymera":29924,"lv":null}},{"type":"Feature","geometry":{"type":"Polygon","coordinates":[[[14.755986,50.08512],[14.75738,50.084365],[14.758929,50.083617],[14.759479,50.083376],[14.759678,50.083276],[14.759842,50.083181],[14.760041,50.083032],[14.760137,50.082939],[14.760225,50.082829],[14.760322,50.082637],[14.760268,50.08258],[14.760146,50.082782],[14.759994,50.082954],[14.759749,50.083144],[14.759631,50.083221],[14.759474,50.083311],[14.759293,50.083396],[14.759122,50.083454],[14.758608,50.083685],[14.756979,50.084476],[14.756447,50.084776],[14.755925,50.085054],[14.755962,50.085083],[14.755986,50.08512]]]},"properties":{"id":2251684204,"ku":"Tuklaty","p":"1271","druh":"ostatní plocha","vyuziti":"ostatní komunikace","vymera":3148,"lv":null}},{"type":"Feature","geometry":{"type":"Polygon","coordinates":[[[14.755986,50.08512],[14.75622,50.085479],[14.759325,50.084656],[14.75891,50.083681],[14.75883,50.083663],[14.75738,50.084365],[14.755986,50.08512]]]},"properties":{"id":2251685204,"ku":"Tuklaty","p":"1272","druh":"orná půda","vyuziti":null,"vymera":20087,"lv":null}},{"type":"Feature","geometry":{"type":"Polygon","coordinates":[[[14.771684,50.07946],[14.771211,50.079414],[14.771403,50.079798],[14.771508,50.080232],[14.771589,50.080375],[14.771708,50.080097],[14.771792,50.07995],[14.771684,50.07946]]]},"properties":{"id":1619372204,"ku":"Tuklaty","p":"330/4","druh":"orná půda","vyuziti":null,"vymera":2219,"lv":null}},{"type":"Feature","geometry":{"type":"Polygon","coordinates":[[[14.771106,50.079105],[14.771145,50.079242],[14.771647,50.079287],[14.771617,50.079151],[14.771106,50.079105]]]},"properties":{"id":1619374204,"ku":"Tuklaty","p":"330/6","druh":"orná půda","vyuziti":null,"vymera":540,"lv":null}},{"type":"Feature","geometry":{"type":"Polygon","coordinates":[[[14.773724,50.0839],[14.773884,50.083419],[14.773176,50.083317],[14.773015,50.083665],[14.773204,50.083676],[14.773272,50.083963],[14.773332,50.084035],[14.773724,50.0839]],[[14.77347,50.083734],[14.773481,50.083783],[14.773467,50.083796],[14.773442,50.083798],[14.773424,50.083788],[14.773353,50.083795],[14.773332,50.083696],[14.773409,50.083679],[14.773433,50.083687],[14.773514,50.08368],[14.773524,50.083729],[14.77347,50.083734]]]},"properties":{"id":1535440204,"ku":"Tuklaty","p":"296/5","druh":"zahrada","vyuziti":null,"vymera":2953,"lv":null}},{"type":"Feature","geometry":{"type":"Polygon","coordinates":[[[14.768835,50.085014],[14.768809,50.084983],[14.768467,50.084898],[14.76819,50.085172],[14.768329,50.085252],[14.768835,50.085014]]]},"properties":{"id":21341491010,"ku":"Tuklaty","p":"28/2","druh":"vodní plocha","vyuziti":"rybník","vymera":856,"lv":null}},{"type":"Feature","geometry":{"type":"Polygon","coordinates":[[[14.768196,50.084995],[14.768126,50.08509],[14.768141,50.085102],[14.768164,50.085163],[14.768143,50.085252],[14.768232,50.0853],[14.768298,50.085389],[14.768345,50.085434],[14.768398,50.085408],[14.768413,50.08542],[14.768436,50.085409],[14.768448,50.085418],[14.768983,50.085155],[14.768911,50.084923],[14.768466,50.084777],[14.768196,50.084995]],[[14.76819,50.085172],[14.768467,50.084898],[14.768809,50.084983],[14.768835,50.085014],[14.768329,50.085252],[14.76819,50.085172]]]},"properties":{"id":21341490010,"ku":"Tuklaty","p":"28/1","druh":"ostatní plocha","vyuziti":"zeleň","vymera":1964,"lv":null}},{"type":"Feature","geometry":{"type":"Polygon","coordinates":[[[14.772113,50.081997],[14.772155,50.081993],[14.772158,50.081954],[14.772339,50.08196],[14.772353,50.081768],[14.771953,50.081757],[14.77195,50.082081],[14.772009,50.082083],[14.772014,50.082049],[14.772109,50.082051],[14.772113,50.081997]]]},"properties":{"id":1535382204,"ku":"Tuklaty","p":"283/5","druh":"zahrada","vyuziti":null,"vymera":759,"lv":null}},{"type":"Feature","geometry":{"type":"Polygon","coordinates":[[[14.75662,50.086092],[14.756949,50.086596],[14.760015,50.086277],[14.759601,50.085303],[14.75662,50.086092]]]},"properties":{"id":2251687204,"ku":"Tuklaty","p":"1274","druh":"orná půda","vyuziti":null,"vymera":19422,"lv":null}},{"type":"Feature","geometry":{"type":"Polygon","coordinates":[[[14.760479,50.078778],[14.760465,50.079929],[14.760588,50.080021],[14.762737,50.081376],[14.764916,50.081482],[14.764315,50.08076],[14.764172,50.080554],[14.764068,50.08038],[14.76398,50.08018],[14.763883,50.07988],[14.763827,50.079647],[14.763706,50.079035],[14.760479,50.078778]]]},"properties":{"id":2251651204,"ku":"Tuklaty","p":"1238","druh":"orná půda","vyuziti":null,"vymera":58892,"lv":null}},{"type":"Feature","geometry":{"type":"Polygon","coordinates":[[[14.774072,50.083376],[14.773914,50.083424],[14.773884,50.083419],[14.77387,50.083459],[14.774044,50.083692],[14.774286,50.083614],[14.774338,50.083621],[14.774367,50.083642],[14.774349,50.083669],[14.774425,50.083642],[14.774173,50.083402],[14.774106,50.083422],[14.774072,50.083376]]]},"properties":{"id":2148849204,"ku":"Tuklaty","p":"st. 102/1","druh":"zastavěná plocha a nádvoří","vyuziti":null,"vymera":731,"lv":null}},{"type":"Feature","geometry":{"type":"Polygon","coordinates":[[[14.765236,50.076872],[14.765238,50.076892],[14.765442,50.076899],[14.765441,50.076882],[14.765236,50.076872]]]},"properties":{"id":1736447204,"ku":"Tuklaty","p":"437/16","druh":"orná půda","vyuziti":null,"vymera":30,"lv":null}},{"type":"Feature","geometry":{"type":"Polygon","coordinates":[[[14.771198,50.07723],[14.771195,50.077216],[14.770727,50.077239],[14.770912,50.077246],[14.771198,50.07723]]]},"properties":{"id":1736449204,"ku":"Tuklaty","p":"330/15","druh":"orná půda","vyuziti":null,"vymera":48,"lv":null}},{"type":"Feature","geometry":{"type":"Polygon","coordinates":[[[14.770656,50.077124],[14.770551,50.077119],[14.770571,50.077192],[14.770665,50.077191],[14.770656,50.077124]]]},"properties":{"id":1736451204,"ku":"Tuklaty","p":"878/2","druh":"ostatní plocha","vyuziti":"dráha","vymera":55,"lv":null}},{"type":"Feature","geometry":{"type":"Polygon","coordinates":[[[14.775126,50.071683],[14.775145,50.071188],[14.775089,50.071177],[14.775095,50.071021],[14.774366,50.070987],[14.774339,50.071709],[14.775126,50.071683]]]},"properties":{"id":1748009204,"ku":"Tuklaty","p":"941","druh":"orná půda","vyuziti":null,"vymera":4251,"lv":null}},{"type":"Feature","geometry":{"type":"Polygon","coordinates":[[[14.758,50.076337],[14.759007,50.076425],[14.759653,50.076451],[14.760548,50.076438],[14.759673,50.076412],[14.759462,50.076392],[14.759049,50.076373],[14.758102,50.076299],[14.75774,50.076252],[14.757652,50.07622],[14.757019,50.076132],[14.757045,50.076214],[14.758,50.076337]]]},"properties":{"id":1736472204,"ku":"Tuklaty","p":"907/4","druh":"ostatní plocha","vyuziti":"dráha","vymera":1321,"lv":null}},{"type":"Feature","geometry":{"type":"Polygon","coordinates":[[[14.75554,50.075913],[14.755988,50.076025],[14.75599,50.075983],[14.75554,50.075913]]]},"properties":{"id":1736477204,"ku":"Tuklaty","p":"576/5","druh":"orná půda","vyuziti":null,"vymera":73,"lv":null}},{"type":"Feature","geometry":{"type":"Polygon","coordinates":[[[14.760146,50.082782],[14.759159,50.082202],[14.759153,50.082403],[14.759966,50.082978],[14.760146,50.082782]],[[14.75993,50.082937],[14.759813,50.082858],[14.759851,50.082836],[14.75988,50.082856],[14.759909,50.082839],[14.759994,50.082899],[14.75993,50.082937]],[[14.759772,50.082794],[14.759763,50.082761],[14.75973,50.082764],[14.759714,50.082704],[14.759839,50.082691],[14.759845,50.082717],[14.75992,50.082709],[14.759938,50.082776],[14.759772,50.082794]]]},"properties":{"id":2216985204,"ku":"Tuklaty","p":"828/2","druh":"zahrada","vyuziti":null,"vymera":1664,"lv":null}},{"type":"Feature","geometry":{"type":"Polygon","coordinates":[[[14.759763,50.082761],[14.759772,50.082794],[14.759938,50.082776],[14.75992,50.082709],[14.759845,50.082717],[14.759839,50.082691],[14.759714,50.082704],[14.75973,50.082764],[14.759763,50.082761]]]},"properties":{"id":19358816010,"ku":"Tuklaty","p":"st. 359","druh":"zastavěná plocha a nádvoří","vyuziti":null,"vymera":127,"lv":null}},{"type":"Feature","geometry":{"type":"Polygon","coordinates":[[[14.760884,50.073397],[14.760971,50.07299],[14.760036,50.072855],[14.759969,50.073604],[14.760241,50.073625],[14.760658,50.073734],[14.760708,50.073756],[14.760845,50.073704],[14.760884,50.073397]],[[14.760645,50.073599],[14.760297,50.073549],[14.760327,50.073453],[14.760677,50.073503],[14.760645,50.073599]],[[14.760704,50.073363],[14.760254,50.073299],[14.760363,50.072978],[14.760813,50.073039],[14.760704,50.073363]]]},"properties":{"id":1535512204,"ku":"Tuklaty","p":"547/9","druh":"ostatní plocha","vyuziti":"manipulační plocha","vymera":3951,"lv":null}},{"type":"Feature","geometry":{"type":"Polygon","coordinates":[[[14.760813,50.073039],[14.760363,50.072978],[14.760254,50.073299],[14.760704,50.073363],[14.760813,50.073039]]]},"properties":{"id":19712491010,"ku":"Tuklaty","p":"st. 360","druh":"zastavěná plocha a nádvoří","vyuziti":null,"vymera":1205,"lv":null}},{"type":"Feature","geometry":{"type":"Polygon","coordinates":[[[14.770765,50.077448],[14.770793,50.077583],[14.7711,50.077574],[14.771063,50.077428],[14.770765,50.077448]]]},"properties":{"id":1535042204,"ku":"Tuklaty","p":"st. 108","druh":"zastavěná plocha a nádvoří","vyuziti":null,"vymera":344,"lv":null}},{"type":"Feature","geometry":{"type":"Polygon","coordinates":[[[14.771188,50.082772],[14.770513,50.082663],[14.770447,50.082838],[14.771123,50.082945],[14.771188,50.082772]],[[14.770685,50.082785],[14.770668,50.08283],[14.7706,50.082819],[14.770555,50.082837],[14.770539,50.082834],[14.770501,50.082794],[14.770517,50.082778],[14.770502,50.082776],[14.770527,50.08271],[14.770613,50.082724],[14.770596,50.082771],[14.770685,50.082785]],[[14.770719,50.082767],[14.77073,50.082739],[14.770779,50.082746],[14.770788,50.082723],[14.770836,50.08273],[14.770817,50.082781],[14.770719,50.082767]]]},"properties":{"id":1535401204,"ku":"Tuklaty","p":"285/20","druh":"zahrada","vyuziti":null,"vymera":850,"lv":null}},{"type":"Feature","geometry":{"type":"Polygon","coordinates":[[[14.770836,50.08273],[14.770788,50.082723],[14.770779,50.082746],[14.77073,50.082739],[14.770719,50.082767],[14.770817,50.082781],[14.770836,50.08273]]]},"properties":{"id":2414239204,"ku":"Tuklaty","p":"st. 320","druh":"zastavěná plocha a nádvoří","vyuziti":null,"vymera":32,"lv":null}},{"type":"Feature","geometry":{"type":"Polygon","coordinates":[[[14.76554,50.082242],[14.765238,50.082346],[14.764571,50.082627],[14.764668,50.082739],[14.765478,50.082462],[14.765415,50.082409],[14.765282,50.082371],[14.765567,50.082275],[14.76554,50.082242]],[[14.765071,50.08257],[14.764997,50.082479],[14.76509,50.082448],[14.76517,50.082536],[14.765071,50.08257]]]},"properties":{"id":1535305204,"ku":"Tuklaty","p":"72/6","druh":"zahrada","vyuziti":null,"vymera":1064,"lv":null}},{"type":"Feature","geometry":{"type":"Polygon","coordinates":[[[14.76517,50.082536],[14.76509,50.082448],[14.764997,50.082479],[14.765071,50.08257],[14.76517,50.082536]]]},"properties":{"id":2487548204,"ku":"Tuklaty","p":"st. 357","druh":"zastavěná plocha a nádvoří","vyuziti":null,"vymera":90,"lv":null}},{"type":"Feature","geometry":{"type":"Polygon","coordinates":[[[14.771681,50.08457],[14.771679,50.084583],[14.771982,50.084496],[14.771681,50.08457]]]},"properties":{"id":1619393204,"ku":"Tuklaty","p":"871/2","druh":"ostatní plocha","vyuziti":"ostatní komunikace","vymera":15,"lv":null}},{"type":"Feature","geometry":{"type":"Polygon","coordinates":[[[14.768071,50.083117],[14.768057,50.083048],[14.767953,50.083056],[14.767956,50.08307],[14.767875,50.083075],[14.767872,50.083062],[14.767798,50.083068],[14.767808,50.083119],[14.767835,50.083117],[14.767838,50.083135],[14.768071,50.083117]]]},"properties":{"id":20812824010,"ku":"Tuklaty","p":"st. 361","druh":"zastavěná plocha a nádvoří","vyuziti":null,"vymera":132,"lv":null}},{"type":"Feature","geometry":{"type":"Polygon","coordinates":[[[14.767758,50.083005],[14.767731,50.083018],[14.767715,50.083038],[14.767712,50.08306],[14.767742,50.083226],[14.76824,50.083189],[14.768205,50.082992],[14.767758,50.083005]],[[14.768071,50.083117],[14.767838,50.083135],[14.767835,50.083117],[14.767808,50.083119],[14.767798,50.083068],[14.767872,50.083062],[14.767875,50.083075],[14.767956,50.08307],[14.767953,50.083056],[14.768057,50.083048],[14.768071,50.083117]]]},"properties":{"id":2253577204,"ku":"Tuklaty","p":"62/66","druh":"zahrada","vyuziti":null,"vymera":701,"lv":null}},{"type":"Feature","geometry":{"type":"Polygon","coordinates":[[[14.767726,50.082453],[14.767762,50.082667],[14.768345,50.082626],[14.7683,50.082412],[14.767726,50.082453]],[[14.768072,50.0826],[14.768058,50.082514],[14.768113,50.08251],[14.76811,50.082493],[14.768237,50.082484],[14.768237,50.082552],[14.768248,50.082552],[14.768254,50.082587],[14.768072,50.0826]],[[14.76789,50.082641],[14.767885,50.082613],[14.768005,50.082605],[14.768009,50.082632],[14.76789,50.082641]]]},"properties":{"id":2113235204,"ku":"Tuklaty","p":"62/59","druh":"zahrada","vyuziti":null,"vymera":832,"lv":null}},{"type":"Feature","geometry":{"type":"Polygon","coordinates":[[[14.768254,50.082587],[14.768248,50.082552],[14.768237,50.082552],[14.768237,50.082484],[14.76811,50.082493],[14.768113,50.08251],[14.768058,50.082514],[14.768072,50.0826],[14.768254,50.082587]]]},"properties":{"id":2472792204,"ku":"Tuklaty","p":"st. 354","druh":"zastavěná plocha a nádvoří","vyuziti":null,"vymera":141,"lv":null}},{"type":"Feature","geometry":{"type":"Polygon","coordinates":[[[14.770501,50.082794],[14.770539,50.082834],[14.770555,50.082837],[14.7706,50.082819],[14.770668,50.08283],[14.770685,50.082785],[14.770596,50.082771],[14.770613,50.082724],[14.770527,50.08271],[14.770502,50.082776],[14.770517,50.082778],[14.770501,50.082794]]]},"properties":{"id":1535081204,"ku":"Tuklaty","p":"st. 147","druh":"zastavěná plocha a nádvoří","vyuziti":null,"vymera":108,"lv":null}},{"type":"Feature","geometry":{"type":"Polygon","coordinates":[[[14.768383,50.08285],[14.768345,50.082626],[14.767901,50.082658],[14.767945,50.082919],[14.768313,50.082906],[14.768362,50.082887],[14.768383,50.08285]],[[14.768122,50.082841],[14.768124,50.082859],[14.768052,50.082863],[14.768036,50.082754],[14.768103,50.08275],[14.768105,50.082765],[14.768281,50.082755],[14.768292,50.082831],[14.768244,50.082834],[14.768246,50.082849],[14.76818,50.082853],[14.768177,50.082838],[14.768122,50.082841]]]},"properties":{"id":2113237204,"ku":"Tuklaty","p":"62/61","druh":"orná půda","vyuziti":null,"vymera":783,"lv":null}},{"type":"Feature","geometry":{"type":"Polygon","coordinates":[[[14.768124,50.082859],[14.768122,50.082841],[14.768177,50.082838],[14.76818,50.082853],[14.768246,50.082849],[14.768244,50.082834],[14.768292,50.082831],[14.768281,50.082755],[14.768105,50.082765],[14.768103,50.08275],[14.768036,50.082754],[14.768052,50.082863],[14.768124,50.082859]]]},"properties":{"id":22468560010,"ku":"Tuklaty","p":"st. 362","druh":"zastavěná plocha a nádvoří","vyuziti":null,"vymera":176,"lv":null}},{"type":"Feature","geometry":{"type":"Polygon","coordinates":[[[14.774041,50.077141],[14.774628,50.077175],[14.774626,50.077074],[14.774128,50.077055],[14.774041,50.077141]]]},"properties":{"id":1736455204,"ku":"Tuklaty","p":"357/4","druh":"orná půda","vyuziti":null,"vymera":415,"lv":null}},{"type":"Feature","geometry":{"type":"Polygon","coordinates":[[[14.762395,50.07648],[14.762827,50.076503],[14.762778,50.076395],[14.762367,50.076402],[14.762395,50.07648]]]},"properties":{"id":1736467204,"ku":"Tuklaty","p":"470/6","druh":"ostatní plocha","vyuziti":"dráha","vymera":310,"lv":null}},{"type":"Feature","geometry":{"type":"Polygon","coordinates":[[[14.755988,50.076025],[14.756093,50.076048],[14.756635,50.076147],[14.756581,50.076071],[14.75599,50.075983],[14.755988,50.076025]]]},"properties":{"id":1736474204,"ku":"Tuklaty","p":"576/2","druh":"orná půda","vyuziti":null,"vymera":275,"lv":null}},{"type":"Feature","geometry":{"type":"Polygon","coordinates":[[[14.758102,50.076299],[14.758471,50.076327],[14.758102,50.076281],[14.758102,50.076299]]]},"properties":{"id":1736480204,"ku":"Tuklaty","p":"576/8","druh":"orná půda","vyuziti":null,"vymera":27,"lv":null}},{"type":"Feature","geometry":{"type":"Polygon","coordinates":[[[14.770424,50.093452],[14.770811,50.092692],[14.770023,50.092532],[14.76991,50.09257],[14.769717,50.092993],[14.769599,50.093291],[14.769585,50.093356],[14.770424,50.093452]]]},"properties":{"id":2251395204,"ku":"Tuklaty","p":"982","druh":"orná půda","vyuziti":null,"vymera":5909,"lv":null}},{"type":"Feature","geometry":{"type":"Polygon","coordinates":[[[14.770996,50.07811],[14.771003,50.078159],[14.770936,50.078163],[14.77094,50.078192],[14.771008,50.078188],[14.771013,50.078222],[14.771155,50.078215],[14.771136,50.0781],[14.770996,50.07811]]]},"properties":{"id":1697529204,"ku":"Tuklaty","p":"st. 310","druh":"zastavěná plocha a nádvoří","vyuziti":null,"vymera":144,"lv":null}},{"type":"Feature","geometry":{"type":"Polygon","coordinates":[[[14.771383,50.078062],[14.770893,50.078077],[14.770924,50.07823],[14.77142,50.078214],[14.771383,50.078062]],[[14.771155,50.078215],[14.771013,50.078222],[14.771008,50.078188],[14.77094,50.078192],[14.770936,50.078163],[14.771003,50.078159],[14.770996,50.07811],[14.771136,50.0781],[14.771155,50.078215]]]},"properties":{"id":1616074204,"ku":"Tuklaty","p":"330/9","druh":"zahrada","vyuziti":null,"vymera":458,"lv":null}},{"type":"Feature","geometry":{"type":"Polygon","coordinates":[[[14.769104,50.082944],[14.768574,50.082972],[14.768649,50.083382],[14.768885,50.08337],[14.769104,50.082944]],[[14.76891,50.08312],[14.768914,50.083149],[14.768759,50.083158],[14.768754,50.083125],[14.768647,50.08313],[14.768632,50.083021],[14.768747,50.083015],[14.768752,50.083048],[14.768936,50.083037],[14.768948,50.083118],[14.76891,50.08312]]]},"properties":{"id":2253579204,"ku":"Tuklaty","p":"62/68","druh":"orná půda","vyuziti":null,"vymera":1011,"lv":null}},{"type":"Feature","geometry":{"type":"Polygon","coordinates":[[[14.765548,50.085628],[14.765598,50.085841],[14.765663,50.086023],[14.765821,50.085992],[14.766061,50.085874],[14.766673,50.08563],[14.766633,50.085585],[14.766504,50.085575],[14.766476,50.085546],[14.76612,50.085557],[14.766123,50.085564],[14.765548,50.085628]]]},"properties":{"id":1534970204,"ku":"Tuklaty","p":"st. 32","druh":"zastavěná plocha a nádvoří","vyuziti":null,"vymera":2281,"lv":null}},{"type":"Feature","geometry":{"type":"Polygon","coordinates":[[[14.766923,50.086618],[14.767164,50.086748],[14.767264,50.08683],[14.76738,50.086699],[14.7672,50.086628],[14.766975,50.086559],[14.766923,50.086618]],[[14.767207,50.086652],[14.767343,50.086701],[14.767288,50.086761],[14.767153,50.086712],[14.767207,50.086652]]]},"properties":{"id":2403866204,"ku":"Tuklaty","p":"17/16","druh":"zahrada","vyuziti":null,"vymera":302,"lv":null}},{"type":"Feature","geometry":{"type":"Polygon","coordinates":[[[14.771399,50.083758],[14.771279,50.083891],[14.771196,50.084061],[14.771828,50.084147],[14.772045,50.083835],[14.771399,50.083758]],[[14.77153,50.084032],[14.7716,50.083933],[14.771631,50.083942],[14.771657,50.083905],[14.771804,50.083948],[14.771778,50.083984],[14.771798,50.08399],[14.771726,50.084092],[14.77153,50.084032]]]},"properties":{"id":1635556204,"ku":"Tuklaty","p":"280/8","druh":"zahrada","vyuziti":null,"vymera":1493,"lv":null}},{"type":"Feature","geometry":{"type":"Polygon","coordinates":[[[14.768081,50.080289],[14.76808,50.080491],[14.768017,50.080491],[14.768016,50.080824],[14.768221,50.080671],[14.768142,50.080724],[14.768144,50.080289],[14.768081,50.080289]]]},"properties":{"id":1535492204,"ku":"Tuklaty","p":"437/2","druh":"orná půda","vyuziti":null,"vymera":389,"lv":null}},{"type":"Feature","geometry":{"type":"Polygon","coordinates":[[[14.769697,50.079406],[14.76957,50.079406],[14.769564,50.079647],[14.769654,50.079647],[14.769652,50.079772],[14.76966,50.079779],[14.769697,50.079406]]]},"properties":{"id":1716379204,"ku":"Tuklaty","p":"437/9","druh":"orná půda","vyuziti":null,"vymera":242,"lv":null}},{"type":"Feature","geometry":{"type":"Polygon","coordinates":[[[14.771969,50.085287],[14.771728,50.085199],[14.771592,50.085104],[14.7711,50.084842],[14.771025,50.085325],[14.770955,50.085524],[14.770728,50.085886],[14.771454,50.086081],[14.771969,50.085287]]]},"properties":{"id":1535354204,"ku":"Tuklaty","p":"188/3","druh":"orná půda","vyuziti":null,"vymera":6394,"lv":null}},{"type":"Feature","geometry":{"type":"Polygon","coordinates":[[[14.760548,50.076438],[14.760545,50.076495],[14.762003,50.076525],[14.761982,50.076488],[14.760548,50.076438]]]},"properties":{"id":1736431204,"ku":"Tuklaty","p":"909/37","druh":"ostatní plocha","vyuziti":"dráha","vymera":537,"lv":null}},{"type":"Feature","geometry":{"type":"Polygon","coordinates":[[[14.763399,50.088015],[14.763411,50.088028],[14.763763,50.087905],[14.763462,50.08799],[14.763399,50.088015]]]},"properties":{"id":1621168204,"ku":"Tuklaty","p":"903/5","druh":"trvalý travní porost","vyuziti":null,"vymera":34,"lv":null}},{"type":"Feature","geometry":{"type":"Polygon","coordinates":[[[14.751377,50.075235],[14.751755,50.075318],[14.751799,50.075327],[14.751799,50.075317],[14.751377,50.075235]]]},"properties":{"id":1736439204,"ku":"Tuklaty","p":"909/42","druh":"ostatní plocha","vyuziti":"dráha","vymera":17,"lv":null}},{"type":"Feature","geometry":{"type":"Polygon","coordinates":[[[14.771016,50.084453],[14.771433,50.084468],[14.771714,50.084407],[14.771776,50.08422],[14.771828,50.084147],[14.771196,50.084061],[14.771122,50.084203],[14.771016,50.084453]],[[14.77142,50.084265],[14.771425,50.08425],[14.771445,50.08424],[14.771451,50.084217],[14.77137,50.084207],[14.771396,50.084124],[14.771666,50.08416],[14.771669,50.08415],[14.771787,50.084165],[14.771764,50.08423],[14.771652,50.084216],[14.771643,50.084242],[14.771618,50.084239],[14.77159,50.084328],[14.771576,50.084326],[14.771557,50.084388],[14.771459,50.084375],[14.771478,50.084314],[14.771423,50.084307],[14.771433,50.084278],[14.77142,50.084265]]]},"properties":{"id":1535376204,"ku":"Tuklaty","p":"280/3","druh":"zahrada","vyuziti":null,"vymera":1436,"lv":null}},{"type":"Feature","geometry":{"type":"Polygon","coordinates":[[[14.772276,50.082758],[14.771908,50.082699],[14.771876,50.082838],[14.772056,50.082841],[14.772053,50.082876],[14.772225,50.082882],[14.772271,50.082817],[14.772276,50.082758]]]},"properties":{"id":1535062204,"ku":"Tuklaty","p":"st. 128","druh":"zastavěná plocha a nádvoří","vyuziti":null,"vymera":399,"lv":null}},{"type":"Feature","geometry":{"type":"Polygon","coordinates":[[[14.768406,50.083943],[14.768447,50.083949],[14.768471,50.083892],[14.768429,50.083885],[14.768406,50.083943]]]},"properties":{"id":1535137204,"ku":"Tuklaty","p":"st. 202","druh":"zastavěná plocha a nádvoří","vyuziti":null,"vymera":20,"lv":null}},{"type":"Feature","geometry":{"type":"Polygon","coordinates":[[[14.765198,50.081777],[14.765168,50.081965],[14.765234,50.08199],[14.765345,50.082],[14.76538,50.081988],[14.765198,50.081777]]]},"properties":{"id":1535501204,"ku":"Tuklaty","p":"501","druh":"ostatní plocha","vyuziti":"zeleň","vymera":183,"lv":null}},{"type":"Feature","geometry":{"type":"Polygon","coordinates":[[[14.767452,50.086073],[14.767386,50.085905],[14.767372,50.086105],[14.767418,50.086116],[14.76754,50.08627],[14.767514,50.08639],[14.767722,50.086415],[14.767709,50.086365],[14.767647,50.08628],[14.767543,50.086183],[14.767452,50.086073]]]},"properties":{"id":1535585204,"ku":"Tuklaty","p":"851/5","druh":"ostatní plocha","vyuziti":"ostatní komunikace","vymera":347,"lv":null}},{"type":"Feature","geometry":{"type":"Polygon","coordinates":[[[14.771825,50.083055],[14.7718,50.083124],[14.771053,50.082995],[14.770431,50.082878],[14.770413,50.082925],[14.771992,50.083176],[14.772075,50.083094],[14.771825,50.083055]]]},"properties":{"id":2092074204,"ku":"Tuklaty","p":"283/7","druh":"ostatní plocha","vyuziti":"ostatní komunikace","vymera":513,"lv":null}},{"type":"Feature","geometry":{"type":"Polygon","coordinates":[[[14.766295,50.08845],[14.765876,50.088653],[14.765823,50.088705],[14.765905,50.088683],[14.766193,50.088543],[14.766258,50.088498],[14.766295,50.08845]]]},"properties":{"id":1535348204,"ku":"Tuklaty","p":"147/14","druh":"lesní pozemek","vyuziti":null,"vymera":144,"lv":null}},{"type":"Feature","geometry":{"type":"Polygon","coordinates":[[[14.770978,50.08318],[14.771141,50.083208],[14.771125,50.083245],[14.771214,50.083261],[14.771289,50.083063],[14.771038,50.083023],[14.770978,50.08318]]]},"properties":{"id":1535068204,"ku":"Tuklaty","p":"st. 133","druh":"zastavěná plocha a nádvoří","vyuziti":null,"vymera":363,"lv":null}},{"type":"Feature","geometry":{"type":"Polygon","coordinates":[[[14.771622,50.083116],[14.771289,50.083063],[14.771231,50.083216],[14.771563,50.083274],[14.771622,50.083116]]]},"properties":{"id":1535077204,"ku":"Tuklaty","p":"st. 143","druh":"zastavěná plocha a nádvoří","vyuziti":null,"vymera":436,"lv":null}},{"type":"Feature","geometry":{"type":"Polygon","coordinates":[[[14.771011,50.082573],[14.770917,50.082561],[14.770904,50.082601],[14.770999,50.082614],[14.771011,50.082573]]]},"properties":{"id":1535082204,"ku":"Tuklaty","p":"st. 148","druh":"zastavěná plocha a nádvoří","vyuziti":null,"vymera":32,"lv":null}},{"type":"Feature","geometry":{"type":"Polygon","coordinates":[[[14.768659,50.080789],[14.768656,50.08075],[14.768571,50.080753],[14.768574,50.080793],[14.768659,50.080789]]]},"properties":{"id":1535088204,"ku":"Tuklaty","p":"st. 154","druh":"zastavěná plocha a nádvoří","vyuziti":null,"vymera":27,"lv":null}},{"type":"Feature","geometry":{"type":"Polygon","coordinates":[[[14.771065,50.079897],[14.771046,50.079808],[14.770907,50.079819],[14.770908,50.079828],[14.770873,50.079831],[14.770877,50.079852],[14.770867,50.079852],[14.770876,50.079896],[14.770922,50.079892],[14.770926,50.079909],[14.771065,50.079897]]]},"properties":{"id":1535105204,"ku":"Tuklaty","p":"st. 170","druh":"zastavěná plocha a nádvoří","vyuziti":null,"vymera":124,"lv":null}},{"type":"Feature","geometry":{"type":"Polygon","coordinates":[[[14.77182,50.082339],[14.771734,50.082521],[14.771832,50.082537],[14.771865,50.082442],[14.771853,50.08244],[14.771896,50.082328],[14.771623,50.082285],[14.771614,50.082306],[14.77182,50.082339]]]},"properties":{"id":1535109204,"ku":"Tuklaty","p":"st. 174","druh":"zastavěná plocha a nádvoří","vyuziti":null,"vymera":173,"lv":null}},{"type":"Feature","geometry":{"type":"Polygon","coordinates":[[[14.770004,50.080264],[14.769951,50.080267],[14.769949,50.08025],[14.769863,50.080254],[14.769871,50.080367],[14.769921,50.080364],[14.769925,50.080382],[14.769938,50.080381],[14.769941,50.080392],[14.769973,50.08039],[14.769971,50.080379],[14.770018,50.080376],[14.770004,50.080264]]]},"properties":{"id":1535113204,"ku":"Tuklaty","p":"st. 178","druh":"zastavěná plocha a nádvoří","vyuziti":null,"vymera":138,"lv":null}},{"type":"Feature","geometry":{"type":"Polygon","coordinates":[[[14.77083,50.079441],[14.770851,50.07955],[14.770967,50.079541],[14.770963,50.079521],[14.770994,50.079519],[14.770976,50.07943],[14.77083,50.079441]]]},"properties":{"id":1535117204,"ku":"Tuklaty","p":"st. 182","druh":"zastavěná plocha a nádvoří","vyuziti":null,"vymera":124,"lv":null}},{"type":"Feature","geometry":{"type":"Polygon","coordinates":[[[14.771939,50.080787],[14.771963,50.080663],[14.771887,50.080656],[14.771884,50.080667],[14.771812,50.080661],[14.77179,50.080774],[14.771939,50.080787]]]},"properties":{"id":1535121204,"ku":"Tuklaty","p":"st. 186","druh":"zastavěná plocha a nádvoří","vyuziti":null,"vymera":143,"lv":null}},{"type":"Feature","geometry":{"type":"Polygon","coordinates":[[[14.765437,50.08316],[14.765466,50.083264],[14.765487,50.083262],[14.765494,50.083286],[14.765646,50.083269],[14.765639,50.08322],[14.765665,50.083218],[14.765656,50.083133],[14.765437,50.08316]]]},"properties":{"id":1535126204,"ku":"Tuklaty","p":"st. 191","druh":"zastavěná plocha a nádvoří","vyuziti":null,"vymera":207,"lv":null}},{"type":"Feature","geometry":{"type":"Polygon","coordinates":[[[14.76832,50.083928],[14.768362,50.083935],[14.768385,50.083877],[14.768344,50.08387],[14.76832,50.083928]]]},"properties":{"id":1535135204,"ku":"Tuklaty","p":"st. 200","druh":"zastavěná plocha a nádvoří","vyuziti":null,"vymera":21,"lv":null}},{"type":"Feature","geometry":{"type":"Polygon","coordinates":[[[14.767003,50.087635],[14.766851,50.08754],[14.766768,50.087596],[14.76692,50.087691],[14.767003,50.087635]]]},"properties":{"id":1535144204,"ku":"Tuklaty","p":"st. 209","druh":"zastavěná plocha a nádvoří","vyuziti":null,"vymera":131,"lv":null}},{"type":"Feature","geometry":{"type":"Polygon","coordinates":[[[14.766067,50.086589],[14.765976,50.086663],[14.766128,50.086765],[14.76623,50.086702],[14.766067,50.086589]]]},"properties":{"id":1535148204,"ku":"Tuklaty","p":"st. 214","druh":"zastavěná plocha a nádvoří","vyuziti":null,"vymera":170,"lv":null}},{"type":"Feature","geometry":{"type":"Polygon","coordinates":[[[14.770879,50.083811],[14.770653,50.083792],[14.77059,50.084109],[14.770674,50.084115],[14.770879,50.083811]]]},"properties":{"id":2320631204,"ku":"Tuklaty","p":"285/28","druh":"zahrada","vyuziti":null,"vymera":395,"lv":null}},{"type":"Feature","geometry":{"type":"Polygon","coordinates":[[[14.766816,50.082006],[14.766188,50.082182],[14.766254,50.082349],[14.766902,50.082233],[14.766816,50.082006]],[[14.76667,50.08223],[14.766642,50.082154],[14.766659,50.082151],[14.76664,50.082098],[14.766731,50.082084],[14.766751,50.082137],[14.766778,50.082133],[14.766806,50.082209],[14.76667,50.08223]]]},"properties":{"id":2113223204,"ku":"Tuklaty","p":"62/49","druh":"zahrada","vyuziti":null,"vymera":959,"lv":null}},{"type":"Feature","geometry":{"type":"Polygon","coordinates":[[[14.771322,50.078709],[14.771316,50.078644],[14.771299,50.078645],[14.771294,50.078595],[14.7712,50.078598],[14.771205,50.078648],[14.771165,50.07865],[14.771166,50.078661],[14.771151,50.078675],[14.771171,50.078715],[14.771322,50.078709]]]},"properties":{"id":1908324204,"ku":"Tuklaty","p":"st. 316","druh":"zastavěná plocha a nádvoří","vyuziti":null,"vymera":120,"lv":null}},{"type":"Feature","geometry":{"type":"Polygon","coordinates":[[[14.774286,50.082286],[14.773725,50.082201],[14.773642,50.082434],[14.774201,50.08252],[14.774286,50.082286]],[[14.773796,50.082395],[14.773756,50.082389],[14.773775,50.082338],[14.773797,50.082342],[14.773806,50.082318],[14.773944,50.082339],[14.773917,50.082413],[14.773882,50.082408],[14.77387,50.082442],[14.773784,50.08243],[14.773796,50.082395]]]},"properties":{"id":1635583204,"ku":"Tuklaty","p":"296/51","druh":"orná půda","vyuziti":null,"vymera":979,"lv":null}},{"type":"Feature","geometry":{"type":"Polygon","coordinates":[[[14.772345,50.0829],[14.772225,50.083096],[14.772242,50.083116],[14.772717,50.083172],[14.772802,50.082954],[14.772345,50.0829]],[[14.772329,50.083097],[14.772342,50.083052],[14.772314,50.083049],[14.772323,50.083017],[14.772351,50.08302],[14.772361,50.082986],[14.772517,50.083004],[14.772485,50.083116],[14.772329,50.083097]]]},"properties":{"id":1635570204,"ku":"Tuklaty","p":"296/39","druh":"orná půda","vyuziti":null,"vymera":719,"lv":null}},{"type":"Feature","geometry":{"type":"Polygon","coordinates":[[[14.746833,50.073898],[14.745564,50.073618],[14.74556,50.073687],[14.746051,50.073796],[14.746816,50.073945],[14.746833,50.073898]]]},"properties":{"id":1736486204,"ku":"Tuklaty","p":"715/3","druh":"orná půda","vyuziti":null,"vymera":680,"lv":null}},{"type":"Feature","geometry":{"type":"Polygon","coordinates":[[[14.766857,50.087172],[14.766782,50.087109],[14.766656,50.087172],[14.766734,50.087233],[14.766857,50.087172]]]},"properties":{"id":1883647204,"ku":"Tuklaty","p":"st. 293","druh":"zastavěná plocha a nádvoří","vyuziti":null,"vymera":100,"lv":null}},{"type":"Feature","geometry":{"type":"Polygon","coordinates":[[[14.767695,50.085385],[14.767601,50.08541],[14.767712,50.08556],[14.767856,50.085518],[14.76777,50.085397],[14.767716,50.085414],[14.767695,50.085385]]]},"properties":{"id":2414198204,"ku":"Tuklaty","p":"st. 51/3","druh":"zastavěná plocha a nádvoří","vyuziti":null,"vymera":195,"lv":null}},{"type":"Feature","geometry":{"type":"Polygon","coordinates":[[[14.778111,50.095325],[14.7784,50.095377],[14.778862,50.095482],[14.779157,50.094364],[14.77865,50.094253],[14.778163,50.094122],[14.77797,50.094854],[14.778148,50.094927],[14.778046,50.095222],[14.778111,50.095325]]]},"properties":{"id":2251401204,"ku":"Tuklaty","p":"988","druh":"orná půda","vyuziti":null,"vymera":8854,"lv":null}},{"type":"Feature","geometry":{"type":"Polygon","coordinates":[[[14.766633,50.087626],[14.766454,50.087496],[14.766372,50.087527],[14.766514,50.08764],[14.766552,50.08762],[14.766592,50.087649],[14.766633,50.087626]]]},"properties":{"id":1535160204,"ku":"Tuklaty","p":"st. 229","druh":"zastavěná plocha a nádvoří","vyuziti":null,"vymera":125,"lv":null}},{"type":"Feature","geometry":{"type":"Polygon","coordinates":[[[14.765422,50.088224],[14.764146,50.088622],[14.765056,50.088695],[14.765672,50.088256],[14.765422,50.088224]]]},"properties":{"id":1535333204,"ku":"Tuklaty","p":"135","druh":"lesní pozemek","vyuziti":null,"vymera":2323,"lv":null}},{"type":"Feature","geometry":{"type":"Polygon","coordinates":[[[14.767203,50.085106],[14.767188,50.085007],[14.76721,50.084901],[14.767264,50.084808],[14.767307,50.084612],[14.767291,50.084377],[14.76724,50.084129],[14.767198,50.084051],[14.767177,50.084052],[14.767203,50.084132],[14.767256,50.084377],[14.76727,50.084378],[14.767251,50.084622],[14.767089,50.08512],[14.767048,50.085211],[14.766902,50.085429],[14.766845,50.085534],[14.766595,50.085543],[14.766673,50.08563],[14.766587,50.085661],[14.766841,50.085769],[14.767029,50.085612],[14.767159,50.085656],[14.767223,50.085548],[14.767334,50.08562],[14.767344,50.085606],[14.767218,50.08551],[14.767161,50.08538],[14.767162,50.085314],[14.767203,50.085106]]]},"properties":{"id":1535583204,"ku":"Tuklaty","p":"851/3","druh":"ostatní plocha","vyuziti":"ostatní komunikace","vymera":1828,"lv":null}},{"type":"Feature","geometry":{"type":"Polygon","coordinates":[[[14.767383,50.084306],[14.767541,50.084567],[14.767396,50.08461],[14.767359,50.084816],[14.767401,50.08482],[14.7674,50.084745],[14.767549,50.084736],[14.767579,50.084837],[14.76764,50.084841],[14.767586,50.085144],[14.767375,50.085114],[14.767388,50.085048],[14.767323,50.085082],[14.767324,50.085115],[14.767353,50.085174],[14.767351,50.085289],[14.767587,50.085206],[14.767643,50.085208],[14.767671,50.085222],[14.767809,50.085185],[14.767761,50.085186],[14.767667,50.085165],[14.767661,50.085095],[14.767713,50.084891],[14.767777,50.084895],[14.767773,50.084912],[14.767829,50.084917],[14.767885,50.084898],[14.76803,50.085027],[14.767902,50.085163],[14.768074,50.085044],[14.768133,50.084964],[14.767954,50.084886],[14.767899,50.084832],[14.767547,50.084566],[14.767383,50.084306]]]},"properties":{"id":1535587204,"ku":"Tuklaty","p":"851/9","druh":"ostatní plocha","vyuziti":"ostatní komunikace","vymera":1376,"lv":null}},{"type":"Feature","geometry":{"type":"Polygon","coordinates":[[[14.773643,50.084941],[14.773636,50.084942],[14.773641,50.084956],[14.773643,50.084941]]]},"properties":{"id":1535094204,"ku":"Tuklaty","p":"st. 161/1","druh":"zastavěná plocha a nádvoří","vyuziti":null,"vymera":1,"lv":null}},{"type":"Feature","geometry":{"type":"Polygon","coordinates":[[[14.772858,50.080868],[14.772714,50.081019],[14.77271,50.081063],[14.772873,50.08107],[14.772875,50.081055],[14.773002,50.080926],[14.772858,50.080868]]]},"properties":{"id":1535059204,"ku":"Tuklaty","p":"st. 125","druh":"zastavěná plocha a nádvoří","vyuziti":null,"vymera":262,"lv":null}},{"type":"Feature","geometry":{"type":"Polygon","coordinates":[[[14.76808,50.080491],[14.768081,50.080289],[14.768144,50.080289],[14.768146,50.079749],[14.76802,50.079749],[14.768017,50.080491],[14.76808,50.080491]]]},"properties":{"id":1716383204,"ku":"Tuklaty","p":"437/13","druh":"orná půda","vyuziti":null,"vymera":639,"lv":null}},{"type":"Feature","geometry":{"type":"Polygon","coordinates":[[[14.769434,50.079405],[14.768922,50.079403],[14.768916,50.079706],[14.769428,50.079706],[14.769434,50.079405]]]},"properties":{"id":1716381204,"ku":"Tuklaty","p":"437/11","druh":"orná půda","vyuziti":null,"vymera":1231,"lv":null}},{"type":"Feature","geometry":{"type":"Polygon","coordinates":[[[14.769697,50.079406],[14.76966,50.079779],[14.769667,50.079785],[14.769893,50.079672],[14.769895,50.079611],[14.769866,50.07957],[14.769857,50.079526],[14.769858,50.079406],[14.769697,50.079406]]]},"properties":{"id":1716380204,"ku":"Tuklaty","p":"437/10","druh":"orná půda","vyuziti":null,"vymera":498,"lv":null}},{"type":"Feature","geometry":{"type":"Polygon","coordinates":[[[14.770636,50.085847],[14.77033,50.08573],[14.770283,50.085773],[14.770396,50.085824],[14.770238,50.085969],[14.770352,50.086302],[14.770404,50.086249],[14.770588,50.085943],[14.770636,50.085847]]]},"properties":{"id":1535219204,"ku":"Tuklaty","p":"26/4","druh":"trvalý travní porost","vyuziti":null,"vymera":894,"lv":null}},{"type":"Feature","geometry":{"type":"Polygon","coordinates":[[[14.770283,50.085773],[14.770126,50.085917],[14.770238,50.085969],[14.770396,50.085824],[14.770283,50.085773]]]},"properties":{"id":1534939204,"ku":"Tuklaty","p":"st. 4","druh":"zastavěná plocha a nádvoří","vyuziti":null,"vymera":194,"lv":null}},{"type":"Feature","geometry":{"type":"Polygon","coordinates":[[[14.767372,50.077007],[14.765304,50.076919],[14.764901,50.076931],[14.764501,50.076956],[14.764128,50.076956],[14.763733,50.07694],[14.762299,50.076858],[14.76237,50.076921],[14.762476,50.076936],[14.762478,50.076924],[14.763727,50.076994],[14.764125,50.07701],[14.764505,50.07701],[14.764901,50.076985],[14.765303,50.076973],[14.767372,50.077061],[14.767372,50.077007]]]},"properties":{"id":2251638204,"ku":"Tuklaty","p":"1225","druh":"ostatní plocha","vyuziti":"ostatní komunikace","vymera":2178,"lv":null}},{"type":"Feature","geometry":{"type":"Polygon","coordinates":[[[14.767366,50.07829],[14.767372,50.077061],[14.766456,50.077022],[14.766403,50.080715],[14.766564,50.08072],[14.76736,50.080777],[14.767315,50.079837],[14.767317,50.079397],[14.767366,50.07829]]]},"properties":{"id":2251642204,"ku":"Tuklaty","p":"1229","druh":"orná půda","vyuziti":null,"vymera":27052,"lv":null}},{"type":"Feature","geometry":{"type":"Polygon","coordinates":[[[14.773597,50.082198],[14.77361,50.08211],[14.773125,50.082096],[14.773059,50.082285],[14.77354,50.082361],[14.773597,50.082198]],[[14.773273,50.082291],[14.773314,50.082181],[14.773494,50.082209],[14.773452,50.08232],[14.773273,50.082291]]]},"properties":{"id":1635577204,"ku":"Tuklaty","p":"296/46","druh":"orná půda","vyuziti":null,"vymera":714,"lv":null}},{"type":"Feature","geometry":{"type":"Polygon","coordinates":[[[14.770315,50.079461],[14.770312,50.079512],[14.769578,50.079883],[14.769025,50.080119],[14.768771,50.080264],[14.768492,50.080486],[14.768555,50.080488],[14.76866,50.080383],[14.768815,50.080276],[14.769031,50.080153],[14.769719,50.079852],[14.77049,50.079442],[14.770934,50.079216],[14.770962,50.07921],[14.770993,50.079216],[14.770976,50.079127],[14.770315,50.079461]]]},"properties":{"id":1535610204,"ku":"Tuklaty","p":"880/1","druh":"ostatní plocha","vyuziti":"ostatní komunikace","vymera":864,"lv":null}},{"type":"Feature","geometry":{"type":"Polygon","coordinates":[[[14.741282,50.074349],[14.741277,50.07443],[14.742042,50.074601],[14.742072,50.074505],[14.741282,50.074349]]]},"properties":{"id":1535619204,"ku":"Tuklaty","p":"890/2","druh":"ostatní plocha","vyuziti":"silnice","vymera":582,"lv":null}},{"type":"Feature","geometry":{"type":"Polygon","coordinates":[[[14.7674,50.085521],[14.767357,50.085486],[14.767316,50.085421],[14.767295,50.085357],[14.767319,50.085282],[14.767318,50.085174],[14.767294,50.085105],[14.767396,50.08461],[14.767371,50.084372],[14.767383,50.084306],[14.767304,50.083957],[14.767236,50.083828],[14.767165,50.083763],[14.767002,50.083637],[14.76673,50.083452],[14.766541,50.083272],[14.766362,50.083016],[14.765503,50.081952],[14.765385,50.081993],[14.76538,50.081988],[14.765345,50.082],[14.765234,50.08199],[14.765168,50.081965],[14.764406,50.081884],[14.76436,50.08198],[14.765022,50.082052],[14.765402,50.082113],[14.765452,50.082136],[14.766184,50.083035],[14.766479,50.083415],[14.766587,50.083494],[14.766618,50.083547],[14.76665,50.083541],[14.76691,50.083735],[14.76706,50.083879],[14.767113,50.083944],[14.767177,50.084052],[14.767198,50.084051],[14.76724,50.084129],[14.767291,50.084377],[14.767307,50.084612],[14.767264,50.084808],[14.76721,50.084901],[14.767188,50.085007],[14.767203,50.085106],[14.767162,50.085314],[14.767161,50.08538],[14.767218,50.08551],[14.767344,50.085606],[14.7674,50.085521]]]},"properties":{"id":1621552204,"ku":"Tuklaty","p":"890/3","druh":"ostatní plocha","vyuziti":"silnice","vymera":5465,"lv":null}},{"type":"Feature","geometry":{"type":"Polygon","coordinates":[[[14.76652,50.087153],[14.766663,50.087301],[14.766972,50.087175],[14.766788,50.087006],[14.76652,50.087153]],[[14.766734,50.087233],[14.766656,50.087172],[14.766782,50.087109],[14.766857,50.087172],[14.766734,50.087233]]]},"properties":{"id":1535199204,"ku":"Tuklaty","p":"17/4","druh":"zahrada","vyuziti":null,"vymera":448,"lv":null}},{"type":"Feature","geometry":{"type":"Polygon","coordinates":[[[14.771528,50.078738],[14.771001,50.078757],[14.771067,50.079023],[14.7716,50.079071],[14.771528,50.078738]],[[14.771171,50.079009],[14.771158,50.078948],[14.771188,50.078945],[14.771186,50.078935],[14.771176,50.078936],[14.77116,50.078857],[14.771283,50.078847],[14.771298,50.07892],[14.771413,50.078911],[14.771429,50.078988],[14.771171,50.079009]]]},"properties":{"id":1612175204,"ku":"Tuklaty","p":"330/14","druh":"orná půda","vyuziti":null,"vymera":1026,"lv":null}},{"type":"Feature","geometry":{"type":"Polygon","coordinates":[[[14.771155,50.078285],[14.771161,50.078348],[14.771283,50.078344],[14.771275,50.078245],[14.771209,50.078247],[14.771212,50.078283],[14.771155,50.078285]]]},"properties":{"id":1932738204,"ku":"Tuklaty","p":"st. 318","druh":"zastavěná plocha a nádvoří","vyuziti":null,"vymera":81,"lv":null}},{"type":"Feature","geometry":{"type":"Polygon","coordinates":[[[14.771655,50.081457],[14.771351,50.081408],[14.771296,50.081585],[14.771587,50.081631],[14.771655,50.081457]],[[14.771315,50.08156],[14.771348,50.081453],[14.771399,50.08146],[14.771388,50.081495],[14.771538,50.081514],[14.771549,50.081525],[14.771544,50.081544],[14.771527,50.081551],[14.771516,50.081587],[14.771315,50.08156]]]},"properties":{"id":1535407204,"ku":"Tuklaty","p":"285/26","druh":"zahrada","vyuziti":null,"vymera":301,"lv":null}},{"type":"Feature","geometry":{"type":"Polygon","coordinates":[[[14.766841,50.085769],[14.766249,50.086144],[14.766778,50.086495],[14.766949,50.086302],[14.766957,50.086309],[14.767136,50.086057],[14.767232,50.085832],[14.767095,50.085809],[14.767159,50.085656],[14.767029,50.085612],[14.766841,50.085769]],[[14.766607,50.086076],[14.766714,50.08608],[14.766709,50.08614],[14.766834,50.086145],[14.766826,50.086237],[14.766594,50.08623],[14.766607,50.086076]]]},"properties":{"id":1909684204,"ku":"Tuklaty","p":"953","druh":"ostatní plocha","vyuziti":"zeleň","vymera":3002,"lv":null}},{"type":"Feature","geometry":{"type":"Polygon","coordinates":[[[14.768829,50.080691],[14.768812,50.080601],[14.768667,50.080612],[14.768685,50.080718],[14.768766,50.080712],[14.768763,50.080695],[14.768829,50.080691]]]},"properties":{"id":1535123204,"ku":"Tuklaty","p":"st. 188","druh":"zastavěná plocha a nádvoří","vyuziti":null,"vymera":116,"lv":null}},{"type":"Feature","geometry":{"type":"Polygon","coordinates":[[[14.77153,50.084032],[14.771726,50.084092],[14.771798,50.08399],[14.771778,50.083984],[14.771804,50.083948],[14.771657,50.083905],[14.771631,50.083942],[14.7716,50.083933],[14.77153,50.084032]]]},"properties":{"id":2357948204,"ku":"Tuklaty","p":"st. 347","druh":"zastavěná plocha a nádvoří","vyuziti":null,"vymera":243,"lv":null}},{"type":"Feature","geometry":{"type":"Polygon","coordinates":[[[14.77032,50.083761],[14.770305,50.083814],[14.770347,50.083948],[14.770431,50.083954],[14.770402,50.084096],[14.77059,50.084109],[14.770653,50.083792],[14.77032,50.083761]]]},"properties":{"id":1535385204,"ku":"Tuklaty","p":"285/3","druh":"zahrada","vyuziti":null,"vymera":669,"lv":null}},{"type":"Feature","geometry":{"type":"Polygon","coordinates":[[[14.766269,50.084538],[14.765605,50.084492],[14.765516,50.084737],[14.766163,50.084769],[14.766269,50.084538]]]},"properties":{"id":1535185204,"ku":"Tuklaty","p":"9","druh":"zahrada","vyuziti":null,"vymera":1265,"lv":null}},{"type":"Feature","geometry":{"type":"Polygon","coordinates":[[[14.766908,50.073607],[14.766902,50.07216],[14.765154,50.072213],[14.764181,50.072253],[14.763991,50.072287],[14.76383,50.072268],[14.762996,50.072301],[14.762952,50.072834],[14.762981,50.073601],[14.762924,50.073599],[14.762922,50.073636],[14.766908,50.073607]]]},"properties":{"id":2251506204,"ku":"Tuklaty","p":"1093","druh":"orná půda","vyuziti":null,"vymera":43709,"lv":null}},{"type":"Feature","geometry":{"type":"Polygon","coordinates":[[[14.766193,50.087577],[14.766146,50.087594],[14.766374,50.087751],[14.76641,50.087725],[14.766193,50.087577]]]},"properties":{"id":1916504204,"ku":"Tuklaty","p":"127/5","druh":"ostatní plocha","vyuziti":"jiná plocha","vymera":89,"lv":null}},{"type":"Feature","geometry":{"type":"Polygon","coordinates":[[[14.769893,50.079672],[14.769891,50.079723],[14.769937,50.0797],[14.769937,50.07965],[14.769893,50.079672]]]},"properties":{"id":1716378204,"ku":"Tuklaty","p":"437/8","druh":"orná půda","vyuziti":null,"vymera":18,"lv":null}},{"type":"Feature","geometry":{"type":"Polygon","coordinates":[[[14.766216,50.0861],[14.76613,50.086043],[14.766045,50.086095],[14.766066,50.086109],[14.766024,50.086136],[14.766088,50.086178],[14.766216,50.0861]]]},"properties":{"id":1535141204,"ku":"Tuklaty","p":"st. 206","druh":"zastavěná plocha a nádvoří","vyuziti":null,"vymera":102,"lv":null}},{"type":"Feature","geometry":{"type":"Polygon","coordinates":[[[14.749223,50.074502],[14.749801,50.074625],[14.749865,50.074645],[14.749891,50.074593],[14.748989,50.074394],[14.749223,50.074502]]]},"properties":{"id":1736482204,"ku":"Tuklaty","p":"598/2","druh":"orná půda","vyuziti":null,"vymera":336,"lv":null}},{"type":"Feature","geometry":{"type":"Polygon","coordinates":[[[14.763494,50.076855],[14.763965,50.076887],[14.763965,50.076865],[14.763494,50.076855]]]},"properties":{"id":1736444204,"ku":"Tuklaty","p":"477/3","druh":"trvalý travní porost","vyuziti":null,"vymera":41,"lv":null}},{"type":"Feature","geometry":{"type":"Polygon","coordinates":[[[14.771488,50.07855],[14.771449,50.078364],[14.770958,50.078381],[14.770996,50.078568],[14.771488,50.07855]]]},"properties":{"id":1612173204,"ku":"Tuklaty","p":"330/12","druh":"zahrada","vyuziti":null,"vymera":734,"lv":null}},{"type":"Feature","geometry":{"type":"Polygon","coordinates":[[[14.770021,50.07855],[14.770023,50.077326],[14.769982,50.077325],[14.76996,50.077314],[14.769958,50.078524],[14.769937,50.07965],[14.77011,50.079563],[14.770071,50.07956],[14.770036,50.079547],[14.770012,50.079527],[14.770002,50.079502],[14.770021,50.07855]]]},"properties":{"id":1621454204,"ku":"Tuklaty","p":"437/5","druh":"ostatní plocha","vyuziti":"ostatní komunikace","vymera":1194,"lv":null}},{"type":"Feature","geometry":{"type":"Polygon","coordinates":[[[14.766806,50.082209],[14.766778,50.082133],[14.766751,50.082137],[14.766731,50.082084],[14.76664,50.082098],[14.766659,50.082151],[14.766642,50.082154],[14.76667,50.08223],[14.766806,50.082209]]]},"properties":{"id":2361177204,"ku":"Tuklaty","p":"st. 348","druh":"zastavěná plocha a nádvoří","vyuziti":null,"vymera":127,"lv":null}},{"type":"Feature","geometry":{"type":"Polygon","coordinates":[[[14.762924,50.073599],[14.762981,50.073601],[14.762952,50.072834],[14.762893,50.072828],[14.762924,50.073599]]]},"properties":{"id":2251507204,"ku":"Tuklaty","p":"1094","druh":"orná půda","vyuziti":null,"vymera":353,"lv":null}},{"type":"Feature","geometry":{"type":"Polygon","coordinates":[[[14.766202,50.075344],[14.766207,50.076507],[14.76643,50.076527],[14.766425,50.075344],[14.766202,50.075344]]]},"properties":{"id":2251512204,"ku":"Tuklaty","p":"1099","druh":"orná půda","vyuziti":null,"vymera":2088,"lv":null}},{"type":"Feature","geometry":{"type":"Polygon","coordinates":[[[14.765239,50.076975],[14.765199,50.079764],[14.765182,50.080878],[14.765401,50.080844],[14.765458,50.07698],[14.765303,50.076973],[14.765239,50.076975]]]},"properties":{"id":2251640204,"ku":"Tuklaty","p":"1227","druh":"orná půda","vyuziti":null,"vymera":6760,"lv":null}},{"type":"Feature","geometry":{"type":"Polygon","coordinates":[[[14.763888,50.078664],[14.763776,50.078386],[14.763712,50.078303],[14.763423,50.077992],[14.763157,50.077717],[14.763128,50.077728],[14.763714,50.078688],[14.763888,50.078664]]]},"properties":{"id":2251641204,"ku":"Tuklaty","p":"1228","druh":"ostatní plocha","vyuziti":"zeleň","vymera":1302,"lv":null}},{"type":"Feature","geometry":{"type":"Polygon","coordinates":[[[14.764842,50.080929],[14.765182,50.080878],[14.765215,50.078651],[14.76397,50.078648],[14.764131,50.079118],[14.764326,50.079631],[14.764434,50.07999],[14.764842,50.080929]]]},"properties":{"id":2251644204,"ku":"Tuklaty","p":"1231","druh":"orná půda","vyuziti":null,"vymera":14692,"lv":null}},{"type":"Feature","geometry":{"type":"Polygon","coordinates":[[[14.767851,50.078796],[14.767878,50.077501],[14.76792,50.077476],[14.76827,50.077492],[14.768273,50.07742],[14.767371,50.077378],[14.76737,50.07745],[14.767725,50.077467],[14.767766,50.077496],[14.767738,50.07885],[14.767767,50.078896],[14.768023,50.079058],[14.768022,50.0794],[14.768147,50.0794],[14.768149,50.079066],[14.768188,50.079041],[14.768223,50.079041],[14.768225,50.078969],[14.768113,50.078968],[14.768042,50.078949],[14.76788,50.078842],[14.767851,50.078796]]]},"properties":{"id":2011658204,"ku":"Tuklaty","p":"437/58","druh":"ostatní plocha","vyuziti":"ostatní komunikace","vymera":2471,"lv":null}},{"type":"Feature","geometry":{"type":"Polygon","coordinates":[[[14.766714,50.08608],[14.766607,50.086076],[14.766594,50.08623],[14.766826,50.086237],[14.766834,50.086145],[14.766709,50.08614],[14.766714,50.08608]]]},"properties":{"id":1534972204,"ku":"Tuklaty","p":"st. 37/1","druh":"zastavěná plocha a nádvoří","vyuziti":null,"vymera":224,"lv":null}},{"type":"Feature","geometry":{"type":"Polygon","coordinates":[[[14.773659,50.08485],[14.773501,50.084914],[14.77356,50.085105],[14.772729,50.085413],[14.773021,50.085464],[14.773544,50.085526],[14.773559,50.08544],[14.773414,50.085458],[14.773359,50.085272],[14.773592,50.085243],[14.773659,50.08485]]]},"properties":{"id":1535368204,"ku":"Tuklaty","p":"275/9","druh":"ostatní plocha","vyuziti":"manipulační plocha","vymera":1402,"lv":null}},{"type":"Feature","geometry":{"type":"Polygon","coordinates":[[[14.771074,50.080435],[14.770489,50.08068],[14.770489,50.080729],[14.770656,50.080677],[14.771234,50.080439],[14.771223,50.08043],[14.771074,50.080435]]]},"properties":{"id":1535280204,"ku":"Tuklaty","p":"58","druh":"zahrada","vyuziti":null,"vymera":360,"lv":null}},{"type":"Feature","geometry":{"type":"Polygon","coordinates":[[[14.763425,50.087047],[14.762926,50.086436],[14.762797,50.086442],[14.762886,50.086501],[14.763114,50.086762],[14.763413,50.087051],[14.763781,50.087526],[14.763814,50.087507],[14.763425,50.087047]]]},"properties":{"id":1621235204,"ku":"Tuklaty","p":"109/4","druh":"vodní plocha","vyuziti":"koryto vodního toku umělé","vymera":461,"lv":null}},{"type":"Feature","geometry":{"type":"Polygon","coordinates":[[[14.768235,50.083914],[14.768277,50.083921],[14.768301,50.083863],[14.768258,50.083856],[14.768235,50.083914]]]},"properties":{"id":1535133204,"ku":"Tuklaty","p":"st. 198","druh":"zastavěná plocha a nádvoří","vyuziti":null,"vymera":21,"lv":null}},{"type":"Feature","geometry":{"type":"Polygon","coordinates":[[[14.771969,50.085287],[14.771454,50.086081],[14.771854,50.086163],[14.772335,50.08542],[14.771969,50.085287]]]},"properties":{"id":2251421204,"ku":"Tuklaty","p":"1008","druh":"orná půda","vyuziti":null,"vymera":2767,"lv":null}},{"type":"Feature","geometry":{"type":"Polygon","coordinates":[[[14.771528,50.078738],[14.771488,50.07855],[14.770996,50.078568],[14.771034,50.078756],[14.771528,50.078738]],[[14.771171,50.078715],[14.771151,50.078675],[14.771166,50.078661],[14.771165,50.07865],[14.771205,50.078648],[14.7712,50.078598],[14.771294,50.078595],[14.771299,50.078645],[14.771316,50.078644],[14.771322,50.078709],[14.771171,50.078715]]]},"properties":{"id":1612174204,"ku":"Tuklaty","p":"330/13","druh":"zahrada","vyuziti":null,"vymera":625,"lv":null}},{"type":"Feature","geometry":{"type":"Polygon","coordinates":[[[14.772053,50.082876],[14.772056,50.082841],[14.771876,50.082838],[14.771825,50.083055],[14.772075,50.083094],[14.772225,50.082882],[14.772053,50.082876]]]},"properties":{"id":1535378204,"ku":"Tuklaty","p":"283/1","druh":"zahrada","vyuziti":null,"vymera":550,"lv":null}},{"type":"Feature","geometry":{"type":"Polygon","coordinates":[[[14.774238,50.08501],[14.774203,50.084893],[14.774226,50.084892],[14.774219,50.08487],[14.773643,50.084941],[14.773678,50.08508],[14.774238,50.08501]]]},"properties":{"id":1535095204,"ku":"Tuklaty","p":"st. 161/2","druh":"zastavěná plocha a nádvoří","vyuziti":null,"vymera":642,"lv":null}},{"type":"Feature","geometry":{"type":"Polygon","coordinates":[[[14.769149,50.085351],[14.769008,50.08547],[14.769094,50.085456],[14.76915,50.085408],[14.769149,50.085351]]]},"properties":{"id":1535220204,"ku":"Tuklaty","p":"27/1","druh":"ostatní plocha","vyuziti":"ostatní komunikace","vymera":46,"lv":null}},{"type":"Feature","geometry":{"type":"Polygon","coordinates":[[[14.769435,50.085697],[14.769097,50.085665],[14.769296,50.085893],[14.769344,50.08587],[14.77032,50.086297],[14.770352,50.086302],[14.770238,50.085969],[14.770126,50.085917],[14.77033,50.08573],[14.769778,50.085518],[14.769632,50.085636],[14.769647,50.085644],[14.769521,50.085742],[14.769435,50.085697]]]},"properties":{"id":1535217204,"ku":"Tuklaty","p":"26/1","druh":"ostatní plocha","vyuziti":"manipulační plocha","vymera":3432,"lv":null}},{"type":"Feature","geometry":{"type":"Polygon","coordinates":[[[14.771445,50.08424],[14.771425,50.08425],[14.77142,50.084265],[14.771433,50.084278],[14.771423,50.084307],[14.771478,50.084314],[14.771459,50.084375],[14.771557,50.084388],[14.771576,50.084326],[14.77159,50.084328],[14.771618,50.084239],[14.771643,50.084242],[14.771652,50.084216],[14.771764,50.08423],[14.771787,50.084165],[14.771669,50.08415],[14.771666,50.08416],[14.771396,50.084124],[14.77137,50.084207],[14.771451,50.084217],[14.771445,50.08424]]]},"properties":{"id":1814809204,"ku":"Tuklaty","p":"st. 314","druh":"zastavěná plocha a nádvoří","vyuziti":null,"vymera":425,"lv":null}},{"type":"Feature","geometry":{"type":"Polygon","coordinates":[[[14.770058,50.083853],[14.769988,50.084065],[14.770402,50.084096],[14.770431,50.083954],[14.770347,50.083948],[14.770305,50.083814],[14.77032,50.083761],[14.770099,50.083741],[14.770079,50.083792],[14.770175,50.083802],[14.770155,50.083863],[14.770058,50.083853]]]},"properties":{"id":1535009204,"ku":"Tuklaty","p":"st. 76","druh":"zastavěná plocha a nádvoří","vyuziti":null,"vymera":796,"lv":null}},{"type":"Feature","geometry":{"type":"Polygon","coordinates":[[[14.770058,50.083853],[14.770155,50.083863],[14.770175,50.083802],[14.770079,50.083792],[14.770058,50.083853]]]},"properties":{"id":1848508204,"ku":"Tuklaty","p":"952","druh":"ostatní plocha","vyuziti":"jiná plocha","vymera":49,"lv":null}},{"type":"Feature","geometry":{"type":"Polygon","coordinates":[[[14.769914,50.082577],[14.769826,50.082723],[14.769717,50.082911],[14.769756,50.082909],[14.769818,50.08279],[14.769978,50.082536],[14.769988,50.082505],[14.769961,50.082505],[14.769972,50.082534],[14.769914,50.082577]]]},"properties":{"id":1535263204,"ku":"Tuklaty","p":"51/2","druh":"vodní plocha","vyuziti":"koryto vodního toku přirozené nebo upravené","vymera":107,"lv":null}},{"type":"Feature","geometry":{"type":"Polygon","coordinates":[[[14.764146,50.088622],[14.764018,50.08871],[14.764486,50.088806],[14.764642,50.088662],[14.764146,50.088622]]]},"properties":{"id":1535332204,"ku":"Tuklaty","p":"133","druh":"lesní pozemek","vyuziti":null,"vymera":521,"lv":null}},{"type":"Feature","geometry":{"type":"Polygon","coordinates":[[[14.767386,50.085905],[14.767449,50.085706],[14.767445,50.085675],[14.767408,50.085637],[14.7672,50.086049],[14.767372,50.086105],[14.767386,50.085905]]]},"properties":{"id":1535586204,"ku":"Tuklaty","p":"851/6","druh":"ostatní plocha","vyuziti":"ostatní komunikace","vymera":383,"lv":null}},{"type":"Feature","geometry":{"type":"Polygon","coordinates":[[[14.767916,50.085514],[14.767874,50.085449],[14.767936,50.085432],[14.767923,50.085411],[14.76805,50.085378],[14.768115,50.08548],[14.768086,50.085373],[14.768025,50.085269],[14.767657,50.085362],[14.767674,50.085391],[14.767695,50.085385],[14.767716,50.085414],[14.76777,50.085397],[14.767864,50.085529],[14.767916,50.085514]]]},"properties":{"id":2414199204,"ku":"Tuklaty","p":"1276","druh":"ostatní plocha","vyuziti":"manipulační plocha","vymera":375,"lv":null}},{"type":"Feature","geometry":{"type":"Polygon","coordinates":[[[14.767309,50.086564],[14.767097,50.086422],[14.766975,50.086559],[14.7672,50.086628],[14.76738,50.086699],[14.767427,50.086647],[14.767411,50.086645],[14.767463,50.086491],[14.767481,50.086494],[14.767495,50.086448],[14.767345,50.086431],[14.767309,50.086564]]]},"properties":{"id":1535202204,"ku":"Tuklaty","p":"17/9","druh":"zahrada","vyuziti":null,"vymera":562,"lv":null}},{"type":"Feature","geometry":{"type":"Polygon","coordinates":[[[14.77142,50.078214],[14.770924,50.07823],[14.770958,50.078381],[14.771449,50.078364],[14.77142,50.078214]],[[14.771283,50.078344],[14.771161,50.078348],[14.771155,50.078285],[14.771212,50.078283],[14.771209,50.078247],[14.771275,50.078245],[14.771283,50.078344]],[[14.771005,50.078232],[14.771098,50.078229],[14.771101,50.078265],[14.771008,50.078268],[14.771005,50.078232]]]},"properties":{"id":1612172204,"ku":"Tuklaty","p":"330/11","druh":"zahrada","vyuziti":null,"vymera":490,"lv":null}},{"type":"Feature","geometry":{"type":"Polygon","coordinates":[[[14.764008,50.087795],[14.764018,50.087806],[14.764054,50.087792],[14.764045,50.087782],[14.764008,50.087795]]]},"properties":{"id":1840915204,"ku":"Tuklaty","p":"903/9","druh":"vodní plocha","vyuziti":"koryto vodního toku přirozené nebo upravené","vymera":4,"lv":null}},{"type":"Feature","geometry":{"type":"Polygon","coordinates":[[[14.768022,50.0794],[14.76802,50.079749],[14.768146,50.079749],[14.768147,50.0794],[14.768022,50.0794]]]},"properties":{"id":1716382204,"ku":"Tuklaty","p":"437/12","druh":"orná půda","vyuziti":null,"vymera":349,"lv":null}},{"type":"Feature","geometry":{"type":"Polygon","coordinates":[[[14.763781,50.087526],[14.764008,50.087795],[14.764045,50.087782],[14.763814,50.087507],[14.763781,50.087526]]]},"properties":{"id":1621153204,"ku":"Tuklaty","p":"109/6","druh":"vodní plocha","vyuziti":"koryto vodního toku umělé","vymera":105,"lv":null}},{"type":"Feature","geometry":{"type":"Polygon","coordinates":[[[14.770489,50.080729],[14.770513,50.080766],[14.770917,50.080757],[14.770972,50.080623],[14.771152,50.080652],[14.771234,50.080439],[14.770656,50.080677],[14.770489,50.080729]]]},"properties":{"id":1535276204,"ku":"Tuklaty","p":"54/10","druh":"zahrada","vyuziti":null,"vymera":653,"lv":null}},{"type":"Feature","geometry":{"type":"Polygon","coordinates":[[[14.769937,50.083827],[14.769758,50.084416],[14.769699,50.08465],[14.76956,50.084839],[14.769465,50.084927],[14.76955,50.084888],[14.769788,50.084814],[14.770076,50.084748],[14.770054,50.084711],[14.769974,50.084756],[14.769778,50.084785],[14.769755,50.08477],[14.770079,50.083792],[14.771376,50.08045],[14.771223,50.08043],[14.771234,50.080439],[14.770808,50.081527],[14.770359,50.082747],[14.769937,50.083827]]]},"properties":{"id":1535607204,"ku":"Tuklaty","p":"875/1","druh":"ostatní plocha","vyuziti":"ostatní komunikace","vymera":4730,"lv":null}},{"type":"Feature","geometry":{"type":"Polygon","coordinates":[[[14.75534,50.075875],[14.755136,50.075836],[14.755116,50.075832],[14.755115,50.075845],[14.755332,50.075899],[14.75534,50.075875]]]},"properties":{"id":1736432204,"ku":"Tuklaty","p":"909/38","druh":"ostatní plocha","vyuziti":"dráha","vymera":34,"lv":null}},{"type":"Feature","geometry":{"type":"Polygon","coordinates":[[[14.751799,50.075317],[14.751799,50.075327],[14.752017,50.075375],[14.752157,50.075418],[14.751997,50.075359],[14.751799,50.075317]]]},"properties":{"id":1736437204,"ku":"Tuklaty","p":"909/40","druh":"ostatní plocha","vyuziti":"dráha","vymera":23,"lv":null}},{"type":"Feature","geometry":{"type":"Polygon","coordinates":[[[14.744858,50.07378],[14.746298,50.074091],[14.746728,50.074211],[14.747738,50.074432],[14.746854,50.074224],[14.746335,50.074081],[14.745574,50.073907],[14.743716,50.073522],[14.744858,50.07378]]]},"properties":{"id":1736438204,"ku":"Tuklaty","p":"909/41","druh":"ostatní plocha","vyuziti":"dráha","vymera":511,"lv":null}},{"type":"Feature","geometry":{"type":"Polygon","coordinates":[[[14.766345,50.084803],[14.766665,50.084881],[14.767145,50.08497],[14.76725,50.084628],[14.766654,50.084588],[14.766666,50.08454],[14.766477,50.084518],[14.766297,50.084483],[14.766163,50.084769],[14.766211,50.084776],[14.766213,50.084771],[14.766347,50.084797],[14.766345,50.084803]]]},"properties":{"id":1534965204,"ku":"Tuklaty","p":"st. 29","druh":"zastavěná plocha a nádvoří","vyuziti":null,"vymera":2477,"lv":null}},{"type":"Feature","geometry":{"type":"Polygon","coordinates":[[[14.766207,50.076507],[14.766195,50.073613],[14.765772,50.073615],[14.765785,50.07647],[14.766207,50.076507]]]},"properties":{"id":2251509204,"ku":"Tuklaty","p":"1096","druh":"orná půda","vyuziti":null,"vymera":9660,"lv":null}},{"type":"Feature","geometry":{"type":"Polygon","coordinates":[[[14.76283,50.077198],[14.763125,50.077549],[14.763506,50.077971],[14.763801,50.078258],[14.763861,50.078362],[14.76397,50.078648],[14.765215,50.078651],[14.765239,50.076975],[14.764901,50.076985],[14.764505,50.07701],[14.764125,50.07701],[14.763727,50.076994],[14.762478,50.076924],[14.762476,50.076936],[14.762751,50.077129],[14.76283,50.077198]]]},"properties":{"id":2251639204,"ku":"Tuklaty","p":"1226","druh":"ostatní plocha","vyuziti":"zeleň","vymera":24827,"lv":null}},{"type":"Feature","geometry":{"type":"Polygon","coordinates":[[[14.766403,50.080715],[14.766456,50.077022],[14.765458,50.07698],[14.765401,50.080844],[14.765912,50.080764],[14.766403,50.080715]]]},"properties":{"id":2251643204,"ku":"Tuklaty","p":"1230","druh":"orná půda","vyuziti":null,"vymera":30006,"lv":null}},{"type":"Feature","geometry":{"type":"Polygon","coordinates":[[[14.773494,50.082209],[14.773314,50.082181],[14.773273,50.082291],[14.773452,50.08232],[14.773494,50.082209]]]},"properties":{"id":2315879204,"ku":"Tuklaty","p":"st. 342","druh":"zastavěná plocha a nádvoří","vyuziti":null,"vymera":167,"lv":null}},{"type":"Feature","geometry":{"type":"Polygon","coordinates":[[[14.765089,50.086244],[14.765167,50.086363],[14.765247,50.086341],[14.765255,50.086353],[14.765397,50.086315],[14.76543,50.086363],[14.765465,50.086354],[14.765468,50.086359],[14.765768,50.086276],[14.76575,50.086248],[14.765768,50.086243],[14.765716,50.086165],[14.765402,50.08625],[14.765365,50.086195],[14.76533,50.086204],[14.765315,50.086182],[14.765089,50.086244]]]},"properties":{"id":1535140204,"ku":"Tuklaty","p":"st. 205","druh":"zastavěná plocha a nádvoří","vyuziti":null,"vymera":637,"lv":null}},{"type":"Feature","geometry":{"type":"Polygon","coordinates":[[[14.771549,50.081525],[14.771538,50.081514],[14.771388,50.081495],[14.771399,50.08146],[14.771348,50.081453],[14.771315,50.08156],[14.771516,50.081587],[14.771527,50.081551],[14.771544,50.081544],[14.771549,50.081525]]]},"properties":{"id":1614121204,"ku":"Tuklaty","p":"st. 308","druh":"zastavěná plocha a nádvoří","vyuziti":null,"vymera":138,"lv":null}},{"type":"Feature","geometry":{"type":"Polygon","coordinates":[[[14.770492,50.096062],[14.770836,50.095385],[14.768974,50.09493],[14.768807,50.095175],[14.768616,50.095605],[14.770492,50.096062]]]},"properties":{"id":2251384204,"ku":"Tuklaty","p":"971","druh":"orná půda","vyuziti":null,"vymera":11423,"lv":null}},{"type":"Feature","geometry":{"type":"Polygon","coordinates":[[[14.76975,50.093547],[14.769612,50.093532],[14.769531,50.093569],[14.769357,50.094202],[14.769202,50.094612],[14.769069,50.094798],[14.769262,50.09485],[14.769401,50.094657],[14.769562,50.09423],[14.76975,50.093547]]]},"properties":{"id":2251386204,"ku":"Tuklaty","p":"973","druh":"ostatní plocha","vyuziti":"zeleň","vymera":2206,"lv":null}},{"type":"Feature","geometry":{"type":"Polygon","coordinates":[[[14.76965,50.093908],[14.771373,50.09433],[14.771602,50.093878],[14.770694,50.093674],[14.770312,50.09361],[14.76975,50.093547],[14.76965,50.093908]]]},"properties":{"id":2251387204,"ku":"Tuklaty","p":"974","druh":"orná půda","vyuziti":null,"vymera":6625,"lv":null}},{"type":"Feature","geometry":{"type":"Polygon","coordinates":[[[14.744145,50.072645],[14.743165,50.072636],[14.742803,50.072656],[14.742651,50.072687],[14.74259,50.072727],[14.742596,50.072858],[14.74262,50.072885],[14.742859,50.072968],[14.743306,50.073091],[14.744099,50.073278],[14.744145,50.072645]]]},"properties":{"id":2251579204,"ku":"Tuklaty","p":"1166","druh":"orná půda","vyuziti":null,"vymera":5431,"lv":null}},{"type":"Feature","geometry":{"type":"Polygon","coordinates":[[[14.745599,50.072288],[14.744609,50.072102],[14.7446,50.07244],[14.745588,50.072437],[14.745599,50.072288]]]},"properties":{"id":2251581204,"ku":"Tuklaty","p":"1168","druh":"ostatní plocha","vyuziti":"neplodná půda","vymera":1928,"lv":null}},{"type":"Feature","geometry":{"type":"Polygon","coordinates":[[[14.743825,50.071693],[14.744396,50.071815],[14.745363,50.072048],[14.745907,50.070593],[14.745712,50.070469],[14.745546,50.070394],[14.745172,50.070256],[14.744847,50.070295],[14.74436,50.070261],[14.743825,50.071693]]]},"properties":{"id":2251584204,"ku":"Tuklaty","p":"1171","druh":"orná půda","vyuziti":null,"vymera":20238,"lv":null}},{"type":"Feature","geometry":{"type":"Polygon","coordinates":[[[14.743516,50.071627],[14.743825,50.071693],[14.74436,50.070261],[14.744038,50.070231],[14.743516,50.071627]]]},"properties":{"id":2251585204,"ku":"Tuklaty","p":"1172","druh":"orná půda","vyuziti":null,"vymera":3759,"lv":null}},{"type":"Feature","geometry":{"type":"Polygon","coordinates":[[[14.742864,50.07166],[14.742814,50.072365],[14.743166,50.072356],[14.74336,50.072223],[14.7434,50.072166],[14.743552,50.071838],[14.742864,50.07166]]]},"properties":{"id":2251587204,"ku":"Tuklaty","p":"1174","druh":"orná půda","vyuziti":null,"vymera":2900,"lv":null}},{"type":"Feature","geometry":{"type":"Polygon","coordinates":[[[14.744145,50.072645],[14.744099,50.073278],[14.744386,50.073345],[14.744436,50.072644],[14.744145,50.072645]]]},"properties":{"id":2251578204,"ku":"Tuklaty","p":"1165","druh":"orná půda","vyuziti":null,"vymera":1547,"lv":null}},{"type":"Feature","geometry":{"type":"Polygon","coordinates":[[[14.74249,50.071396],[14.743019,50.071521],[14.743516,50.071627],[14.744038,50.070231],[14.742962,50.070132],[14.74249,50.071396]]]},"properties":{"id":2251586204,"ku":"Tuklaty","p":"1173","druh":"orná půda","vyuziti":null,"vymera":11803,"lv":null}},{"type":"Feature","geometry":{"type":"Polygon","coordinates":[[[14.757652,50.07622],[14.75774,50.076252],[14.758102,50.076299],[14.758102,50.076281],[14.757652,50.07622]]]},"properties":{"id":1736479204,"ku":"Tuklaty","p":"576/7","druh":"orná půda","vyuziti":null,"vymera":63,"lv":null}},{"type":"Feature","geometry":{"type":"Polygon","coordinates":[[[14.748532,50.074342],[14.749223,50.074502],[14.748989,50.074394],[14.74857,50.074303],[14.748532,50.074342]]]},"properties":{"id":1736483204,"ku":"Tuklaty","p":"598/3","druh":"orná půda","vyuziti":null,"vymera":227,"lv":null}},{"type":"Feature","geometry":{"type":"Polygon","coordinates":[[[14.746816,50.073945],[14.748532,50.074342],[14.74857,50.074303],[14.746833,50.073898],[14.746816,50.073945]]]},"properties":{"id":1736485204,"ku":"Tuklaty","p":"715/2","druh":"orná půda","vyuziti":null,"vymera":682,"lv":null}},{"type":"Feature","geometry":{"type":"Polygon","coordinates":[[[14.765674,50.076908],[14.766352,50.076933],[14.766353,50.076915],[14.765674,50.076889],[14.765674,50.076908]]]},"properties":{"id":1736445204,"ku":"Tuklaty","p":"437/14","druh":"orná půda","vyuziti":null,"vymera":100,"lv":null}},{"type":"Feature","geometry":{"type":"Polygon","coordinates":[[[14.765441,50.076882],[14.765442,50.076899],[14.765674,50.076908],[14.765674,50.076889],[14.765441,50.076882]]]},"properties":{"id":1736446204,"ku":"Tuklaty","p":"437/15","druh":"orná půda","vyuziti":null,"vymera":33,"lv":null}},{"type":"Feature","geometry":{"type":"Polygon","coordinates":[[[14.768109,50.083893],[14.768152,50.0839],[14.768174,50.083842],[14.768133,50.083835],[14.768109,50.083893]]]},"properties":{"id":1535130204,"ku":"Tuklaty","p":"st. 195","druh":"zastavěná plocha a nádvoří","vyuziti":null,"vymera":21,"lv":null}},{"type":"Feature","geometry":{"type":"Polygon","coordinates":[[[14.769295,50.085282],[14.769368,50.085317],[14.769515,50.085277],[14.769562,50.085214],[14.769421,50.085172],[14.769295,50.085282]]]},"properties":{"id":1535221204,"ku":"Tuklaty","p":"27/2","druh":"zahrada","vyuziti":null,"vymera":169,"lv":null}},{"type":"Feature","geometry":{"type":"Polygon","coordinates":[[[14.771425,50.081792],[14.771206,50.081757],[14.771149,50.081928],[14.77136,50.081962],[14.771425,50.081792]]]},"properties":{"id":1535412204,"ku":"Tuklaty","p":"286/8","druh":"zahrada","vyuziti":null,"vymera":309,"lv":null}},{"type":"Feature","geometry":{"type":"Polygon","coordinates":[[[14.766188,50.082182],[14.766816,50.082006],[14.766714,50.081712],[14.766202,50.082019],[14.76613,50.082042],[14.766188,50.082182]],[[14.766697,50.081917],[14.766725,50.081992],[14.766491,50.082057],[14.766453,50.082001],[14.766697,50.081917]]]},"properties":{"id":2113226204,"ku":"Tuklaty","p":"62/50","druh":"orná půda","vyuziti":null,"vymera":1023,"lv":null}},{"type":"Feature","geometry":{"type":"Polygon","coordinates":[[[14.768813,50.083508],[14.768662,50.083802],[14.768987,50.083871],[14.769035,50.083856],[14.769073,50.083832],[14.769149,50.083699],[14.769228,50.083596],[14.768813,50.083508]]]},"properties":{"id":78727523010,"ku":"Tuklaty","p":"62/92","druh":"zahrada","vyuziti":null,"vymera":1008,"lv":null}},{"type":"Feature","geometry":{"type":"Polygon","coordinates":[[[14.769688,50.083211],[14.769542,50.083182],[14.769515,50.08324],[14.769487,50.083257],[14.769373,50.083225],[14.769319,50.083293],[14.769413,50.083323],[14.769432,50.083342],[14.769328,50.083461],[14.769149,50.083699],[14.769073,50.083832],[14.769035,50.083856],[14.768987,50.083871],[14.768662,50.083802],[14.768627,50.08387],[14.769112,50.083973],[14.769252,50.083728],[14.769428,50.083494],[14.769636,50.083247],[14.76966,50.08325],[14.769688,50.083211]]]},"properties":{"id":78727524010,"ku":"Tuklaty","p":"62/93","druh":"zahrada","vyuziti":null,"vymera":1090,"lv":null}},{"type":"Feature","geometry":{"type":"Polygon","coordinates":[[[14.769605,50.082917],[14.769104,50.082944],[14.768969,50.083206],[14.769343,50.083263],[14.769373,50.083225],[14.769467,50.083255],[14.769506,50.083252],[14.769581,50.083096],[14.769602,50.083021],[14.769605,50.082917]]]},"properties":{"id":78727525010,"ku":"Tuklaty","p":"62/91","druh":"zahrada","vyuziti":null,"vymera":1327,"lv":null}},{"type":"Feature","geometry":{"type":"Polygon","coordinates":[[[14.767202,50.082457],[14.767472,50.082437],[14.767457,50.08235],[14.767229,50.082366],[14.767227,50.082349],[14.767163,50.082353],[14.767202,50.082457]]]},"properties":{"id":32868599010,"ku":"Tuklaty","p":"st. 374","druh":"zastavěná plocha a nádvoří","vyuziti":null,"vymera":206,"lv":null}},{"type":"Feature","geometry":{"type":"Polygon","coordinates":[[[14.758503,50.072016],[14.758241,50.071719],[14.758183,50.071631],[14.758124,50.071457],[14.758122,50.07136],[14.758132,50.071314],[14.758114,50.071311],[14.758116,50.071287],[14.758045,50.071276],[14.758031,50.071341],[14.758032,50.071457],[14.75806,50.071554],[14.758114,50.071667],[14.758169,50.071748],[14.758261,50.071856],[14.758522,50.072137],[14.758594,50.072107],[14.758503,50.072016]]]},"properties":{"id":98065896010,"ku":"Tuklaty","p":"1112/1","druh":"vodní plocha","vyuziti":"koryto vodního toku přirozené nebo upravené","vymera":631,"lv":null}},{"type":"Feature","geometry":{"type":"Polygon","coordinates":[[[14.758522,50.072137],[14.758593,50.072203],[14.758681,50.072194],[14.758594,50.072107],[14.758522,50.072137]]]},"properties":{"id":98065897010,"ku":"Tuklaty","p":"1112/2","druh":"vodní plocha","vyuziti":"koryto vodního toku přirozené nebo upravené","vymera":61,"lv":null}},{"type":"Feature","geometry":{"type":"Polygon","coordinates":[[[14.767265,50.082924],[14.767232,50.08284],[14.767132,50.082856],[14.767164,50.082939],[14.767265,50.082924]],[[14.767175,50.08287],[14.767204,50.082865],[14.767222,50.082909],[14.767192,50.082914],[14.767175,50.08287]]]},"properties":{"id":2468330204,"ku":"Tuklaty","p":"62/69","druh":"ostatní plocha","vyuziti":"jiná plocha","vymera":60,"lv":null}},{"type":"Feature","geometry":{"type":"Polygon","coordinates":[[[14.767175,50.08287],[14.767192,50.082914],[14.767222,50.082909],[14.767204,50.082865],[14.767175,50.08287]]]},"properties":{"id":2468331204,"ku":"Tuklaty","p":"st. 353","druh":"zastavěná plocha a nádvoří","vyuziti":null,"vymera":11,"lv":null}},{"type":"Feature","geometry":{"type":"Polygon","coordinates":[[[14.768922,50.079403],[14.768147,50.0794],[14.768147,50.079575],[14.768919,50.079576],[14.768922,50.079403]]]},"properties":{"id":96747517010,"ku":"Tuklaty","p":"437/202","druh":"orná půda","vyuziti":null,"vymera":1070,"lv":null}},{"type":"Feature","geometry":{"type":"Polygon","coordinates":[[[14.74473,50.072644],[14.744436,50.072644],[14.744386,50.073345],[14.744674,50.073413],[14.74473,50.072644]]]},"properties":{"id":2251577204,"ku":"Tuklaty","p":"1164","druh":"orná půda","vyuziti":null,"vymera":1717,"lv":null}},{"type":"Feature","geometry":{"type":"Polygon","coordinates":[[[14.765516,50.083778],[14.765322,50.083742],[14.76544,50.084195],[14.766217,50.084228],[14.765872,50.08388],[14.765516,50.083778]]]},"properties":{"id":1535310204,"ku":"Tuklaty","p":"97/2","druh":"zahrada","vyuziti":null,"vymera":1994,"lv":null}},{"type":"Feature","geometry":{"type":"Polygon","coordinates":[[[14.767864,50.085529],[14.767856,50.085518],[14.767712,50.08556],[14.767784,50.085657],[14.768005,50.085593],[14.767944,50.085506],[14.767864,50.085529]]]},"properties":{"id":1534987204,"ku":"Tuklaty","p":"st. 51/2","druh":"zastavěná plocha a nádvoří","vyuziti":null,"vymera":201,"lv":null}},{"type":"Feature","geometry":{"type":"Polygon","coordinates":[[[14.770492,50.096062],[14.772869,50.096646],[14.77386,50.094638],[14.773361,50.09449],[14.772906,50.094336],[14.772574,50.094207],[14.772223,50.094018],[14.771602,50.093878],[14.770492,50.096062]]]},"properties":{"id":2251388204,"ku":"Tuklaty","p":"975","druh":"orná půda","vyuziti":null,"vymera":44402,"lv":null}},{"type":"Feature","geometry":{"type":"Polygon","coordinates":[[[14.747963,50.07236],[14.746425,50.072217],[14.745789,50.072128],[14.745503,50.072082],[14.744396,50.071815],[14.743019,50.071521],[14.741018,50.071049],[14.739318,50.070624],[14.739118,50.070664],[14.738893,50.070722],[14.739006,50.070747],[14.739042,50.070726],[14.739089,50.070738],[14.739146,50.070781],[14.742932,50.071676],[14.744439,50.07207],[14.745578,50.072283],[14.745869,50.072344],[14.746259,50.072399],[14.747035,50.07257],[14.747931,50.072571],[14.749075,50.0726],[14.751811,50.072568],[14.757712,50.072428],[14.758687,50.072414],[14.761201,50.072346],[14.761588,50.072325],[14.76286,50.072306],[14.76383,50.072268],[14.763991,50.072287],[14.764181,50.072253],[14.765154,50.072213],[14.768606,50.072104],[14.770364,50.072035],[14.773738,50.071933],[14.775442,50.071865],[14.777809,50.071799],[14.777929,50.071581],[14.777539,50.071606],[14.776642,50.071605],[14.775127,50.071656],[14.775126,50.071683],[14.772232,50.071773],[14.770968,50.071826],[14.765137,50.072026],[14.761472,50.072132],[14.761284,50.072143],[14.758954,50.072189],[14.758732,50.072187],[14.758593,50.072203],[14.757725,50.072231],[14.755217,50.072283],[14.753202,50.072341],[14.750232,50.072389],[14.749226,50.072386],[14.747963,50.07236]]]},"properties":{"id":2251582204,"ku":"Tuklaty","p":"1169","druh":"ostatní plocha","vyuziti":"silnice","vymera":62638,"lv":null}},{"type":"Feature","geometry":{"type":"Polygon","coordinates":[[[14.768529,50.095232],[14.768635,50.095082],[14.768917,50.094756],[14.765722,50.093887],[14.76559,50.094086],[14.76551,50.09415],[14.765344,50.094365],[14.768529,50.095232]]]},"properties":{"id":2251381204,"ku":"Tuklaty","p":"968","druh":"orná půda","vyuziti":null,"vymera":14690,"lv":null}},{"type":"Feature","geometry":{"type":"Polygon","coordinates":[[[14.768914,50.077147],[14.768759,50.077138],[14.768757,50.077443],[14.768889,50.077449],[14.768913,50.077435],[14.768914,50.077147]]]},"properties":{"id":96350428010,"ku":"Tuklaty","p":"437/193","druh":"orná půda","vyuziti":null,"vymera":375,"lv":null}},{"type":"Feature","geometry":{"type":"Polygon","coordinates":[[[14.767675,50.077072],[14.76752,50.077062],[14.767518,50.077385],[14.767673,50.077392],[14.767675,50.077072]]]},"properties":{"id":96350429010,"ku":"Tuklaty","p":"437/189","druh":"orná půda","vyuziti":null,"vymera":396,"lv":null}},{"type":"Feature","geometry":{"type":"Polygon","coordinates":[[[14.767346,50.08049],[14.767355,50.080678],[14.768016,50.080679],[14.768017,50.080491],[14.767346,50.08049]]]},"properties":{"id":96747512010,"ku":"Tuklaty","p":"437/197","druh":"orná půda","vyuziti":null,"vymera":1000,"lv":null}},{"type":"Feature","geometry":{"type":"Polygon","coordinates":[[[14.768144,50.080289],[14.768142,50.080724],[14.7683,50.080612],[14.768585,50.080345],[14.768673,50.08029],[14.768144,50.080289]]]},"properties":{"id":96747513010,"ku":"Tuklaty","p":"437/198","druh":"orná půda","vyuziti":null,"vymera":924,"lv":null}},{"type":"Feature","geometry":{"type":"Polygon","coordinates":[[[14.768021,50.079574],[14.767316,50.079573],[14.767315,50.079748],[14.76802,50.079749],[14.768021,50.079574]]]},"properties":{"id":96747514010,"ku":"Tuklaty","p":"437/199","druh":"orná půda","vyuziti":null,"vymera":982,"lv":null}},{"type":"Feature","geometry":{"type":"Polygon","coordinates":[[[14.767317,50.079397],[14.767316,50.079573],[14.768021,50.079574],[14.768022,50.0794],[14.767317,50.079397]]]},"properties":{"id":96747515010,"ku":"Tuklaty","p":"437/200","druh":"orná půda","vyuziti":null,"vymera":982,"lv":null}},{"type":"Feature","geometry":{"type":"Polygon","coordinates":[[[14.768147,50.079575],[14.768146,50.079749],[14.768523,50.07975],[14.768916,50.079706],[14.768919,50.079576],[14.768147,50.079575]]]},"properties":{"id":96747516010,"ku":"Tuklaty","p":"437/201","druh":"orná půda","vyuziti":null,"vymera":1001,"lv":null}},{"type":"Feature","geometry":{"type":"Polygon","coordinates":[[[14.770269,50.079426],[14.770276,50.079318],[14.770191,50.079316],[14.770188,50.079358],[14.770123,50.079356],[14.77012,50.07941],[14.770184,50.079413],[14.770183,50.079424],[14.770269,50.079426]]]},"properties":{"id":56241195010,"ku":"Tuklaty","p":"st. 396","druh":"zastavěná plocha a nádvoří","vyuziti":null,"vymera":102,"lv":null}},{"type":"Feature","geometry":{"type":"Polygon","coordinates":[[[14.767992,50.083379],[14.767978,50.083299],[14.767842,50.083309],[14.767852,50.083367],[14.767876,50.083365],[14.76788,50.083388],[14.767992,50.083379]]]},"properties":{"id":24622740010,"ku":"Tuklaty","p":"st. 365","druh":"zastavěná plocha a nádvoří","vyuziti":null,"vymera":84,"lv":null}},{"type":"Feature","geometry":{"type":"Polygon","coordinates":[[[14.768541,50.082292],[14.768538,50.082272],[14.768518,50.082274],[14.768525,50.082314],[14.768513,50.082334],[14.768424,50.082344],[14.768439,50.08243],[14.76868,50.082415],[14.768676,50.082386],[14.768777,50.082379],[14.768762,50.082294],[14.768651,50.082303],[14.768648,50.082285],[14.768541,50.082292]]]},"properties":{"id":78490426010,"ku":"Tuklaty","p":"st. 409","druh":"zastavěná plocha a nádvoří","vyuziti":null,"vymera":290,"lv":null}},{"type":"Feature","geometry":{"type":"Polygon","coordinates":[[[14.745897,50.07263],[14.745893,50.072684],[14.745928,50.072685],[14.745924,50.072739],[14.746094,50.072745],[14.746102,50.072636],[14.745897,50.07263]]]},"properties":{"id":27495092010,"ku":"Tuklaty","p":"st. 371","druh":"zastavěná plocha a nádvoří","vyuziti":null,"vymera":163,"lv":null}},{"type":"Feature","geometry":{"type":"Polygon","coordinates":[[[14.767544,50.081314],[14.767613,50.081381],[14.767837,50.081286],[14.767737,50.081189],[14.767636,50.081232],[14.767667,50.081262],[14.767544,50.081314]]]},"properties":{"id":28376182010,"ku":"Tuklaty","p":"st. 366","druh":"zastavěná plocha a nádvoří","vyuziti":null,"vymera":206,"lv":null}},{"type":"Feature","geometry":{"type":"Polygon","coordinates":[[[14.759502,50.083231],[14.759554,50.083204],[14.759501,50.083163],[14.75945,50.08319],[14.759502,50.083231]]]},"properties":{"id":71891896010,"ku":"Tuklaty","p":"st. 406","druh":"zastavěná plocha a nádvoří","vyuziti":null,"vymera":28,"lv":null}},{"type":"Feature","geometry":{"type":"Polygon","coordinates":[[[14.768018,50.080289],[14.768019,50.080109],[14.767328,50.080107],[14.767336,50.080288],[14.768018,50.080289]]]},"properties":{"id":1872388204,"ku":"Tuklaty","p":"437/46","druh":"orná půda","vyuziti":null,"vymera":985,"lv":null}},{"type":"Feature","geometry":{"type":"Polygon","coordinates":[[[14.768019,50.080109],[14.76802,50.079929],[14.767319,50.079928],[14.767328,50.080107],[14.768019,50.080109]]]},"properties":{"id":1872389204,"ku":"Tuklaty","p":"437/47","druh":"orná půda","vyuziti":null,"vymera":995,"lv":null}},{"type":"Feature","geometry":{"type":"Polygon","coordinates":[[[14.767315,50.079748],[14.767319,50.079928],[14.76802,50.079929],[14.76802,50.079749],[14.767315,50.079748]]]},"properties":{"id":1872390204,"ku":"Tuklaty","p":"437/48","druh":"orná půda","vyuziti":null,"vymera":1009,"lv":null}},{"type":"Feature","geometry":{"type":"Polygon","coordinates":[[[14.768144,50.080109],[14.768144,50.080289],[14.768673,50.08029],[14.768864,50.080189],[14.768775,50.08011],[14.768144,50.080109]]]},"properties":{"id":1872391204,"ku":"Tuklaty","p":"437/52","druh":"orná půda","vyuziti":null,"vymera":924,"lv":null}},{"type":"Feature","geometry":{"type":"Polygon","coordinates":[[[14.768145,50.079929],[14.768144,50.080109],[14.768775,50.08011],[14.768779,50.07993],[14.768145,50.079929]]]},"properties":{"id":1872392204,"ku":"Tuklaty","p":"437/53","druh":"orná půda","vyuziti":null,"vymera":905,"lv":null}},{"type":"Feature","geometry":{"type":"Polygon","coordinates":[[[14.768146,50.079749],[14.768145,50.079929],[14.768779,50.07993],[14.768784,50.07972],[14.768523,50.07975],[14.768146,50.079749]]]},"properties":{"id":1872393204,"ku":"Tuklaty","p":"437/54","druh":"orná půda","vyuziti":null,"vymera":942,"lv":null}},{"type":"Feature","geometry":{"type":"Polygon","coordinates":[[[14.772665,50.082314],[14.772667,50.082281],[14.77271,50.082283],[14.772716,50.082205],[14.772664,50.082203],[14.772654,50.082189],[14.772621,50.082188],[14.772607,50.082201],[14.77257,50.0822],[14.772563,50.082271],[14.772546,50.08227],[14.772542,50.08231],[14.772665,50.082314]]]},"properties":{"id":2178563204,"ku":"Tuklaty","p":"st. 326","druh":"zastavěná plocha a nádvoří","vyuziti":null,"vymera":129,"lv":null}},{"type":"Feature","geometry":{"type":"Polygon","coordinates":[[[14.771098,50.078229],[14.771005,50.078232],[14.771008,50.078268],[14.771101,50.078265],[14.771098,50.078229]]]},"properties":{"id":2215988204,"ku":"Tuklaty","p":"st. 327","druh":"zastavěná plocha a nádvoří","vyuziti":null,"vymera":27,"lv":null}},{"type":"Feature","geometry":{"type":"Polygon","coordinates":[[[14.771763,50.081535],[14.77173,50.081623],[14.771899,50.08165],[14.771933,50.081562],[14.771763,50.081535]]]},"properties":{"id":1924884204,"ku":"Tuklaty","p":"st. 317","druh":"zastavěná plocha a nádvoří","vyuziti":null,"vymera":126,"lv":null}},{"type":"Feature","geometry":{"type":"Polygon","coordinates":[[[14.769104,50.082944],[14.76939,50.082508],[14.76938,50.081979],[14.768914,50.081408],[14.768604,50.08117],[14.768591,50.081581],[14.768926,50.081539],[14.769226,50.081907],[14.769268,50.082624],[14.769105,50.082874],[14.7686,50.082902],[14.768568,50.0829],[14.768529,50.082882],[14.768525,50.082974],[14.769104,50.082944]]]},"properties":{"id":23615884010,"ku":"Tuklaty","p":"62/72","druh":"orná půda","vyuziti":null,"vymera":2155,"lv":null}},{"type":"Feature","geometry":{"type":"Polygon","coordinates":[[[14.773756,50.082389],[14.773796,50.082395],[14.773784,50.08243],[14.77387,50.082442],[14.773882,50.082408],[14.773917,50.082413],[14.773944,50.082339],[14.773806,50.082318],[14.773797,50.082342],[14.773775,50.082338],[14.773756,50.082389]]]},"properties":{"id":26885502010,"ku":"Tuklaty","p":"st. 370","druh":"zastavěná plocha a nádvoří","vyuziti":null,"vymera":121,"lv":null}},{"type":"Feature","geometry":{"type":"Polygon","coordinates":[[[14.772774,50.080529],[14.772674,50.080507],[14.772681,50.080494],[14.772599,50.080475],[14.772586,50.080499],[14.772576,50.080497],[14.772559,50.080547],[14.772635,50.080565],[14.772628,50.080577],[14.772651,50.080582],[14.772635,50.080612],[14.772717,50.080631],[14.772774,50.080529]]]},"properties":{"id":26675023010,"ku":"Tuklaty","p":"st. 368","druh":"zastavěná plocha a nádvoří","vyuziti":null,"vymera":142,"lv":null}},{"type":"Feature","geometry":{"type":"Polygon","coordinates":[[[14.767788,50.082867],[14.767783,50.082836],[14.767832,50.082833],[14.767825,50.082795],[14.767812,50.082796],[14.767806,50.082765],[14.767666,50.082774],[14.767682,50.082874],[14.767788,50.082867]]]},"properties":{"id":22986981010,"ku":"Tuklaty","p":"st. 363","druh":"zastavěná plocha a nádvoří","vyuziti":null,"vymera":109,"lv":null}},{"type":"Feature","geometry":{"type":"Polygon","coordinates":[[[14.764718,50.081917],[14.764721,50.081905],[14.764401,50.081868],[14.764406,50.081884],[14.764718,50.081917]]]},"properties":{"id":71200754010,"ku":"Tuklaty","p":"516/13","druh":"orná půda","vyuziti":null,"vymera":35,"lv":null}},{"type":"Feature","geometry":{"type":"Polygon","coordinates":[[[14.764718,50.081917],[14.765168,50.081965],[14.765124,50.081952],[14.764721,50.081905],[14.764718,50.081917]]]},"properties":{"id":71200755010,"ku":"Tuklaty","p":"516/14","druh":"orná půda","vyuziti":null,"vymera":34,"lv":null}},{"type":"Feature","geometry":{"type":"Polygon","coordinates":[[[14.760845,50.080983],[14.760857,50.081302],[14.761091,50.081383],[14.761218,50.081452],[14.761317,50.081678],[14.761378,50.081948],[14.761751,50.081951],[14.763412,50.081783],[14.763611,50.081783],[14.764401,50.081868],[14.764506,50.081462],[14.762737,50.081376],[14.760847,50.080184],[14.760856,50.080509],[14.760845,50.080983]]]},"properties":{"id":71200756010,"ku":"Tuklaty","p":"1247/1","druh":"orná půda","vyuziti":null,"vymera":20549,"lv":null}},{"type":"Feature","geometry":{"type":"Polygon","coordinates":[[[14.764401,50.081868],[14.764721,50.081905],[14.764831,50.081478],[14.764506,50.081462],[14.764401,50.081868]]]},"properties":{"id":71200757010,"ku":"Tuklaty","p":"1247/2","druh":"orná půda","vyuziti":null,"vymera":1092,"lv":null}},{"type":"Feature","geometry":{"type":"Polygon","coordinates":[[[14.764721,50.081905],[14.765124,50.081952],[14.765175,50.081788],[14.764916,50.081482],[14.764831,50.081478],[14.764721,50.081905]]]},"properties":{"id":71200758010,"ku":"Tuklaty","p":"1247/3","druh":"orná půda","vyuziti":null,"vymera":1093,"lv":null}},{"type":"Feature","geometry":{"type":"Polygon","coordinates":[[[14.766912,50.074548],[14.766921,50.07657],[14.767134,50.076589],[14.767675,50.076619],[14.76867,50.07663],[14.76867,50.07621],[14.770118,50.076252],[14.77012,50.074482],[14.766912,50.074548]]]},"properties":{"id":72083249010,"ku":"Tuklaty","p":"1082/1","druh":"orná půda","vyuziti":null,"vymera":49068,"lv":null}},{"type":"Feature","geometry":{"type":"Polygon","coordinates":[[[14.770117,50.076646],[14.770118,50.076252],[14.76867,50.07621],[14.76867,50.07663],[14.769108,50.076636],[14.77008,50.07667],[14.770117,50.076646]]]},"properties":{"id":72083250010,"ku":"Tuklaty","p":"1082/2","druh":"orná půda","vyuziti":null,"vymera":4797,"lv":null}},{"type":"Feature","geometry":{"type":"Polygon","coordinates":[[[14.766852,50.073608],[14.76625,50.073612],[14.766254,50.074492],[14.76631,50.074528],[14.766856,50.074527],[14.766852,50.073608]]]},"properties":{"id":72083251010,"ku":"Tuklaty","p":"1095/1","druh":"orná půda","vyuziti":null,"vymera":4388,"lv":null}},{"type":"Feature","geometry":{"type":"Polygon","coordinates":[[[14.742108,50.074315],[14.742101,50.07442],[14.742254,50.074424],[14.74226,50.074319],[14.742108,50.074315]]]},"properties":{"id":2478682204,"ku":"Tuklaty","p":"st. 356","druh":"zastavěná plocha a nádvoří","vyuziti":null,"vymera":127,"lv":null}},{"type":"Feature","geometry":{"type":"Polygon","coordinates":[[[14.742126,50.074051],[14.742113,50.074234],[14.742323,50.07424],[14.742335,50.074056],[14.742126,50.074051]]]},"properties":{"id":20057635010,"ku":"Tuklaty","p":"st. 358","druh":"zastavěná plocha a nádvoří","vyuziti":null,"vymera":306,"lv":null}},{"type":"Feature","geometry":{"type":"Polygon","coordinates":[[[14.770331,50.079199],[14.77035,50.078872],[14.770014,50.078864],[14.770007,50.079192],[14.770331,50.079199]],[[14.770095,50.079008],[14.770203,50.079009],[14.7702,50.079122],[14.770093,50.079121],[14.770095,50.079008]]]},"properties":{"id":46289400010,"ku":"Tuklaty","p":"437/124","druh":"orná půda","vyuziti":null,"vymera":765,"lv":null}},{"type":"Feature","geometry":{"type":"Polygon","coordinates":[[[14.773138,50.08307],[14.773218,50.083079],[14.773234,50.083022],[14.773138,50.083011],[14.773127,50.083051],[14.773143,50.083053],[14.773138,50.08307]]]},"properties":{"id":92561064010,"ku":"Tuklaty","p":"st. 422","druh":"zastavěná plocha a nádvoří","vyuziti":null,"vymera":43,"lv":null}},{"type":"Feature","geometry":{"type":"Polygon","coordinates":[[[14.765868,50.087912],[14.765784,50.087817],[14.765503,50.087921],[14.765587,50.088015],[14.765868,50.087912]]]},"properties":{"id":96295541010,"ku":"Tuklaty","p":"st. 426","druh":"zastavěná plocha a nádvoří","vyuziti":null,"vymera":280,"lv":null}},{"type":"Feature","geometry":{"type":"Polygon","coordinates":[[[14.772329,50.083097],[14.772485,50.083116],[14.772517,50.083004],[14.772361,50.082986],[14.772351,50.08302],[14.772323,50.083017],[14.772314,50.083049],[14.772342,50.083052],[14.772329,50.083097]]]},"properties":{"id":30334352010,"ku":"Tuklaty","p":"st. 373","druh":"zastavěná plocha a nádvoří","vyuziti":null,"vymera":151,"lv":null}},{"type":"Feature","geometry":{"type":"Polygon","coordinates":[[[14.766225,50.080919],[14.76629,50.081558],[14.766472,50.081495],[14.76707,50.081256],[14.767647,50.081008],[14.767653,50.080985],[14.766541,50.0809],[14.766415,50.080895],[14.766225,50.080919]]]},"properties":{"id":41051909010,"ku":"Tuklaty","p":"439/1","druh":"orná půda","vyuziti":null,"vymera":4057,"lv":null}},{"type":"Feature","geometry":{"type":"Polygon","coordinates":[[[14.767639,50.081041],[14.767647,50.081008],[14.76707,50.081256],[14.766472,50.081495],[14.76629,50.081558],[14.766293,50.08158],[14.767459,50.081119],[14.767639,50.081041]]]},"properties":{"id":41051910010,"ku":"Tuklaty","p":"439/2","druh":"orná půda","vyuziti":null,"vymera":218,"lv":null}},{"type":"Feature","geometry":{"type":"Polygon","coordinates":[[[14.770198,50.084831],[14.770079,50.084854],[14.77018,50.085064],[14.770299,50.08504],[14.770198,50.084831]]]},"properties":{"id":95548489010,"ku":"Tuklaty","p":"st. 424","druh":"zastavěná plocha a nádvoří","vyuziti":null,"vymera":218,"lv":null}},{"type":"Feature","geometry":{"type":"Polygon","coordinates":[[[14.770361,50.078559],[14.770021,50.07855],[14.770014,50.078864],[14.77035,50.078872],[14.770361,50.078559]],[[14.770101,50.078716],[14.770224,50.078717],[14.770222,50.078787],[14.7701,50.078785],[14.770101,50.078716]],[[14.770117,50.078807],[14.770221,50.078809],[14.77022,50.078841],[14.770115,50.078839],[14.770117,50.078807]]]},"properties":{"id":46289401010,"ku":"Tuklaty","p":"437/125","druh":"zahrada","vyuziti":null,"vymera":750,"lv":null}},{"type":"Feature","geometry":{"type":"Polygon","coordinates":[[[14.770331,50.079199],[14.770007,50.079192],[14.770002,50.079502],[14.770012,50.079527],[14.770036,50.079547],[14.770071,50.07956],[14.77011,50.079563],[14.770315,50.079461],[14.770331,50.079199]],[[14.770269,50.079426],[14.770183,50.079424],[14.770184,50.079413],[14.77012,50.07941],[14.770123,50.079356],[14.770188,50.079358],[14.770191,50.079316],[14.770276,50.079318],[14.770269,50.079426]]]},"properties":{"id":46289399010,"ku":"Tuklaty","p":"437/123","druh":"orná půda","vyuziti":null,"vymera":730,"lv":null}},{"type":"Feature","geometry":{"type":"Polygon","coordinates":[[[14.770022,50.078242],[14.770021,50.07855],[14.770361,50.078559],[14.770368,50.078251],[14.770022,50.078242]],[[14.7701,50.078443],[14.770101,50.078352],[14.770223,50.078353],[14.770223,50.078404],[14.770254,50.078404],[14.770253,50.078518],[14.7701,50.078518],[14.7701,50.078481],[14.770108,50.078481],[14.770109,50.078443],[14.7701,50.078443]]]},"properties":{"id":46289402010,"ku":"Tuklaty","p":"437/126","druh":"orná půda","vyuziti":null,"vymera":656,"lv":null}},{"type":"Feature","geometry":{"type":"Polygon","coordinates":[[[14.770368,50.078251],[14.770372,50.077947],[14.770022,50.077939],[14.770022,50.078242],[14.770368,50.078251]],[[14.770232,50.078209],[14.770103,50.078209],[14.770103,50.078033],[14.770233,50.078034],[14.770232,50.078209]],[[14.770267,50.078242],[14.770269,50.078195],[14.770364,50.078196],[14.770362,50.078243],[14.770267,50.078242]]]},"properties":{"id":46289403010,"ku":"Tuklaty","p":"437/127","druh":"orná půda","vyuziti":null,"vymera":627,"lv":null}},{"type":"Feature","geometry":{"type":"Polygon","coordinates":[[[14.770372,50.077947],[14.77037,50.077641],[14.770023,50.077633],[14.770022,50.077939],[14.770372,50.077947]],[[14.770105,50.077914],[14.770105,50.077779],[14.770235,50.077779],[14.770235,50.077914],[14.770105,50.077914]]]},"properties":{"id":46289404010,"ku":"Tuklaty","p":"437/128","druh":"orná půda","vyuziti":null,"vymera":707,"lv":null}},{"type":"Feature","geometry":{"type":"Polygon","coordinates":[[[14.77037,50.077641],[14.770372,50.077333],[14.770023,50.077326],[14.770023,50.077633],[14.77037,50.077641]],[[14.770104,50.077468],[14.770239,50.077467],[14.770238,50.077609],[14.770104,50.07761],[14.770104,50.077468]]]},"properties":{"id":46289405010,"ku":"Tuklaty","p":"437/129","druh":"orná půda","vyuziti":null,"vymera":701,"lv":null}},{"type":"Feature","geometry":{"type":"Polygon","coordinates":[[[14.767382,50.084315],[14.767371,50.084372],[14.767396,50.08461],[14.767541,50.084567],[14.767382,50.084315]]]},"properties":{"id":41647012010,"ku":"Tuklaty","p":"851/15","druh":"ostatní plocha","vyuziti":"jiná plocha","vymera":188,"lv":null}},{"type":"Feature","geometry":{"type":"Polygon","coordinates":[[[14.771774,50.080408],[14.77175,50.080402],[14.771735,50.080427],[14.771758,50.080433],[14.771774,50.080408]]]},"properties":{"id":53501923010,"ku":"Tuklaty","p":"st. 394","druh":"zastavěná plocha a nádvoří","vyuziti":null,"vymera":5,"lv":null}},{"type":"Feature","geometry":{"type":"Polygon","coordinates":[[[14.761664,50.073401],[14.761609,50.073396],[14.761694,50.073015],[14.762256,50.073067],[14.762301,50.07287],[14.761518,50.072797],[14.761474,50.072994],[14.761391,50.072986],[14.761294,50.073425],[14.761652,50.073458],[14.761664,50.073401]]]},"properties":{"id":57173473010,"ku":"Tuklaty","p":"st. 397","druh":"zastavěná plocha a nádvoří","vyuziti":null,"vymera":2358,"lv":null}},{"type":"Feature","geometry":{"type":"Polygon","coordinates":[[[14.7702,50.079122],[14.770203,50.079009],[14.770095,50.079008],[14.770093,50.079121],[14.7702,50.079122]]]},"properties":{"id":52877057010,"ku":"Tuklaty","p":"st. 391","druh":"zastavěná plocha a nádvoří","vyuziti":null,"vymera":97,"lv":null}},{"type":"Feature","geometry":{"type":"Polygon","coordinates":[[[14.770101,50.078716],[14.7701,50.078785],[14.770222,50.078787],[14.770224,50.078717],[14.770101,50.078716]]]},"properties":{"id":55995431010,"ku":"Tuklaty","p":"st. 395","druh":"zastavěná plocha a nádvoří","vyuziti":null,"vymera":68,"lv":null}},{"type":"Feature","geometry":{"type":"Polygon","coordinates":[[[14.769798,50.07936],[14.769798,50.079387],[14.769829,50.079387],[14.769829,50.07936],[14.769798,50.07936]]]},"properties":{"id":93974398010,"ku":"Tuklaty","p":"st. 423","druh":"zastavěná plocha a nádvoří","vyuziti":null,"vymera":7,"lv":null}},{"type":"Feature","geometry":{"type":"Polygon","coordinates":[[[14.767355,50.080678],[14.767366,50.08092],[14.76769,50.080945],[14.767834,50.080924],[14.767847,50.080916],[14.767842,50.080902],[14.768016,50.080824],[14.768016,50.080679],[14.767355,50.080678]],[[14.767426,50.080758],[14.767426,50.080715],[14.767626,50.080716],[14.767636,50.080815],[14.767448,50.080815],[14.767448,50.080758],[14.767426,50.080758]]]},"properties":{"id":62497287010,"ku":"Tuklaty","p":"437/130","druh":"zahrada","vyuziti":null,"vymera":1081,"lv":null}},{"type":"Feature","geometry":{"type":"Polygon","coordinates":[[[14.765704,50.084317],[14.765683,50.084468],[14.765788,50.084474],[14.765795,50.084427],[14.765838,50.084429],[14.765848,50.084361],[14.765805,50.084359],[14.76581,50.084323],[14.765704,50.084317]]]},"properties":{"id":67586854010,"ku":"Tuklaty","p":"st. 403","druh":"zastavěná plocha a nádvoří","vyuziti":null,"vymera":152,"lv":null}},{"type":"Feature","geometry":{"type":"Polygon","coordinates":[[[14.771171,50.079009],[14.771429,50.078988],[14.771413,50.078911],[14.771298,50.07892],[14.771283,50.078847],[14.77116,50.078857],[14.771176,50.078936],[14.771186,50.078935],[14.771188,50.078945],[14.771158,50.078948],[14.771171,50.079009]]]},"properties":{"id":61490160010,"ku":"Tuklaty","p":"st. 398","druh":"zastavěná plocha a nádvoří","vyuziti":null,"vymera":231,"lv":null}},{"type":"Feature","geometry":{"type":"Polygon","coordinates":[[[14.768914,50.083149],[14.76891,50.08312],[14.768948,50.083118],[14.768936,50.083037],[14.768752,50.083048],[14.768747,50.083015],[14.768632,50.083021],[14.768647,50.08313],[14.768754,50.083125],[14.768759,50.083158],[14.768914,50.083149]]]},"properties":{"id":78969343010,"ku":"Tuklaty","p":"st. 411","druh":"zastavěná plocha a nádvoří","vyuziti":null,"vymera":257,"lv":null}},{"type":"Feature","geometry":{"type":"Polygon","coordinates":[[[14.767626,50.080716],[14.767426,50.080715],[14.767426,50.080758],[14.767448,50.080758],[14.767448,50.080815],[14.767636,50.080815],[14.767626,50.080716]]]},"properties":{"id":71098430010,"ku":"Tuklaty","p":"st. 405","druh":"zastavěná plocha a nádvoří","vyuziti":null,"vymera":152,"lv":null}},{"type":"Feature","geometry":{"type":"Polygon","coordinates":[[[14.770597,50.081334],[14.770865,50.081383],[14.770908,50.081274],[14.770407,50.081192],[14.770306,50.081446],[14.770535,50.081482],[14.770597,50.081334]]]},"properties":{"id":77290369010,"ku":"Tuklaty","p":"54/16","druh":"zahrada","vyuziti":null,"vymera":740,"lv":null}},{"type":"Feature","geometry":{"type":"Polygon","coordinates":[[[14.768763,50.082612],[14.768751,50.08254],[14.768557,50.082554],[14.76857,50.082626],[14.768763,50.082612]]]},"properties":{"id":75464594010,"ku":"Tuklaty","p":"st. 408","druh":"zastavěná plocha a nádvoří","vyuziti":null,"vymera":112,"lv":null}},{"type":"Feature","geometry":{"type":"Polygon","coordinates":[[[14.769859,50.079352],[14.769789,50.079352],[14.769788,50.079406],[14.769858,50.079406],[14.769859,50.079352]],[[14.769798,50.079387],[14.769798,50.07936],[14.769829,50.07936],[14.769829,50.079387],[14.769798,50.079387]]]},"properties":{"id":81801112010,"ku":"Tuklaty","p":"437/132","druh":"orná půda","vyuziti":null,"vymera":23,"lv":null}},{"type":"Feature","geometry":{"type":"Polygon","coordinates":[[[14.769788,50.079406],[14.769789,50.079352],[14.769859,50.079352],[14.769861,50.079073],[14.769819,50.079046],[14.769566,50.079045],[14.769563,50.079406],[14.769788,50.079406]],[[14.7697,50.079104],[14.769805,50.079105],[14.769803,50.079213],[14.769699,50.079212],[14.769699,50.079193],[14.769647,50.079193],[14.769648,50.07912],[14.7697,50.07912],[14.7697,50.079104]]]},"properties":{"id":81801113010,"ku":"Tuklaty","p":"437/133","druh":"orná půda","vyuziti":null,"vymera":689,"lv":null}},{"type":"Feature","geometry":{"type":"Polygon","coordinates":[[[14.769566,50.079045],[14.769284,50.079044],[14.769281,50.079404],[14.769563,50.079406],[14.769566,50.079045]],[[14.769405,50.079192],[14.769352,50.079192],[14.769353,50.079119],[14.769405,50.079119],[14.769405,50.079103],[14.76951,50.079104],[14.769509,50.079212],[14.769404,50.079211],[14.769405,50.079192]]]},"properties":{"id":81801114010,"ku":"Tuklaty","p":"437/134","druh":"orná půda","vyuziti":null,"vymera":689,"lv":null}},{"type":"Feature","geometry":{"type":"Polygon","coordinates":[[[14.769284,50.079044],[14.769002,50.079043],[14.768998,50.079403],[14.769281,50.079404],[14.769284,50.079044]]]},"properties":{"id":81801115010,"ku":"Tuklaty","p":"437/135","druh":"orná půda","vyuziti":null,"vymera":809,"lv":null}},{"type":"Feature","geometry":{"type":"Polygon","coordinates":[[[14.769021,50.07706],[14.769024,50.077051],[14.768593,50.077033],[14.768592,50.077043],[14.767373,50.076968],[14.767372,50.077053],[14.769205,50.077165],[14.769171,50.077462],[14.769484,50.077477],[14.769517,50.077184],[14.769595,50.077186],[14.769605,50.077104],[14.769021,50.07706]]]},"properties":{"id":81801116010,"ku":"Tuklaty","p":"437/164","druh":"orná půda","vyuziti":null,"vymera":2332,"lv":null}},{"type":"Feature","geometry":{"type":"Polygon","coordinates":[[[14.769605,50.077104],[14.769595,50.077186],[14.769517,50.077184],[14.769484,50.077477],[14.769832,50.077493],[14.769875,50.077468],[14.769877,50.077314],[14.769811,50.077278],[14.769831,50.077121],[14.769605,50.077104]]]},"properties":{"id":81801117010,"ku":"Tuklaty","p":"437/165","druh":"ostatní plocha","vyuziti":"ostatní komunikace","vymera":974,"lv":null}},{"type":"Feature","geometry":{"type":"Polygon","coordinates":[[[14.769371,50.077775],[14.769375,50.077544],[14.768917,50.077522],[14.768875,50.077547],[14.76887,50.077773],[14.769371,50.077775]]]},"properties":{"id":81801118010,"ku":"Tuklaty","p":"437/166","druh":"orná půda","vyuziti":null,"vymera":959,"lv":null}},{"type":"Feature","geometry":{"type":"Polygon","coordinates":[[[14.76987,50.077776],[14.769874,50.077594],[14.769833,50.077565],[14.769375,50.077544],[14.769371,50.077775],[14.76987,50.077776]]]},"properties":{"id":81801119010,"ku":"Tuklaty","p":"437/167","druh":"orná půda","vyuziti":null,"vymera":871,"lv":null}},{"type":"Feature","geometry":{"type":"Polygon","coordinates":[[[14.76887,50.077773],[14.768866,50.077974],[14.769368,50.077976],[14.769371,50.077775],[14.76887,50.077773]],[[14.769153,50.077949],[14.768964,50.077948],[14.768964,50.077887],[14.769153,50.077887],[14.769153,50.077949]]]},"properties":{"id":81801120010,"ku":"Tuklaty","p":"437/168","druh":"orná půda","vyuziti":null,"vymera":713,"lv":null}},{"type":"Feature","geometry":{"type":"Polygon","coordinates":[[[14.769371,50.077775],[14.769368,50.077976],[14.76987,50.077978],[14.76987,50.077776],[14.769371,50.077775]],[[14.769584,50.077889],[14.769774,50.07789],[14.769772,50.077951],[14.769583,50.07795],[14.769584,50.077889]]]},"properties":{"id":81801121010,"ku":"Tuklaty","p":"437/169","druh":"orná půda","vyuziti":null,"vymera":710,"lv":null}},{"type":"Feature","geometry":{"type":"Polygon","coordinates":[[[14.768866,50.077974],[14.768862,50.078174],[14.769365,50.078176],[14.769368,50.077976],[14.768866,50.077974]],[[14.76896,50.078087],[14.769149,50.078088],[14.769149,50.078149],[14.76896,50.078148],[14.76896,50.078087]]]},"properties":{"id":81801122010,"ku":"Tuklaty","p":"437/170","druh":"orná půda","vyuziti":null,"vymera":709,"lv":null}},{"type":"Feature","geometry":{"type":"Polygon","coordinates":[[[14.76987,50.077978],[14.769368,50.077976],[14.769365,50.078176],[14.769869,50.078178],[14.76987,50.077978]],[[14.769582,50.07815],[14.769583,50.078089],[14.769772,50.07809],[14.769772,50.078151],[14.769582,50.07815]]]},"properties":{"id":81801123010,"ku":"Tuklaty","p":"437/171","druh":"orná půda","vyuziti":null,"vymera":709,"lv":null}},{"type":"Feature","geometry":{"type":"Polygon","coordinates":[[[14.769365,50.078176],[14.768862,50.078174],[14.768857,50.078374],[14.769362,50.078376],[14.769365,50.078176]],[[14.768955,50.078347],[14.768955,50.078287],[14.769145,50.078287],[14.769145,50.078348],[14.768955,50.078347]]]},"properties":{"id":81801124010,"ku":"Tuklaty","p":"437/172","druh":"orná půda","vyuziti":null,"vymera":709,"lv":null}},{"type":"Feature","geometry":{"type":"Polygon","coordinates":[[[14.769869,50.078178],[14.769365,50.078176],[14.769362,50.078376],[14.769867,50.078377],[14.769869,50.078178]],[[14.769581,50.07835],[14.769581,50.078289],[14.76977,50.078289],[14.76977,50.07835],[14.769581,50.07835]]]},"properties":{"id":81801125010,"ku":"Tuklaty","p":"437/173","druh":"orná půda","vyuziti":null,"vymera":709,"lv":null}},{"type":"Feature","geometry":{"type":"Polygon","coordinates":[[[14.768857,50.078374],[14.768853,50.078573],[14.769359,50.078575],[14.769362,50.078376],[14.768857,50.078374]],[[14.768952,50.078547],[14.768952,50.078486],[14.769141,50.078486],[14.769141,50.078547],[14.768952,50.078547]]]},"properties":{"id":81801126010,"ku":"Tuklaty","p":"437/174","druh":"orná půda","vyuziti":null,"vymera":709,"lv":null}},{"type":"Feature","geometry":{"type":"Polygon","coordinates":[[[14.769362,50.078376],[14.769359,50.078575],[14.769866,50.078577],[14.769867,50.078377],[14.769362,50.078376]],[[14.769579,50.078549],[14.76958,50.078488],[14.769769,50.078488],[14.769768,50.078549],[14.769579,50.078549]]]},"properties":{"id":81801127010,"ku":"Tuklaty","p":"437/175","druh":"orná půda","vyuziti":null,"vymera":709,"lv":null}},{"type":"Feature","geometry":{"type":"Polygon","coordinates":[[[14.769359,50.078575],[14.768853,50.078573],[14.768849,50.078772],[14.769356,50.078774],[14.769359,50.078575]]]},"properties":{"id":81801128010,"ku":"Tuklaty","p":"437/176","druh":"orná půda","vyuziti":null,"vymera":802,"lv":null}},{"type":"Feature","geometry":{"type":"Polygon","coordinates":[[[14.769866,50.078577],[14.769359,50.078575],[14.769356,50.078774],[14.769864,50.078776],[14.769866,50.078577]]]},"properties":{"id":81801129010,"ku":"Tuklaty","p":"437/177","druh":"orná půda","vyuziti":null,"vymera":803,"lv":null}},{"type":"Feature","geometry":{"type":"Polygon","coordinates":[[[14.769353,50.078973],[14.769356,50.078774],[14.768849,50.078772],[14.768845,50.078944],[14.768887,50.078971],[14.769353,50.078973]]]},"properties":{"id":81801130010,"ku":"Tuklaty","p":"437/178","druh":"orná půda","vyuziti":null,"vymera":801,"lv":null}},{"type":"Feature","geometry":{"type":"Polygon","coordinates":[[[14.769864,50.078776],[14.769356,50.078774],[14.769353,50.078973],[14.76982,50.078974],[14.769862,50.078948],[14.769864,50.078776]]]},"properties":{"id":81801131010,"ku":"Tuklaty","p":"437/179","druh":"orná půda","vyuziti":null,"vymera":800,"lv":null}},{"type":"Feature","geometry":{"type":"Polygon","coordinates":[[[14.768223,50.079041],[14.768188,50.079041],[14.768149,50.079066],[14.768147,50.0794],[14.768212,50.0794],[14.768223,50.079041]]]},"properties":{"id":81801132010,"ku":"Tuklaty","p":"437/139","druh":"orná půda","vyuziti":null,"vymera":194,"lv":null}},{"type":"Feature","geometry":{"type":"Polygon","coordinates":[[[14.768022,50.0794],[14.768023,50.079229],[14.767325,50.079226],[14.767317,50.079397],[14.768022,50.0794]]]},"properties":{"id":81801133010,"ku":"Tuklaty","p":"437/140","druh":"orná půda","vyuziti":null,"vymera":953,"lv":null}},{"type":"Feature","geometry":{"type":"Polygon","coordinates":[[[14.768023,50.079229],[14.768023,50.079058],[14.767334,50.079056],[14.767325,50.079226],[14.768023,50.079229]]]},"properties":{"id":81801134010,"ku":"Tuklaty","p":"437/141","druh":"orná půda","vyuziti":null,"vymera":942,"lv":null}},{"type":"Feature","geometry":{"type":"Polygon","coordinates":[[[14.768023,50.079058],[14.767767,50.078896],[14.767738,50.07885],[14.767345,50.078849],[14.767334,50.079056],[14.768023,50.079058]]]},"properties":{"id":81801135010,"ku":"Tuklaty","p":"437/142","druh":"orná půda","vyuziti":null,"vymera":860,"lv":null}},{"type":"Feature","geometry":{"type":"Polygon","coordinates":[[[14.767738,50.07885],[14.767744,50.078573],[14.767359,50.078571],[14.767345,50.078849],[14.767738,50.07885]]]},"properties":{"id":81801136010,"ku":"Tuklaty","p":"437/143","druh":"orná půda","vyuziti":null,"vymera":859,"lv":null}},{"type":"Feature","geometry":{"type":"Polygon","coordinates":[[[14.767744,50.078573],[14.76775,50.078291],[14.767366,50.07829],[14.767359,50.078571],[14.767744,50.078573]]]},"properties":{"id":81801137010,"ku":"Tuklaty","p":"437/144","druh":"orná půda","vyuziti":null,"vymera":859,"lv":null}},{"type":"Feature","geometry":{"type":"Polygon","coordinates":[[[14.767755,50.078012],[14.767367,50.07801],[14.767366,50.07829],[14.76775,50.078291],[14.767755,50.078012]]]},"properties":{"id":81801138010,"ku":"Tuklaty","p":"437/145","druh":"orná půda","vyuziti":null,"vymera":859,"lv":null}},{"type":"Feature","geometry":{"type":"Polygon","coordinates":[[[14.767755,50.078012],[14.767761,50.077735],[14.767369,50.077734],[14.767367,50.07801],[14.767755,50.078012]]]},"properties":{"id":81801139010,"ku":"Tuklaty","p":"437/146","druh":"orná půda","vyuziti":null,"vymera":859,"lv":null}},{"type":"Feature","geometry":{"type":"Polygon","coordinates":[[[14.767761,50.077735],[14.767766,50.077496],[14.767725,50.077467],[14.76737,50.07745],[14.767369,50.077734],[14.767761,50.077735]]]},"properties":{"id":81801140010,"ku":"Tuklaty","p":"437/147","druh":"orná půda","vyuziti":null,"vymera":859,"lv":null}},{"type":"Feature","geometry":{"type":"Polygon","coordinates":[[[14.76752,50.077062],[14.767372,50.077053],[14.767371,50.077378],[14.767518,50.077385],[14.76752,50.077062]]]},"properties":{"id":81801141010,"ku":"Tuklaty","p":"437/148","druh":"orná půda","vyuziti":null,"vymera":381,"lv":null}},{"type":"Feature","geometry":{"type":"Polygon","coordinates":[[[14.76783,50.077081],[14.767675,50.077072],[14.767673,50.077392],[14.767828,50.0774],[14.76783,50.077081]]]},"properties":{"id":81801142010,"ku":"Tuklaty","p":"437/149","druh":"orná půda","vyuziti":null,"vymera":394,"lv":null}},{"type":"Feature","geometry":{"type":"Polygon","coordinates":[[[14.768139,50.0771],[14.767985,50.077091],[14.767983,50.077407],[14.768138,50.077414],[14.768139,50.0771]]]},"properties":{"id":81801143010,"ku":"Tuklaty","p":"437/150","druh":"orná půda","vyuziti":null,"vymera":388,"lv":null}},{"type":"Feature","geometry":{"type":"Polygon","coordinates":[[[14.76827,50.077492],[14.76792,50.077476],[14.767878,50.077501],[14.767872,50.077762],[14.768262,50.077765],[14.76827,50.077492]]]},"properties":{"id":81801144010,"ku":"Tuklaty","p":"437/151","druh":"orná půda","vyuziti":null,"vymera":869,"lv":null}},{"type":"Feature","geometry":{"type":"Polygon","coordinates":[[[14.767872,50.077762],[14.767867,50.078043],[14.768253,50.078047],[14.768262,50.077765],[14.767872,50.077762]]]},"properties":{"id":81801145010,"ku":"Tuklaty","p":"437/152","druh":"orná půda","vyuziti":null,"vymera":869,"lv":null}},{"type":"Feature","geometry":{"type":"Polygon","coordinates":[[[14.767867,50.078043],[14.767861,50.078327],[14.768245,50.07833],[14.768253,50.078047],[14.767867,50.078043]]]},"properties":{"id":81801146010,"ku":"Tuklaty","p":"437/153","druh":"orná půda","vyuziti":null,"vymera":870,"lv":null}},{"type":"Feature","geometry":{"type":"Polygon","coordinates":[[[14.768236,50.078616],[14.768245,50.07833],[14.767861,50.078327],[14.767855,50.078612],[14.768236,50.078616]]]},"properties":{"id":81801147010,"ku":"Tuklaty","p":"437/154","druh":"orná půda","vyuziti":null,"vymera":870,"lv":null}},{"type":"Feature","geometry":{"type":"Polygon","coordinates":[[[14.768225,50.078969],[14.768236,50.078616],[14.767855,50.078612],[14.767851,50.078796],[14.76788,50.078842],[14.768042,50.078949],[14.768113,50.078968],[14.768225,50.078969]]]},"properties":{"id":81801148010,"ku":"Tuklaty","p":"437/155","druh":"orná půda","vyuziti":null,"vymera":935,"lv":null}},{"type":"Feature","geometry":{"type":"Polygon","coordinates":[[[14.769002,50.079043],[14.768719,50.079042],[14.768716,50.079402],[14.768998,50.079403],[14.769002,50.079043]]]},"properties":{"id":81801149010,"ku":"Tuklaty","p":"437/136","druh":"orná půda","vyuziti":null,"vymera":809,"lv":null}},{"type":"Feature","geometry":{"type":"Polygon","coordinates":[[[14.768719,50.079042],[14.768436,50.079041],[14.768433,50.079401],[14.768716,50.079402],[14.768719,50.079042]]]},"properties":{"id":81801150010,"ku":"Tuklaty","p":"437/137","druh":"orná půda","vyuziti":null,"vymera":809,"lv":null}},{"type":"Feature","geometry":{"type":"Polygon","coordinates":[[[14.768436,50.079041],[14.768223,50.079041],[14.768212,50.0794],[14.768433,50.079401],[14.768436,50.079041]]]},"properties":{"id":81801151010,"ku":"Tuklaty","p":"437/138","druh":"orná půda","vyuziti":null,"vymera":622,"lv":null}},{"type":"Feature","geometry":{"type":"Polygon","coordinates":[[[14.768737,50.078768],[14.768231,50.078767],[14.768225,50.078969],[14.768691,50.07897],[14.768733,50.078944],[14.768737,50.078768]]]},"properties":{"id":81801152010,"ku":"Tuklaty","p":"437/156","druh":"orná půda","vyuziti":null,"vymera":812,"lv":null}},{"type":"Feature","geometry":{"type":"Polygon","coordinates":[[[14.768737,50.078768],[14.768742,50.078566],[14.768237,50.078564],[14.768231,50.078767],[14.768737,50.078768]]]},"properties":{"id":81801153010,"ku":"Tuklaty","p":"437/157","druh":"orná půda","vyuziti":null,"vymera":814,"lv":null}},{"type":"Feature","geometry":{"type":"Polygon","coordinates":[[[14.768742,50.078566],[14.768746,50.078364],[14.768244,50.078362],[14.768237,50.078564],[14.768742,50.078566]]]},"properties":{"id":81801154010,"ku":"Tuklaty","p":"437/158","druh":"orná půda","vyuziti":null,"vymera":809,"lv":null}},{"type":"Feature","geometry":{"type":"Polygon","coordinates":[[[14.768746,50.078364],[14.76875,50.078161],[14.76825,50.07816],[14.768244,50.078362],[14.768746,50.078364]]]},"properties":{"id":81801155010,"ku":"Tuklaty","p":"437/159","druh":"orná půda","vyuziti":null,"vymera":809,"lv":null}},{"type":"Feature","geometry":{"type":"Polygon","coordinates":[[[14.76875,50.078161],[14.768754,50.077955],[14.768256,50.077953],[14.76825,50.07816],[14.76875,50.078161]]]},"properties":{"id":81801156010,"ku":"Tuklaty","p":"437/160","druh":"orná půda","vyuziti":null,"vymera":822,"lv":null}},{"type":"Feature","geometry":{"type":"Polygon","coordinates":[[[14.768759,50.077746],[14.768263,50.077744],[14.768256,50.077953],[14.768754,50.077955],[14.768759,50.077746]]]},"properties":{"id":81801157010,"ku":"Tuklaty","p":"437/161","druh":"orná půda","vyuziti":null,"vymera":825,"lv":null}},{"type":"Feature","geometry":{"type":"Polygon","coordinates":[[[14.768759,50.077746],[14.768763,50.077542],[14.768722,50.077513],[14.76827,50.077492],[14.768263,50.077744],[14.768759,50.077746]]]},"properties":{"id":81801158010,"ku":"Tuklaty","p":"437/162","druh":"orná půda","vyuziti":null,"vymera":947,"lv":null}},{"type":"Feature","geometry":{"type":"Polygon","coordinates":[[[14.768449,50.077119],[14.768294,50.07711],[14.768293,50.077421],[14.768447,50.077428],[14.768449,50.077119]]]},"properties":{"id":81801159010,"ku":"Tuklaty","p":"437/163","druh":"orná půda","vyuziti":null,"vymera":383,"lv":null}},{"type":"Feature","geometry":{"type":"Polygon","coordinates":[[[14.745414,50.072801],[14.745358,50.073569],[14.746467,50.073814],[14.74654,50.072801],[14.746849,50.072582],[14.745566,50.07262],[14.745553,50.072803],[14.745414,50.072801]],[[14.746094,50.072745],[14.745924,50.072739],[14.745928,50.072685],[14.745893,50.072684],[14.745897,50.07263],[14.746102,50.072636],[14.746094,50.072745]]]},"properties":{"id":83982131010,"ku":"Tuklaty","p":"1161/3","druh":"ostatní plocha","vyuziti":"manipulační plocha","vymera":9592,"lv":null}},{"type":"Feature","geometry":{"type":"Polygon","coordinates":[[[14.770254,50.078404],[14.770223,50.078404],[14.770223,50.078353],[14.770101,50.078352],[14.770108,50.078481],[14.7701,50.078481],[14.7701,50.078518],[14.770253,50.078518],[14.770254,50.078404]]]},"properties":{"id":82579799010,"ku":"Tuklaty","p":"st. 413","druh":"zastavěná plocha a nádvoří","vyuziti":null,"vymera":187,"lv":null}},{"type":"Feature","geometry":{"type":"Polygon","coordinates":[[[14.772461,50.083441],[14.773084,50.083515],[14.773176,50.083317],[14.772596,50.083249],[14.772461,50.083441]]]},"properties":{"id":1635569204,"ku":"Tuklaty","p":"296/38","druh":"orná půda","vyuziti":null,"vymera":996,"lv":null}},{"type":"Feature","geometry":{"type":"Polygon","coordinates":[[[14.766739,50.087899],[14.766442,50.087736],[14.766138,50.087958],[14.76644,50.088132],[14.766739,50.087899]],[[14.766366,50.087967],[14.766273,50.08791],[14.766329,50.087865],[14.766335,50.087869],[14.76637,50.087846],[14.766402,50.087865],[14.76646,50.087827],[14.76652,50.087864],[14.766366,50.087967]]]},"properties":{"id":1916511204,"ku":"Tuklaty","p":"147/21","druh":"ostatní plocha","vyuziti":"jiná plocha","vymera":818,"lv":null}},{"type":"Feature","geometry":{"type":"Polygon","coordinates":[[[14.769229,50.080004],[14.768873,50.079711],[14.768784,50.07972],[14.768775,50.08011],[14.768864,50.080189],[14.769229,50.080004]]]},"properties":{"id":1872394204,"ku":"Tuklaty","p":"437/57","druh":"orná půda","vyuziti":null,"vymera":997,"lv":null}},{"type":"Feature","geometry":{"type":"Polygon","coordinates":[[[14.766714,50.081712],[14.766545,50.081576],[14.766253,50.081679],[14.766466,50.08186],[14.766714,50.081712]]]},"properties":{"id":1535287204,"ku":"Tuklaty","p":"62/2","druh":"zahrada","vyuziti":null,"vymera":531,"lv":null}},{"type":"Feature","geometry":{"type":"Polygon","coordinates":[[[14.769547,50.08156],[14.76932,50.081291],[14.768656,50.080882],[14.768567,50.08085],[14.768473,50.080851],[14.768564,50.080887],[14.7684,50.080898],[14.768548,50.080896],[14.76858,50.080911],[14.768581,50.080887],[14.768707,50.080972],[14.769118,50.081183],[14.769346,50.081361],[14.769478,50.081514],[14.769567,50.081635],[14.76962,50.08175],[14.769685,50.08194],[14.769772,50.082094],[14.76984,50.082182],[14.769957,50.082304],[14.769967,50.0824],[14.77,50.082404],[14.769968,50.082307],[14.769799,50.082083],[14.769547,50.08156]]]},"properties":{"id":1829795204,"ku":"Tuklaty","p":"55/5","druh":"vodní plocha","vyuziti":"koryto vodního toku přirozené nebo upravené","vymera":508,"lv":null}},{"type":"Feature","geometry":{"type":"Polygon","coordinates":[[[14.768122,50.080917],[14.7684,50.080898],[14.768138,50.080902],[14.768122,50.080917]]]},"properties":{"id":1829793204,"ku":"Tuklaty","p":"57/4","druh":"ostatní plocha","vyuziti":"jiná plocha","vymera":15,"lv":null}},{"type":"Feature","geometry":{"type":"Polygon","coordinates":[[[14.773156,50.080893],[14.773495,50.08103],[14.774173,50.079713],[14.77384,50.07961],[14.773382,50.0805],[14.773156,50.080893]]]},"properties":{"id":2468428204,"ku":"Tuklaty","p":"1048/1","druh":"orná půda","vyuziti":null,"vymera":4041,"lv":null}},{"type":"Feature","geometry":{"type":"Polygon","coordinates":[[[14.758608,50.083685],[14.758016,50.083649],[14.757916,50.083637],[14.758273,50.083848],[14.758608,50.083685]]]},"properties":{"id":1535573204,"ku":"Tuklaty","p":"805/21","druh":"orná půda","vyuziti":null,"vymera":500,"lv":null}},{"type":"Feature","geometry":{"type":"Polygon","coordinates":[[[14.753438,50.076037],[14.753533,50.076054],[14.753702,50.076069],[14.753761,50.076067],[14.754327,50.075959],[14.75433,50.07593],[14.753051,50.075635],[14.753438,50.076037]]]},"properties":{"id":1632594204,"ku":"Tuklaty","p":"605/3","druh":"ostatní plocha","vyuziti":"dráha","vymera":1916,"lv":null}},{"type":"Feature","geometry":{"type":"Polygon","coordinates":[[[14.768205,50.081987],[14.768097,50.081645],[14.767708,50.081695],[14.767806,50.082015],[14.768205,50.081987]]]},"properties":{"id":2113229204,"ku":"Tuklaty","p":"62/53","druh":"orná půda","vyuziti":null,"vymera":1069,"lv":null}},{"type":"Feature","geometry":{"type":"Polygon","coordinates":[[[14.768574,50.082972],[14.768205,50.082992],[14.768276,50.083403],[14.768649,50.083382],[14.768574,50.082972]],[[14.76839,50.083187],[14.768369,50.083037],[14.768486,50.08303],[14.768508,50.08318],[14.76839,50.083187]]]},"properties":{"id":2253578204,"ku":"Tuklaty","p":"62/67","druh":"orná půda","vyuziti":null,"vymera":1081,"lv":null}},{"type":"Feature","geometry":{"type":"Polygon","coordinates":[[[14.768174,50.083842],[14.768152,50.0839],[14.768193,50.083907],[14.768217,50.083849],[14.768174,50.083842]]]},"properties":{"id":1535131204,"ku":"Tuklaty","p":"st. 196","druh":"zastavěná plocha a nádvoří","vyuziti":null,"vymera":21,"lv":null}},{"type":"Feature","geometry":{"type":"Polygon","coordinates":[[[14.772211,50.083513],[14.772186,50.083505],[14.772204,50.08348],[14.772162,50.083468],[14.772168,50.083459],[14.772123,50.083446],[14.772117,50.083454],[14.772075,50.083442],[14.772022,50.083518],[14.77215,50.083556],[14.77217,50.083528],[14.772195,50.083535],[14.772211,50.083513]]]},"properties":{"id":2171797204,"ku":"Tuklaty","p":"st. 324","druh":"zastavěná plocha a nádvoří","vyuziti":null,"vymera":103,"lv":null}},{"type":"Feature","geometry":{"type":"Polygon","coordinates":[[[14.77027,50.082608],[14.770364,50.082623],[14.770408,50.082521],[14.770307,50.08251],[14.77027,50.082608]]]},"properties":{"id":2475955204,"ku":"Tuklaty","p":"st. 355","druh":"zastavěná plocha a nádvoří","vyuziti":null,"vymera":82,"lv":null}},{"type":"Feature","geometry":{"type":"Polygon","coordinates":[[[14.76816,50.080881],[14.768486,50.080857],[14.768473,50.080851],[14.768187,50.080856],[14.76816,50.080881]]]},"properties":{"id":1829791204,"ku":"Tuklaty","p":"57/2","druh":"vodní plocha","vyuziti":"koryto vodního toku umělé","vymera":37,"lv":null}},{"type":"Feature","geometry":{"type":"Polygon","coordinates":[[[14.759826,50.073709],[14.759828,50.073669],[14.75903,50.073568],[14.758629,50.073446],[14.758572,50.073437],[14.758552,50.073483],[14.759027,50.073598],[14.759826,50.073709]]]},"properties":{"id":1999065204,"ku":"Tuklaty","p":"539/2","druh":"ostatní plocha","vyuziti":"jiná plocha","vymera":387,"lv":null}},{"type":"Feature","geometry":{"type":"Polygon","coordinates":[[[14.773803,50.081169],[14.77381,50.081157],[14.773495,50.08103],[14.773491,50.081038],[14.773803,50.081169]]]},"properties":{"id":2468427204,"ku":"Tuklaty","p":"1047/3","druh":"ostatní plocha","vyuziti":"jiná plocha","vymera":30,"lv":null}},{"type":"Feature","geometry":{"type":"Polygon","coordinates":[[[14.772503,50.076977],[14.773293,50.077024],[14.773778,50.077122],[14.77399,50.077139],[14.774064,50.077064],[14.773965,50.07709],[14.773765,50.077076],[14.773495,50.077017],[14.773413,50.077009],[14.7733,50.076984],[14.772503,50.076977]]]},"properties":{"id":1736426204,"ku":"Tuklaty","p":"909/32","druh":"ostatní plocha","vyuziti":"dráha","vymera":389,"lv":null}},{"type":"Feature","geometry":{"type":"Polygon","coordinates":[[[14.75746,50.084243],[14.756782,50.083846],[14.756709,50.083906],[14.757365,50.084289],[14.75746,50.084243]]]},"properties":{"id":1535563204,"ku":"Tuklaty","p":"805/11","druh":"orná půda","vyuziti":null,"vymera":541,"lv":null}},{"type":"Feature","geometry":{"type":"Polygon","coordinates":[[[14.757806,50.084075],[14.757046,50.083629],[14.756987,50.083678],[14.757728,50.084113],[14.757806,50.084075]]]},"properties":{"id":1535567204,"ku":"Tuklaty","p":"805/15","druh":"orná půda","vyuziti":null,"vymera":501,"lv":null}},{"type":"Feature","geometry":{"type":"Polygon","coordinates":[[[14.757883,50.084037],[14.757104,50.083582],[14.757046,50.083629],[14.757806,50.084075],[14.757883,50.084037]]]},"properties":{"id":1535568204,"ku":"Tuklaty","p":"805/16","druh":"orná půda","vyuziti":null,"vymera":503,"lv":null}},{"type":"Feature","geometry":{"type":"Polygon","coordinates":[[[14.758138,50.083913],[14.75762,50.083604],[14.757388,50.083577],[14.75804,50.083961],[14.758138,50.083913]]]},"properties":{"id":1535571204,"ku":"Tuklaty","p":"805/19","druh":"orná půda","vyuziti":null,"vymera":503,"lv":null}},{"type":"Feature","geometry":{"type":"Polygon","coordinates":[[[14.758273,50.083848],[14.757916,50.083637],[14.75762,50.083604],[14.758138,50.083913],[14.758273,50.083848]]]},"properties":{"id":1535572204,"ku":"Tuklaty","p":"805/20","druh":"orná půda","vyuziti":null,"vymera":502,"lv":null}},{"type":"Feature","geometry":{"type":"Polygon","coordinates":[[[14.752157,50.075418],[14.752914,50.075748],[14.753438,50.076037],[14.753051,50.075635],[14.752157,50.075418]]]},"properties":{"id":1632592204,"ku":"Tuklaty","p":"516/8","druh":"orná půda","vyuziti":null,"vymera":916,"lv":null}},{"type":"Feature","geometry":{"type":"Polygon","coordinates":[[[14.741765,50.073623],[14.741689,50.07443],[14.742072,50.074505],[14.742138,50.073571],[14.742151,50.073239],[14.741907,50.073523],[14.741765,50.073623]]]},"properties":{"id":1535540204,"ku":"Tuklaty","p":"741/4","druh":"ostatní plocha","vyuziti":"manipulační plocha","vymera":3063,"lv":null}},{"type":"Feature","geometry":{"type":"Polygon","coordinates":[[[14.754327,50.075959],[14.754351,50.075954],[14.755104,50.076073],[14.754698,50.076004],[14.75433,50.07593],[14.754327,50.075959]]]},"properties":{"id":1632593204,"ku":"Tuklaty","p":"516/9","druh":"orná půda","vyuziti":null,"vymera":46,"lv":null}},{"type":"Feature","geometry":{"type":"Polygon","coordinates":[[[14.77065,50.082303],[14.770578,50.08249],[14.770823,50.082528],[14.770882,50.082337],[14.77065,50.082303]]]},"properties":{"id":2224323204,"ku":"Tuklaty","p":"st. 332","druh":"zastavěná plocha a nádvoří","vyuziti":null,"vymera":377,"lv":null}},{"type":"Feature","geometry":{"type":"Polygon","coordinates":[[[14.768138,50.080902],[14.7684,50.080898],[14.768564,50.080887],[14.768486,50.080857],[14.76816,50.080881],[14.768138,50.080902]]]},"properties":{"id":1829792204,"ku":"Tuklaty","p":"57/3","druh":"vodní plocha","vyuziti":"koryto vodního toku umělé","vymera":89,"lv":null}},{"type":"Feature","geometry":{"type":"Polygon","coordinates":[[[14.773154,50.080896],[14.773491,50.081038],[14.773495,50.08103],[14.773154,50.080896]]]},"properties":{"id":2468430204,"ku":"Tuklaty","p":"1048/3","druh":"ostatní plocha","vyuziti":"jiná plocha","vymera":18,"lv":null}},{"type":"Feature","geometry":{"type":"Polygon","coordinates":[[[14.766061,50.085874],[14.765821,50.085992],[14.766024,50.086136],[14.766066,50.086109],[14.766045,50.086095],[14.76613,50.086043],[14.766216,50.0861],[14.766088,50.086178],[14.76614,50.086212],[14.766841,50.085769],[14.766587,50.085661],[14.766061,50.085874]]]},"properties":{"id":1534971204,"ku":"Tuklaty","p":"st. 36","druh":"zastavěná plocha a nádvoří","vyuziti":null,"vymera":1787,"lv":null}},{"type":"Feature","geometry":{"type":"Polygon","coordinates":[[[14.768473,50.080851],[14.768431,50.080833],[14.768159,50.080827],[14.768187,50.080856],[14.768473,50.080851]]]},"properties":{"id":1535279204,"ku":"Tuklaty","p":"57/1","druh":"ostatní plocha","vyuziti":"jiná plocha","vymera":54,"lv":null}},{"type":"Feature","geometry":{"type":"Polygon","coordinates":[[[14.770472,50.084473],[14.770884,50.084501],[14.771021,50.08414],[14.770439,50.084098],[14.770408,50.084276],[14.770513,50.084287],[14.770472,50.084473]],[[14.770603,50.084435],[14.770629,50.084347],[14.770821,50.084371],[14.770795,50.084458],[14.770603,50.084435]]]},"properties":{"id":2146693204,"ku":"Tuklaty","p":"285/27","druh":"zahrada","vyuziti":null,"vymera":1321,"lv":null}},{"type":"Feature","geometry":{"type":"Polygon","coordinates":[[[14.770821,50.084371],[14.770629,50.084347],[14.770603,50.084435],[14.770795,50.084458],[14.770821,50.084371]]]},"properties":{"id":2237947204,"ku":"Tuklaty","p":"st. 334","druh":"zastavěná plocha a nádvoří","vyuziti":null,"vymera":139,"lv":null}},{"type":"Feature","geometry":{"type":"Polygon","coordinates":[[[14.774064,50.077064],[14.774074,50.077053],[14.773821,50.077037],[14.773821,50.077082],[14.773965,50.07709],[14.774064,50.077064]]]},"properties":{"id":1736427204,"ku":"Tuklaty","p":"909/33","druh":"ostatní plocha","vyuziti":"dráha","vymera":73,"lv":null}},{"type":"Feature","geometry":{"type":"Polygon","coordinates":[[[14.773821,50.077082],[14.773821,50.077037],[14.773495,50.077017],[14.773765,50.077076],[14.773821,50.077082]]]},"properties":{"id":1736428204,"ku":"Tuklaty","p":"909/34","druh":"ostatní plocha","vyuziti":"dráha","vymera":65,"lv":null}},{"type":"Feature","geometry":{"type":"Polygon","coordinates":[[[14.757552,50.084198],[14.756852,50.083788],[14.756782,50.083846],[14.75746,50.084243],[14.757552,50.084198]]]},"properties":{"id":1535564204,"ku":"Tuklaty","p":"805/12","druh":"orná půda","vyuziti":null,"vymera":541,"lv":null}},{"type":"Feature","geometry":{"type":"Polygon","coordinates":[[[14.757641,50.084155],[14.75692,50.083733],[14.756852,50.083788],[14.757552,50.084198],[14.757641,50.084155]]]},"properties":{"id":1535565204,"ku":"Tuklaty","p":"805/13","druh":"orná půda","vyuziti":null,"vymera":541,"lv":null}},{"type":"Feature","geometry":{"type":"Polygon","coordinates":[[[14.757728,50.084113],[14.756987,50.083678],[14.75692,50.083733],[14.757641,50.084155],[14.757728,50.084113]]]},"properties":{"id":1535566204,"ku":"Tuklaty","p":"805/14","druh":"orná půda","vyuziti":null,"vymera":541,"lv":null}},{"type":"Feature","geometry":{"type":"Polygon","coordinates":[[[14.757959,50.084],[14.757196,50.083555],[14.757144,50.083549],[14.757104,50.083582],[14.757883,50.084037],[14.757959,50.084]]]},"properties":{"id":1535569204,"ku":"Tuklaty","p":"805/17","druh":"orná půda","vyuziti":null,"vymera":502,"lv":null}},{"type":"Feature","geometry":{"type":"Polygon","coordinates":[[[14.75804,50.083961],[14.757388,50.083577],[14.757196,50.083555],[14.757959,50.084],[14.75804,50.083961]]]},"properties":{"id":1535570204,"ku":"Tuklaty","p":"805/18","druh":"orná půda","vyuziti":null,"vymera":501,"lv":null}},{"type":"Feature","geometry":{"type":"Polygon","coordinates":[[[14.755115,50.075845],[14.755116,50.075832],[14.75451,50.075693],[14.753848,50.075551],[14.755115,50.075845]]]},"properties":{"id":1535633204,"ku":"Tuklaty","p":"909/3","druh":"ostatní plocha","vyuziti":"dráha","vymera":99,"lv":null}},{"type":"Feature","geometry":{"type":"Polygon","coordinates":[[[14.764783,50.082196],[14.764969,50.082218],[14.765022,50.082052],[14.764828,50.082029],[14.764783,50.082196]]]},"properties":{"id":1535304204,"ku":"Tuklaty","p":"72/4","druh":"zahrada","vyuziti":null,"vymera":260,"lv":null}},{"type":"Feature","geometry":{"type":"Polygon","coordinates":[[[14.767834,50.080924],[14.76769,50.080945],[14.767366,50.08092],[14.767368,50.080959],[14.767653,50.080985],[14.767848,50.080953],[14.767834,50.080924]]]},"properties":{"id":2011659204,"ku":"Tuklaty","p":"495/6","druh":"vodní plocha","vyuziti":"koryto vodního toku umělé","vymera":141,"lv":null}},{"type":"Feature","geometry":{"type":"Polygon","coordinates":[[[14.765089,50.086244],[14.765315,50.086182],[14.76533,50.086204],[14.765365,50.086195],[14.765402,50.08625],[14.7655,50.086223],[14.765478,50.08618],[14.765423,50.086195],[14.765365,50.08611],[14.765432,50.086091],[14.765421,50.08607],[14.76488,50.086129],[14.76495,50.086402],[14.765167,50.086363],[14.765089,50.086244]]]},"properties":{"id":1535318204,"ku":"Tuklaty","p":"119/3","druh":"zahrada","vyuziti":null,"vymera":762,"lv":null}},{"type":"Feature","geometry":{"type":"Polygon","coordinates":[[[14.769082,50.087009],[14.769117,50.086749],[14.769051,50.086742],[14.768969,50.086989],[14.768796,50.087241],[14.768872,50.087269],[14.769082,50.087009]]]},"properties":{"id":1535592204,"ku":"Tuklaty","p":"855/2","druh":"ostatní plocha","vyuziti":"ostatní komunikace","vymera":409,"lv":null}},{"type":"Feature","geometry":{"type":"Polygon","coordinates":[[[14.772607,50.080766],[14.77244,50.0807],[14.772271,50.082817],[14.772075,50.083094],[14.771992,50.083176],[14.771702,50.083396],[14.771334,50.083702],[14.771225,50.083841],[14.771021,50.08414],[14.770873,50.084529],[14.770836,50.084727],[14.771013,50.084712],[14.771002,50.084693],[14.771016,50.084453],[14.771122,50.084203],[14.771279,50.083891],[14.771399,50.083758],[14.771619,50.083536],[14.772049,50.083185],[14.772225,50.083096],[14.772418,50.082779],[14.77256,50.080961],[14.772582,50.080858],[14.772572,50.080782],[14.772607,50.080766]]]},"properties":{"id":1535606204,"ku":"Tuklaty","p":"874","druh":"ostatní plocha","vyuziti":"ostatní komunikace","vymera":4076,"lv":null}},{"type":"Feature","geometry":{"type":"Polygon","coordinates":[[[14.752029,50.075143],[14.752661,50.075287],[14.752703,50.075197],[14.752448,50.075115],[14.750669,50.074721],[14.749982,50.074509],[14.749973,50.074611],[14.750286,50.07468],[14.752029,50.075143]]]},"properties":{"id":2251550204,"ku":"Tuklaty","p":"1137","druh":"ostatní plocha","vyuziti":"zeleň","vymera":2029,"lv":null}},{"type":"Feature","geometry":{"type":"Polygon","coordinates":[[[14.768606,50.072104],[14.766902,50.07216],[14.766912,50.074548],[14.77012,50.074482],[14.770123,50.072044],[14.768606,50.072104]]]},"properties":{"id":2251496204,"ku":"Tuklaty","p":"1083","druh":"orná půda","vyuziti":null,"vymera":61675,"lv":null}},{"type":"Feature","geometry":{"type":"Polygon","coordinates":[[[14.770473,50.071843],[14.770968,50.071826],[14.770902,50.071126],[14.77041,50.071198],[14.770473,50.071843]]]},"properties":{"id":2251499204,"ku":"Tuklaty","p":"1086","druh":"orná půda","vyuziti":null,"vymera":2669,"lv":null}},{"type":"Feature","geometry":{"type":"Polygon","coordinates":[[[14.767063,50.071441],[14.768166,50.071388],[14.768256,50.071384],[14.768116,50.071078],[14.766313,50.071141],[14.766395,50.071983],[14.767114,50.071959],[14.767063,50.071441]]]},"properties":{"id":2251503204,"ku":"Tuklaty","p":"1090","druh":"orná půda","vyuziti":null,"vymera":7729,"lv":null}},{"type":"Feature","geometry":{"type":"Polygon","coordinates":[[[14.769299,50.085478],[14.769297,50.085462],[14.769357,50.085452],[14.769333,50.0854],[14.769218,50.08535],[14.769149,50.085351],[14.76915,50.085408],[14.769094,50.085456],[14.769008,50.08547],[14.768947,50.085525],[14.769129,50.085614],[14.769215,50.085613],[14.769214,50.085536],[14.76924,50.085529],[14.769299,50.085478]]]},"properties":{"id":1534937204,"ku":"Tuklaty","p":"st. 3/1","druh":"zastavěná plocha a nádvoří","vyuziti":null,"vymera":433,"lv":null}},{"type":"Feature","geometry":{"type":"Polygon","coordinates":[[[14.767969,50.087219],[14.767747,50.087136],[14.767712,50.087171],[14.767939,50.08725],[14.767969,50.087219]]]},"properties":{"id":21503353010,"ku":"Tuklaty","p":"147/28","druh":"zahrada","vyuziti":null,"vymera":80,"lv":null}},{"type":"Feature","geometry":{"type":"Polygon","coordinates":[[[14.771964,50.081507],[14.771953,50.081757],[14.772353,50.081768],[14.772368,50.081571],[14.771964,50.081507]],[[14.771959,50.081749],[14.771962,50.081705],[14.77203,50.081707],[14.772027,50.081751],[14.771959,50.081749]],[[14.772318,50.081678],[14.7721,50.081671],[14.772107,50.081581],[14.772336,50.081588],[14.772332,50.081645],[14.77232,50.081645],[14.772318,50.081678]]]},"properties":{"id":1535420204,"ku":"Tuklaty","p":"288/1","druh":"zahrada","vyuziti":null,"vymera":537,"lv":null}},{"type":"Feature","geometry":{"type":"Polygon","coordinates":[[[14.764529,50.081998],[14.764493,50.082114],[14.764349,50.082097],[14.764335,50.082144],[14.764734,50.08219],[14.764728,50.082212],[14.764777,50.082218],[14.764828,50.082029],[14.764529,50.081998]]]},"properties":{"id":1535015204,"ku":"Tuklaty","p":"st. 83/1","druh":"zastavěná plocha a nádvoří","vyuziti":null,"vymera":472,"lv":null}},{"type":"Feature","geometry":{"type":"Polygon","coordinates":[[[14.764264,50.08228],[14.764279,50.082297],[14.764777,50.082218],[14.764728,50.082212],[14.764734,50.08219],[14.764335,50.082144],[14.764349,50.082097],[14.764493,50.082114],[14.764529,50.081998],[14.76436,50.08198],[14.764264,50.08228]]]},"properties":{"id":1535307204,"ku":"Tuklaty","p":"72/8","druh":"zahrada","vyuziti":null,"vymera":519,"lv":null}},{"type":"Feature","geometry":{"type":"Polygon","coordinates":[[[14.773636,50.081867],[14.773664,50.081618],[14.773237,50.081604],[14.77321,50.081852],[14.773636,50.081867]],[[14.773416,50.08169],[14.773544,50.081695],[14.773537,50.081771],[14.773564,50.081772],[14.773558,50.081831],[14.773364,50.081823],[14.77337,50.081764],[14.773408,50.081766],[14.773416,50.08169]]]},"properties":{"id":1535439204,"ku":"Tuklaty","p":"296/4","druh":"orná půda","vyuziti":null,"vymera":676,"lv":null}},{"type":"Feature","geometry":{"type":"Polygon","coordinates":[[[14.77361,50.08211],[14.773636,50.081867],[14.77321,50.081852],[14.773156,50.082097],[14.77361,50.08211]]]},"properties":{"id":1635580204,"ku":"Tuklaty","p":"296/48","druh":"orná půda","vyuziti":null,"vymera":859,"lv":null}},{"type":"Feature","geometry":{"type":"Polygon","coordinates":[[[14.773756,50.081924],[14.773725,50.082201],[14.774286,50.082286],[14.774379,50.082018],[14.773756,50.081924]]]},"properties":{"id":1635582204,"ku":"Tuklaty","p":"296/50","druh":"orná půda","vyuziti":null,"vymera":1330,"lv":null}},{"type":"Feature","geometry":{"type":"Polygon","coordinates":[[[14.771984,50.084117],[14.772765,50.08421],[14.772859,50.084003],[14.772123,50.083915],[14.771984,50.084117]]]},"properties":{"id":1635566204,"ku":"Tuklaty","p":"296/35","druh":"orná půda","vyuziti":null,"vymera":1322,"lv":null}},{"type":"Feature","geometry":{"type":"Polygon","coordinates":[[[14.766021,50.087083],[14.766038,50.087109],[14.766337,50.086977],[14.766541,50.086832],[14.766514,50.086819],[14.766347,50.08693],[14.766021,50.087083]]]},"properties":{"id":1535194204,"ku":"Tuklaty","p":"16/8","druh":"vodní plocha","vyuziti":"koryto vodního toku přirozené nebo upravené","vymera":148,"lv":null}},{"type":"Feature","geometry":{"type":"Polygon","coordinates":[[[14.770867,50.085263],[14.770295,50.085248],[14.770275,50.085304],[14.77062,50.085354],[14.770651,50.085275],[14.770806,50.085299],[14.770786,50.085352],[14.770803,50.085355],[14.770792,50.085382],[14.770775,50.085382],[14.770816,50.085388],[14.770867,50.085263]]]},"properties":{"id":1535233204,"ku":"Tuklaty","p":"30/10","druh":"zahrada","vyuziti":null,"vymera":295,"lv":null}},{"type":"Feature","geometry":{"type":"Polygon","coordinates":[[[14.771383,50.077191],[14.771193,50.077209],[14.771195,50.077216],[14.771515,50.0772],[14.771383,50.077191]]]},"properties":{"id":1736411204,"ku":"Tuklaty","p":"909/26","druh":"ostatní plocha","vyuziti":"jiná plocha","vymera":24,"lv":null}},{"type":"Feature","geometry":{"type":"Polygon","coordinates":[[[14.765236,50.084734],[14.765516,50.084737],[14.765605,50.084492],[14.765622,50.084494],[14.765661,50.084208],[14.76544,50.084195],[14.765236,50.084734]]]},"properties":{"id":1535503204,"ku":"Tuklaty","p":"506/2","druh":"orná půda","vyuziti":null,"vymera":1140,"lv":null}},{"type":"Feature","geometry":{"type":"Polygon","coordinates":[[[14.771234,50.080389],[14.771223,50.08043],[14.771376,50.08045],[14.771374,50.080388],[14.771117,50.079153],[14.771061,50.079174],[14.771146,50.07936],[14.771021,50.079356],[14.771234,50.080389]]]},"properties":{"id":1736450204,"ku":"Tuklaty","p":"878/1","druh":"ostatní plocha","vyuziti":"ostatní komunikace","vymera":1269,"lv":null}},{"type":"Feature","geometry":{"type":"Polygon","coordinates":[[[14.778746,50.08617],[14.778862,50.086156],[14.778804,50.085995],[14.778684,50.08601],[14.778746,50.08617]]]},"properties":{"id":1535366204,"ku":"Tuklaty","p":"275/7","druh":"orná půda","vyuziti":null,"vymera":158,"lv":null}},{"type":"Feature","geometry":{"type":"Polygon","coordinates":[[[14.77431,50.071709],[14.77432,50.071453],[14.774235,50.071479],[14.774214,50.071495],[14.774197,50.071675],[14.774221,50.071712],[14.77431,50.071709]]]},"properties":{"id":1535458204,"ku":"Tuklaty","p":"384/2","druh":"orná půda","vyuziti":null,"vymera":208,"lv":null}},{"type":"Feature","geometry":{"type":"Polygon","coordinates":[[[14.772268,50.071693],[14.77237,50.071569],[14.77237,50.071489],[14.772211,50.071489],[14.772212,50.071774],[14.772232,50.071773],[14.772268,50.071693]]]},"properties":{"id":1535462204,"ku":"Tuklaty","p":"384/9","druh":"orná půda","vyuziti":null,"vymera":226,"lv":null}},{"type":"Feature","geometry":{"type":"Polygon","coordinates":[[[14.76459,50.076611],[14.764586,50.076644],[14.764689,50.07665],[14.764694,50.076618],[14.76459,50.076611]]]},"properties":{"id":1736419204,"ku":"Tuklaty","p":"st. 312","druh":"zastavěná plocha a nádvoří","vyuziti":null,"vymera":27,"lv":null}},{"type":"Feature","geometry":{"type":"Polygon","coordinates":[[[14.766654,50.081534],[14.766881,50.081718],[14.767311,50.081663],[14.767072,50.081366],[14.766654,50.081534]]]},"properties":{"id":2113194204,"ku":"Tuklaty","p":"62/15","druh":"orná půda","vyuziti":null,"vymera":1017,"lv":null}},{"type":"Feature","geometry":{"type":"Polygon","coordinates":[[[14.768596,50.081498],[14.768601,50.081406],[14.768126,50.081202],[14.767928,50.081285],[14.768148,50.081557],[14.768596,50.081498]],[[14.768178,50.081499],[14.768146,50.081398],[14.768341,50.081373],[14.768369,50.081461],[14.768288,50.081471],[14.768292,50.081484],[14.768178,50.081499]]]},"properties":{"id":2113198204,"ku":"Tuklaty","p":"62/19","druh":"zahrada","vyuziti":null,"vymera":948,"lv":null}},{"type":"Feature","geometry":{"type":"Polygon","coordinates":[[[14.767605,50.082029],[14.766972,50.082074],[14.767048,50.082283],[14.767634,50.082242],[14.767605,50.082029]]]},"properties":{"id":2113231204,"ku":"Tuklaty","p":"62/55","druh":"orná půda","vyuziti":null,"vymera":1044,"lv":null}},{"type":"Feature","geometry":{"type":"Polygon","coordinates":[[[14.746849,50.072582],[14.746611,50.07275],[14.746827,50.072762],[14.746815,50.072931],[14.746583,50.072928],[14.74658,50.072966],[14.746616,50.072967],[14.746615,50.072981],[14.746679,50.072983],[14.746676,50.073015],[14.746578,50.073012],[14.746563,50.073205],[14.746795,50.073211],[14.74677,50.07355],[14.746486,50.073546],[14.746467,50.073814],[14.746756,50.07388],[14.746849,50.072582]]]},"properties":{"id":2320497204,"ku":"Tuklaty","p":"1161/1","druh":"orná půda","vyuziti":null,"vymera":1406,"lv":null}},{"type":"Feature","geometry":{"type":"Polygon","coordinates":[[[14.772449,50.082332],[14.772427,50.082644],[14.772894,50.082717],[14.773016,50.082406],[14.772449,50.082332]]]},"properties":{"id":1635574204,"ku":"Tuklaty","p":"296/43","druh":"orná půda","vyuziti":null,"vymera":1322,"lv":null}},{"type":"Feature","geometry":{"type":"Polygon","coordinates":[[[14.772469,50.082077],[14.772449,50.082332],[14.773016,50.082406],[14.773125,50.082096],[14.772469,50.082077]],[[14.772665,50.082314],[14.772542,50.08231],[14.772546,50.08227],[14.772563,50.082271],[14.77257,50.0822],[14.772607,50.082201],[14.772621,50.082188],[14.772654,50.082189],[14.772664,50.082203],[14.772716,50.082205],[14.77271,50.082283],[14.772667,50.082281],[14.772665,50.082314]]]},"properties":{"id":1635576204,"ku":"Tuklaty","p":"296/45","druh":"zahrada","vyuziti":null,"vymera":1272,"lv":null}},{"type":"Feature","geometry":{"type":"Polygon","coordinates":[[[14.759728,50.083053],[14.759685,50.082995],[14.759707,50.082988],[14.75972,50.083004],[14.759792,50.082982],[14.75978,50.082966],[14.759804,50.082958],[14.759765,50.082905],[14.759564,50.082967],[14.759645,50.083079],[14.759728,50.083053]]]},"properties":{"id":2316932204,"ku":"Tuklaty","p":"st. 340","druh":"zastavěná plocha a nádvoří","vyuziti":null,"vymera":162,"lv":null}},{"type":"Feature","geometry":{"type":"Polygon","coordinates":[[[14.77447,50.081749],[14.773789,50.081655],[14.773786,50.081677],[14.774463,50.081771],[14.77447,50.081749]]]},"properties":{"id":2107431204,"ku":"Tuklaty","p":"296/58","druh":"orná půda","vyuziti":null,"vymera":123,"lv":null}},{"type":"Feature","geometry":{"type":"Polygon","coordinates":[[[14.774047,50.081266],[14.773154,50.080896],[14.773138,50.080912],[14.773771,50.081188],[14.774242,50.08134],[14.774578,50.081401],[14.774582,50.08138],[14.774415,50.081354],[14.774047,50.081266]]]},"properties":{"id":1803110204,"ku":"Tuklaty","p":"920/1","druh":"ostatní plocha","vyuziti":"ostatní komunikace","vymera":290,"lv":null}},{"type":"Feature","geometry":{"type":"Polygon","coordinates":[[[14.774204,50.071347],[14.774319,50.071349],[14.774326,50.071243],[14.77421,50.07124],[14.774204,50.071347]]]},"properties":{"id":1535178204,"ku":"Tuklaty","p":"st. 302","druh":"zastavěná plocha a nádvoří","vyuziti":null,"vymera":98,"lv":null}},{"type":"Feature","geometry":{"type":"Polygon","coordinates":[[[14.778684,50.08601],[14.779052,50.085964],[14.779052,50.08593],[14.778717,50.085919],[14.778474,50.085961],[14.778562,50.086197],[14.778622,50.08622],[14.778765,50.086222],[14.778684,50.08601]]]},"properties":{"id":1535372204,"ku":"Tuklaty","p":"275/15","druh":"orná půda","vyuziti":null,"vymera":612,"lv":null}},{"type":"Feature","geometry":{"type":"Polygon","coordinates":[[[14.773361,50.071042],[14.773365,50.0711],[14.773377,50.071104],[14.773598,50.071097],[14.773701,50.071058],[14.773743,50.071061],[14.773874,50.07116],[14.773946,50.071106],[14.773944,50.071036],[14.773361,50.071042]]]},"properties":{"id":1535460204,"ku":"Tuklaty","p":"384/7","druh":"orná půda","vyuziti":null,"vymera":281,"lv":null}},{"type":"Feature","geometry":{"type":"Polygon","coordinates":[[[14.759731,50.072817],[14.758716,50.07271],[14.758711,50.072751],[14.75873,50.072751],[14.758644,50.07345],[14.759048,50.073555],[14.759656,50.073644],[14.759731,50.072817]]]},"properties":{"id":1535513204,"ku":"Tuklaty","p":"547/10","druh":"orná půda","vyuziti":null,"vymera":6489,"lv":null}},{"type":"Feature","geometry":{"type":"Polygon","coordinates":[[[14.773365,50.077304],[14.773366,50.077289],[14.772627,50.077222],[14.771928,50.077182],[14.771515,50.0772],[14.773365,50.077304]]]},"properties":{"id":1736425204,"ku":"Tuklaty","p":"909/31","druh":"ostatní plocha","vyuziti":"dráha","vymera":448,"lv":null}},{"type":"Feature","geometry":{"type":"Polygon","coordinates":[[[14.764883,50.083379],[14.764549,50.083401],[14.764881,50.083394],[14.764883,50.083379]]]},"properties":{"id":1621592204,"ku":"Tuklaty","p":"506/8","druh":"orná půda","vyuziti":null,"vymera":20,"lv":null}},{"type":"Feature","geometry":{"type":"Polygon","coordinates":[[[14.76841,50.086345],[14.768606,50.086419],[14.768719,50.086453],[14.768539,50.086267],[14.768449,50.086303],[14.76841,50.086345]]]},"properties":{"id":1535215204,"ku":"Tuklaty","p":"24","druh":"zahrada","vyuziti":null,"vymera":167,"lv":null}},{"type":"Feature","geometry":{"type":"Polygon","coordinates":[[[14.766139,50.086461],[14.766335,50.086589],[14.766635,50.0864],[14.766497,50.086307],[14.766374,50.086385],[14.766315,50.086348],[14.766139,50.086461]],[[14.766231,50.086485],[14.766338,50.086417],[14.766452,50.086492],[14.766344,50.08656],[14.766231,50.086485]]]},"properties":{"id":1535192204,"ku":"Tuklaty","p":"16/6","druh":"zahrada","vyuziti":null,"vymera":410,"lv":null}},{"type":"Feature","geometry":{"type":"Polygon","coordinates":[[[14.777091,50.092185],[14.777495,50.090937],[14.775893,50.090587],[14.774761,50.090434],[14.774337,50.091745],[14.777091,50.092185]]]},"properties":{"id":2251413204,"ku":"Tuklaty","p":"1000","druh":"orná půda","vyuziti":null,"vymera":30100,"lv":null}},{"type":"Feature","geometry":{"type":"Polygon","coordinates":[[[14.769607,50.081525],[14.769505,50.08151],[14.769547,50.08156],[14.769639,50.081745],[14.769855,50.08175],[14.769667,50.081602],[14.769623,50.081556],[14.769607,50.081525]]]},"properties":{"id":1853087204,"ku":"Tuklaty","p":"55/6","druh":"trvalý travní porost","vyuziti":null,"vymera":238,"lv":null}},{"type":"Feature","geometry":{"type":"Polygon","coordinates":[[[14.769861,50.082172],[14.770253,50.08218],[14.77011,50.081973],[14.769743,50.081966],[14.769799,50.082083],[14.769861,50.082172]]]},"properties":{"id":1853085204,"ku":"Tuklaty","p":"55/3","druh":"zahrada","vyuziti":null,"vymera":626,"lv":null}},{"type":"Feature","geometry":{"type":"Polygon","coordinates":[[[14.769344,50.08587],[14.768539,50.086267],[14.768719,50.086453],[14.768945,50.086573],[14.769197,50.086647],[14.769574,50.086694],[14.769658,50.086688],[14.769842,50.086644],[14.770031,50.086576],[14.770194,50.08649],[14.770262,50.086395],[14.770352,50.086302],[14.77032,50.086297],[14.769344,50.08587]]]},"properties":{"id":1535218204,"ku":"Tuklaty","p":"26/3","druh":"trvalý travní porost","vyuziti":null,"vymera":7040,"lv":null}},{"type":"Feature","geometry":{"type":"Polygon","coordinates":[[[14.769935,50.086871],[14.769977,50.087008],[14.770041,50.086882],[14.770086,50.086873],[14.770133,50.086745],[14.770247,50.086554],[14.770088,50.086625],[14.769935,50.086871]]]},"properties":{"id":1535597204,"ku":"Tuklaty","p":"864/1","druh":"ostatní plocha","vyuziti":"ostatní komunikace","vymera":344,"lv":null}},{"type":"Feature","geometry":{"type":"Polygon","coordinates":[[[14.752467,50.072588],[14.752137,50.072656],[14.751973,50.074952],[14.752481,50.075065],[14.752707,50.075142],[14.753916,50.075406],[14.7542,50.075437],[14.754315,50.07546],[14.754492,50.072993],[14.754371,50.073006],[14.75412,50.073008],[14.753802,50.073038],[14.753518,50.073054],[14.752746,50.073089],[14.752547,50.072616],[14.752467,50.072588]]]},"properties":{"id":2251548204,"ku":"Tuklaty","p":"1135","druh":"orná půda","vyuziti":null,"vymera":43066,"lv":null}},{"type":"Feature","geometry":{"type":"Polygon","coordinates":[[[14.770187,50.076672],[14.770188,50.075917],[14.770118,50.075915],[14.770117,50.076646],[14.77008,50.07667],[14.770187,50.076672]]]},"properties":{"id":2251493204,"ku":"Tuklaty","p":"1080","druh":"ostatní plocha","vyuziti":"ostatní komunikace","vymera":424,"lv":null}},{"type":"Feature","geometry":{"type":"Polygon","coordinates":[[[14.768218,50.071922],[14.768451,50.071914],[14.768396,50.071374],[14.768166,50.071388],[14.768218,50.071922]]]},"properties":{"id":2251501204,"ku":"Tuklaty","p":"1088","druh":"orná půda","vyuziti":null,"vymera":994,"lv":null}},{"type":"Feature","geometry":{"type":"Polygon","coordinates":[[[14.76461,50.072043],[14.765896,50.072],[14.765814,50.071159],[14.764535,50.071204],[14.76461,50.072043]]]},"properties":{"id":2251505204,"ku":"Tuklaty","p":"1092","druh":"orná půda","vyuziti":null,"vymera":8604,"lv":null}},{"type":"Feature","geometry":{"type":"Polygon","coordinates":[[[14.769216,50.084711],[14.76931,50.084736],[14.769361,50.084662],[14.769639,50.084737],[14.769699,50.08465],[14.769597,50.084623],[14.76961,50.084603],[14.769543,50.084585],[14.76953,50.084605],[14.769336,50.084552],[14.769354,50.084525],[14.769311,50.084514],[14.769367,50.084424],[14.769289,50.084403],[14.769225,50.084505],[14.769322,50.08453],[14.769312,50.084546],[14.769241,50.084527],[14.769151,50.084657],[14.769238,50.084682],[14.769216,50.084711]]]},"properties":{"id":1534947204,"ku":"Tuklaty","p":"st. 11","druh":"zastavěná plocha a nádvoří","vyuziti":null,"vymera":571,"lv":null}},{"type":"Feature","geometry":{"type":"Polygon","coordinates":[[[14.770803,50.085355],[14.770786,50.085352],[14.770806,50.085299],[14.770651,50.085275],[14.77062,50.085354],[14.770792,50.085382],[14.770803,50.085355]]]},"properties":{"id":1535157204,"ku":"Tuklaty","p":"st. 225","druh":"zastavěná plocha a nádvoří","vyuziti":null,"vymera":110,"lv":null}},{"type":"Feature","geometry":{"type":"Polygon","coordinates":[[[14.742151,50.073239],[14.742152,50.073205],[14.742136,50.073192],[14.741856,50.073119],[14.741833,50.07315],[14.742151,50.073239]]]},"properties":{"id":1736416204,"ku":"Tuklaty","p":"909/29","druh":"ostatní plocha","vyuziti":"jiná plocha","vymera":98,"lv":null}},{"type":"Feature","geometry":{"type":"Polygon","coordinates":[[[14.765622,50.084494],[14.766269,50.084538],[14.766297,50.084483],[14.766477,50.084518],[14.766578,50.08453],[14.76659,50.084467],[14.766631,50.084441],[14.766695,50.084423],[14.766408,50.084426],[14.766406,50.084204],[14.766217,50.084228],[14.765661,50.084208],[14.765622,50.084494]],[[14.766317,50.084407],[14.766196,50.084405],[14.7662,50.084329],[14.766321,50.084331],[14.766317,50.084407]],[[14.765704,50.084317],[14.76581,50.084323],[14.765805,50.084359],[14.765848,50.084361],[14.765838,50.084429],[14.765795,50.084427],[14.765788,50.084474],[14.765683,50.084468],[14.765704,50.084317]]]},"properties":{"id":1535183204,"ku":"Tuklaty","p":"6/1","druh":"zahrada","vyuziti":null,"vymera":1720,"lv":null}},{"type":"Feature","geometry":{"type":"Polygon","coordinates":[[[14.766865,50.076521],[14.766856,50.074563],[14.766199,50.074564],[14.766202,50.075344],[14.766425,50.075344],[14.76643,50.076527],[14.766795,50.076559],[14.766865,50.076521]]]},"properties":{"id":2251510204,"ku":"Tuklaty","p":"1097","druh":"orná půda","vyuziti":null,"vymera":8229,"lv":null}},{"type":"Feature","geometry":{"type":"Polygon","coordinates":[[[14.773786,50.081677],[14.773756,50.081924],[14.774379,50.082018],[14.774463,50.081771],[14.773786,50.081677]],[[14.774019,50.081821],[14.774181,50.081835],[14.774162,50.081929],[14.774008,50.081916],[14.774006,50.081926],[14.773866,50.081914],[14.773879,50.081849],[14.774012,50.08186],[14.774019,50.081821]]]},"properties":{"id":1635581204,"ku":"Tuklaty","p":"296/49","druh":"orná půda","vyuziti":null,"vymera":1127,"lv":null}},{"type":"Feature","geometry":{"type":"Polygon","coordinates":[[[14.771596,50.080389],[14.771374,50.080388],[14.771376,50.08045],[14.771418,50.080439],[14.77244,50.0807],[14.773751,50.081228],[14.773756,50.081203],[14.774202,50.081345],[14.774512,50.081409],[14.774575,50.081416],[14.774578,50.081401],[14.774242,50.08134],[14.773771,50.081188],[14.773138,50.080912],[14.773167,50.080879],[14.772782,50.080757],[14.772478,50.08065],[14.772577,50.080658],[14.772507,50.080629],[14.771711,50.080429],[14.771596,50.080389]]]},"properties":{"id":1535426204,"ku":"Tuklaty","p":"289/1","druh":"ostatní plocha","vyuziti":"ostatní komunikace","vymera":1591,"lv":null}},{"type":"Feature","geometry":{"type":"Polygon","coordinates":[[[14.769574,50.086694],[14.769725,50.086737],[14.76995,50.086674],[14.770088,50.086625],[14.770247,50.086554],[14.770501,50.086246],[14.770955,50.085524],[14.771025,50.085325],[14.771063,50.085112],[14.7711,50.084842],[14.771064,50.084798],[14.770851,50.084809],[14.770906,50.084877],[14.770934,50.085005],[14.770926,50.085106],[14.770638,50.085843],[14.770588,50.085943],[14.770404,50.086249],[14.770262,50.086395],[14.770194,50.08649],[14.770031,50.086576],[14.769842,50.086644],[14.769658,50.086688],[14.769574,50.086694]]]},"properties":{"id":1535599204,"ku":"Tuklaty","p":"865","druh":"ostatní plocha","vyuziti":"ostatní komunikace","vymera":2259,"lv":null}},{"type":"Feature","geometry":{"type":"Polygon","coordinates":[[[14.770853,50.077879],[14.770893,50.078077],[14.771383,50.078062],[14.771344,50.077881],[14.770853,50.077879]],[[14.770986,50.07803],[14.770968,50.077977],[14.770951,50.077979],[14.770947,50.07796],[14.77096,50.077959],[14.770956,50.077923],[14.771079,50.077912],[14.771084,50.077932],[14.771106,50.077938],[14.77111,50.077955],[14.77109,50.077964],[14.771101,50.07802],[14.770986,50.07803]]]},"properties":{"id":1616075204,"ku":"Tuklaty","p":"330/10","druh":"zahrada","vyuziti":null,"vymera":637,"lv":null}},{"type":"Feature","geometry":{"type":"Polygon","coordinates":[[[14.773014,50.082413],[14.772978,50.082501],[14.773461,50.082578],[14.773494,50.082489],[14.773014,50.082413]]]},"properties":{"id":2242540204,"ku":"Tuklaty","p":"296/59","druh":"orná půda","vyuziti":null,"vymera":361,"lv":null}},{"type":"Feature","geometry":{"type":"Polygon","coordinates":[[[14.772978,50.082501],[14.772894,50.082717],[14.773375,50.082795],[14.773461,50.082578],[14.772978,50.082501]],[[14.773117,50.082715],[14.773159,50.082607],[14.773337,50.082636],[14.773295,50.082744],[14.773117,50.082715]]]},"properties":{"id":1635575204,"ku":"Tuklaty","p":"296/44","druh":"zahrada","vyuziti":null,"vymera":716,"lv":null}},{"type":"Feature","geometry":{"type":"Polygon","coordinates":[[[14.767925,50.083707],[14.767643,50.083688],[14.767672,50.083765],[14.767943,50.083777],[14.767925,50.083707]]]},"properties":{"id":1535292204,"ku":"Tuklaty","p":"62/8","druh":"ostatní plocha","vyuziti":"jiná plocha","vymera":160,"lv":null}},{"type":"Feature","geometry":{"type":"Polygon","coordinates":[[[14.767653,50.080985],[14.767639,50.081041],[14.767848,50.080953],[14.767653,50.080985]]]},"properties":{"id":1621513204,"ku":"Tuklaty","p":"495/5","druh":"trvalý travní porost","vyuziti":null,"vymera":43,"lv":null}},{"type":"Feature","geometry":{"type":"Polygon","coordinates":[[[14.765421,50.08607],[14.765432,50.086091],[14.765612,50.086042],[14.765669,50.086127],[14.765478,50.08618],[14.7655,50.086223],[14.765716,50.086165],[14.765768,50.086243],[14.76575,50.086248],[14.765768,50.086276],[14.765557,50.086334],[14.765583,50.086385],[14.765568,50.086389],[14.765615,50.086479],[14.765631,50.086482],[14.765766,50.086384],[14.765831,50.086316],[14.765824,50.08631],[14.765746,50.08633],[14.765729,50.086316],[14.765843,50.086289],[14.765844,50.086282],[14.76587,50.086273],[14.765872,50.086289],[14.765849,50.086341],[14.765793,50.086393],[14.765655,50.086493],[14.765662,50.086508],[14.76614,50.086212],[14.765821,50.085992],[14.765421,50.08607]]]},"properties":{"id":1535317204,"ku":"Tuklaty","p":"119/2","druh":"ostatní plocha","vyuziti":"manipulační plocha","vymera":1152,"lv":null}},{"type":"Feature","geometry":{"type":"Polygon","coordinates":[[[14.753297,50.075433],[14.75451,50.075693],[14.755136,50.075836],[14.755597,50.075923],[14.756492,50.076059],[14.758002,50.076269],[14.757503,50.07612],[14.75677,50.076008],[14.75418,50.075489],[14.753895,50.075458],[14.752703,50.075197],[14.752661,50.075287],[14.753297,50.075433]]]},"properties":{"id":2251549204,"ku":"Tuklaty","p":"1136","druh":"ostatní plocha","vyuziti":"zeleň","vymera":4689,"lv":null}},{"type":"Feature","geometry":{"type":"Polygon","coordinates":[[[14.767134,50.076589],[14.764126,50.076324],[14.763219,50.076285],[14.763027,50.076291],[14.762788,50.076281],[14.762199,50.076295],[14.762201,50.076349],[14.762787,50.076335],[14.76306,50.076347],[14.763213,50.076339],[14.764118,50.076377],[14.767139,50.076644],[14.767671,50.076673],[14.769104,50.07669],[14.772546,50.076814],[14.773413,50.077009],[14.773447,50.076942],[14.773331,50.076934],[14.772585,50.076766],[14.77028,50.076675],[14.769108,50.076636],[14.767675,50.076619],[14.767134,50.076589]]]},"properties":{"id":2251494204,"ku":"Tuklaty","p":"1081","druh":"ostatní plocha","vyuziti":"ostatní komunikace","vymera":4870,"lv":null}},{"type":"Feature","geometry":{"type":"Polygon","coordinates":[[[14.770968,50.071826],[14.771433,50.071807],[14.77136,50.071058],[14.770902,50.071126],[14.770968,50.071826]]]},"properties":{"id":2251498204,"ku":"Tuklaty","p":"1085","druh":"ostatní plocha","vyuziti":"jiná plocha","vymera":2683,"lv":null}},{"type":"Feature","geometry":{"type":"Polygon","coordinates":[[[14.767114,50.071959],[14.768218,50.071922],[14.768166,50.071388],[14.767063,50.071441],[14.767114,50.071959]]]},"properties":{"id":2251502204,"ku":"Tuklaty","p":"1089","druh":"orná půda","vyuziti":null,"vymera":4636,"lv":null}},{"type":"Feature","geometry":{"type":"Polygon","coordinates":[[[14.767477,50.085557],[14.767408,50.085637],[14.767445,50.085675],[14.767449,50.085706],[14.767661,50.085759],[14.767784,50.085712],[14.767819,50.085737],[14.76832,50.085575],[14.76847,50.085511],[14.76925,50.085127],[14.769471,50.085027],[14.769568,50.085003],[14.769574,50.084976],[14.769659,50.084921],[14.769868,50.084855],[14.770026,50.084819],[14.770183,50.084794],[14.770845,50.084793],[14.770851,50.084809],[14.771064,50.084798],[14.771031,50.084743],[14.770455,50.084742],[14.770083,50.084761],[14.769788,50.084814],[14.76955,50.084888],[14.76952,50.084921],[14.769423,50.084977],[14.768999,50.085169],[14.768409,50.085456],[14.768164,50.085556],[14.767791,50.085667],[14.767626,50.085629],[14.767477,50.085557]]]},"properties":{"id":1535601204,"ku":"Tuklaty","p":"866/2","druh":"ostatní plocha","vyuziti":"silnice","vymera":2082,"lv":null}},{"type":"Feature","geometry":{"type":"Polygon","coordinates":[[[14.771101,50.07802],[14.77109,50.077964],[14.77111,50.077955],[14.771106,50.077938],[14.771084,50.077932],[14.771079,50.077912],[14.770956,50.077923],[14.77096,50.077959],[14.770947,50.07796],[14.770951,50.077979],[14.770968,50.077977],[14.770986,50.07803],[14.771101,50.07802]]]},"properties":{"id":2213001204,"ku":"Tuklaty","p":"st. 328","druh":"zastavěná plocha a nádvoří","vyuziti":null,"vymera":113,"lv":null}},{"type":"Feature","geometry":{"type":"Polygon","coordinates":[[[14.764279,50.082297],[14.764473,50.082514],[14.764969,50.082218],[14.764783,50.082196],[14.764777,50.082218],[14.764279,50.082297]]]},"properties":{"id":1535308204,"ku":"Tuklaty","p":"72/9","druh":"zahrada","vyuziti":null,"vymera":734,"lv":null}},{"type":"Feature","geometry":{"type":"Polygon","coordinates":[[[14.773544,50.081695],[14.773416,50.08169],[14.773408,50.081766],[14.77337,50.081764],[14.773364,50.081823],[14.773558,50.081831],[14.773564,50.081772],[14.773537,50.081771],[14.773544,50.081695]]]},"properties":{"id":2247769204,"ku":"Tuklaty","p":"st. 335","druh":"zastavěná plocha a nádvoří","vyuziti":null,"vymera":169,"lv":null}},{"type":"Feature","geometry":{"type":"Polygon","coordinates":[[[14.772209,50.083606],[14.771619,50.083536],[14.771399,50.083758],[14.772045,50.083835],[14.772209,50.083606]]]},"properties":{"id":1635557204,"ku":"Tuklaty","p":"280/9","druh":"zahrada","vyuziti":null,"vymera":1222,"lv":null}},{"type":"Feature","geometry":{"type":"Polygon","coordinates":[[[14.76606,50.087145],[14.766065,50.087153],[14.766125,50.087128],[14.766374,50.086999],[14.766587,50.086856],[14.766561,50.086843],[14.766362,50.086986],[14.76606,50.087145]]]},"properties":{"id":1535203204,"ku":"Tuklaty","p":"17/11","druh":"vodní plocha","vyuziti":"koryto vodního toku přirozené nebo upravené","vymera":84,"lv":null}},{"type":"Feature","geometry":{"type":"Polygon","coordinates":[[[14.7672,50.086049],[14.767069,50.086174],[14.767005,50.086327],[14.767087,50.086353],[14.767112,50.086404],[14.767495,50.086448],[14.76754,50.08627],[14.767418,50.086116],[14.7672,50.086049]]]},"properties":{"id":1705570204,"ku":"Tuklaty","p":"st. 41/1","druh":"zastavěná plocha a nádvoří","vyuziti":null,"vymera":1153,"lv":null}},{"type":"Feature","geometry":{"type":"Polygon","coordinates":[[[14.765945,50.086332],[14.765856,50.086387],[14.766541,50.086832],[14.766584,50.086752],[14.765945,50.086332]]]},"properties":{"id":1535187204,"ku":"Tuklaty","p":"16/1","druh":"ostatní plocha","vyuziti":"ostatní komunikace","vymera":586,"lv":null}},{"type":"Feature","geometry":{"type":"Polygon","coordinates":[[[14.767829,50.081544],[14.767917,50.081529],[14.767895,50.081461],[14.767719,50.081484],[14.767739,50.081546],[14.76781,50.081537],[14.767829,50.081544]]]},"properties":{"id":2463720204,"ku":"Tuklaty","p":"st. 352","druh":"zastavěná plocha a nádvoří","vyuziti":null,"vymera":97,"lv":null}},{"type":"Feature","geometry":{"type":"Polygon","coordinates":[[[14.767501,50.08688],[14.767394,50.086982],[14.767202,50.087104],[14.767076,50.087163],[14.766572,50.087354],[14.766263,50.087467],[14.766254,50.087457],[14.764923,50.087924],[14.76409,50.088174],[14.763709,50.088318],[14.763057,50.088659],[14.762097,50.089513],[14.762379,50.089361],[14.762591,50.089192],[14.763116,50.088746],[14.763455,50.088539],[14.763794,50.088377],[14.764145,50.088251],[14.764606,50.088117],[14.76535,50.087878],[14.76575,50.08773],[14.766146,50.087594],[14.766193,50.087577],[14.766175,50.087564],[14.767086,50.087223],[14.767257,50.087145],[14.767428,50.087039],[14.767532,50.086953],[14.767595,50.086881],[14.767703,50.086728],[14.767781,50.086537],[14.767818,50.086304],[14.767595,50.086101],[14.767575,50.086048],[14.767465,50.086039],[14.767485,50.085912],[14.767576,50.085741],[14.767449,50.085706],[14.767386,50.085905],[14.767452,50.086073],[14.767543,50.086183],[14.767647,50.08628],[14.767709,50.086365],[14.767722,50.086415],[14.767701,50.086526],[14.767625,50.086709],[14.767501,50.08688]]]},"properties":{"id":1535634204,"ku":"Tuklaty","p":"910/1","druh":"ostatní plocha","vyuziti":"silnice","vymera":4854,"lv":null}},{"type":"Feature","geometry":{"type":"Polygon","coordinates":[[[14.77395,50.071233],[14.772663,50.071268],[14.77237,50.071489],[14.77237,50.071569],[14.772294,50.071651],[14.772232,50.071773],[14.772281,50.071772],[14.772298,50.071765],[14.7726,50.071529],[14.772716,50.071501],[14.773136,50.071483],[14.773184,50.071434],[14.77362,50.071422],[14.774049,50.071658],[14.774185,50.071713],[14.774221,50.071712],[14.774197,50.071675],[14.774214,50.071495],[14.774235,50.071479],[14.77432,50.071453],[14.774337,50.070986],[14.7742,50.070987],[14.773944,50.071036],[14.77395,50.071233]],[[14.77421,50.07124],[14.774326,50.071243],[14.774319,50.071349],[14.774204,50.071347],[14.77421,50.07124]]]},"properties":{"id":1535177204,"ku":"Tuklaty","p":"st. 301","druh":"zastavěná plocha a nádvoří","vyuziti":null,"vymera":4637,"lv":null}},{"type":"Feature","geometry":{"type":"Polygon","coordinates":[[[14.778765,50.086222],[14.779054,50.086226],[14.779053,50.086131],[14.778746,50.08617],[14.778765,50.086222]]]},"properties":{"id":1535371204,"ku":"Tuklaty","p":"275/14","druh":"orná půda","vyuziti":null,"vymera":176,"lv":null}},{"type":"Feature","geometry":{"type":"Polygon","coordinates":[[[14.757273,50.084333],[14.75664,50.083962],[14.756568,50.084022],[14.757179,50.084379],[14.757273,50.084333]]]},"properties":{"id":1535561204,"ku":"Tuklaty","p":"805/9","druh":"orná půda","vyuziti":null,"vymera":502,"lv":null}},{"type":"Feature","geometry":{"type":"Polygon","coordinates":[[[14.760845,50.073704],[14.760892,50.073685],[14.76102,50.072996],[14.760971,50.07299],[14.760884,50.073397],[14.760845,50.073704]]]},"properties":{"id":1535511204,"ku":"Tuklaty","p":"547/8","druh":"orná půda","vyuziti":null,"vymera":307,"lv":null}},{"type":"Feature","geometry":{"type":"Polygon","coordinates":[[[14.757638,50.076463],[14.758105,50.076502],[14.757638,50.076445],[14.757638,50.076463]]]},"properties":{"id":1736423204,"ku":"Tuklaty","p":"909/30","druh":"ostatní plocha","vyuziti":"dráha","vymera":32,"lv":null}},{"type":"Feature","geometry":{"type":"Polygon","coordinates":[[[14.77101,50.079626],[14.770864,50.079639],[14.770876,50.079702],[14.770839,50.079705],[14.770847,50.079749],[14.770923,50.079743],[14.77092,50.079728],[14.771029,50.079719],[14.77101,50.079626]]]},"properties":{"id":1535086204,"ku":"Tuklaty","p":"st. 152","druh":"zastavěná plocha a nádvoří","vyuziti":null,"vymera":128,"lv":null}},{"type":"Feature","geometry":{"type":"Polygon","coordinates":[[[14.767708,50.081695],[14.767302,50.081747],[14.767393,50.082044],[14.767806,50.082015],[14.767708,50.081695]]]},"properties":{"id":2113228204,"ku":"Tuklaty","p":"62/52","druh":"orná půda","vyuziti":null,"vymera":1038,"lv":null}},{"type":"Feature","geometry":{"type":"Polygon","coordinates":[[[14.769815,50.081749],[14.769639,50.081745],[14.769743,50.081966],[14.770078,50.081972],[14.769815,50.081749]]]},"properties":{"id":1853086204,"ku":"Tuklaty","p":"55/4","druh":"trvalý travní porost","vyuziti":null,"vymera":444,"lv":null}},{"type":"Feature","geometry":{"type":"Polygon","coordinates":[[[14.77026,50.082442],[14.770291,50.082337],[14.770281,50.082243],[14.770253,50.08218],[14.769861,50.082172],[14.769968,50.082307],[14.77,50.082404],[14.77026,50.082442]]]},"properties":{"id":1853084204,"ku":"Tuklaty","p":"55/2","druh":"trvalý travní porost","vyuziti":null,"vymera":648,"lv":null}},{"type":"Feature","geometry":{"type":"Polygon","coordinates":[[[14.772488,50.08183],[14.772469,50.082077],[14.773156,50.082097],[14.77321,50.081852],[14.772488,50.08183]]]},"properties":{"id":1635578204,"ku":"Tuklaty","p":"296/47","druh":"orná půda","vyuziti":null,"vymera":1385,"lv":null}},{"type":"Feature","geometry":{"type":"Polygon","coordinates":[[[14.769677,50.083923],[14.769897,50.083953],[14.769937,50.083827],[14.769718,50.083798],[14.769677,50.083923]]]},"properties":{"id":1535004204,"ku":"Tuklaty","p":"st. 71","druh":"zastavěná plocha a nádvoří","vyuziti":null,"vymera":229,"lv":null}},{"type":"Feature","geometry":{"type":"Polygon","coordinates":[[[14.769718,50.083798],[14.769328,50.083743],[14.76926,50.083867],[14.769677,50.083923],[14.769718,50.083798]]]},"properties":{"id":1535245204,"ku":"Tuklaty","p":"36/5","druh":"zahrada","vyuziti":null,"vymera":424,"lv":null}},{"type":"Feature","geometry":{"type":"Polygon","coordinates":[[[14.759677,50.083191],[14.759146,50.082631],[14.759122,50.083454],[14.759293,50.083396],[14.759474,50.083311],[14.759677,50.083191]],[[14.759271,50.083283],[14.759501,50.083163],[14.759554,50.083204],[14.7594,50.083284],[14.75942,50.083299],[14.759374,50.083323],[14.759355,50.083308],[14.759323,50.083325],[14.759271,50.083283]]]},"properties":{"id":2216987204,"ku":"Tuklaty","p":"828/4","druh":"zahrada","vyuziti":null,"vymera":1724,"lv":null}},{"type":"Feature","geometry":{"type":"Polygon","coordinates":[[[14.768217,50.083849],[14.768193,50.083907],[14.768235,50.083914],[14.768258,50.083856],[14.768217,50.083849]]]},"properties":{"id":1535132204,"ku":"Tuklaty","p":"st. 197","druh":"zastavěná plocha a nádvoří","vyuziti":null,"vymera":20,"lv":null}},{"type":"Feature","geometry":{"type":"Polygon","coordinates":[[[14.770934,50.085005],[14.770388,50.085006],[14.770367,50.085058],[14.77089,50.085204],[14.770926,50.085106],[14.770934,50.085005]],[[14.770834,50.085139],[14.770685,50.085115],[14.770723,50.085016],[14.770872,50.08504],[14.770834,50.085139]]]},"properties":{"id":1535236204,"ku":"Tuklaty","p":"30/13","druh":"zahrada","vyuziti":null,"vymera":438,"lv":null}},{"type":"Feature","geometry":{"type":"Polygon","coordinates":[[[14.766905,50.081815],[14.766895,50.081856],[14.766972,50.082074],[14.767393,50.082044],[14.767302,50.081747],[14.766956,50.081791],[14.766905,50.081815]]]},"properties":{"id":2113227204,"ku":"Tuklaty","p":"62/51","druh":"orná půda","vyuziti":null,"vymera":981,"lv":null}},{"type":"Feature","geometry":{"type":"Polygon","coordinates":[[[14.77381,50.081157],[14.774502,50.079814],[14.774173,50.079713],[14.773683,50.080666],[14.77396,50.080751],[14.773761,50.081137],[14.77381,50.081157]]]},"properties":{"id":2468425204,"ku":"Tuklaty","p":"1047/1","druh":"orná půda","vyuziti":null,"vymera":3071,"lv":null}},{"type":"Feature","geometry":{"type":"Polygon","coordinates":[[[14.756518,50.075901],[14.756755,50.072601],[14.755865,50.072629],[14.755609,50.072645],[14.755431,50.072669],[14.755218,50.075641],[14.756518,50.075901]]]},"properties":{"id":2251533204,"ku":"Tuklaty","p":"1120","druh":"orná půda","vyuziti":null,"vymera":33008,"lv":null}},{"type":"Feature","geometry":{"type":"Polygon","coordinates":[[[14.757075,50.080648],[14.756986,50.082683],[14.759024,50.083444],[14.759122,50.083454],[14.759165,50.081996],[14.759187,50.081814],[14.757075,50.080648]]]},"properties":{"id":2251627204,"ku":"Tuklaty","p":"1214","druh":"orná půda","vyuziti":null,"vymera":31750,"lv":null}},{"type":"Feature","geometry":{"type":"Polygon","coordinates":[[[14.761071,50.078825],[14.763706,50.079035],[14.763658,50.078902],[14.76335,50.078412],[14.762962,50.07774],[14.762855,50.077589],[14.762666,50.077385],[14.762605,50.077333],[14.76118,50.077249],[14.761071,50.078825]]]},"properties":{"id":2251634204,"ku":"Tuklaty","p":"1221","druh":"orná půda","vyuziti":null,"vymera":26670,"lv":null}},{"type":"Feature","geometry":{"type":"Polygon","coordinates":[[[14.761224,50.071926],[14.758469,50.071977],[14.758681,50.072194],[14.758732,50.072187],[14.759545,50.072178],[14.761284,50.072143],[14.761224,50.071926]]]},"properties":{"id":2251523204,"ku":"Tuklaty","p":"1110","druh":"orná půda","vyuziti":null,"vymera":4693,"lv":null}},{"type":"Feature","geometry":{"type":"Polygon","coordinates":[[[14.758329,50.073615],[14.758436,50.072709],[14.758414,50.072485],[14.758267,50.072507],[14.758075,50.072549],[14.757974,50.072562],[14.757856,50.072569],[14.75751,50.072571],[14.757263,50.076028],[14.757533,50.076069],[14.757884,50.076168],[14.757988,50.073604],[14.758329,50.073615]]]},"properties":{"id":2251531204,"ku":"Tuklaty","p":"1118","druh":"orná půda","vyuziti":null,"vymera":19391,"lv":null}},{"type":"Feature","geometry":{"type":"Polygon","coordinates":[[[14.762167,50.076261],[14.762705,50.076252],[14.762633,50.076076],[14.762153,50.076098],[14.762167,50.076261]]]},"properties":{"id":1999058204,"ku":"Tuklaty","p":"357/15","druh":"orná půda","vyuziti":null,"vymera":691,"lv":null}},{"type":"Feature","geometry":{"type":"Polygon","coordinates":[[[14.771332,50.077821],[14.770841,50.077837],[14.770793,50.077583],[14.770753,50.077587],[14.770819,50.07788],[14.771344,50.077881],[14.771332,50.077821]]]},"properties":{"id":1619376204,"ku":"Tuklaty","p":"330/8","druh":"orná půda","vyuziti":null,"vymera":276,"lv":null}},{"type":"Feature","geometry":{"type":"Polygon","coordinates":[[[14.765503,50.081952],[14.764923,50.081293],[14.764791,50.081121],[14.764654,50.081138],[14.765385,50.081993],[14.765503,50.081952]]]},"properties":{"id":1621532204,"ku":"Tuklaty","p":"910/3","druh":"ostatní plocha","vyuziti":"silnice","vymera":1009,"lv":null}},{"type":"Feature","geometry":{"type":"Polygon","coordinates":[[[14.767605,50.082029],[14.767634,50.082242],[14.768274,50.082197],[14.768205,50.081987],[14.767605,50.082029]],[[14.768148,50.082162],[14.767971,50.082175],[14.767956,50.08209],[14.768133,50.082077],[14.768148,50.082162]]]},"properties":{"id":2113230204,"ku":"Tuklaty","p":"62/54","druh":"orná půda","vyuziti":null,"vymera":943,"lv":null}},{"type":"Feature","geometry":{"type":"Polygon","coordinates":[[[14.75945,50.08319],[14.759271,50.083283],[14.759323,50.083325],[14.759355,50.083308],[14.759374,50.083323],[14.75942,50.083299],[14.7594,50.083284],[14.759502,50.083231],[14.75945,50.08319]]]},"properties":{"id":2316934204,"ku":"Tuklaty","p":"st. 341","druh":"zastavěná plocha a nádvoří","vyuziti":null,"vymera":107,"lv":null}},{"type":"Feature","geometry":{"type":"Polygon","coordinates":[[[14.766497,50.086307],[14.766442,50.08627],[14.766315,50.086348],[14.766374,50.086385],[14.766497,50.086307]]]},"properties":{"id":2402112204,"ku":"Tuklaty","p":"st. 349","druh":"zastavěná plocha a nádvoří","vyuziti":null,"vymera":73,"lv":null}},{"type":"Feature","geometry":{"type":"Polygon","coordinates":[[[14.768272,50.08662],[14.768278,50.086563],[14.768222,50.08654],[14.768182,50.086495],[14.768183,50.086425],[14.768126,50.086423],[14.76805,50.086354],[14.767846,50.086332],[14.767778,50.086647],[14.767912,50.086663],[14.76788,50.086735],[14.767951,50.086746],[14.767963,50.086714],[14.768139,50.086744],[14.768272,50.08662]]]},"properties":{"id":1534979204,"ku":"Tuklaty","p":"st. 45","druh":"zastavěná plocha a nádvoří","vyuziti":null,"vymera":1123,"lv":null}},{"type":"Feature","geometry":{"type":"Polygon","coordinates":[[[14.767575,50.086048],[14.767595,50.086101],[14.767818,50.086304],[14.767959,50.086318],[14.767958,50.086343],[14.76805,50.086354],[14.76806,50.086326],[14.768102,50.086312],[14.768364,50.086027],[14.768365,50.085964],[14.768348,50.085927],[14.768364,50.08589],[14.768419,50.085815],[14.768533,50.085728],[14.76883,50.085582],[14.768908,50.085585],[14.76897,50.085536],[14.768946,50.085522],[14.769149,50.085351],[14.769218,50.08535],[14.76951,50.085103],[14.769619,50.084997],[14.769599,50.084984],[14.769568,50.085003],[14.769471,50.085027],[14.769402,50.085058],[14.76847,50.085511],[14.76832,50.085575],[14.767819,50.085737],[14.767863,50.085769],[14.767884,50.085745],[14.767963,50.085803],[14.767891,50.085887],[14.767851,50.085873],[14.76777,50.085988],[14.767711,50.085965],[14.767641,50.086061],[14.767575,50.086048]],[[14.767905,50.086054],[14.767825,50.085997],[14.767911,50.085946],[14.767991,50.086005],[14.767905,50.086054]]]},"properties":{"id":1535581204,"ku":"Tuklaty","p":"851/1","druh":"ostatní plocha","vyuziti":"ostatní komunikace","vymera":4823,"lv":null}},{"type":"Feature","geometry":{"type":"Polygon","coordinates":[[[14.768206,50.086524],[14.768222,50.08654],[14.768278,50.086563],[14.768272,50.08662],[14.768112,50.08677],[14.768313,50.086861],[14.768645,50.086558],[14.768553,50.086467],[14.768345,50.086382],[14.768206,50.086524]]]},"properties":{"id":1535212204,"ku":"Tuklaty","p":"21/4","druh":"ostatní plocha","vyuziti":"jiná plocha","vymera":1001,"lv":null}},{"type":"Feature","geometry":{"type":"Polygon","coordinates":[[[14.768632,50.086625],[14.76826,50.086984],[14.768291,50.086998],[14.768535,50.086746],[14.768711,50.0866],[14.768645,50.086558],[14.768632,50.086625]]]},"properties":{"id":2083416204,"ku":"Tuklaty","p":"854/2","druh":"ostatní plocha","vyuziti":"ostatní komunikace","vymera":143,"lv":null}},{"type":"Feature","geometry":{"type":"Polygon","coordinates":[[[14.767963,50.086714],[14.767951,50.086746],[14.76788,50.086735],[14.767776,50.086943],[14.767854,50.087012],[14.768139,50.086744],[14.767963,50.086714]]]},"properties":{"id":1535209204,"ku":"Tuklaty","p":"21/1","druh":"ostatní plocha","vyuziti":"jiná plocha","vymera":396,"lv":null}},{"type":"Feature","geometry":{"type":"Polygon","coordinates":[[[14.76805,50.086354],[14.768126,50.086423],[14.768183,50.086425],[14.768182,50.086495],[14.768206,50.086524],[14.768345,50.086382],[14.768148,50.086314],[14.768102,50.086312],[14.76806,50.086326],[14.76805,50.086354]]]},"properties":{"id":21503350010,"ku":"Tuklaty","p":"21/7","druh":"ostatní plocha","vyuziti":"jiná plocha","vymera":232,"lv":null}},{"type":"Feature","geometry":{"type":"Polygon","coordinates":[[[14.767747,50.087136],[14.767969,50.087219],[14.768048,50.087167],[14.768161,50.087047],[14.768218,50.086964],[14.768313,50.086861],[14.768112,50.08677],[14.767854,50.087012],[14.767747,50.087136]]]},"properties":{"id":21503351010,"ku":"Tuklaty","p":"21/8","druh":"ostatní plocha","vyuziti":"jiná plocha","vymera":921,"lv":null}},{"type":"Feature","geometry":{"type":"Polygon","coordinates":[[[14.769111,50.08414],[14.768998,50.084417],[14.768916,50.084669],[14.768913,50.084809],[14.769158,50.084832],[14.769515,50.08488],[14.76956,50.084839],[14.769639,50.084737],[14.769361,50.084662],[14.76931,50.084736],[14.769216,50.084711],[14.769238,50.084682],[14.769151,50.084657],[14.769241,50.084527],[14.769312,50.084546],[14.769322,50.08453],[14.769225,50.084505],[14.769289,50.084403],[14.769367,50.084424],[14.769311,50.084514],[14.769354,50.084525],[14.769336,50.084552],[14.76953,50.084605],[14.769543,50.084585],[14.76961,50.084603],[14.769597,50.084623],[14.769699,50.08465],[14.769758,50.084416],[14.769539,50.084318],[14.76933,50.084215],[14.769111,50.08414]]]},"properties":{"id":1535241204,"ku":"Tuklaty","p":"34","druh":"zahrada","vyuziti":null,"vymera":2831,"lv":null}},{"type":"Feature","geometry":{"type":"Polygon","coordinates":[[[14.768606,50.086419],[14.76816,50.086247],[14.768102,50.086312],[14.768148,50.086314],[14.768265,50.086349],[14.768553,50.086467],[14.768645,50.086558],[14.768711,50.0866],[14.768732,50.086581],[14.769051,50.086742],[14.769508,50.086791],[14.7696,50.086791],[14.769751,50.086867],[14.769886,50.087055],[14.769977,50.087008],[14.769935,50.086871],[14.769725,50.086737],[14.769574,50.086694],[14.769197,50.086647],[14.768945,50.086573],[14.76873,50.086456],[14.768606,50.086419]]]},"properties":{"id":1535595204,"ku":"Tuklaty","p":"858/2","druh":"ostatní plocha","vyuziti":"ostatní komunikace","vymera":1582,"lv":null}},{"type":"Feature","geometry":{"type":"Polygon","coordinates":[[[14.754678,50.074834],[14.755149,50.074848],[14.755304,50.072675],[14.755224,50.072678],[14.755155,50.072723],[14.755141,50.072802],[14.755118,50.072841],[14.755083,50.072877],[14.754997,50.072929],[14.754897,50.072954],[14.754556,50.072979],[14.754492,50.072993],[14.754315,50.07546],[14.754629,50.075523],[14.754678,50.074834]]]},"properties":{"id":2251547204,"ku":"Tuklaty","p":"1134","druh":"orná půda","vyuziti":null,"vymera":13864,"lv":null}},{"type":"Feature","geometry":{"type":"Polygon","coordinates":[[[14.767698,50.076748],[14.769345,50.076799],[14.770012,50.076832],[14.770607,50.076822],[14.770928,50.07687],[14.772073,50.076935],[14.772407,50.076938],[14.7733,50.076984],[14.772546,50.076814],[14.769104,50.07669],[14.767671,50.076673],[14.767139,50.076644],[14.764962,50.076452],[14.764944,50.076539],[14.766394,50.076649],[14.766842,50.076711],[14.767698,50.076748]]]},"properties":{"id":2251492204,"ku":"Tuklaty","p":"1079","druh":"ostatní plocha","vyuziti":"zeleň","vymera":6246,"lv":null}},{"type":"Feature","geometry":{"type":"Polygon","coordinates":[[[14.771433,50.071807],[14.772212,50.071774],[14.772209,50.070998],[14.771805,50.071015],[14.771722,50.071],[14.77136,50.071058],[14.771433,50.071807]]]},"properties":{"id":2251497204,"ku":"Tuklaty","p":"1084","druh":"ostatní plocha","vyuziti":"jiná plocha","vymera":5035,"lv":null}},{"type":"Feature","geometry":{"type":"Polygon","coordinates":[[[14.768451,50.071914],[14.770473,50.071843],[14.77041,50.071198],[14.769787,50.071278],[14.768396,50.071374],[14.768451,50.071914]]]},"properties":{"id":2251500204,"ku":"Tuklaty","p":"1087","druh":"orná půda","vyuziti":null,"vymera":9354,"lv":null}},{"type":"Feature","geometry":{"type":"Polygon","coordinates":[[[14.765896,50.072],[14.766395,50.071983],[14.766313,50.071141],[14.765814,50.071159],[14.765896,50.072]]]},"properties":{"id":2251504204,"ku":"Tuklaty","p":"1091","druh":"orná půda","vyuziti":null,"vymera":3356,"lv":450}},{"type":"Feature","geometry":{"type":"Polygon","coordinates":[[[14.766898,50.086501],[14.766587,50.086856],[14.766788,50.087006],[14.766972,50.087175],[14.767052,50.087139],[14.766812,50.086895],[14.766743,50.086835],[14.767112,50.086404],[14.767087,50.086353],[14.767005,50.086327],[14.766898,50.086501]]]},"properties":{"id":1535196204,"ku":"Tuklaty","p":"17/1","druh":"ostatní plocha","vyuziti":"ostatní komunikace","vymera":884,"lv":10001}},{"type":"Feature","geometry":{"type":"Polygon","coordinates":[[[14.76924,50.085529],[14.769214,50.085536],[14.769215,50.085613],[14.769129,50.085614],[14.76897,50.085536],[14.768908,50.085585],[14.768968,50.085588],[14.769,50.085597],[14.769077,50.085642],[14.769097,50.085665],[14.769435,50.085697],[14.769521,50.085742],[14.769647,50.085644],[14.769632,50.085636],[14.769778,50.085518],[14.769845,50.085378],[14.769893,50.085314],[14.769562,50.085214],[14.769515,50.085277],[14.769368,50.085317],[14.769295,50.085282],[14.769218,50.08535],[14.769333,50.0854],[14.769357,50.085452],[14.769297,50.085462],[14.769299,50.085478],[14.76924,50.085529]]]},"properties":{"id":1534938204,"ku":"Tuklaty","p":"st. 3/2","druh":"zastavěná plocha a nádvoří","vyuziti":null,"vymera":1843,"lv":10001}},{"type":"Feature","geometry":{"type":"Polygon","coordinates":[[[14.76487,50.086546],[14.76485,50.086553],[14.764845,50.086546],[14.764781,50.086568],[14.764787,50.086574],[14.764523,50.086663],[14.764584,50.086739],[14.764932,50.086625],[14.76487,50.086546]]]},"properties":{"id":1535093204,"ku":"Tuklaty","p":"st. 160","druh":"zastavěná plocha a nádvoří","vyuziti":null,"vymera":272,"lv":10001}},{"type":"Feature","geometry":{"type":"Polygon","coordinates":[[[14.768539,50.086267],[14.768377,50.086115],[14.768342,50.086059],[14.76816,50.086247],[14.76841,50.086345],[14.768449,50.086303],[14.768539,50.086267]]]},"properties":{"id":1534982204,"ku":"Tuklaty","p":"st. 47","druh":"zastavěná plocha a nádvoří","vyuziti":null,"vymera":400,"lv":715}},{"type":"Feature","geometry":{"type":"Polygon","coordinates":[[[14.763548,50.083469],[14.763568,50.083719],[14.764872,50.083691],[14.764881,50.083394],[14.764549,50.083401],[14.763723,50.083463],[14.763548,50.083469]]]},"properties":{"id":2251670204,"ku":"Tuklaty","p":"1257","druh":"orná půda","vyuziti":null,"vymera":2919,"lv":466}},{"type":"Feature","geometry":{"type":"Polygon","coordinates":[[[14.773553,50.082668],[14.773464,50.082897],[14.774032,50.082986],[14.774116,50.082754],[14.773553,50.082668]]]},"properties":{"id":1635587204,"ku":"Tuklaty","p":"296/53","druh":"orná půda","vyuziti":null,"vymera":1096,"lv":611}},{"type":"Feature","geometry":{"type":"Polygon","coordinates":[[[14.768148,50.081557],[14.767928,50.081285],[14.767543,50.081448],[14.767678,50.081617],[14.768148,50.081557]],[[14.767719,50.081484],[14.767895,50.081461],[14.767917,50.081529],[14.767829,50.081544],[14.76781,50.081537],[14.767739,50.081546],[14.767719,50.081484]]]},"properties":{"id":2113196204,"ku":"Tuklaty","p":"62/17","druh":"zahrada","vyuziti":null,"vymera":811,"lv":658}},{"type":"Feature","geometry":{"type":"Polygon","coordinates":[[[14.772318,50.081678],[14.77232,50.081645],[14.772332,50.081645],[14.772336,50.081588],[14.772107,50.081581],[14.7721,50.081671],[14.772318,50.081678]]]},"properties":{"id":1535053204,"ku":"Tuklaty","p":"st. 119","druh":"zastavěná plocha a nádvoří","vyuziti":null,"vymera":163,"lv":251}},{"type":"Feature","geometry":{"type":"Polygon","coordinates":[[[14.740991,50.07295],[14.740992,50.072928],[14.740301,50.072786],[14.740991,50.07295]]]},"properties":{"id":1736393204,"ku":"Tuklaty","p":"909/18","druh":"ostatní plocha","vyuziti":"jiná plocha","vymera":64,"lv":237}},{"type":"Feature","geometry":{"type":"Polygon","coordinates":[[[14.773361,50.071042],[14.772984,50.071024],[14.772663,50.071268],[14.77395,50.071233],[14.773946,50.071106],[14.773874,50.07116],[14.773764,50.071071],[14.773729,50.071058],[14.773687,50.071062],[14.773598,50.071097],[14.773377,50.071104],[14.773365,50.0711],[14.773361,50.071042]]]},"properties":{"id":1535179204,"ku":"Tuklaty","p":"st. 305","druh":"zastavěná plocha a nádvoří","vyuziti":null,"vymera":1618,"lv":538}},{"type":"Feature","geometry":{"type":"Polygon","coordinates":[[[14.757365,50.084289],[14.756709,50.083906],[14.75664,50.083962],[14.757273,50.084333],[14.757365,50.084289]]]},"properties":{"id":1535562204,"ku":"Tuklaty","p":"805/10","druh":"orná půda","vyuziti":null,"vymera":501,"lv":526}},{"type":"Feature","geometry":{"type":"Polygon","coordinates":[[[14.77337,50.083288],[14.773315,50.08328],[14.773294,50.083333],[14.773349,50.083341],[14.77337,50.083288]],[[14.77334,50.08333],[14.773316,50.083327],[14.773325,50.083301],[14.773349,50.083305],[14.77334,50.08333]]]},"properties":{"id":1635590204,"ku":"Tuklaty","p":"296/55","druh":"ostatní plocha","vyuziti":"jiná plocha","vymera":20,"lv":700}},{"type":"Feature","geometry":{"type":"Polygon","coordinates":[[[14.771984,50.084117],[14.771915,50.084214],[14.771873,50.084373],[14.771916,50.084445],[14.77202,50.084484],[14.772745,50.084253],[14.772765,50.08421],[14.771984,50.084117]]]},"properties":{"id":1635565204,"ku":"Tuklaty","p":"296/34","druh":"orná půda","vyuziti":null,"vymera":1479,"lv":646}},{"type":"Feature","geometry":{"type":"Polygon","coordinates":[[[14.769855,50.08175],[14.769815,50.081749],[14.770078,50.081972],[14.77011,50.081973],[14.769855,50.08175]]]},"properties":{"id":1853081204,"ku":"Tuklaty","p":"54/14","druh":"trvalý travní porost","vyuziti":null,"vymera":62,"lv":245}},{"type":"Feature","geometry":{"type":"Polygon","coordinates":[[[14.768645,50.086558],[14.768313,50.086861],[14.768218,50.086964],[14.768161,50.087047],[14.768048,50.087167],[14.767969,50.087219],[14.768017,50.087237],[14.768365,50.086874],[14.768632,50.086625],[14.768645,50.086558]]]},"properties":{"id":21503352010,"ku":"Tuklaty","p":"21/9","druh":"ostatní plocha","vyuziti":"jiná plocha","vymera":280,"lv":689}},{"type":"Feature","geometry":{"type":"Polygon","coordinates":[[[14.767988,50.087267],[14.767712,50.087171],[14.767303,50.087513],[14.767643,50.087627],[14.767988,50.087267]],[[14.767788,50.087407],[14.767693,50.08737],[14.767796,50.087263],[14.767891,50.087301],[14.767788,50.087407]]]},"properties":{"id":2083411204,"ku":"Tuklaty","p":"147/24","druh":"zahrada","vyuziti":null,"vymera":1074,"lv":689}},{"type":"Feature","geometry":{"type":"Polygon","coordinates":[[[14.768017,50.087237],[14.767969,50.087219],[14.767939,50.08725],[14.767988,50.087267],[14.768017,50.087237]]]},"properties":{"id":21503354010,"ku":"Tuklaty","p":"147/29","druh":"zahrada","vyuziti":null,"vymera":16,"lv":689}},{"type":"Feature","geometry":{"type":"Polygon","coordinates":[[[14.768305,50.087005],[14.76826,50.086984],[14.767988,50.087267],[14.768042,50.087288],[14.768305,50.087005]]]},"properties":{"id":2251432204,"ku":"Tuklaty","p":"1019","druh":"orná půda","vyuziti":null,"vymera":157,"lv":689}},{"type":"Feature","geometry":{"type":"Polygon","coordinates":[[[14.767628,50.087622],[14.767303,50.087513],[14.767587,50.087667],[14.767628,50.087622]]]},"properties":{"id":2251436204,"ku":"Tuklaty","p":"1023","druh":"orná půda","vyuziti":null,"vymera":76,"lv":689}},{"type":"Feature","geometry":{"type":"Polygon","coordinates":[[[14.767678,50.081617],[14.767375,50.081239],[14.767072,50.081366],[14.767311,50.081663],[14.767678,50.081617]],[[14.767421,50.081593],[14.767324,50.081606],[14.767302,50.081535],[14.767341,50.08153],[14.767327,50.081482],[14.767384,50.081475],[14.76738,50.08146],[14.767424,50.081454],[14.767429,50.081469],[14.767502,50.08146],[14.767523,50.081529],[14.767508,50.081531],[14.767518,50.081565],[14.767416,50.081578],[14.767421,50.081593]]]},"properties":{"id":2113195204,"ku":"Tuklaty","p":"62/16","druh":"zahrada","vyuziti":null,"vymera":907,"lv":623}},{"type":"Feature","geometry":{"type":"Polygon","coordinates":[[[14.772862,50.071017],[14.772827,50.070947],[14.772209,50.070998],[14.772211,50.071489],[14.77237,50.071489],[14.772984,50.071024],[14.772862,50.071017]],[[14.772838,50.071072],[14.772885,50.071038],[14.772909,50.071051],[14.772863,50.071086],[14.772838,50.071072]]]},"properties":{"id":1535461204,"ku":"Tuklaty","p":"384/8","druh":"orná půda","vyuziti":null,"vymera":1988,"lv":498}},{"type":"Feature","geometry":{"type":"Polygon","coordinates":[[[14.769325,50.079775],[14.769322,50.079865],[14.769429,50.079866],[14.769429,50.07985],[14.769446,50.07985],[14.769447,50.079825],[14.76943,50.079824],[14.769431,50.079776],[14.769325,50.079775]]]},"properties":{"id":2275173204,"ku":"Tuklaty","p":"st. 338","druh":"zastavěná plocha a nádvoří","vyuziti":null,"vymera":80,"lv":609}},{"type":"Feature","geometry":{"type":"Polygon","coordinates":[[[14.771228,50.080356],[14.769546,50.080449],[14.771234,50.080389],[14.771228,50.080356]]]},"properties":{"id":1535481204,"ku":"Tuklaty","p":"410/11","druh":"zahrada","vyuziti":null,"vymera":223,"lv":10001}},{"type":"Feature","geometry":{"type":"Polygon","coordinates":[[[14.768663,50.080386],[14.769215,50.08011],[14.769698,50.079856],[14.769031,50.080153],[14.768815,50.080276],[14.76866,50.080383],[14.768555,50.080488],[14.768757,50.080493],[14.768663,50.080386]]]},"properties":{"id":1535471204,"ku":"Tuklaty","p":"410/1","druh":"ostatní plocha","vyuziti":"ostatní komunikace","vymera":320,"lv":10001}},{"type":"Feature","geometry":{"type":"Polygon","coordinates":[[[14.767421,50.081593],[14.767416,50.081578],[14.767518,50.081565],[14.767508,50.081531],[14.767523,50.081529],[14.767502,50.08146],[14.767429,50.081469],[14.767424,50.081454],[14.76738,50.08146],[14.767384,50.081475],[14.767327,50.081482],[14.767341,50.08153],[14.767302,50.081535],[14.767324,50.081606],[14.767421,50.081593]]]},"properties":{"id":2320635204,"ku":"Tuklaty","p":"st. 345","druh":"zastavěná plocha a nádvoří","vyuziti":null,"vymera":181,"lv":623}},{"type":"Feature","geometry":{"type":"Polygon","coordinates":[[[14.768885,50.08337],[14.767779,50.08343],[14.767828,50.083701],[14.767925,50.083707],[14.767866,50.083475],[14.7688,50.083533],[14.768885,50.08337]]]},"properties":{"id":1535291204,"ku":"Tuklaty","p":"62/7","druh":"orná půda","vyuziti":null,"vymera":1012,"lv":10001}},{"type":"Feature","geometry":{"type":"Polygon","coordinates":[[[14.768276,50.083403],[14.76824,50.083189],[14.767742,50.083226],[14.767779,50.08343],[14.768276,50.083403]],[[14.767992,50.083379],[14.76788,50.083388],[14.767876,50.083365],[14.767852,50.083367],[14.767842,50.083309],[14.767978,50.083299],[14.767992,50.083379]]]},"properties":{"id":2253576204,"ku":"Tuklaty","p":"62/65","druh":"orná půda","vyuziti":null,"vymera":752,"lv":683}},{"type":"Feature","geometry":{"type":"Polygon","coordinates":[[[14.768146,50.081398],[14.768178,50.081499],[14.768292,50.081484],[14.768288,50.081471],[14.768369,50.081461],[14.768341,50.081373],[14.768146,50.081398]]]},"properties":{"id":2458813204,"ku":"Tuklaty","p":"st. 351","druh":"zastavěná plocha a nádvoří","vyuziti":null,"vymera":155,"lv":622}},{"type":"Feature","geometry":{"type":"Polygon","coordinates":[[[14.759153,50.082403],[14.759146,50.082631],[14.759677,50.083191],[14.759966,50.082978],[14.759153,50.082403]],[[14.759645,50.083079],[14.759564,50.082967],[14.759765,50.082905],[14.759804,50.082958],[14.75978,50.082966],[14.759792,50.082982],[14.75972,50.083004],[14.759707,50.082988],[14.759685,50.082995],[14.759728,50.083053],[14.759645,50.083079]]]},"properties":{"id":2216986204,"ku":"Tuklaty","p":"828/3","druh":"zahrada","vyuziti":null,"vymera":1696,"lv":635}},{"type":"Feature","geometry":{"type":"Polygon","coordinates":[[[14.768916,50.079706],[14.768873,50.079711],[14.769229,50.080004],[14.76956,50.079837],[14.769562,50.079706],[14.768916,50.079706]],[[14.769322,50.079865],[14.769325,50.079775],[14.769431,50.079776],[14.76943,50.079824],[14.769447,50.079825],[14.769446,50.07985],[14.769429,50.07985],[14.769429,50.079866],[14.769322,50.079865]]]},"properties":{"id":1535493204,"ku":"Tuklaty","p":"437/3","druh":"zahrada","vyuziti":null,"vymera":915,"lv":609}},{"type":"Feature","geometry":{"type":"Polygon","coordinates":[[[14.771148,50.079976],[14.77088,50.079998],[14.770895,50.080078],[14.770627,50.080095],[14.770636,50.080171],[14.771181,50.080125],[14.771148,50.079976]]]},"properties":{"id":1535085204,"ku":"Tuklaty","p":"st. 151","druh":"zastavěná plocha a nádvoří","vyuziti":null,"vymera":486,"lv":321}},{"type":"Feature","geometry":{"type":"Polygon","coordinates":[[[14.76745,50.083492],[14.767617,50.083474],[14.767533,50.083133],[14.767365,50.08315],[14.76745,50.083492]]]},"properties":{"id":1535103204,"ku":"Tuklaty","p":"st. 168/2","druh":"zastavěná plocha a nádvoří","vyuziti":null,"vymera":467,"lv":519}},{"type":"Feature","geometry":{"type":"Polygon","coordinates":[[[14.772208,50.080138],[14.772005,50.080502],[14.772325,50.080583],[14.77247,50.080219],[14.772208,50.080138]],[[14.772191,50.08046],[14.772186,50.08045],[14.772221,50.080412],[14.772331,50.08044],[14.772287,50.080511],[14.772177,50.080482],[14.772191,50.08046]]]},"properties":{"id":2011757204,"ku":"Tuklaty","p":"342/2","druh":"orná půda","vyuziti":null,"vymera":879,"lv":661}},{"type":"Feature","geometry":{"type":"Polygon","coordinates":[[[14.773761,50.081137],[14.77396,50.080751],[14.773683,50.080666],[14.773495,50.08103],[14.773761,50.081137]]]},"properties":{"id":75803111010,"ku":"Tuklaty","p":"1047/4","druh":"orná půda","vyuziti":null,"vymera":958,"lv":729}},{"type":"Feature","geometry":{"type":"Polygon","coordinates":[[[14.768126,50.085498],[14.768157,50.085547],[14.768302,50.085485],[14.768266,50.085449],[14.768184,50.085472],[14.768189,50.08548],[14.768126,50.085498]]]},"properties":{"id":34728535010,"ku":"Tuklaty","p":"st. 169/1","druh":"zastavěná plocha a nádvoří","vyuziti":null,"vymera":64,"lv":10001}},{"type":"Feature","geometry":{"type":"Polygon","coordinates":[[[14.770841,50.07808],[14.770871,50.078232],[14.770924,50.07823],[14.770893,50.078077],[14.770841,50.07808]]]},"properties":{"id":34728536010,"ku":"Tuklaty","p":"330/17","druh":"ostatní plocha","vyuziti":"ostatní komunikace","vymera":67,"lv":557}},{"type":"Feature","geometry":{"type":"Polygon","coordinates":[[[14.766317,50.084407],[14.766321,50.084331],[14.7662,50.084329],[14.766196,50.084405],[14.766317,50.084407]]]},"properties":{"id":34728537010,"ku":"Tuklaty","p":"st. 377","druh":"zastavěná plocha a nádvoří","vyuziti":null,"vymera":73,"lv":653}},{"type":"Feature","geometry":{"type":"Polygon","coordinates":[[[14.770499,50.085501],[14.770469,50.085579],[14.770723,50.085622],[14.770754,50.085545],[14.770499,50.085501]]]},"properties":{"id":34728538010,"ku":"Tuklaty","p":"st. 379","druh":"zastavěná plocha a nádvoří","vyuziti":null,"vymera":169,"lv":393}},{"type":"Feature","geometry":{"type":"Polygon","coordinates":[[[14.772072,50.081381],[14.772073,50.081353],[14.772129,50.081354],[14.772133,50.081301],[14.772072,50.081299],[14.77207,50.081322],[14.772023,50.081321],[14.77202,50.08138],[14.772072,50.081381]]]},"properties":{"id":34728539010,"ku":"Tuklaty","p":"st. 383","druh":"zastavěná plocha a nádvoří","vyuziti":null,"vymera":49,"lv":252}},{"type":"Feature","geometry":{"type":"Polygon","coordinates":[[[14.772943,50.08118],[14.772988,50.081197],[14.77303,50.081152],[14.772985,50.081135],[14.772943,50.08118]]]},"properties":{"id":34728540010,"ku":"Tuklaty","p":"st. 386","druh":"zastavěná plocha a nádvoří","vyuziti":null,"vymera":22,"lv":31}},{"type":"Feature","geometry":{"type":"Polygon","coordinates":[[[14.769568,50.085003],[14.769675,50.084936],[14.76997,50.084843],[14.770186,50.084806],[14.770851,50.084809],[14.770845,50.084793],[14.770183,50.084794],[14.770026,50.084819],[14.769868,50.084855],[14.769659,50.084921],[14.769574,50.084976],[14.769568,50.085003]]]},"properties":{"id":34728541010,"ku":"Tuklaty","p":"866/6","druh":"ostatní plocha","vyuziti":"ostatní komunikace","vymera":167,"lv":10001}},{"type":"Feature","geometry":{"type":"Polygon","coordinates":[[[14.770577,50.077213],[14.770571,50.077192],[14.770546,50.077192],[14.770577,50.077213]]]},"properties":{"id":34728542010,"ku":"Tuklaty","p":"878/6","druh":"ostatní plocha","vyuziti":"ostatní komunikace","vymera":2,"lv":204}},{"type":"Feature","geometry":{"type":"Polygon","coordinates":[[[14.772529,50.077889],[14.772057,50.077874],[14.772058,50.078578],[14.771989,50.079176],[14.772416,50.079204],[14.772467,50.079002],[14.772512,50.078406],[14.772482,50.078362],[14.772529,50.077889]]]},"properties":{"id":34728543010,"ku":"Tuklaty","p":"322","druh":"orná půda","vyuziti":null,"vymera":4665,"lv":746}},{"type":"Feature","geometry":{"type":"Polygon","coordinates":[[[14.773257,50.077761],[14.772515,50.077729],[14.771926,50.077718],[14.771309,50.077722],[14.771344,50.077881],[14.772057,50.077874],[14.77319,50.077921],[14.773257,50.077761]]]},"properties":{"id":34728544010,"ku":"Tuklaty","p":"332","druh":"orná půda","vyuziti":null,"vymera":2397,"lv":747}},{"type":"Feature","geometry":{"type":"Polygon","coordinates":[[[14.771515,50.0772],[14.771195,50.077216],[14.771274,50.077568],[14.772553,50.077576],[14.773291,50.077615],[14.773365,50.077304],[14.771515,50.0772]]]},"properties":{"id":34728545010,"ku":"Tuklaty","p":"330/22","druh":"orná půda","vyuziti":null,"vymera":5612,"lv":691}},{"type":"Feature","geometry":{"type":"Polygon","coordinates":[[[14.740992,50.072928],[14.740991,50.07295],[14.741375,50.073041],[14.741377,50.073011],[14.740992,50.072928]]]},"properties":{"id":34728546010,"ku":"Tuklaty","p":"909/45","druh":"ostatní plocha","vyuziti":"jiná plocha","vymera":79,"lv":599}},{"type":"Feature","geometry":{"type":"Polygon","coordinates":[[[14.741856,50.073119],[14.741377,50.073011],[14.741375,50.073041],[14.741833,50.07315],[14.741856,50.073119]]]},"properties":{"id":34728547010,"ku":"Tuklaty","p":"909/46","druh":"ostatní plocha","vyuziti":"jiná plocha","vymera":129,"lv":211}},{"type":"Feature","geometry":{"type":"Polygon","coordinates":[[[14.771074,50.080435],[14.77011,50.08047],[14.770112,50.080489],[14.771074,50.080435]]]},"properties":{"id":34728548010,"ku":"Tuklaty","p":"59/6","druh":"ostatní plocha","vyuziti":"ostatní komunikace","vymera":73,"lv":114}},{"type":"Feature","geometry":{"type":"Polygon","coordinates":[[[14.770741,50.080998],[14.771,50.08104],[14.771051,50.080909],[14.770892,50.080891],[14.770882,50.080921],[14.770814,50.080912],[14.770808,50.08093],[14.77077,50.080924],[14.770741,50.080998]]]},"properties":{"id":34728549010,"ku":"Tuklaty","p":"st. 99/1","druh":"zastavěná plocha a nádvoří","vyuziti":null,"vymera":242,"lv":106}},{"type":"Feature","geometry":{"type":"Polygon","coordinates":[[[14.768381,50.08545],[14.768157,50.085547],[14.767784,50.085657],[14.767791,50.085667],[14.768164,50.085556],[14.768409,50.085456],[14.768999,50.085169],[14.769423,50.084977],[14.76952,50.084921],[14.76955,50.084888],[14.769465,50.084927],[14.769423,50.084962],[14.768983,50.085155],[14.768381,50.08545]]]},"properties":{"id":34728550010,"ku":"Tuklaty","p":"866/4","druh":"ostatní plocha","vyuziti":"ostatní komunikace","vymera":239,"lv":10001}},{"type":"Feature","geometry":{"type":"Polygon","coordinates":[[[14.738722,50.072437],[14.73883,50.072978],[14.738834,50.073331],[14.738805,50.073629],[14.739053,50.073675],[14.739074,50.073278],[14.739015,50.0725],[14.738722,50.072437]]]},"properties":{"id":34728551010,"ku":"Tuklaty","p":"767","druh":"orná půda","vyuziti":null,"vymera":2304,"lv":596}},{"type":"Feature","geometry":{"type":"Polygon","coordinates":[[[14.768656,50.08055],[14.768463,50.080615],[14.768649,50.080578],[14.768799,50.080562],[14.770112,50.080489],[14.77011,50.08047],[14.768656,50.08055]]]},"properties":{"id":34728552010,"ku":"Tuklaty","p":"59/7","druh":"ostatní plocha","vyuziti":"ostatní komunikace","vymera":255,"lv":50}},{"type":"Feature","geometry":{"type":"Polygon","coordinates":[[[14.772959,50.08138],[14.772964,50.081317],[14.772882,50.081316],[14.772877,50.081378],[14.772959,50.08138]]]},"properties":{"id":34728553010,"ku":"Tuklaty","p":"st. 110/2","druh":"zastavěná plocha a nádvoří","vyuziti":null,"vymera":41,"lv":121}},{"type":"Feature","geometry":{"type":"Polygon","coordinates":[[[14.773356,50.081484],[14.773307,50.081482],[14.773303,50.081528],[14.773353,50.081529],[14.773356,50.081484]]]},"properties":{"id":34728554010,"ku":"Tuklaty","p":"st. 127/2","druh":"zastavěná plocha a nádvoří","vyuziti":null,"vymera":18,"lv":117}},{"type":"Feature","geometry":{"type":"Polygon","coordinates":[[[14.770814,50.080912],[14.770882,50.080921],[14.770892,50.080891],[14.770822,50.080882],[14.770814,50.080912]]]},"properties":{"id":34728534010,"ku":"Tuklaty","p":"st. 99/2","druh":"zastavěná plocha a nádvoří","vyuziti":null,"vymera":17,"lv":106}},{"type":"Feature","geometry":{"type":"Polygon","coordinates":[[[14.768759,50.077138],[14.768604,50.077128],[14.768602,50.077436],[14.768757,50.077443],[14.768759,50.077138]]]},"properties":{"id":34728574010,"ku":"Tuklaty","p":"437/122","druh":"orná půda","vyuziti":null,"vymera":377,"lv":766}},{"type":"Feature","geometry":{"type":"Polygon","coordinates":[[[14.77319,50.077921],[14.772529,50.077889],[14.772482,50.078362],[14.772512,50.078406],[14.772467,50.079002],[14.772416,50.079204],[14.772456,50.079207],[14.772847,50.078553],[14.77308,50.078007],[14.77319,50.077921]]]},"properties":{"id":34728575010,"ku":"Tuklaty","p":"320","druh":"orná půda","vyuziti":null,"vymera":3453,"lv":746}},{"type":"Feature","geometry":{"type":"Polygon","coordinates":[[[14.765113,50.0811],[14.765161,50.081344],[14.765346,50.081766],[14.765455,50.081892],[14.765701,50.081803],[14.765587,50.081335],[14.765486,50.081024],[14.765113,50.0811]]]},"properties":{"id":34728576010,"ku":"Tuklaty","p":"460","druh":"orná půda","vyuziti":null,"vymera":2436,"lv":214}},{"type":"Feature","geometry":{"type":"Polygon","coordinates":[[[14.763849,50.087921],[14.763813,50.087933],[14.764048,50.08819],[14.764104,50.08817],[14.764078,50.088161],[14.764046,50.088132],[14.763849,50.087921]]]},"properties":{"id":34728578010,"ku":"Tuklaty","p":"126/4","druh":"ostatní plocha","vyuziti":"ostatní komunikace","vymera":105,"lv":10001}},{"type":"Feature","geometry":{"type":"Polygon","coordinates":[[[14.770908,50.078383],[14.770954,50.078569],[14.770996,50.078568],[14.770958,50.078381],[14.770908,50.078383]]]},"properties":{"id":34728579010,"ku":"Tuklaty","p":"330/19","druh":"ostatní plocha","vyuziti":"ostatní komunikace","vymera":68,"lv":563}},{"type":"Feature","geometry":{"type":"Polygon","coordinates":[[[14.773592,50.085243],[14.773359,50.085272],[14.773414,50.085458],[14.773559,50.08544],[14.773592,50.085243]]]},"properties":{"id":34728580010,"ku":"Tuklaty","p":"1280","druh":"ostatní plocha","vyuziti":"jiná plocha","vymera":290,"lv":60}},{"type":"Feature","geometry":{"type":"Polygon","coordinates":[[[14.769346,50.081361],[14.769118,50.081183],[14.768707,50.080972],[14.768581,50.080887],[14.76858,50.080911],[14.76906,50.081175],[14.769288,50.081374],[14.769468,50.081551],[14.769582,50.081759],[14.769643,50.081938],[14.769735,50.082118],[14.769919,50.082396],[14.769961,50.082505],[14.769988,50.082505],[14.769957,50.082304],[14.76984,50.082182],[14.769772,50.082094],[14.769685,50.08194],[14.76962,50.08175],[14.769567,50.081635],[14.769478,50.081514],[14.769346,50.081361]]]},"properties":{"id":34728582010,"ku":"Tuklaty","p":"62/74","druh":"vodní plocha","vyuziti":"koryto vodního toku přirozené nebo upravené","vymera":633,"lv":10002}},{"type":"Feature","geometry":{"type":"Polygon","coordinates":[[[14.772879,50.08135],[14.772811,50.081347],[14.772796,50.08151],[14.773075,50.081521],[14.773088,50.081313],[14.772964,50.081317],[14.772959,50.08138],[14.772877,50.081378],[14.772879,50.08135]]]},"properties":{"id":34728583010,"ku":"Tuklaty","p":"st. 110/1","druh":"zastavěná plocha a nádvoří","vyuziti":null,"vymera":381,"lv":121}},{"type":"Feature","geometry":{"type":"Polygon","coordinates":[[[14.766466,50.08186],[14.766253,50.081679],[14.766054,50.08176],[14.766202,50.082019],[14.766466,50.08186]],[[14.766303,50.081936],[14.766261,50.081902],[14.766348,50.081857],[14.76639,50.08189],[14.766303,50.081936]]]},"properties":{"id":34728584010,"ku":"Tuklaty","p":"st. 142/1","druh":"zastavěná plocha a nádvoří","vyuziti":null,"vymera":545,"lv":135}},{"type":"Feature","geometry":{"type":"Polygon","coordinates":[[[14.770816,50.085388],[14.7706,50.08535],[14.770569,50.085428],[14.770784,50.085468],[14.770816,50.085388]]]},"properties":{"id":34728585010,"ku":"Tuklaty","p":"st. 378","druh":"zastavěná plocha a nádvoří","vyuziti":null,"vymera":143,"lv":395}},{"type":"Feature","geometry":{"type":"Polygon","coordinates":[[[14.772027,50.081751],[14.77203,50.081707],[14.771962,50.081705],[14.771959,50.081749],[14.772027,50.081751]]]},"properties":{"id":34728586010,"ku":"Tuklaty","p":"st. 381","druh":"zastavěná plocha a nádvoří","vyuziti":null,"vymera":24,"lv":251}},{"type":"Feature","geometry":{"type":"Polygon","coordinates":[[[14.769937,50.07965],[14.769937,50.0797],[14.770312,50.079512],[14.770315,50.079461],[14.769937,50.07965]]]},"properties":{"id":34728564010,"ku":"Tuklaty","p":"437/121","druh":"ostatní plocha","vyuziti":"ostatní komunikace","vymera":148,"lv":10001}},{"type":"Feature","geometry":{"type":"Polygon","coordinates":[[[14.771061,50.079174],[14.77099,50.0792],[14.771021,50.079356],[14.771146,50.07936],[14.771061,50.079174]]]},"properties":{"id":34728565010,"ku":"Tuklaty","p":"878/5","druh":"ostatní plocha","vyuziti":"ostatní komunikace","vymera":139,"lv":589}},{"type":"Feature","geometry":{"type":"Polygon","coordinates":[[[14.772712,50.081345],[14.772711,50.081381],[14.772738,50.081381],[14.772736,50.081432],[14.772793,50.081433],[14.772797,50.081347],[14.772712,50.081345]]]},"properties":{"id":34728563010,"ku":"Tuklaty","p":"st. 384","druh":"zastavěná plocha a nádvoří","vyuziti":null,"vymera":47,"lv":507}},{"type":"Feature","geometry":{"type":"Polygon","coordinates":[[[14.770996,50.078568],[14.770954,50.078569],[14.771001,50.078757],[14.771034,50.078756],[14.770996,50.078568]]]},"properties":{"id":34728556010,"ku":"Tuklaty","p":"330/20","druh":"ostatní plocha","vyuziti":"ostatní komunikace","vymera":56,"lv":573}},{"type":"Feature","geometry":{"type":"Polygon","coordinates":[[[14.770793,50.077583],[14.770727,50.077239],[14.77067,50.077236],[14.770753,50.077587],[14.770793,50.077583]]]},"properties":{"id":34728557010,"ku":"Tuklaty","p":"334/3","druh":"ostatní plocha","vyuziti":"ostatní komunikace","vymera":130,"lv":15}},{"type":"Feature","geometry":{"type":"Polygon","coordinates":[[[14.77099,50.0792],[14.771117,50.079153],[14.771106,50.079105],[14.771086,50.079099],[14.770848,50.078139],[14.770819,50.07788],[14.770665,50.077191],[14.770571,50.077192],[14.77099,50.0792]]]},"properties":{"id":34728558010,"ku":"Tuklaty","p":"878/4","druh":"ostatní plocha","vyuziti":"ostatní komunikace","vymera":1549,"lv":10001}},{"type":"Feature","geometry":{"type":"Polygon","coordinates":[[[14.767595,50.086881],[14.767532,50.086953],[14.767428,50.087039],[14.767257,50.087145],[14.767086,50.087223],[14.766175,50.087564],[14.766193,50.087577],[14.767093,50.087229],[14.767388,50.08709],[14.767616,50.086888],[14.767778,50.086647],[14.767853,50.086307],[14.767818,50.086304],[14.767781,50.086537],[14.767745,50.08664],[14.767703,50.086728],[14.767595,50.086881]]]},"properties":{"id":34728559010,"ku":"Tuklaty","p":"910/7","druh":"ostatní plocha","vyuziti":"ostatní komunikace","vymera":266,"lv":10001}},{"type":"Feature","geometry":{"type":"Polygon","coordinates":[[[14.771708,50.080097],[14.771589,50.080375],[14.771596,50.080389],[14.771928,50.079739],[14.772142,50.079485],[14.771684,50.07946],[14.771792,50.07995],[14.771708,50.080097]]]},"properties":{"id":34728560010,"ku":"Tuklaty","p":"328","druh":"orná půda","vyuziti":null,"vymera":960,"lv":746}},{"type":"Feature","geometry":{"type":"Polygon","coordinates":[[[14.769897,50.082505],[14.769719,50.082884],[14.769717,50.082911],[14.769914,50.082577],[14.769972,50.082534],[14.769961,50.082505],[14.769897,50.082505]]]},"properties":{"id":34728561010,"ku":"Tuklaty","p":"51/6","druh":"trvalý travní porost","vyuziti":null,"vymera":122,"lv":577}},{"type":"Feature","geometry":{"type":"Polygon","coordinates":[[[14.765979,50.086947],[14.765937,50.086879],[14.7659,50.086889],[14.765942,50.086957],[14.765979,50.086947]]]},"properties":{"id":34728562010,"ku":"Tuklaty","p":"st. 376","druh":"zastavěná plocha a nádvoří","vyuziti":null,"vymera":23,"lv":356}},{"type":"Feature","geometry":{"type":"Polygon","coordinates":[[[14.767097,50.086422],[14.767309,50.086564],[14.767345,50.086431],[14.767112,50.086404],[14.767097,50.086422]]]},"properties":{"id":34728566010,"ku":"Tuklaty","p":"1279","druh":"ostatní plocha","vyuziti":"jiná plocha","vymera":151,"lv":22}},{"type":"Feature","geometry":{"type":"Polygon","coordinates":[[[14.774251,50.085161],[14.773592,50.085243],[14.773559,50.08544],[14.774313,50.085347],[14.774251,50.085161]]]},"properties":{"id":34728567010,"ku":"Tuklaty","p":"1281","druh":"ostatní plocha","vyuziti":"jiná plocha","vymera":1086,"lv":757}},{"type":"Feature","geometry":{"type":"Polygon","coordinates":[[[14.739015,50.0725],[14.739074,50.073278],[14.739053,50.073675],[14.739264,50.073714],[14.739321,50.073441],[14.739355,50.072574],[14.739015,50.0725]]]},"properties":{"id":34728568010,"ku":"Tuklaty","p":"760","druh":"orná půda","vyuziti":null,"vymera":2535,"lv":596}},{"type":"Feature","geometry":{"type":"Polygon","coordinates":[[[14.76639,50.08189],[14.766348,50.081857],[14.766261,50.081902],[14.766303,50.081936],[14.76639,50.08189]]]},"properties":{"id":34728569010,"ku":"Tuklaty","p":"st. 142/2","druh":"zastavěná plocha a nádvoří","vyuziti":null,"vymera":39,"lv":135}},{"type":"Feature","geometry":{"type":"Polygon","coordinates":[[[14.770853,50.077879],[14.770819,50.07788],[14.770841,50.07808],[14.770893,50.078077],[14.770853,50.077879]]]},"properties":{"id":34728570010,"ku":"Tuklaty","p":"330/16","druh":"ostatní plocha","vyuziti":"ostatní komunikace","vymera":69,"lv":558}},{"type":"Feature","geometry":{"type":"Polygon","coordinates":[[[14.766585,50.084176],[14.766568,50.084118],[14.766501,50.084126],[14.766518,50.084183],[14.766585,50.084176]]]},"properties":{"id":34728571010,"ku":"Tuklaty","p":"st. 380","druh":"zastavěná plocha a nádvoří","vyuziti":null,"vymera":32,"lv":142}},{"type":"Feature","geometry":{"type":"Polygon","coordinates":[[[14.767885,50.082613],[14.76789,50.082641],[14.768009,50.082632],[14.768005,50.082605],[14.767885,50.082613]]]},"properties":{"id":34728572010,"ku":"Tuklaty","p":"st. 382","druh":"zastavěná plocha a nádvoří","vyuziti":null,"vymera":26,"lv":411}},{"type":"Feature","geometry":{"type":"Polygon","coordinates":[[[14.774244,50.085463],[14.774227,50.085414],[14.77413,50.085429],[14.774147,50.085475],[14.774244,50.085463]]]},"properties":{"id":34728573010,"ku":"Tuklaty","p":"1282","druh":"ostatní plocha","vyuziti":"jiná plocha","vymera":38,"lv":757}},{"type":"Feature","geometry":{"type":"Polygon","coordinates":[[[14.773308,50.081049],[14.77326,50.081101],[14.773308,50.08112],[14.773357,50.081069],[14.773308,50.081049]]]},"properties":{"id":34728587010,"ku":"Tuklaty","p":"st. 385","druh":"zastavěná plocha a nádvoří","vyuziti":null,"vymera":27,"lv":31}},{"type":"Feature","geometry":{"type":"Polygon","coordinates":[[[14.7434,50.072166],[14.74336,50.072223],[14.743358,50.072255],[14.74383,50.072343],[14.743825,50.07235],[14.744133,50.072383],[14.744353,50.07239],[14.744547,50.072442],[14.7446,50.07244],[14.744609,50.072102],[14.744439,50.07207],[14.743552,50.071838],[14.7434,50.072166]]]},"properties":{"id":91050419010,"ku":"Tuklaty","p":"1170/1","druh":"ostatní plocha","vyuziti":"jiná plocha","vymera":3669,"lv":723}},{"type":"Feature","geometry":{"type":"Polygon","coordinates":[[[14.74383,50.072343],[14.743358,50.072255],[14.743347,50.072402],[14.743814,50.072421],[14.74383,50.072343]]]},"properties":{"id":91050420010,"ku":"Tuklaty","p":"1170/2","druh":"ostatní plocha","vyuziti":"jiná plocha","vymera":429,"lv":723}},{"type":"Feature","geometry":{"type":"Polygon","coordinates":[[[14.742814,50.072365],[14.742632,50.072389],[14.742482,50.072426],[14.742352,50.072483],[14.742215,50.072586],[14.741917,50.072763],[14.741948,50.072771],[14.742235,50.072595],[14.742359,50.072499],[14.742521,50.072436],[14.742811,50.072402],[14.742814,50.072365]]]},"properties":{"id":76062801010,"ku":"Tuklaty","p":"1175/1","druh":"ostatní plocha","vyuziti":"zeleň","vymera":173,"lv":10001}},{"type":"Feature","geometry":{"type":"Polygon","coordinates":[[[14.742814,50.072365],[14.742811,50.072402],[14.742938,50.072391],[14.743347,50.072402],[14.74336,50.072223],[14.743166,50.072356],[14.742814,50.072365]]]},"properties":{"id":76062802010,"ku":"Tuklaty","p":"1175/2","druh":"ostatní plocha","vyuziti":"zeleň","vymera":254,"lv":723}},{"type":"Feature","geometry":{"type":"Polygon","coordinates":[[[14.77446,50.085617],[14.774415,50.085444],[14.774306,50.085154],[14.774251,50.085161],[14.774313,50.085347],[14.773559,50.08544],[14.773544,50.085526],[14.774395,50.08563],[14.7744,50.08561],[14.77446,50.085617]],[[14.774301,50.085533],[14.774281,50.085458],[14.774413,50.085444],[14.774433,50.085518],[14.774301,50.085533]],[[14.774147,50.085475],[14.77413,50.085429],[14.774227,50.085414],[14.774244,50.085463],[14.774147,50.085475]]]},"properties":{"id":97794159010,"ku":"Tuklaty","p":"275/28","druh":"ostatní plocha","vyuziti":"manipulační plocha","vymera":1306,"lv":757}},{"type":"Feature","geometry":{"type":"Polygon","coordinates":[[[14.774701,50.085671],[14.77465,50.085639],[14.77446,50.085617],[14.774466,50.08564],[14.774701,50.085671]]]},"properties":{"id":97794160010,"ku":"Tuklaty","p":"1035/1","druh":"ostatní plocha","vyuziti":"ostatní dopravní plocha","vymera":40,"lv":781}},{"type":"Feature","geometry":{"type":"Polygon","coordinates":[[[14.774395,50.08563],[14.774466,50.08564],[14.77446,50.085617],[14.7744,50.08561],[14.774395,50.08563]]]},"properties":{"id":97794161010,"ku":"Tuklaty","p":"1035/2","druh":"ostatní plocha","vyuziti":"ostatní dopravní plocha","vymera":11,"lv":757}},{"type":"Feature","geometry":{"type":"Polygon","coordinates":[[[14.770912,50.078969],[14.770926,50.079059],[14.770693,50.079081],[14.770685,50.07904],[14.770587,50.079049],[14.770794,50.079219],[14.770976,50.079127],[14.770941,50.078966],[14.770912,50.078969]]]},"properties":{"id":101278413010,"ku":"Tuklaty","p":"408/1","druh":"zahrada","vyuziti":null,"vymera":298,"lv":103}},{"type":"Feature","geometry":{"type":"Polygon","coordinates":[[[14.770576,50.078916],[14.770347,50.078935],[14.770341,50.079042],[14.770587,50.079049],[14.77058,50.079016],[14.770532,50.07902],[14.770522,50.078973],[14.770586,50.078968],[14.770576,50.078916]]]},"properties":{"id":101278414010,"ku":"Tuklaty","p":"408/2","druh":"zahrada","vyuziti":null,"vymera":207,"lv":103}},{"type":"Feature","geometry":{"type":"Polygon","coordinates":[[[14.770341,50.079042],[14.770331,50.079199],[14.770315,50.079461],[14.770794,50.079219],[14.770587,50.079049],[14.770341,50.079042]]]},"properties":{"id":101278415010,"ku":"Tuklaty","p":"408/3","druh":"zahrada","vyuziti":null,"vymera":936,"lv":103}},{"type":"Feature","geometry":{"type":"Polygon","coordinates":[[[14.767273,50.082602],[14.767288,50.082687],[14.76734,50.082683],[14.767338,50.08267],[14.767459,50.082661],[14.767446,50.08259],[14.767273,50.082602]]]},"properties":{"id":66914058010,"ku":"Tuklaty","p":"st. 402","druh":"zastavěná plocha a nádvoří","vyuziti":null,"vymera":106,"lv":655}},{"type":"Feature","geometry":{"type":"Polygon","coordinates":[[[14.758644,50.07345],[14.75903,50.073568],[14.759655,50.073649],[14.759656,50.073644],[14.759048,50.073555],[14.758644,50.07345]]]},"properties":{"id":93655212010,"ku":"Tuklaty","p":"1287/18","druh":"orná půda","vyuziti":null,"vymera":77,"lv":565}},{"type":"Feature","geometry":{"type":"Polygon","coordinates":[[[14.758711,50.072751],[14.758629,50.073446],[14.758644,50.07345],[14.75873,50.072751],[14.758711,50.072751]]]},"properties":{"id":93655213010,"ku":"Tuklaty","p":"1287/19","druh":"orná půda","vyuziti":null,"vymera":80,"lv":565}},{"type":"Feature","geometry":{"type":"Polygon","coordinates":[[[14.760831,50.073896],[14.760631,50.073791],[14.760233,50.073695],[14.76062,50.073799],[14.760831,50.073896]]]},"properties":{"id":93655214010,"ku":"Tuklaty","p":"1287/16","druh":"orná půda","vyuziti":null,"vymera":27,"lv":565}},{"type":"Feature","geometry":{"type":"Polygon","coordinates":[[[14.759656,50.073644],[14.759655,50.073649],[14.759828,50.073669],[14.759656,50.073644]]]},"properties":{"id":93655215010,"ku":"Tuklaty","p":"1287/17","druh":"orná půda","vyuziti":null,"vymera":3,"lv":565}},{"type":"Feature","geometry":{"type":"Polygon","coordinates":[[[14.758552,50.073483],[14.758552,50.073489],[14.759011,50.073612],[14.759826,50.073709],[14.759027,50.073598],[14.758552,50.073483]]]},"properties":{"id":93655216010,"ku":"Tuklaty","p":"1287/13","druh":"orná půda","vyuziti":null,"vymera":94,"lv":564}},{"type":"Feature","geometry":{"type":"Polygon","coordinates":[[[14.760612,50.073827],[14.760215,50.073734],[14.760601,50.073833],[14.760782,50.073923],[14.760612,50.073827]]]},"properties":{"id":93655217010,"ku":"Tuklaty","p":"1287/14","druh":"orná půda","vyuziti":null,"vymera":23,"lv":564}},{"type":"Feature","geometry":{"type":"Polygon","coordinates":[[[14.761104,50.074446],[14.760935,50.074094],[14.760881,50.073919],[14.760831,50.073896],[14.760782,50.073923],[14.760829,50.073946],[14.760881,50.074103],[14.760984,50.074306],[14.761071,50.074453],[14.761104,50.074446]]]},"properties":{"id":93655218010,"ku":"Tuklaty","p":"1287/15","druh":"orná půda","vyuziti":null,"vymera":232,"lv":564}},{"type":"Feature","geometry":{"type":"Polygon","coordinates":[[[14.758279,50.072195],[14.758427,50.072208],[14.758593,50.072203],[14.758279,50.072195]]]},"properties":{"id":93655219010,"ku":"Tuklaty","p":"1287/21","druh":"ostatní plocha","vyuziti":"zeleň","vymera":12,"lv":564}},{"type":"Feature","geometry":{"type":"Polygon","coordinates":[[[14.758635,50.072439],[14.758638,50.07248],[14.758693,50.072478],[14.758688,50.072425],[14.758635,50.072439]]]},"properties":{"id":93655220010,"ku":"Tuklaty","p":"1287/11","druh":"ostatní plocha","vyuziti":"jiná plocha","vymera":20,"lv":564}},{"type":"Feature","geometry":{"type":"Polygon","coordinates":[[[14.758716,50.07271],[14.758657,50.072705],[14.758652,50.072753],[14.758711,50.072751],[14.758716,50.07271]]]},"properties":{"id":93655221010,"ku":"Tuklaty","p":"1287/20","druh":"ostatní plocha","vyuziti":"jiná plocha","vymera":21,"lv":565}},{"type":"Feature","geometry":{"type":"Polygon","coordinates":[[[14.758638,50.07248],[14.758635,50.072439],[14.758625,50.072442],[14.758572,50.072417],[14.758408,50.072422],[14.758414,50.072485],[14.758638,50.07248]]]},"properties":{"id":93655222010,"ku":"Tuklaty","p":"1287/10","druh":"ostatní plocha","vyuziti":"zeleň","vymera":104,"lv":564}},{"type":"Feature","geometry":{"type":"Polygon","coordinates":[[[14.758572,50.073437],[14.758652,50.072753],[14.758635,50.072753],[14.758552,50.073483],[14.758572,50.073437]]]},"properties":{"id":93655223010,"ku":"Tuklaty","p":"1287/12","druh":"ostatní plocha","vyuziti":"zeleň","vymera":90,"lv":564}},{"type":"Feature","geometry":{"type":"Polygon","coordinates":[[[14.758414,50.072485],[14.758408,50.072422],[14.758235,50.072427],[14.758179,50.072439],[14.757518,50.072467],[14.75751,50.072571],[14.757856,50.072569],[14.757974,50.072562],[14.758075,50.072549],[14.758267,50.072507],[14.758414,50.072485]]]},"properties":{"id":93655224010,"ku":"Tuklaty","p":"1287/9","druh":"orná půda","vyuziti":null,"vymera":716,"lv":564}},{"type":"Feature","geometry":{"type":"Polygon","coordinates":[[[14.756939,50.072496],[14.756762,50.072498],[14.756755,50.072601],[14.75751,50.072571],[14.757518,50.072467],[14.756939,50.072496]]]},"properties":{"id":93655225010,"ku":"Tuklaty","p":"1287/8","druh":"orná půda","vyuziti":null,"vymera":592,"lv":564}},{"type":"Feature","geometry":{"type":"Polygon","coordinates":[[[14.756762,50.072498],[14.755788,50.072533],[14.75544,50.072539],[14.755431,50.072669],[14.755609,50.072645],[14.755865,50.072629],[14.756755,50.072601],[14.756762,50.072498]]]},"properties":{"id":93655226010,"ku":"Tuklaty","p":"1287/7","druh":"orná půda","vyuziti":null,"vymera":1116,"lv":564}},{"type":"Feature","geometry":{"type":"Polygon","coordinates":[[[14.757723,50.072206],[14.757725,50.072231],[14.758427,50.072208],[14.758193,50.072181],[14.758051,50.072181],[14.757865,50.072204],[14.757723,50.072206]]]},"properties":{"id":93655227010,"ku":"Tuklaty","p":"1287/22","druh":"ostatní plocha","vyuziti":"jiná plocha","vymera":142,"lv":564}},{"type":"Feature","geometry":{"type":"Polygon","coordinates":[[[14.757313,50.0722],[14.757315,50.07224],[14.757725,50.072231],[14.757723,50.072206],[14.757313,50.0722]]]},"properties":{"id":93655228010,"ku":"Tuklaty","p":"1287/23","druh":"ostatní plocha","vyuziti":"jiná plocha","vymera":105,"lv":564}},{"type":"Feature","geometry":{"type":"Polygon","coordinates":[[[14.755548,50.072221],[14.755548,50.072229],[14.755701,50.072221],[14.755548,50.072221]]]},"properties":{"id":93655229010,"ku":"Tuklaty","p":"1287/25","druh":"orná půda","vyuziti":null,"vymera":6,"lv":564}},{"type":"Feature","geometry":{"type":"Polygon","coordinates":[[[14.754841,50.072149],[14.754092,50.072075],[14.753769,50.072028],[14.753059,50.071876],[14.75306,50.071892],[14.753769,50.072048],[14.754212,50.072116],[14.754562,50.072146],[14.754736,50.072225],[14.754995,50.072236],[14.755548,50.072229],[14.755548,50.072221],[14.75508,50.072219],[14.754841,50.072149]]]},"properties":{"id":93655230010,"ku":"Tuklaty","p":"1287/26","druh":"orná půda","vyuziti":null,"vymera":531,"lv":564}},{"type":"Feature","geometry":{"type":"Polygon","coordinates":[[[14.757064,50.072195],[14.755777,50.072215],[14.75562,50.072228],[14.754995,50.072236],[14.754736,50.072225],[14.754562,50.072146],[14.754212,50.072116],[14.753769,50.072048],[14.753311,50.071943],[14.75294,50.071867],[14.752965,50.072345],[14.755217,50.072283],[14.757315,50.07224],[14.757313,50.0722],[14.757064,50.072195]]]},"properties":{"id":93655231010,"ku":"Tuklaty","p":"1287/24","druh":"ostatní plocha","vyuziti":"jiná plocha","vymera":5005,"lv":564}},{"type":"Feature","geometry":{"type":"Polygon","coordinates":[[[14.75306,50.071892],[14.753059,50.071876],[14.752939,50.071853],[14.75294,50.071867],[14.75306,50.071892]]]},"properties":{"id":93655232010,"ku":"Tuklaty","p":"1287/27","druh":"orná půda","vyuziti":null,"vymera":14,"lv":604}},{"type":"Feature","geometry":{"type":"Polygon","coordinates":[[[14.755431,50.072669],[14.75544,50.072539],[14.755314,50.072537],[14.755304,50.072675],[14.755431,50.072669]]]},"properties":{"id":93655233010,"ku":"Tuklaty","p":"1287/6","druh":"orná půda","vyuziti":null,"vymera":135,"lv":768}},{"type":"Feature","geometry":{"type":"Polygon","coordinates":[[[14.755304,50.072675],[14.755314,50.072537],[14.754748,50.072515],[14.754743,50.07254],[14.754568,50.072526],[14.754525,50.072529],[14.754492,50.072993],[14.754556,50.072979],[14.754897,50.072954],[14.754997,50.072929],[14.755083,50.072877],[14.755118,50.072841],[14.755141,50.072802],[14.755155,50.072723],[14.755224,50.072678],[14.755304,50.072675]]]},"properties":{"id":93655234010,"ku":"Tuklaty","p":"1287/5","druh":"orná půda","vyuziti":null,"vymera":2321,"lv":564}},{"type":"Feature","geometry":{"type":"Polygon","coordinates":[[[14.75253,50.072577],[14.752467,50.072588],[14.752547,50.072616],[14.752746,50.073089],[14.753518,50.073054],[14.753802,50.073038],[14.75412,50.073008],[14.754371,50.073006],[14.754492,50.072993],[14.754525,50.072529],[14.753481,50.072562],[14.753356,50.072572],[14.752695,50.072573],[14.752539,50.072598],[14.75253,50.072577]]]},"properties":{"id":93655235010,"ku":"Tuklaty","p":"1287/4","druh":"orná půda","vyuziti":null,"vymera":7263,"lv":564}},{"type":"Feature","geometry":{"type":"Polygon","coordinates":[[[14.750106,50.073061],[14.750098,50.073151],[14.750307,50.073063],[14.750233,50.073065],[14.750106,50.073061]]]},"properties":{"id":93655236010,"ku":"Tuklaty","p":"1287/3","druh":"orná půda","vyuziti":null,"vymera":70,"lv":564}},{"type":"Feature","geometry":{"type":"Polygon","coordinates":[[[14.75294,50.071867],[14.752939,50.071853],[14.752148,50.071696],[14.751129,50.071438],[14.751315,50.071549],[14.751394,50.07158],[14.751752,50.071678],[14.751873,50.071717],[14.752541,50.071854],[14.752567,50.071791],[14.75294,50.071867]]]},"properties":{"id":93655237010,"ku":"Tuklaty","p":"1287/28","druh":"orná půda","vyuziti":null,"vymera":872,"lv":564}},{"type":"Feature","geometry":{"type":"Polygon","coordinates":[[[14.749531,50.072932],[14.749439,50.073119],[14.749971,50.073302],[14.750098,50.073151],[14.750106,50.073061],[14.749977,50.073048],[14.74984,50.073021],[14.74963,50.072968],[14.749531,50.072932]]]},"properties":{"id":93655238010,"ku":"Tuklaty","p":"1287/2","druh":"orná půda","vyuziti":null,"vymera":1062,"lv":564}},{"type":"Feature","geometry":{"type":"Polygon","coordinates":[[[14.747802,50.072632],[14.747665,50.072606],[14.747435,50.072583],[14.747381,50.07257],[14.747035,50.07257],[14.746849,50.072582],[14.746848,50.072593],[14.747802,50.072632]]]},"properties":{"id":93655239010,"ku":"Tuklaty","p":"1287/1","druh":"orná půda","vyuziti":null,"vymera":208,"lv":564}},{"type":"Feature","geometry":{"type":"Polygon","coordinates":[[[14.746851,50.071205],[14.746899,50.071228],[14.747221,50.070942],[14.746996,50.070819],[14.746851,50.071205]]]},"properties":{"id":93655240010,"ku":"Tuklaty","p":"1287/29","druh":"orná půda","vyuziti":null,"vymera":500,"lv":564}},{"type":"Feature","geometry":{"type":"Polygon","coordinates":[[[14.746855,50.071117],[14.746818,50.07119],[14.746851,50.071205],[14.746996,50.070819],[14.74665,50.070631],[14.746031,50.070261],[14.745907,50.070593],[14.746177,50.070756],[14.746796,50.071051],[14.746855,50.071117]]]},"properties":{"id":93655241010,"ku":"Tuklaty","p":"1287/30","druh":"orná půda","vyuziti":null,"vymera":2953,"lv":564}},{"type":"Feature","geometry":{"type":"Polygon","coordinates":[[[14.74588,50.07017],[14.745172,50.070256],[14.745546,50.070394],[14.745712,50.070469],[14.745907,50.070593],[14.746031,50.070261],[14.74588,50.07017]]]},"properties":{"id":93655242010,"ku":"Tuklaty","p":"1287/31","druh":"orná půda","vyuziti":null,"vymera":1323,"lv":564}},{"type":"Feature","geometry":{"type":"Polygon","coordinates":[[[14.765365,50.08611],[14.765423,50.086195],[14.765669,50.086127],[14.765612,50.086042],[14.765365,50.08611]]]},"properties":{"id":103007378010,"ku":"Tuklaty","p":"st. 439","druh":"zastavěná plocha a nádvoří","vyuziti":null,"vymera":198,"lv":10001}},{"type":"Feature","geometry":{"type":"Polygon","coordinates":[[[14.766893,50.082444],[14.766871,50.082392],[14.766778,50.082409],[14.766786,50.08243],[14.766766,50.082433],[14.766738,50.082368],[14.766495,50.082411],[14.766537,50.082508],[14.766893,50.082444]]]},"properties":{"id":26750483010,"ku":"Tuklaty","p":"st. 367","druh":"zastavěná plocha a nádvoří","vyuziti":null,"vymera":248,"lv":681}},{"type":"Feature","geometry":{"type":"Polygon","coordinates":[[[14.772221,50.080412],[14.772186,50.08045],[14.772191,50.08046],[14.772177,50.080482],[14.772287,50.080511],[14.772331,50.08044],[14.772221,50.080412]]]},"properties":{"id":27265627010,"ku":"Tuklaty","p":"st. 369","druh":"zastavěná plocha a nádvoří","vyuziti":null,"vymera":73,"lv":661}},{"type":"Feature","geometry":{"type":"Polygon","coordinates":[[[14.763823,50.08798],[14.763808,50.087951],[14.763776,50.087962],[14.763793,50.087982],[14.763823,50.08798]]]},"properties":{"id":96864589010,"ku":"Tuklaty","p":"st. 427","druh":"zastavěná plocha a nádvoří","vyuziti":null,"vymera":8,"lv":10001}},{"type":"Feature","geometry":{"type":"Polygon","coordinates":[[[14.759851,50.082836],[14.759813,50.082858],[14.75993,50.082937],[14.759994,50.082899],[14.759909,50.082839],[14.75988,50.082856],[14.759851,50.082836]]]},"properties":{"id":91215189010,"ku":"Tuklaty","p":"st. 421","druh":"zastavěná plocha a nádvoří","vyuziti":null,"vymera":68,"lv":636}},{"type":"Feature","geometry":{"type":"Polygon","coordinates":[[[14.768591,50.081581],[14.768594,50.081535],[14.768487,50.081549],[14.768501,50.081593],[14.768591,50.081581]]]},"properties":{"id":2113204204,"ku":"Tuklaty","p":"62/25","druh":"orná půda","vyuziti":null,"vymera":36,"lv":10001}},{"type":"Feature","geometry":{"type":"Polygon","coordinates":[[[14.768096,50.080928],[14.768533,50.080938],[14.768586,50.080978],[14.76858,50.080911],[14.768548,50.080896],[14.7684,50.080898],[14.768122,50.080917],[14.768096,50.080928]]]},"properties":{"id":2113239204,"ku":"Tuklaty","p":"62/64","druh":"orná půda","vyuziti":null,"vymera":117,"lv":519}},{"type":"Feature","geometry":{"type":"Polygon","coordinates":[[[14.768096,50.080928],[14.768,50.080969],[14.768507,50.080977],[14.768592,50.081042],[14.768586,50.080978],[14.768533,50.080938],[14.768096,50.080928]]]},"properties":{"id":2113240204,"ku":"Tuklaty","p":"62/63","druh":"vodní plocha","vyuziti":"koryto vodního toku přirozené nebo upravené","vymera":188,"lv":519}},{"type":"Feature","geometry":{"type":"Polygon","coordinates":[[[14.769182,50.081853],[14.768926,50.081539],[14.768591,50.081581],[14.768572,50.081934],[14.769182,50.081853]]]},"properties":{"id":27030574010,"ku":"Tuklaty","p":"62/79","druh":"orná půda","vyuziti":null,"vymera":1312,"lv":713}},{"type":"Feature","geometry":{"type":"Polygon","coordinates":[[[14.769243,50.082155],[14.769226,50.081907],[14.769182,50.081853],[14.768572,50.081934],[14.768558,50.082204],[14.769243,50.082155]]]},"properties":{"id":27030575010,"ku":"Tuklaty","p":"62/80","druh":"orná půda","vyuziti":null,"vymera":1528,"lv":718}},{"type":"Feature","geometry":{"type":"Polygon","coordinates":[[[14.76926,50.082389],[14.769243,50.082155],[14.768403,50.082215],[14.768424,50.082344],[14.768513,50.082334],[14.768525,50.082314],[14.768518,50.082274],[14.768538,50.082272],[14.768541,50.082292],[14.768648,50.082285],[14.768651,50.082303],[14.768762,50.082294],[14.768777,50.082379],[14.768676,50.082386],[14.76868,50.082415],[14.768439,50.08243],[14.768442,50.082447],[14.76926,50.082389]]]},"properties":{"id":27030576010,"ku":"Tuklaty","p":"62/81","druh":"orná půda","vyuziti":null,"vymera":1262,"lv":710}},{"type":"Feature","geometry":{"type":"Polygon","coordinates":[[[14.768548,50.08244],[14.768538,50.082675],[14.769268,50.082624],[14.76926,50.082389],[14.768548,50.08244]],[[14.76857,50.082626],[14.768557,50.082554],[14.768751,50.08254],[14.768763,50.082612],[14.76857,50.082626]]]},"properties":{"id":27030577010,"ku":"Tuklaty","p":"62/82","druh":"orná půda","vyuziti":null,"vymera":1238,"lv":621}},{"type":"Feature","geometry":{"type":"Polygon","coordinates":[[[14.769268,50.082624],[14.768538,50.082675],[14.768529,50.082882],[14.768568,50.0829],[14.7686,50.082902],[14.769105,50.082874],[14.769268,50.082624]]]},"properties":{"id":27030578010,"ku":"Tuklaty","p":"62/83","druh":"orná půda","vyuziti":null,"vymera":1218,"lv":702}},{"type":"Feature","geometry":{"type":"Polygon","coordinates":[[[14.768548,50.08244],[14.768442,50.082447],[14.768481,50.082679],[14.768538,50.082675],[14.768548,50.08244]]]},"properties":{"id":27030579010,"ku":"Tuklaty","p":"62/75","druh":"orná půda","vyuziti":null,"vymera":153,"lv":621}},{"type":"Feature","geometry":{"type":"Polygon","coordinates":[[[14.768572,50.081934],[14.768328,50.081967],[14.768403,50.082215],[14.768558,50.082204],[14.768572,50.081934]]]},"properties":{"id":27030581010,"ku":"Tuklaty","p":"62/77","druh":"orná půda","vyuziti":null,"vymera":416,"lv":718}},{"type":"Feature","geometry":{"type":"Polygon","coordinates":[[[14.768248,50.081642],[14.768236,50.081682],[14.768328,50.081967],[14.768572,50.081934],[14.768591,50.081581],[14.768302,50.081618],[14.768248,50.081642]]]},"properties":{"id":27030582010,"ku":"Tuklaty","p":"62/78","druh":"orná půda","vyuziti":null,"vymera":854,"lv":713}},{"type":"Feature","geometry":{"type":"Polygon","coordinates":[[[14.768538,50.082675],[14.768481,50.082679],[14.76851,50.082854],[14.768529,50.082882],[14.768538,50.082675]]]},"properties":{"id":27030583010,"ku":"Tuklaty","p":"62/84","druh":"orná půda","vyuziti":null,"vymera":58,"lv":702}},{"type":"Feature","geometry":{"type":"Polygon","coordinates":[[[14.767532,50.083005],[14.767584,50.083253],[14.767632,50.083319],[14.7677,50.083692],[14.767828,50.083701],[14.767712,50.08306],[14.767715,50.083038],[14.767731,50.083018],[14.767777,50.083002],[14.767532,50.083005]]]},"properties":{"id":32593697010,"ku":"Tuklaty","p":"62/85","druh":"ostatní plocha","vyuziti":"ostatní komunikace","vymera":795,"lv":10001}},{"type":"Feature","geometry":{"type":"Polygon","coordinates":[[[14.767665,50.083667],[14.767637,50.08367],[14.767643,50.083688],[14.7677,50.083692],[14.767632,50.083319],[14.767584,50.083253],[14.767532,50.083005],[14.767433,50.083007],[14.76744,50.083086],[14.767492,50.083137],[14.767533,50.083133],[14.767665,50.083667]]]},"properties":{"id":32593698010,"ku":"Tuklaty","p":"62/86","druh":"orná půda","vyuziti":null,"vymera":268,"lv":519}},{"type":"Feature","geometry":{"type":"Polygon","coordinates":[[[14.768601,50.081406],[14.768603,50.081321],[14.767893,50.081015],[14.767793,50.081058],[14.768601,50.081406]]]},"properties":{"id":2113199204,"ku":"Tuklaty","p":"62/20","druh":"orná půda","vyuziti":null,"vymera":523,"lv":10001}},{"type":"Feature","geometry":{"type":"Polygon","coordinates":[[[14.768603,50.081321],[14.768604,50.081278],[14.767944,50.080993],[14.767893,50.081015],[14.768603,50.081321]]]},"properties":{"id":2113200204,"ku":"Tuklaty","p":"62/21","druh":"orná půda","vyuziti":null,"vymera":236,"lv":10001}},{"type":"Feature","geometry":{"type":"Polygon","coordinates":[[[14.768,50.080969],[14.767944,50.080993],[14.768604,50.081278],[14.768592,50.081042],[14.768507,50.080977],[14.768,50.080969]]]},"properties":{"id":2113201204,"ku":"Tuklaty","p":"62/22","druh":"orná půda","vyuziti":null,"vymera":813,"lv":10001}},{"type":"Feature","geometry":{"type":"Polygon","coordinates":[[[14.768476,50.081514],[14.768487,50.081549],[14.768594,50.081535],[14.768596,50.081498],[14.768476,50.081514]]]},"properties":{"id":2113203204,"ku":"Tuklaty","p":"62/24","druh":"orná půda","vyuziti":null,"vymera":33,"lv":10001}},{"type":"Feature","geometry":{"type":"Polygon","coordinates":[[[14.767891,50.087301],[14.767796,50.087263],[14.767693,50.08737],[14.767788,50.087407],[14.767891,50.087301]]]},"properties":{"id":33162907010,"ku":"Tuklaty","p":"st. 375","druh":"zastavěná plocha a nádvoří","vyuziti":null,"vymera":111,"lv":689}},{"type":"Feature","geometry":{"type":"Polygon","coordinates":[[[14.770077,50.083456],[14.769987,50.083441],[14.769963,50.083502],[14.770054,50.083517],[14.770077,50.083456]]]},"properties":{"id":33226127010,"ku":"Tuklaty","p":"st. 232","druh":"zastavěná plocha a nádvoří","vyuziti":null,"vymera":47,"lv":695}},{"type":"Feature","geometry":{"type":"Polygon","coordinates":[[[14.767153,50.086712],[14.767288,50.086761],[14.767343,50.086701],[14.767207,50.086652],[14.767153,50.086712]]]},"properties":{"id":53268213010,"ku":"Tuklaty","p":"st. 392","druh":"zastavěná plocha a nádvoří","vyuziti":null,"vymera":86,"lv":671}},{"type":"Feature","geometry":{"type":"Polygon","coordinates":[[[14.759854,50.072382],[14.758687,50.072414],[14.758716,50.07271],[14.759731,50.072817],[14.759854,50.072382]]]},"properties":{"id":73764761010,"ku":"Tuklaty","p":"547/20","druh":"orná půda","vyuziti":null,"vymera":3190,"lv":554}},{"type":"Feature","geometry":{"type":"Polygon","coordinates":[[[14.744734,50.072581],[14.74473,50.072644],[14.746798,50.072585],[14.747035,50.07257],[14.746976,50.072557],[14.7457,50.07257],[14.745105,50.072586],[14.744734,50.072581]]]},"properties":{"id":36073573010,"ku":"Tuklaty","p":"1167/1","druh":"ostatní plocha","vyuziti":"zeleň","vymera":707,"lv":10001}},{"type":"Feature","geometry":{"type":"Polygon","coordinates":[[[14.74473,50.072644],[14.744734,50.072581],[14.74462,50.072579],[14.744148,50.072596],[14.744145,50.072645],[14.74473,50.072644]]]},"properties":{"id":36073574010,"ku":"Tuklaty","p":"1167/2","druh":"ostatní plocha","vyuziti":"zeleň","vymera":272,"lv":210}},{"type":"Feature","geometry":{"type":"Polygon","coordinates":[[[14.742495,50.072749],[14.74259,50.072727],[14.742651,50.072687],[14.742803,50.072656],[14.743165,50.072636],[14.744145,50.072645],[14.744148,50.072596],[14.742789,50.072623],[14.74257,50.072684],[14.742495,50.072749]]]},"properties":{"id":36073575010,"ku":"Tuklaty","p":"1167/3","druh":"ostatní plocha","vyuziti":"zeleň","vymera":432,"lv":10001}},{"type":"Feature","geometry":{"type":"Polygon","coordinates":[[[14.771013,50.084712],[14.770836,50.084727],[14.770456,50.08472],[14.770144,50.084739],[14.770076,50.084748],[14.769788,50.084814],[14.770083,50.084761],[14.770455,50.084742],[14.771031,50.084743],[14.771013,50.084712]]]},"properties":{"id":34728588010,"ku":"Tuklaty","p":"866/5","druh":"ostatní plocha","vyuziti":"ostatní komunikace","vymera":164,"lv":10001}},{"type":"Feature","geometry":{"type":"Polygon","coordinates":[[[14.766293,50.081586],[14.766056,50.081674],[14.766296,50.081613],[14.766293,50.081586]]]},"properties":{"id":34728589010,"ku":"Tuklaty","p":"876/4","druh":"ostatní plocha","vyuziti":"ostatní komunikace","vymera":29,"lv":10001}},{"type":"Feature","geometry":{"type":"Polygon","coordinates":[[[14.766293,50.081586],[14.766523,50.081504],[14.766975,50.081325],[14.767459,50.081119],[14.766293,50.08158],[14.766293,50.081586]]]},"properties":{"id":34728590010,"ku":"Tuklaty","p":"876/5","druh":"ostatní plocha","vyuziti":"ostatní komunikace","vymera":106,"lv":10001}},{"type":"Feature","geometry":{"type":"Polygon","coordinates":[[[14.767109,50.087133],[14.767052,50.087139],[14.766888,50.087212],[14.766254,50.087457],[14.766263,50.087467],[14.767076,50.087163],[14.767202,50.087104],[14.767394,50.086982],[14.767501,50.08688],[14.767625,50.086709],[14.767701,50.086526],[14.767722,50.086415],[14.767714,50.086414],[14.767608,50.086703],[14.767503,50.086851],[14.767381,50.086967],[14.767264,50.087051],[14.767109,50.087133]]]},"properties":{"id":34728591010,"ku":"Tuklaty","p":"910/6","druh":"ostatní plocha","vyuziti":"ostatní komunikace","vymera":280,"lv":10001}},{"type":"Feature","geometry":{"type":"Polygon","coordinates":[[[14.768535,50.086746],[14.768392,50.08689],[14.768539,50.086967],[14.768638,50.086878],[14.768779,50.086948],[14.768925,50.086812],[14.768997,50.086715],[14.768732,50.086581],[14.768535,50.086746]],[[14.768685,50.086745],[14.768775,50.086671],[14.768881,50.086725],[14.768874,50.08673],[14.768896,50.086742],[14.768813,50.086809],[14.768685,50.086745]]]},"properties":{"id":34728592010,"ku":"Tuklaty","p":"1278","druh":"zahrada","vyuziti":null,"vymera":842,"lv":353}},{"type":"Feature","geometry":{"type":"Polygon","coordinates":[[[14.771274,50.077568],[14.771309,50.077722],[14.771926,50.077718],[14.772515,50.077729],[14.773257,50.077761],[14.773291,50.077615],[14.772553,50.077576],[14.771274,50.077568]]]},"properties":{"id":34728593010,"ku":"Tuklaty","p":"330/21","druh":"orná půda","vyuziti":null,"vymera":2373,"lv":747}},{"type":"Feature","geometry":{"type":"Polygon","coordinates":[[[14.772316,50.07933],[14.771647,50.079287],[14.771684,50.07946],[14.772142,50.079485],[14.772316,50.07933]]]},"properties":{"id":34728594010,"ku":"Tuklaty","p":"324/2","druh":"orná půda","vyuziti":null,"vymera":752,"lv":746}},{"type":"Feature","geometry":{"type":"Polygon","coordinates":[[[14.74094,50.073772],[14.740991,50.07295],[14.73981,50.072674],[14.739794,50.073448],[14.739769,50.073807],[14.740158,50.073873],[14.740302,50.073888],[14.740462,50.073877],[14.740706,50.073837],[14.74094,50.073772]]]},"properties":{"id":34728595010,"ku":"Tuklaty","p":"750/9","druh":"orná půda","vyuziti":null,"vymera":9695,"lv":771}},{"type":"Feature","geometry":{"type":"Polygon","coordinates":[[[14.773363,50.081387],[14.773144,50.081379],[14.773115,50.081365],[14.773084,50.081364],[14.773075,50.081521],[14.773303,50.081528],[14.773307,50.081482],[14.773356,50.081484],[14.773363,50.081387]]]},"properties":{"id":34728596010,"ku":"Tuklaty","p":"st. 127/1","druh":"zastavěná plocha a nádvoří","vyuziti":null,"vymera":304,"lv":117}},{"type":"Feature","geometry":{"type":"Polygon","coordinates":[[[14.770871,50.078232],[14.770908,50.078383],[14.770958,50.078381],[14.770924,50.07823],[14.770871,50.078232]]]},"properties":{"id":34728597010,"ku":"Tuklaty","p":"330/18","druh":"ostatní plocha","vyuziti":"ostatní komunikace","vymera":63,"lv":722}},{"type":"Feature","geometry":{"type":"Polygon","coordinates":[[[14.771825,50.083055],[14.770488,50.082845],[14.770472,50.082887],[14.771053,50.082995],[14.7718,50.083124],[14.771825,50.083055]]]},"properties":{"id":34728598010,"ku":"Tuklaty","p":"283/10","druh":"ostatní plocha","vyuziti":"ostatní komunikace","vymera":654,"lv":10001}},{"type":"Feature","geometry":{"type":"Polygon","coordinates":[[[14.772456,50.079207],[14.771989,50.079176],[14.771617,50.079151],[14.771647,50.079287],[14.772316,50.07933],[14.772456,50.079207]]]},"properties":{"id":34728599010,"ku":"Tuklaty","p":"324/1","druh":"orná půda","vyuziti":null,"vymera":800,"lv":746}},{"type":"Feature","geometry":{"type":"Polygon","coordinates":[[[14.739355,50.072574],[14.739321,50.073441],[14.739264,50.073714],[14.739769,50.073807],[14.739794,50.073448],[14.73981,50.072674],[14.739355,50.072574]]]},"properties":{"id":34728600010,"ku":"Tuklaty","p":"759","druh":"orná půda","vyuziti":null,"vymera":4294,"lv":632}},{"type":"Feature","geometry":{"type":"Polygon","coordinates":[[[14.741833,50.07315],[14.741375,50.073041],[14.741359,50.073604],[14.741627,50.07343],[14.741727,50.073323],[14.741833,50.07315]]]},"properties":{"id":34728601010,"ku":"Tuklaty","p":"750/8","druh":"orná půda","vyuziti":null,"vymera":1214,"lv":211}},{"type":"Feature","geometry":{"type":"Polygon","coordinates":[[[14.771582,50.084495],[14.771555,50.084442],[14.771433,50.084468],[14.771396,50.084645],[14.771679,50.084583],[14.771685,50.084552],[14.771652,50.084554],[14.771641,50.084482],[14.771582,50.084495]]]},"properties":{"id":34893312010,"ku":"Tuklaty","p":"st. 75/1","druh":"zastavěná plocha a nádvoří","vyuziti":null,"vymera":288,"lv":381}},{"type":"Feature","geometry":{"type":"Polygon","coordinates":[[[14.771613,50.084429],[14.771555,50.084442],[14.771582,50.084495],[14.771641,50.084482],[14.771613,50.084429]]]},"properties":{"id":34893320010,"ku":"Tuklaty","p":"st. 75/2","druh":"zastavěná plocha a nádvoří","vyuziti":null,"vymera":28,"lv":381}},{"type":"Feature","geometry":{"type":"Polygon","coordinates":[[[14.771054,50.081985],[14.771142,50.082004],[14.771157,50.081974],[14.771071,50.081955],[14.771054,50.081985]]]},"properties":{"id":34893384010,"ku":"Tuklaty","p":"st. 90/3","druh":"zastavěná plocha a nádvoří","vyuziti":null,"vymera":23,"lv":25}},{"type":"Feature","geometry":{"type":"Polygon","coordinates":[[[14.770743,50.081703],[14.770587,50.081678],[14.770348,50.081642],[14.770345,50.081653],[14.770429,50.081665],[14.770412,50.081713],[14.770539,50.081734],[14.770494,50.081849],[14.770677,50.081876],[14.770743,50.081703]]]},"properties":{"id":34893462010,"ku":"Tuklaty","p":"st. 113/1","druh":"zastavěná plocha a nádvoří","vyuziti":null,"vymera":338,"lv":585}},{"type":"Feature","geometry":{"type":"Polygon","coordinates":[[[14.770345,50.081653],[14.770329,50.081701],[14.770412,50.081713],[14.770429,50.081665],[14.770345,50.081653]]]},"properties":{"id":34893482010,"ku":"Tuklaty","p":"st. 113/2","druh":"zastavěná plocha a nádvoří","vyuziti":null,"vymera":34,"lv":585}},{"type":"Feature","geometry":{"type":"Polygon","coordinates":[[[14.765646,50.082787],[14.765685,50.082835],[14.765727,50.08282],[14.765712,50.082803],[14.765845,50.082763],[14.765819,50.08273],[14.765646,50.082787]]]},"properties":{"id":34893732010,"ku":"Tuklaty","p":"st. 63/3","druh":"zastavěná plocha a nádvoří","vyuziti":null,"vymera":63,"lv":374}},{"type":"Feature","geometry":{"type":"Polygon","coordinates":[[[14.76691,50.084328],[14.766854,50.084322],[14.766839,50.084383],[14.766894,50.084388],[14.76691,50.084328]]]},"properties":{"id":34894187010,"ku":"Tuklaty","p":"st. 27/3","druh":"zastavěná plocha a nádvoří","vyuziti":null,"vymera":28,"lv":653}},{"type":"Feature","geometry":{"type":"Polygon","coordinates":[[[14.766903,50.084354],[14.766894,50.084388],[14.767031,50.084405],[14.767049,50.084367],[14.766903,50.084354]]]},"properties":{"id":34894188010,"ku":"Tuklaty","p":"st. 27/4","druh":"zastavěná plocha a nádvoří","vyuziti":null,"vymera":44,"lv":653}},{"type":"Feature","geometry":{"type":"Polygon","coordinates":[[[14.740914,50.074086],[14.740922,50.073966],[14.740884,50.073974],[14.740881,50.074086],[14.740914,50.074086]]]},"properties":{"id":35445396010,"ku":"Tuklaty","p":"st. 131/3","druh":"zastavěná plocha a nádvoří","vyuziti":null,"vymera":33,"lv":257}},{"type":"Feature","geometry":{"type":"Polygon","coordinates":[[[14.745358,50.073569],[14.745414,50.072801],[14.745553,50.072803],[14.745566,50.07262],[14.74473,50.072644],[14.744674,50.073413],[14.745358,50.073569]]]},"properties":{"id":78312357010,"ku":"Tuklaty","p":"1163/1","druh":"orná půda","vyuziti":null,"vymera":4950,"lv":732}},{"type":"Feature","geometry":{"type":"Polygon","coordinates":[[[14.771705,50.082669],[14.77159,50.08265],[14.77146,50.082999],[14.771794,50.08305],[14.771843,50.082919],[14.771714,50.082899],[14.771637,50.082864],[14.771705,50.082669]],[[14.771551,50.082819],[14.771586,50.082723],[14.771668,50.082736],[14.771633,50.082832],[14.771551,50.082819]]]},"properties":{"id":40448375010,"ku":"Tuklaty","p":"st. 140/1","druh":"zastavěná plocha a nádvoří","vyuziti":null,"vymera":525,"lv":130}},{"type":"Feature","geometry":{"type":"Polygon","coordinates":[[[14.771551,50.082819],[14.771633,50.082832],[14.771668,50.082736],[14.771586,50.082723],[14.771551,50.082819]]]},"properties":{"id":40448376010,"ku":"Tuklaty","p":"st. 140/2","druh":"zastavěná plocha a nádvoří","vyuziti":null,"vymera":66,"lv":130}},{"type":"Feature","geometry":{"type":"Polygon","coordinates":[[[14.766453,50.082001],[14.766491,50.082057],[14.766725,50.081992],[14.766697,50.081917],[14.766453,50.082001]]]},"properties":{"id":36235457010,"ku":"Tuklaty","p":"st. 387","druh":"zastavěná plocha a nádvoří","vyuziti":null,"vymera":144,"lv":667}},{"type":"Feature","geometry":{"type":"Polygon","coordinates":[[[14.761106,50.072377],[14.761106,50.072359],[14.761062,50.07236],[14.761063,50.072378],[14.761106,50.072377]]]},"properties":{"id":48664395010,"ku":"Tuklaty","p":"st. 390","druh":"zastavěná plocha a nádvoří","vyuziti":null,"vymera":6,"lv":554}},{"type":"Feature","geometry":{"type":"Polygon","coordinates":[[[14.772225,50.083096],[14.772049,50.083185],[14.772438,50.083231],[14.772466,50.083143],[14.772242,50.083116],[14.772225,50.083096]]]},"properties":{"id":42006116010,"ku":"Tuklaty","p":"296/61","druh":"ostatní plocha","vyuziti":"jiná plocha","vymera":244,"lv":10001}},{"type":"Feature","geometry":{"type":"Polygon","coordinates":[[[14.773325,50.083301],[14.773316,50.083327],[14.77334,50.08333],[14.773349,50.083305],[14.773325,50.083301]]]},"properties":{"id":48625156010,"ku":"Tuklaty","p":"st. 389","druh":"zastavěná plocha a nádvoří","vyuziti":null,"vymera":5,"lv":700}},{"type":"Feature","geometry":{"type":"Polygon","coordinates":[[[14.770099,50.082503],[14.770098,50.082508],[14.770072,50.082506],[14.770063,50.082556],[14.770149,50.082563],[14.77016,50.082513],[14.770099,50.082503]]]},"properties":{"id":54689615010,"ku":"Tuklaty","p":"1284","druh":"ostatní plocha","vyuziti":"jiná plocha","vymera":36,"lv":260}},{"type":"Feature","geometry":{"type":"Polygon","coordinates":[[[14.774019,50.081821],[14.774012,50.08186],[14.773879,50.081849],[14.773866,50.081914],[14.774006,50.081926],[14.774008,50.081916],[14.774162,50.081929],[14.774181,50.081835],[14.774019,50.081821]]]},"properties":{"id":53261953010,"ku":"Tuklaty","p":"st. 393","druh":"zastavěná plocha a nádvoří","vyuziti":null,"vymera":192,"lv":629}},{"type":"Feature","geometry":{"type":"Polygon","coordinates":[[[14.772909,50.071051],[14.772885,50.071038],[14.772838,50.071072],[14.772863,50.071086],[14.772909,50.071051]]]},"properties":{"id":28376180010,"ku":"Tuklaty","p":"st. 372","druh":"zastavěná plocha a nádvoří","vyuziti":null,"vymera":12,"lv":498}},{"type":"Feature","geometry":{"type":"Polygon","coordinates":[[[14.767336,50.080288],[14.767346,50.08049],[14.768017,50.080491],[14.768018,50.080289],[14.767336,50.080288]]]},"properties":{"id":1872387204,"ku":"Tuklaty","p":"437/45","druh":"orná půda","vyuziti":null,"vymera":1087,"lv":720}},{"type":"Feature","geometry":{"type":"Polygon","coordinates":[[[14.770103,50.078209],[14.770232,50.078209],[14.770233,50.078034],[14.770103,50.078033],[14.770103,50.078209]]]},"properties":{"id":62563641010,"ku":"Tuklaty","p":"st. 399","druh":"zastavěná plocha a nádvoří","vyuziti":null,"vymera":181,"lv":709}},{"type":"Feature","geometry":{"type":"Polygon","coordinates":[[[14.770238,50.077609],[14.770239,50.077467],[14.770104,50.077468],[14.770104,50.07761],[14.770238,50.077609]]]},"properties":{"id":62563760010,"ku":"Tuklaty","p":"st. 401","druh":"zastavěná plocha a nádvoří","vyuziti":null,"vymera":152,"lv":717}},{"type":"Feature","geometry":{"type":"Polygon","coordinates":[[[14.767049,50.082903],[14.767042,50.082845],[14.766969,50.082849],[14.766963,50.0828],[14.766851,50.082805],[14.766857,50.082855],[14.766715,50.082862],[14.766722,50.082919],[14.767049,50.082903]]]},"properties":{"id":71132624010,"ku":"Tuklaty","p":"st. 404","druh":"zastavěná plocha a nádvoří","vyuziti":null,"vymera":195,"lv":672}},{"type":"Feature","geometry":{"type":"Polygon","coordinates":[[[14.772461,50.083924],[14.772469,50.083883],[14.772444,50.083881],[14.77246,50.083802],[14.772308,50.083789],[14.772291,50.08387],[14.77241,50.08388],[14.772403,50.083918],[14.772461,50.083924]]]},"properties":{"id":75451752010,"ku":"Tuklaty","p":"st. 407","druh":"zastavěná plocha a nádvoří","vyuziti":null,"vymera":119,"lv":673}},{"type":"Feature","geometry":{"type":"Polygon","coordinates":[[[14.768508,50.08318],[14.768486,50.08303],[14.768369,50.083037],[14.76839,50.083187],[14.768508,50.08318]]]},"properties":{"id":78715817010,"ku":"Tuklaty","p":"st. 410","druh":"zastavěná plocha a nádvoří","vyuziti":null,"vymera":142,"lv":728}},{"type":"Feature","geometry":{"type":"Polygon","coordinates":[[[14.773015,50.083665],[14.772947,50.083815],[14.772745,50.084253],[14.772772,50.084224],[14.773332,50.084035],[14.773272,50.083963],[14.773204,50.083676],[14.773015,50.083665]]]},"properties":{"id":75107370010,"ku":"Tuklaty","p":"296/62","druh":"zahrada","vyuziti":null,"vymera":1312,"lv":520}},{"type":"Feature","geometry":{"type":"Polygon","coordinates":[[[14.773332,50.084035],[14.772772,50.084224],[14.772745,50.084253],[14.77334,50.084044],[14.773332,50.084035]]]},"properties":{"id":75107371010,"ku":"Tuklaty","p":"1041/1","druh":"ostatní plocha","vyuziti":"jiná plocha","vymera":69,"lv":520}},{"type":"Feature","geometry":{"type":"Polygon","coordinates":[[[14.773332,50.084035],[14.77334,50.084044],[14.773724,50.083909],[14.773724,50.0839],[14.773332,50.084035]]]},"properties":{"id":75107372010,"ku":"Tuklaty","p":"1041/2","druh":"ostatní plocha","vyuziti":"jiná plocha","vymera":30,"lv":520}},{"type":"Feature","geometry":{"type":"Polygon","coordinates":[[[14.769564,50.079647],[14.769429,50.079647],[14.769428,50.079706],[14.769562,50.079706],[14.769564,50.079647]]]},"properties":{"id":92154134010,"ku":"Tuklaty","p":"437/186","druh":"orná půda","vyuziti":null,"vymera":62,"lv":641}},{"type":"Feature","geometry":{"type":"Polygon","coordinates":[[[14.771482,50.082502],[14.771464,50.082549],[14.771515,50.082557],[14.771533,50.08251],[14.771482,50.082502]]]},"properties":{"id":99442271010,"ku":"Tuklaty","p":"st. 430","druh":"zastavěná plocha a nádvoří","vyuziti":null,"vymera":20,"lv":113}},{"type":"Feature","geometry":{"type":"Polygon","coordinates":[[[14.770105,50.077914],[14.770235,50.077914],[14.770235,50.077779],[14.770105,50.077779],[14.770105,50.077914]]]},"properties":{"id":62563660010,"ku":"Tuklaty","p":"st. 400","druh":"zastavěná plocha a nádvoří","vyuziti":null,"vymera":140,"lv":716}},{"type":"Feature","geometry":{"type":"Polygon","coordinates":[[[14.766856,50.074527],[14.76631,50.074528],[14.766254,50.074492],[14.76625,50.073612],[14.766195,50.073613],[14.766199,50.074564],[14.766856,50.074563],[14.766856,50.074527]]]},"properties":{"id":72083252010,"ku":"Tuklaty","p":"1095/2","druh":"orná půda","vyuziti":null,"vymera":604,"lv":10001}},{"type":"Feature","geometry":{"type":"Polygon","coordinates":[[[14.766795,50.076559],[14.766921,50.07657],[14.766912,50.074527],[14.766856,50.074527],[14.766865,50.076521],[14.766795,50.076559]]]},"properties":{"id":72083253010,"ku":"Tuklaty","p":"1098/1","druh":"ostatní plocha","vyuziti":"ostatní komunikace","vymera":921,"lv":10001}},{"type":"Feature","geometry":{"type":"Polygon","coordinates":[[[14.766852,50.073608],[14.766856,50.074527],[14.766912,50.074527],[14.766908,50.073607],[14.766852,50.073608]]]},"properties":{"id":72083254010,"ku":"Tuklaty","p":"1098/2","druh":"orná půda","vyuziti":null,"vymera":409,"lv":10001}},{"type":"Feature","geometry":{"type":"Polygon","coordinates":[[[14.77247,50.080219],[14.772325,50.080583],[14.772507,50.080629],[14.772577,50.080658],[14.772776,50.080673],[14.772946,50.080366],[14.77247,50.080219]],[[14.772774,50.080529],[14.772717,50.080631],[14.772635,50.080612],[14.772651,50.080582],[14.772628,50.080577],[14.772635,50.080565],[14.772559,50.080547],[14.772576,50.080497],[14.772586,50.080499],[14.772599,50.080475],[14.772681,50.080494],[14.772674,50.080507],[14.772774,50.080529]]]},"properties":{"id":2011758204,"ku":"Tuklaty","p":"342/3","druh":"orná půda","vyuziti":null,"vymera":1283,"lv":676}},{"type":"Feature","geometry":{"type":"Polygon","coordinates":[[[14.773337,50.082636],[14.773159,50.082607],[14.773117,50.082715],[14.773295,50.082744],[14.773337,50.082636]]]},"properties":{"id":2216603204,"ku":"Tuklaty","p":"st. 329","druh":"zastavěná plocha a nádvoří","vyuziti":null,"vymera":164,"lv":616}},{"type":"Feature","geometry":{"type":"Polygon","coordinates":[[[14.76652,50.087864],[14.76646,50.087827],[14.766402,50.087865],[14.76637,50.087846],[14.766335,50.087869],[14.766329,50.087865],[14.766273,50.08791],[14.766366,50.087967],[14.76652,50.087864]]]},"properties":{"id":2234627204,"ku":"Tuklaty","p":"st. 333","druh":"zastavěná plocha a nádvoří","vyuziti":null,"vymera":128,"lv":600}},{"type":"Feature","geometry":{"type":"Polygon","coordinates":[[[14.768447,50.083949],[14.76849,50.083957],[14.768513,50.083899],[14.768471,50.083892],[14.768447,50.083949]]]},"properties":{"id":1535138204,"ku":"Tuklaty","p":"st. 203","druh":"zastavěná plocha a nádvoří","vyuziti":null,"vymera":21,"lv":582}},{"type":"Feature","geometry":{"type":"Polygon","coordinates":[[[14.76849,50.083957],[14.768533,50.083964],[14.768557,50.083906],[14.768513,50.083899],[14.76849,50.083957]]]},"properties":{"id":1535139204,"ku":"Tuklaty","p":"st. 204","druh":"zastavěná plocha a nádvoří","vyuziti":null,"vymera":22,"lv":582}},{"type":"Feature","geometry":{"type":"Polygon","coordinates":[[[14.769229,50.080004],[14.769027,50.080106],[14.769025,50.080119],[14.769251,50.080022],[14.769229,50.080004]]]},"properties":{"id":92154127010,"ku":"Tuklaty","p":"437/180","druh":"orná půda","vyuziti":null,"vymera":35,"lv":641}},{"type":"Feature","geometry":{"type":"Polygon","coordinates":[[[14.76956,50.079837],[14.769229,50.080004],[14.769251,50.080022],[14.769602,50.079871],[14.76956,50.079837]]]},"properties":{"id":92154128010,"ku":"Tuklaty","p":"437/181","druh":"orná půda","vyuziti":null,"vymera":113,"lv":641}},{"type":"Feature","geometry":{"type":"Polygon","coordinates":[[[14.769667,50.079785],[14.76956,50.079837],[14.769602,50.079871],[14.769706,50.079817],[14.769667,50.079785]]]},"properties":{"id":92154129010,"ku":"Tuklaty","p":"437/182","druh":"orná půda","vyuziti":null,"vymera":45,"lv":641}},{"type":"Feature","geometry":{"type":"Polygon","coordinates":[[[14.769893,50.079672],[14.769667,50.079785],[14.769706,50.079817],[14.769891,50.079723],[14.769893,50.079672]]]},"properties":{"id":92154130010,"ku":"Tuklaty","p":"437/183","druh":"orná půda","vyuziti":null,"vymera":83,"lv":641}},{"type":"Feature","geometry":{"type":"Polygon","coordinates":[[[14.76966,50.079789],[14.769652,50.079772],[14.769654,50.079647],[14.769564,50.079647],[14.76956,50.079837],[14.76966,50.079789]]]},"properties":{"id":92154131010,"ku":"Tuklaty","p":"437/185","druh":"orná půda","vyuziti":null,"vymera":122,"lv":641}},{"type":"Feature","geometry":{"type":"Polygon","coordinates":[[[14.76966,50.079779],[14.76966,50.079789],[14.769667,50.079785],[14.76966,50.079779]]]},"properties":{"id":92154132010,"ku":"Tuklaty","p":"437/184","druh":"orná půda","vyuziti":null,"vymera":1,"lv":734}},{"type":"Feature","geometry":{"type":"Polygon","coordinates":[[[14.769858,50.079406],[14.769857,50.079526],[14.769866,50.07957],[14.769895,50.079611],[14.769893,50.079672],[14.769937,50.07965],[14.76994,50.079406],[14.769858,50.079406]]]},"properties":{"id":92154133010,"ku":"Tuklaty","p":"437/188","druh":"orná půda","vyuziti":null,"vymera":141,"lv":734}},{"type":"Feature","geometry":{"type":"Polygon","coordinates":[[[14.769434,50.079405],[14.769429,50.079647],[14.769564,50.079647],[14.76957,50.079406],[14.769434,50.079405]]]},"properties":{"id":92154135010,"ku":"Tuklaty","p":"437/187","druh":"orná půda","vyuziti":null,"vymera":260,"lv":734}},{"type":"Feature","geometry":{"type":"Polygon","coordinates":[[[14.770269,50.078195],[14.770267,50.078242],[14.770362,50.078243],[14.770364,50.078196],[14.770269,50.078195]]]},"properties":{"id":87080732010,"ku":"Tuklaty","p":"st. 415","druh":"zastavěná plocha a nádvoří","vyuziti":null,"vymera":36,"lv":709}},{"type":"Feature","geometry":{"type":"Polygon","coordinates":[[[14.765124,50.086506],[14.764896,50.086579],[14.764932,50.086625],[14.764584,50.086739],[14.764545,50.086691],[14.763425,50.087047],[14.764054,50.087792],[14.7642,50.087735],[14.765361,50.08734],[14.76597,50.087116],[14.765787,50.086837],[14.765547,50.086395],[14.765124,50.086506]],[[14.764215,50.087423],[14.763957,50.087511],[14.763626,50.087105],[14.763886,50.087016],[14.764215,50.087423]]]},"properties":{"id":88712105010,"ku":"Tuklaty","p":"121/1","druh":"ostatní plocha","vyuziti":"sportoviště a rekreační plocha","vymera":13475,"lv":10001}},{"type":"Feature","geometry":{"type":"Polygon","coordinates":[[[14.765547,50.086395],[14.765787,50.086837],[14.76597,50.087116],[14.766007,50.087103],[14.765849,50.086862],[14.765652,50.086508],[14.765655,50.086493],[14.765793,50.086393],[14.765849,50.086341],[14.765872,50.086289],[14.76587,50.086273],[14.765844,50.086282],[14.765843,50.086289],[14.765729,50.086316],[14.765746,50.08633],[14.765824,50.08631],[14.765831,50.086316],[14.765801,50.086356],[14.765631,50.086482],[14.765615,50.086479],[14.765568,50.086389],[14.765547,50.086395]]]},"properties":{"id":88712106010,"ku":"Tuklaty","p":"121/2","druh":"ostatní plocha","vyuziti":"ostatní komunikace","vymera":324,"lv":10001}},{"type":"Feature","geometry":{"type":"Polygon","coordinates":[[[14.766033,50.087101],[14.765831,50.086778],[14.765655,50.086496],[14.765652,50.086508],[14.7658,50.086778],[14.766007,50.087103],[14.766033,50.087101]]]},"properties":{"id":88712107010,"ku":"Tuklaty","p":"121/3","druh":"ostatní plocha","vyuziti":"zeleň","vymera":128,"lv":10001}},{"type":"Feature","geometry":{"type":"Polygon","coordinates":[[[14.76606,50.087145],[14.766001,50.087166],[14.765993,50.087197],[14.765995,50.087247],[14.76606,50.087408],[14.766046,50.08744],[14.766002,50.087468],[14.765674,50.087599],[14.765204,50.087764],[14.76478,50.087902],[14.764317,50.088036],[14.764028,50.088096],[14.764016,50.088101],[14.764039,50.088125],[14.764432,50.088036],[14.764969,50.087874],[14.765698,50.087622],[14.766004,50.087502],[14.766081,50.08746],[14.766104,50.08742],[14.7661,50.087376],[14.76604,50.087236],[14.766045,50.087192],[14.766031,50.087168],[14.766065,50.087153],[14.76606,50.087145]]]},"properties":{"id":88712108010,"ku":"Tuklaty","p":"126/6","druh":"ostatní plocha","vyuziti":"ostatní komunikace","vymera":617,"lv":10001}},{"type":"Feature","geometry":{"type":"Polygon","coordinates":[[[14.764039,50.088125],[14.764078,50.088161],[14.764104,50.08817],[14.764552,50.088039],[14.764923,50.087924],[14.765288,50.087801],[14.766218,50.087471],[14.766045,50.087192],[14.76604,50.087236],[14.7661,50.087376],[14.766104,50.08742],[14.766081,50.08746],[14.766004,50.087502],[14.765698,50.087622],[14.764969,50.087874],[14.764432,50.088036],[14.764039,50.088125]]]},"properties":{"id":88712109010,"ku":"Tuklaty","p":"126/8","druh":"orná půda","vyuziti":null,"vymera":777,"lv":10001}},{"type":"Feature","geometry":{"type":"Polygon","coordinates":[[[14.763979,50.088115],[14.763663,50.088272],[14.763687,50.088296],[14.764001,50.08814],[14.763979,50.088115]]]},"properties":{"id":88712110010,"ku":"Tuklaty","p":"126/7","druh":"ostatní plocha","vyuziti":"ostatní komunikace","vymera":89,"lv":10001}},{"type":"Feature","geometry":{"type":"Polygon","coordinates":[[[14.763687,50.088296],[14.763709,50.088318],[14.764048,50.08819],[14.764001,50.08814],[14.763687,50.088296]]]},"properties":{"id":88712111010,"ku":"Tuklaty","p":"126/9","druh":"orná půda","vyuziti":null,"vymera":132,"lv":10001}},{"type":"Feature","geometry":{"type":"Polygon","coordinates":[[[14.767352,50.085024],[14.767388,50.084852],[14.767402,50.084846],[14.767401,50.08482],[14.767359,50.084816],[14.767294,50.085105],[14.767318,50.085174],[14.767319,50.085282],[14.767295,50.085357],[14.767329,50.085358],[14.767342,50.085314],[14.767598,50.085223],[14.767626,50.085219],[14.767645,50.08523],[14.767671,50.085222],[14.767643,50.085208],[14.767587,50.085206],[14.767351,50.085289],[14.767353,50.085174],[14.76732,50.085096],[14.767323,50.085082],[14.767388,50.085048],[14.767352,50.085024]]]},"properties":{"id":88474281010,"ku":"Tuklaty","p":"851/18","druh":"ostatní plocha","vyuziti":"ostatní komunikace","vymera":218,"lv":10001}},{"type":"Feature","geometry":{"type":"Polygon","coordinates":[[[14.767295,50.085357],[14.767316,50.085421],[14.767357,50.085486],[14.7674,50.085521],[14.76758,50.085249],[14.767645,50.08523],[14.767626,50.085219],[14.767598,50.085223],[14.767342,50.085314],[14.767329,50.085358],[14.767295,50.085357]]]},"properties":{"id":88474282010,"ku":"Tuklaty","p":"851/20","druh":"ostatní plocha","vyuziti":"zeleň","vymera":302,"lv":10001}},{"type":"Feature","geometry":{"type":"Polygon","coordinates":[[[14.768126,50.08509],[14.768106,50.085095],[14.76813,50.085145],[14.768135,50.08518],[14.76811,50.085241],[14.768062,50.085235],[14.767714,50.085243],[14.767696,50.085234],[14.767666,50.085242],[14.767732,50.085261],[14.768062,50.085254],[14.768115,50.085263],[14.768207,50.085311],[14.768317,50.085443],[14.768358,50.08546],[14.768448,50.085418],[14.768436,50.085409],[14.768413,50.08542],[14.768398,50.085408],[14.768345,50.085434],[14.768298,50.085389],[14.768232,50.0853],[14.768143,50.085252],[14.768164,50.085163],[14.768141,50.085102],[14.768126,50.08509]]]},"properties":{"id":88474283010,"ku":"Tuklaty","p":"851/17","druh":"ostatní plocha","vyuziti":"ostatní komunikace","vymera":184,"lv":10001}},{"type":"Feature","geometry":{"type":"Polygon","coordinates":[[[14.767988,50.085207],[14.767703,50.085232],[14.767696,50.085234],[14.767714,50.085243],[14.768062,50.085235],[14.76811,50.085241],[14.768135,50.08518],[14.76813,50.085145],[14.768106,50.085095],[14.767988,50.085207]]]},"properties":{"id":88474284010,"ku":"Tuklaty","p":"851/19","druh":"ostatní plocha","vyuziti":"ostatní komunikace","vymera":147,"lv":10001}},{"type":"Feature","geometry":{"type":"Polygon","coordinates":[[[14.773147,50.085589],[14.772818,50.086293],[14.773325,50.086357],[14.773571,50.08564],[14.773147,50.085589]]]},"properties":{"id":89946511010,"ku":"Tuklaty","p":"1007/3","druh":"orná půda","vyuziti":null,"vymera":2767,"lv":721}},{"type":"Feature","geometry":{"type":"Polygon","coordinates":[[[14.773147,50.085589],[14.772731,50.085529],[14.77231,50.08623],[14.772818,50.086293],[14.773147,50.085589]]]},"properties":{"id":89946512010,"ku":"Tuklaty","p":"1007/4","druh":"orná půda","vyuziti":null,"vymera":2766,"lv":756}},{"type":"Feature","geometry":{"type":"Polygon","coordinates":[[[14.772335,50.08542],[14.771854,50.086163],[14.77197,50.086187],[14.77231,50.08623],[14.772731,50.085529],[14.772407,50.085445],[14.772335,50.08542]]]},"properties":{"id":89946513010,"ku":"Tuklaty","p":"1007/5","druh":"orná půda","vyuziti":null,"vymera":2767,"lv":754}},{"type":"Feature","geometry":{"type":"Polygon","coordinates":[[[14.77018,50.085063],[14.770079,50.084854],[14.770198,50.084831],[14.770186,50.084806],[14.76997,50.084843],[14.76993,50.084856],[14.770113,50.085116],[14.770148,50.08507],[14.77018,50.085063]]]},"properties":{"id":93248467010,"ku":"Tuklaty","p":"1288","druh":"ostatní plocha","vyuziti":"jiná plocha","vymera":273,"lv":363}},{"type":"Feature","geometry":{"type":"Polygon","coordinates":[[[14.767459,50.081119],[14.767638,50.081049],[14.767639,50.081041],[14.767459,50.081119]]]},"properties":{"id":73896795010,"ku":"Tuklaty","p":"439/3","druh":"ostatní plocha","vyuziti":"ostatní komunikace","vymera":5,"lv":10001}},{"type":"Feature","geometry":{"type":"Polygon","coordinates":[[[14.767638,50.081049],[14.767842,50.080957],[14.767639,50.081041],[14.767638,50.081049]]]},"properties":{"id":73896800010,"ku":"Tuklaty","p":"495/7","druh":"ostatní plocha","vyuziti":"ostatní komunikace","vymera":6,"lv":10001}},{"type":"Feature","geometry":{"type":"Polygon","coordinates":[[[14.765918,50.081724],[14.765455,50.081892],[14.765463,50.081902],[14.765531,50.081901],[14.765567,50.081887],[14.765918,50.081724]]]},"properties":{"id":73896801010,"ku":"Tuklaty","p":"876/6","druh":"ostatní plocha","vyuziti":"ostatní komunikace","vymera":76,"lv":10001}},{"type":"Feature","geometry":{"type":"Polygon","coordinates":[[[14.766293,50.08158],[14.766201,50.081617],[14.766293,50.081586],[14.766293,50.08158]]]},"properties":{"id":73896802010,"ku":"Tuklaty","p":"876/7","druh":"ostatní plocha","vyuziti":"ostatní komunikace","vymera":3,"lv":10001}},{"type":"Feature","geometry":{"type":"Polygon","coordinates":[[[14.76601,50.080942],[14.766049,50.081308],[14.766056,50.081661],[14.766293,50.08158],[14.766225,50.080919],[14.76601,50.080942]]]},"properties":{"id":73896796010,"ku":"Tuklaty","p":"449/1","druh":"orná půda","vyuziti":null,"vymera":1216,"lv":295}},{"type":"Feature","geometry":{"type":"Polygon","coordinates":[[[14.766056,50.081661],[14.766056,50.081674],[14.766201,50.081617],[14.766193,50.08161],[14.766056,50.081661]]]},"properties":{"id":73896797010,"ku":"Tuklaty","p":"449/2","druh":"ostatní plocha","vyuziti":"ostatní komunikace","vymera":13,"lv":10001}},{"type":"Feature","geometry":{"type":"Polygon","coordinates":[[[14.77022,50.078841],[14.770221,50.078809],[14.770117,50.078807],[14.770115,50.078839],[14.77022,50.078841]]]},"properties":{"id":82027403010,"ku":"Tuklaty","p":"st. 412","druh":"zastavěná plocha a nádvoří","vyuziti":null,"vymera":27,"lv":707}},{"type":"Feature","geometry":{"type":"Polygon","coordinates":[[[14.766056,50.081661],[14.766049,50.081308],[14.76601,50.080942],[14.765486,50.081024],[14.765587,50.081335],[14.765701,50.081803],[14.765918,50.081724],[14.766056,50.081661]]]},"properties":{"id":73896798010,"ku":"Tuklaty","p":"457/1","druh":"orná půda","vyuziti":null,"vymera":2737,"lv":473}},{"type":"Feature","geometry":{"type":"Polygon","coordinates":[[[14.766056,50.081674],[14.766056,50.081661],[14.765918,50.081724],[14.766056,50.081674]]]},"properties":{"id":73896799010,"ku":"Tuklaty","p":"457/2","druh":"ostatní plocha","vyuziti":"ostatní komunikace","vymera":8,"lv":10001}},{"type":"Feature","geometry":{"type":"Polygon","coordinates":[[[14.774612,50.085277],[14.774608,50.085261],[14.77457,50.085266],[14.774658,50.085551],[14.775153,50.085489],[14.775071,50.085219],[14.774612,50.085277]]]},"properties":{"id":90898229010,"ku":"Tuklaty","p":"st. 166/3","druh":"zastavěná plocha a nádvoří","vyuziti":null,"vymera":1110,"lv":781}},{"type":"Feature","geometry":{"type":"Polygon","coordinates":[[[14.77553,50.085442],[14.775447,50.085171],[14.775188,50.085204],[14.775271,50.085474],[14.77553,50.085442]]]},"properties":{"id":90898230010,"ku":"Tuklaty","p":"st. 166/4","druh":"zastavěná plocha a nádvoří","vyuziti":null,"vymera":579,"lv":758}},{"type":"Feature","geometry":{"type":"Polygon","coordinates":[[[14.774907,50.08455],[14.775266,50.085742],[14.775674,50.085793],[14.775531,50.084537],[14.774907,50.08455]],[[14.775188,50.085204],[14.775447,50.085171],[14.77553,50.085442],[14.775271,50.085474],[14.775188,50.085204]]]},"properties":{"id":90898232010,"ku":"Tuklaty","p":"275/27","druh":"ostatní plocha","vyuziti":"manipulační plocha","vymera":4406,"lv":758}},{"type":"Feature","geometry":{"type":"Polygon","coordinates":[[[14.776246,50.084421],[14.77489,50.084493],[14.774907,50.08455],[14.775531,50.084537],[14.775674,50.085793],[14.776202,50.085853],[14.776246,50.084421]],[[14.775778,50.084846],[14.775777,50.084811],[14.775832,50.084811],[14.775833,50.084846],[14.775778,50.084846]]]},"properties":{"id":90898233010,"ku":"Tuklaty","p":"1037/3","druh":"ostatní plocha","vyuziti":"manipulační plocha","vymera":7213,"lv":758}},{"type":"Feature","geometry":{"type":"Polygon","coordinates":[[[14.773485,50.084861],[14.773501,50.084914],[14.774452,50.08456],[14.774907,50.08455],[14.77489,50.084493],[14.774564,50.084511],[14.774036,50.084631],[14.773485,50.084861]]]},"properties":{"id":90898234010,"ku":"Tuklaty","p":"1037/4","druh":"ostatní plocha","vyuziti":"manipulační plocha","vymera":648,"lv":781}},{"type":"Feature","geometry":{"type":"Polygon","coordinates":[[[14.766476,50.085546],[14.766504,50.085575],[14.766633,50.085585],[14.766595,50.085543],[14.766476,50.085546]]]},"properties":{"id":85812089010,"ku":"Tuklaty","p":"851/16","druh":"ostatní plocha","vyuziti":"ostatní komunikace","vymera":34,"lv":599}},{"type":"Feature","geometry":{"type":"Polygon","coordinates":[[[14.769153,50.077949],[14.769153,50.077887],[14.768964,50.077887],[14.768964,50.077948],[14.769153,50.077949]]]},"properties":{"id":102972378010,"ku":"Tuklaty","p":"st. 431","druh":"zastavěná plocha a nádvoří","vyuziti":null,"vymera":92,"lv":774}},{"type":"Feature","geometry":{"type":"Polygon","coordinates":[[[14.769772,50.077951],[14.769774,50.07789],[14.769584,50.077889],[14.769583,50.07795],[14.769772,50.077951]]]},"properties":{"id":102972379010,"ku":"Tuklaty","p":"st. 432","druh":"zastavěná plocha a nádvoří","vyuziti":null,"vymera":92,"lv":774}},{"type":"Feature","geometry":{"type":"Polygon","coordinates":[[[14.769149,50.078149],[14.769149,50.078088],[14.76896,50.078087],[14.76896,50.078148],[14.769149,50.078149]]]},"properties":{"id":102972380010,"ku":"Tuklaty","p":"st. 433","druh":"zastavěná plocha a nádvoří","vyuziti":null,"vymera":92,"lv":774}},{"type":"Feature","geometry":{"type":"Polygon","coordinates":[[[14.769772,50.078151],[14.769772,50.07809],[14.769583,50.078089],[14.769582,50.07815],[14.769772,50.078151]]]},"properties":{"id":102972381010,"ku":"Tuklaty","p":"st. 434","druh":"zastavěná plocha a nádvoří","vyuziti":null,"vymera":92,"lv":774}},{"type":"Feature","geometry":{"type":"Polygon","coordinates":[[[14.769145,50.078348],[14.769145,50.078287],[14.768955,50.078287],[14.768955,50.078347],[14.769145,50.078348]]]},"properties":{"id":102972382010,"ku":"Tuklaty","p":"st. 435","druh":"zastavěná plocha a nádvoří","vyuziti":null,"vymera":92,"lv":797}},{"type":"Feature","geometry":{"type":"Polygon","coordinates":[[[14.76977,50.07835],[14.76977,50.078289],[14.769581,50.078289],[14.769581,50.07835],[14.76977,50.07835]]]},"properties":{"id":102972383010,"ku":"Tuklaty","p":"st. 436","druh":"zastavěná plocha a nádvoří","vyuziti":null,"vymera":92,"lv":774}},{"type":"Feature","geometry":{"type":"Polygon","coordinates":[[[14.769141,50.078486],[14.768952,50.078486],[14.768952,50.078547],[14.769141,50.078547],[14.769141,50.078486]]]},"properties":{"id":102972384010,"ku":"Tuklaty","p":"st. 437","druh":"zastavěná plocha a nádvoří","vyuziti":null,"vymera":92,"lv":774}},{"type":"Feature","geometry":{"type":"Polygon","coordinates":[[[14.769768,50.078549],[14.769769,50.078488],[14.76958,50.078488],[14.769579,50.078549],[14.769768,50.078549]]]},"properties":{"id":102972385010,"ku":"Tuklaty","p":"st. 438","druh":"zastavěná plocha a nádvoří","vyuziti":null,"vymera":92,"lv":802}},{"type":"Feature","geometry":{"type":"Polygon","coordinates":[[[14.763292,50.086886],[14.763323,50.086923],[14.76341,50.086889],[14.763378,50.086853],[14.763292,50.086886]]]},"properties":{"id":105407840010,"ku":"Tuklaty","p":"112/3","druh":"vodní plocha","vyuziti":"vodní nádrž umělá","vymera":33,"lv":10001}},{"type":"Feature","geometry":{"type":"Polygon","coordinates":[[[14.763626,50.087105],[14.763957,50.087511],[14.764215,50.087423],[14.763886,50.087016],[14.763626,50.087105]]]},"properties":{"id":105407841010,"ku":"Tuklaty","p":"121/4","druh":"vodní plocha","vyuziti":"vodní nádrž umělá","vymera":1069,"lv":10001}},{"type":"Feature","geometry":{"type":"Polygon","coordinates":[[[14.766837,50.082593],[14.766661,50.082624],[14.766703,50.082721],[14.766978,50.082672],[14.766957,50.082623],[14.766875,50.082637],[14.766882,50.082654],[14.766864,50.082657],[14.766837,50.082593]]]},"properties":{"id":86279068010,"ku":"Tuklaty","p":"st. 416","druh":"zastavěná plocha a nádvoří","vyuziti":null,"vymera":185,"lv":680}},{"type":"Feature","geometry":{"type":"Polygon","coordinates":[[[14.766446,50.082725],[14.766498,50.082767],[14.766543,50.082744],[14.766491,50.082702],[14.766446,50.082725]]]},"properties":{"id":86279069010,"ku":"Tuklaty","p":"st. 417","druh":"zastavěná plocha a nádvoří","vyuziti":null,"vymera":25,"lv":680}},{"type":"Feature","geometry":{"type":"Polygon","coordinates":[[[14.769405,50.079119],[14.769353,50.079119],[14.769352,50.079192],[14.769405,50.079192],[14.769404,50.079211],[14.769509,50.079212],[14.76951,50.079104],[14.769405,50.079103],[14.769405,50.079119]]]},"properties":{"id":103440516010,"ku":"Tuklaty","p":"st. 440","druh":"zastavěná plocha a nádvoří","vyuziti":null,"vymera":121,"lv":800}},{"type":"Feature","geometry":{"type":"Polygon","coordinates":[[[14.7697,50.07912],[14.769648,50.07912],[14.769647,50.079193],[14.769699,50.079193],[14.769699,50.079212],[14.769803,50.079213],[14.769805,50.079105],[14.7697,50.079104],[14.7697,50.07912]]]},"properties":{"id":103440517010,"ku":"Tuklaty","p":"st. 441","druh":"zastavěná plocha a nádvoří","vyuziti":null,"vymera":120,"lv":801}},{"type":"Feature","geometry":{"type":"Polygon","coordinates":[[[14.746611,50.07275],[14.74654,50.072801],[14.746486,50.073546],[14.74677,50.07355],[14.746795,50.073211],[14.746563,50.073205],[14.746578,50.073012],[14.746676,50.073015],[14.746679,50.072983],[14.746615,50.072981],[14.746616,50.072967],[14.74658,50.072966],[14.746583,50.072928],[14.746815,50.072931],[14.746827,50.072762],[14.746611,50.07275]]]},"properties":{"id":101027895010,"ku":"Tuklaty","p":"1161/4","druh":"ostatní plocha","vyuziti":"manipulační plocha","vymera":1297,"lv":631}}]}