{"type":"FeatureCollection","features":[{"type":"Feature","geometry":{"type":"Polygon","coordinates":[[[14.765247,50.086341],[14.765255,50.086353],[14.765397,50.086315],[14.76543,50.086363],[14.765465,50.086354],[14.765468,50.086359],[14.765768,50.086276],[14.765698,50.086169],[14.765402,50.08625],[14.765365,50.086195],[14.76533,50.086204],[14.765315,50.086182],[14.765089,50.086244],[14.765167,50.086363],[14.765247,50.086341]]]},"properties":{"nazev":"Zateplení a instalace tepelného čerpadla v MŠ Tuklaty","kategorie":"MŠ","roky":[2012,2013,2014],"stav":"dokončeno","naklady_kc":3438202,"naklady_pozn":"vysoutěžená cena díla bez DPH (zápis 4/2012); obec poté vedla soudní spor se zhotovitelem o penále za nedodržení termínu (zápis 8/2014)","dotace":"OPŽP (MŽP) 3 842 938 Kč dle Hlídače státu; obec jednala i o úvěru","dodavatel":"KELTEX, s.r.o.","lokalita":{"ulice":["Ke Školce"],"parcely":[],"adresa":"č.p. 158","cast_obce":"Tuklaty","popis_mista":"budova MŠ Tuklaty, Ke Školce 158"},"popis":"Zateplení budovy mateřské školy a instalace tepelného čerpadla; práce zahájeny v létě 2012.","zdroje":[{"url":"https://www.tuklaty.cz/obecni-urad/zastupitelstvo/zapisy-zastupitelstva/zapis-zo-za-rok-2012-962.html","doc":"Zápis ZO 4/2012","datum":null},{"url":"https://www.tuklaty.cz/obecni-urad/zastupitelstvo/zapisy-zastupitelstva/zapis-zo-za-rok-2012-962.html","doc":"Zápis ZO 7/2012","datum":"2012-08-06"},{"url":"https://www.tuklaty.cz/obecni-urad/zastupitelstvo/zapisy-zastupitelstva/zapis-c-8-2014-973.html","doc":"Zápis ZO 8/2014","datum":"2014-12-22"},{"url":"https://www.hlidacstatu.cz/dotace/hledat?Q=ico%3A00235822","doc":"Hlídač státu – dotace obce Tuklaty (CEDR/IS ReD)","datum":null}],"confidence":"high","priblizne":false,"poloha":"budova MŠ, Ke Školce 158"}},{"type":"Feature","geometry":{"type":"Polygon","coordinates":[[[14.765247,50.086341],[14.765255,50.086353],[14.765397,50.086315],[14.76543,50.086363],[14.765465,50.086354],[14.765468,50.086359],[14.765768,50.086276],[14.765698,50.086169],[14.765402,50.08625],[14.765365,50.086195],[14.76533,50.086204],[14.765315,50.086182],[14.765089,50.086244],[14.765167,50.086363],[14.765247,50.086341]]]},"properties":{"nazev":"Rekonstrukce osvětlení interiéru MŠ Tuklaty","kategorie":"MŠ","roky":[2015,2016],"stav":"dokončeno","naklady_kc":null,"naklady_pozn":"cena díla neuvedena; dodatek č. 1 k SoD (úprava rozvaděčů, doplnění svítidel) 23 814 Kč","dotace":null,"dodavatel":null,"lokalita":{"ulice":["Ke Školce"],"parcely":[],"adresa":"č.p. 158","cast_obce":"Tuklaty","popis_mista":"MŠ Tuklaty"},"popis":"Výměna osvětlení tříd MŠ (zářivky) a úprava elektrorozvodů dle PD.","zdroje":[{"url":"https://www.tuklaty.cz/obecni-urad/zastupitelstvo/zapisy-zastupitelstva/zapis-c-13-2015-988.html","doc":"Zápis ZO 13/2015","datum":"2015-10-26"},{"url":"https://www.tuklaty.cz/obecni-urad/zastupitelstvo/zapisy-zastupitelstva/zapis-c-7-2016-1000.html","doc":"Zápis ZO 7/2016","datum":"2016-05-30"},{"url":"https://www.tuklaty.cz/obecni-urad/zastupitelstvo/zapisy-zastupitelstva/zapis-c-10-2016-1003.html","doc":"Zápis ZO 10/2016","datum":"2016-08-29"},{"url":"https://www.tuklaty.cz/obecni-urad/zastupitelstvo/zapisy-zastupitelstva/zapis-c-11-2016-1004.html","doc":"Zápis ZO 11/2016","datum":"2016-09-19"}],"confidence":"medium","priblizne":false,"poloha":"budova MŠ, Ke Školce 158"}},{"type":"Feature","geometry":{"type":"GeometryCollection","geometries":[{"type":"Polygon","coordinates":[[[14.765247,50.086341],[14.765255,50.086353],[14.765397,50.086315],[14.76543,50.086363],[14.765465,50.086354],[14.765468,50.086359],[14.765768,50.086276],[14.765698,50.086169],[14.765402,50.08625],[14.765365,50.086195],[14.76533,50.086204],[14.765315,50.086182],[14.765089,50.086244],[14.765167,50.086363],[14.765247,50.086341]]]},{"type":"Polygon","coordinates":[[[14.769409,50.084653],[14.769653,50.084719],[14.769699,50.08465],[14.769597,50.084623],[14.76961,50.084603],[14.769543,50.084585],[14.76953,50.084605],[14.769456,50.084585],[14.769409,50.084653]]]}]},"properties":{"nazev":"Zabezpečení vstupu do MŠ a ZŠ","kategorie":"jiné","roky":[2015,2017],"stav":"dokončeno","naklady_kc":null,"naklady_pozn":"cena neuvedena","dotace":null,"dodavatel":null,"lokalita":{"ulice":["Ke Školce","Na Rafandě"],"parcely":[],"adresa":null,"cast_obce":"Tuklaty","popis_mista":"vstupy do MŠ (Ke Školce 158) a ZŠ (Na Rafandě 14)"},"popis":"Zabezpečení vstupů do školských budov (smlouva o dílo na základě nabídky, kamerové vstupy).","zdroje":[{"url":"https://www.tuklaty.cz/obecni-urad/zastupitelstvo/zapisy-zastupitelstva/zapis-c-1-2015-974.html","doc":"Zápis ZO 1/2015","datum":"2015-01-26"},{"url":"https://www.tuklaty.cz/obecni-urad/zastupitelstvo/zapisy-zastupitelstva/zapis-ze-zasedani-zo-c-5-2017-1042.html","doc":"Zápis ZO 5/2017","datum":"2017-05-10"}],"confidence":"low","priblizne":false,"poloha":"budovy MŠ (Ke Školce 158) a ZŠ (Na Rafandě 14)"}},{"type":"Feature","geometry":{"type":"Polygon","coordinates":[[[14.765247,50.086341],[14.765255,50.086353],[14.765397,50.086315],[14.76543,50.086363],[14.765465,50.086354],[14.765468,50.086359],[14.765768,50.086276],[14.765698,50.086169],[14.765402,50.08625],[14.765365,50.086195],[14.76533,50.086204],[14.765315,50.086182],[14.765089,50.086244],[14.765167,50.086363],[14.765247,50.086341]]]},"properties":{"nazev":"Rekonstrukce zahrady MŠ (výměna herních prvků)","kategorie":"MŠ","roky":[2016,2017],"stav":"dokončeno","naklady_kc":null,"naklady_pozn":"původně plánovaná rozsáhlejší rekonstrukce za 667 tis. Kč vč. DPH; realizována výměna dvou herních prvků","dotace":"MMR – Program obnovy venkova 205 787 Kč (ZÚ 2017: „dětské hřiště v MŠ Tuklaty“)","dodavatel":null,"lokalita":{"ulice":["Ke Školce"],"parcely":[],"adresa":"č.p. 158","cast_obce":"Tuklaty","popis_mista":"zahrada MŠ"},"popis":"Obnova školkové zahrady – výměna herních prvků.","zdroje":[{"url":"https://www.tuklaty.cz/obecni-urad/zastupitelstvo/zapisy-zastupitelstva/zapis-ze-zasedani-zo-c-14-2016-1036.html","doc":"Zápis ZO 14/2016","datum":"2016-12-23"},{"url":"https://www.tuklaty.cz/obecni-urad/zastupitelstvo/zapisy-zastupitelstva/zapis-ze-zasedani-zo-c-6-2017-1043.html","doc":"Zápis ZO 6/2017","datum":"2017-05-29"},{"url":"https://www.tuklaty.cz/obecni-urad/uredni-deska/zaverecny-ucet-2017-1118.html","doc":"Závěrečný účet 2017 – příloha (ostatní doplňující údaje)","datum":"2018-06-26"},{"url":"https://www.hlidacstatu.cz/dotace/hledat?Q=ico%3A00235822","doc":"Hlídač státu – dotace obce Tuklaty (CEDR/IS ReD)","datum":null}],"confidence":"medium","priblizne":true,"poloha":"zahrada v areálu MŠ; vyznačena budova MŠ"}},{"type":"Feature","geometry":{"type":"Polygon","coordinates":[[[14.765247,50.086341],[14.765255,50.086353],[14.765397,50.086315],[14.76543,50.086363],[14.765465,50.086354],[14.765468,50.086359],[14.765768,50.086276],[14.765698,50.086169],[14.765402,50.08625],[14.765365,50.086195],[14.76533,50.086204],[14.765315,50.086182],[14.765089,50.086244],[14.765167,50.086363],[14.765247,50.086341]]]},"properties":{"nazev":"Dětská skupina – nový objekt pro 24 dětí v areálu MŠ","kategorie":"MŠ","roky":[2023,2024,2025,2026],"stav":"dokončeno","naklady_kc":16700635,"naklady_pozn":"cena díla vč. DPH dle SoD (design & build), 13 802 178 Kč bez DPH; navíc přípojky voda/kanalizace/elektro 394 371,50 Kč bez DPH (2/2026)","dotace":"MPSV / NPO (EU) – výzva 31_22_045, reg. č. CZ.31.6.0/0.0/0.0/22_045/0010574; přiznáno 17 094 575,13 Kč; financováno i překlenovacím úvěrem ČS","dodavatel":"Urbiosisto, s.r.o.","lokalita":{"ulice":["Ke Školce"],"parcely":[],"adresa":null,"cast_obce":"Tuklaty","popis_mista":"v areálu MŠ Tuklaty (Ke Školce 158)"},"popis":"Výstavba objektu dětské skupiny s kapacitou 24 dětí; SP 13. 5. 2024, stavba zahájena 30. 6. 2025, slavnostně otevřeno 1. 7. 2026. Otevřena 1. 7. 2026, provoz pokračoval i o prázdninách. Usnesením 36/7/2026 (23. 9. 2026) zastupitelstvo schválilo školné 1 Kč měsíčně od 1. 10. 2026 pro děti s trvalým bydlištěm v Tuklatech i mimo ně, a to u všech smluv; stravné beze změny. Důvodem je úprava ceny v dětské skupině v Rostoklatech a naplnění kapacity; změna byla konzultována s MPSV a cenu lze později upravit. Zdroj: zápis ZO 7/2026.","zdroje":[{"url":"https://www.tuklaty.cz/obecni-urad/zastupitelstvo/zapisy-zastupitelstva/zapis-ze-zasedani-zo-c-7-2026-1626.html","doc":"Zápis ZO 7/2026, usn. 36/7/2026 a zpráva starostky","datum":"2026-09-23"},{"url":"https://www.tuklaty.cz/nase-obec/projekty-obce/na-cem-pracujeme/detska-skupina-994cs.html","doc":"Web obce: Dětská skupina","datum":"2025-07-21"},{"url":"https://www.tuklaty.cz/nase-obec/projekty-obce/dokoncene-projekty/detska-skupina/detska-skupina-1610cs.html","doc":"Web obce: Dětská skupina (otevření)","datum":"2026-07-08"},{"url":"https://www.e-zakazky.cz/Profil-Zadavatele/fc8a11e3-fa7f-486b-a54f-c57bc69af69d/Zakazka/P23V00000003","doc":"Profil zadavatele (e-zakazky.cz) P23V00000003: Nový objekt pro dětskou skupinu Tuklaty – Design & Build","datum":"2023-10-17"},{"url":"https://www.tuklaty.cz/obecni-urad/zastupitelstvo/zapisy-zastupitelstva/zapis-ze-zasedani-zo-c-10-2023-1409.html","doc":"Zápis ZO 10/2023","datum":"2023-12-11"},{"url":"https://www.tuklaty.cz/obecni-urad/zastupitelstvo/zapisy-zastupitelstva/zapis-ze-zasedani-zo-c-1-2024-1413.html","doc":"Zápis ZO 1/2024","datum":"2024-01-18"},{"url":"https://www.tuklaty.cz/obecni-urad/uredni-deska/zapis-ze-zasedani-zo-c-2-2026-1570.html","doc":"Zápis ZO 2/2026","datum":"2026-02-17"},{"url":"https://www.tuklaty.cz/obecni-urad/uredni-deska/zaverecny-ucet-obce-za-rok-2024-1513.html","doc":"Závěrečný účet obce za rok 2024 – 6. Zhodnocení činnosti obce","datum":"2025-06-24"},{"url":"https://www.tuklaty.cz/obecni-urad/uredni-deska/zaverecny-ucet-obce-za-rok-2025-1610.html","doc":"Závěrečný účet obce za rok 2025 – 6. Zhodnocení činnosti obce","datum":"2026-07-03"}],"confidence":"high","priblizne":true,"poloha":"nový objekt v areálu MŠ (v RÚIAN zatím není); vyznačena budova MŠ"}},{"type":"Feature","geometry":{"type":"Polygon","coordinates":[[[14.769409,50.084653],[14.769653,50.084719],[14.769699,50.08465],[14.769597,50.084623],[14.76961,50.084603],[14.769543,50.084585],[14.76953,50.084605],[14.769456,50.084585],[14.769409,50.084653]]]},"properties":{"nazev":"Rekonstrukce a rozšíření kapacity ZŠ Tuklaty","kategorie":"škola","roky":[2014,2015,2016,2017,2018],"stav":"dokončeno","naklady_kc":30000000,"naklady_pozn":"celková hodnota dle webu obce „30 mil. Kč“ (zaokrouhleno); ZÚ 2017: náklady 2017 26 451 549,25 Kč + doplatek 2018 2 683 035,66 Kč; SoD Polabská stavební 22 341 054 Kč bez DPH; vícepráce (radon, strop, střecha) cca 1,5 mil.","dotace":"MŠMT 23 297 110 Kč + 338 352 Kč na vybavení (ZÚ 2017); web: 23,3 mil. Kč","dodavatel":"Polabská stavební CZ, s.r.o.","lokalita":{"ulice":["Na Rafandě"],"parcely":[],"adresa":"č.p. 14","cast_obce":"Tuklaty","popis_mista":"ZŠ Tuklaty, Na Rafandě 14 (střed obce, památková zóna)"},"popis":"Novostavba přední části (bývalý OÚ), rekonstrukce zadní části, tepelné čerpadlo, zateplení; kapacita 103 žáků 1. stupně; otevřeno 22. 1. 2018. Během stavby výuka v kontejnerech a v kovárně.","zdroje":[{"url":"https://www.tuklaty.cz/nase-obec/projekty-obce/dokoncene-projekty/zakladni-skola/rekonstrukce-zs-tuklaty-504cs.html","doc":"Web obce: Rekonstrukce ZŠ Tuklaty","datum":"2022-04-27"},{"url":"https://www.e-zakazky.cz/Profil-Zadavatele/fc8a11e3-fa7f-486b-a54f-c57bc69af69d/Zakazka/P19V00000012","doc":"Profil zadavatele (e-zakazky.cz) P19V00000012: Rekonstrukce a rozšíření kapacity ZŠ Tuklaty","datum":null},{"url":"https://www.tuklaty.cz/obecni-urad/uredni-deska/smlouva-o-dilo-polabska-stavebni-cz-sro-1127.html","doc":"Dodatek č. 1 ke SoD – Polabská stavební CZ","datum":"2017-03-21"},{"url":"https://www.tuklaty.cz/obecni-urad/zastupitelstvo/zapisy-zastupitelstva/zapis-c-2-2014-965.html","doc":"Zápis ZO 2/2014","datum":"2014-03-17"},{"url":"https://www.tuklaty.cz/obecni-urad/uredni-deska/zapis-c-9-2015-ze-zasedani-zastupitelstva-obce-562.html","doc":"Zápis ZO 9/2015","datum":"2015-06-29"},{"url":"https://www.tuklaty.cz/obecni-urad/zastupitelstvo/zapisy-zastupitelstva/zapis-c-12-2015-987.html","doc":"Zápis ZO 12/2015","datum":"2015-10-13"},{"url":"https://www.tuklaty.cz/obecni-urad/zastupitelstvo/zapisy-zastupitelstva/zapis-ze-zasedani-zo-c-4-2017-1041.html","doc":"Zápis ZO 4/2017","datum":"2017-04-24"},{"url":"https://www.tuklaty.cz/obecni-urad/zastupitelstvo/zapisy-zastupitelstva/zapis-ze-zasedani-zo-c-6-2017-1043.html","doc":"Zápis ZO 6/2017","datum":"2017-05-29"},{"url":"https://www.tuklaty.cz/obecni-urad/zastupitelstvo/zapisy-zastupitelstva/zapis-ze-zasedani-zo-c-14-2017-1051.html","doc":"Zápis ZO 14/2017","datum":"2017-12-06"},{"url":"https://www.tuklaty.cz/obecni-urad/zastupitelstvo/zapisy-zastupitelstva/zapis-ze-zasedani-zo-c-1-2018-1052.html","doc":"Zápis ZO 1/2018","datum":"2018-01-29"},{"url":"https://www.tuklaty.cz/obecni-urad/uredni-deska/zaverecny-ucet-2017-1118.html","doc":"Závěrečný účet 2017 – příloha (ostatní doplňující údaje)","datum":"2018-06-26"}],"confidence":"high","priblizne":false,"poloha":"budova ZŠ, Na Rafandě 14"}},{"type":"Feature","geometry":{"type":"Polygon","coordinates":[[[14.769409,50.084653],[14.769653,50.084719],[14.769699,50.08465],[14.769597,50.084623],[14.76961,50.084603],[14.769543,50.084585],[14.76953,50.084605],[14.769456,50.084585],[14.769409,50.084653]]]},"properties":{"nazev":"Přístavba tělocvičny a dvou učeben ZŠ Tuklaty","kategorie":"škola","roky":[2019,2021,2022,2023,2024,2026,2027],"stav":"probíhá","naklady_kc":30741513.8,"naklady_pozn":"vysoutěžená cena vč. DPH (24 848 560,09 Kč bez DPH, BFK service, 2026); rozpočet dle PD 30,3 mil. Kč; PD: první projektant 2021 (smlouva ukončena 2022, uhrazeno 113 230 Kč), poté jiný projektant","dotace":"bez dotace – financování překlenovacím úvěrem ČS a výnosem z prodeje pozemku pro domov seniorů","dodavatel":"BFK service a.s.","lokalita":{"ulice":["Na Rafandě"],"parcely":[],"adresa":"č.p. 14","cast_obce":"Tuklaty","popis_mista":"u budovy ZŠ Tuklaty"},"popis":"Dostavba tělocvičny se zázemím, dvou tříd a kabinetu (jedna třída byla v pronajatém kontejneru). Studie 2019, SP 3/2023, poklepání základního kamene 6/2026, dokončení plánováno 7/2027. Dodatek č. 1 ke smlouvě o dílo s BFK service a.s. (usn. 40/7/2026, 23. 9. 2026, změnové listy 1–8): vícepráce 557 649,66 Kč bez DPH (zakládání stavby a nálezové stavy; na přání obce odstranění stávajícího školního hřiště, základy pod kontejnerovou třídu a spojovací přístřešek), nová cena díla 25 406 209,75 Kč bez DPH. Stavba začala výkopy začátkem června 2026, dokončení se předpokládá v létě 2027. Zdroj: zápis ZO 7/2026.","zdroje":[{"url":"https://www.tuklaty.cz/obecni-urad/zastupitelstvo/zapisy-zastupitelstva/zapis-ze-zasedani-zo-c-7-2026-1626.html","doc":"Zápis ZO 7/2026, usn. 40/7/2026 a zpráva starostky","datum":"2026-09-23"},{"url":"https://www.tuklaty.cz/nase-obec/projekty-obce/na-cem-pracujeme/pristavba-telocvicny-u-zs-tuklaty-536cs.html","doc":"Web obce: Přístavba tělocvičny u ZŠ Tuklaty","datum":"2026-08-25"},{"url":"https://www.e-zakazky.cz/Profil-Zadavatele/fc8a11e3-fa7f-486b-a54f-c57bc69af69d/Zakazka/P26V00000001","doc":"Profil zadavatele (e-zakazky.cz) P26V00000001: Základní škola Tuklaty – Přístavba tělocvičny a učeben","datum":"2026-03-16"},{"url":"https://www.e-zakazky.cz/Profil-Zadavatele/fc8a11e3-fa7f-486b-a54f-c57bc69af69d/Zakazka/P21V00000002","doc":"Profil zadavatele (e-zakazky.cz) P21V00000002: PD Přístavba tělocvičny a učeben v ZŠ Tuklaty","datum":"2021-02-08"},{"url":"https://www.tuklaty.cz/obecni-urad/zastupitelstvo/zapisy-zastupitelstva/zapis-ze-zo-c-4-2021-1164.html","doc":"Zápis ZO 4/2021","datum":"2021-04-27"},{"url":"https://www.tuklaty.cz/obecni-urad/uredni-deska/zapis-ze-zo-c-6-2022-1291.html","doc":"Zápis ZO 6/2022","datum":"2022-08-16"},{"url":"https://www.tuklaty.cz/obecni-urad/zastupitelstvo/zapisy-zastupitelstva/zapis-ze-zo-c-10-2022-1312.html","doc":"Zápis ZO 10/2022","datum":"2022-11-30"},{"url":"https://www.tuklaty.cz/obecni-urad/uredni-deska/zapis-ze-zasedani-zo-c-4-2026-1591.html","doc":"Zápis ZO 4/2026","datum":"2026-04-29"},{"url":"https://www.tuklaty.cz/obecni-urad/uredni-deska/zaverecny-ucet-za-rok-2019-762.html","doc":"Závěrečný účet za rok 2019 – příloha (ostatní doplňující údaje)","datum":"2020-05-28"},{"url":"https://www.tuklaty.cz/obecni-urad/uredni-deska/zaverecny-ucet-obce-za-rok-2023-1442.html","doc":"Závěrečný účet obce za rok 2023 – 6. Zhodnocení činnosti obce","datum":"2024-06-25"},{"url":"https://www.tuklaty.cz/obecni-urad/uredni-deska/zaverecny-ucet-obce-za-rok-2025-1610.html","doc":"Závěrečný účet obce za rok 2025 – 6. Zhodnocení činnosti obce","datum":"2026-07-03"}],"confidence":"high","priblizne":true,"poloha":"přístavba u budovy ZŠ (zatím není v RÚIAN); vyznačena budova ZŠ"}},{"type":"Feature","geometry":null,"properties":{"nazev":"Investiční příspěvek na svazkovou ZŠ Český Brod – Doubravčice","kategorie":"škola","roky":[2022,2023,2024,2025,2026],"stav":"probíhá","naklady_kc":24000000,"naklady_pozn":"podíl obce Tuklaty dle rámcové smlouvy (80 míst pro žáky), splácen v ročních splátkách","dotace":null,"dodavatel":null,"lokalita":{"ulice":[],"parcely":[],"adresa":null,"cast_obce":null,"popis_mista":"mimo území obce – Český Brod a Doubravčice (DSO Český Brod – Doubravčice)"},"popis":"Partnerství obce ve výstavbě svazkové základní školy (2. stupeň); rámcová smlouva schválena 30. 11. 2022, dodatek č. 1 (Chrášťany) 2023/2024.","zdroje":[{"url":"https://www.tuklaty.cz/obecni-urad/zastupitelstvo/zapisy-zastupitelstva/zapis-ze-zo-c-10-2022-1312.html","doc":"Zápis ZO 10/2022","datum":"2022-11-30"},{"url":"https://www.tuklaty.cz/obecni-urad/zastupitelstvo/zapisy-zastupitelstva/zapis-ze-zo-c-9-2023-1396.html","doc":"Zápis ZO 9/2023","datum":"2023-11-15"},{"url":"https://smlouvy.gov.cz/smlouva/22903401","doc":"Registr smluv: Rámcová smlouva o partnerství a investičním příspěvku","datum":"2022-12-27"},{"url":"https://www.tuklaty.cz/obecni-urad/uredni-deska/zaverecny-ucet-obce-za-rok-2022-1364.html","doc":"Závěrečný účet obce za rok 2022 – 6. Zhodnocení činnosti obce","datum":"2023-06-29"}],"confidence":"medium","priblizne":false,"poloha":"mimo území obce (Český Brod, Doubravčice)"}},{"type":"Feature","geometry":{"type":"Polygon","coordinates":[[[14.769409,50.084653],[14.769653,50.084719],[14.769699,50.08465],[14.769597,50.084623],[14.76961,50.084603],[14.769543,50.084585],[14.76953,50.084605],[14.769456,50.084585],[14.769409,50.084653]]]},"properties":{"nazev":"Sportoviště na školní zahradě ZŠ","kategorie":"sport","roky":[2011],"stav":"dokončeno","naklady_kc":null,"naklady_pozn":"náklady neuvedeny","dotace":"MMR 483 181 Kč (Hlídač státu)","dodavatel":null,"lokalita":{"ulice":["Na Rafandě"],"parcely":[],"adresa":null,"cast_obce":"Tuklaty","popis_mista":"školní zahrada ZŠ"},"popis":"Sportoviště na školní zahradě (údaj pouze z evidence dotací).","zdroje":[{"url":"https://www.hlidacstatu.cz/dotace/hledat?Q=ico%3A00235822","doc":"Hlídač státu – dotace obce Tuklaty (CEDR/IS ReD)","datum":null}],"confidence":"low","priblizne":true,"poloha":"školní zahrada ZŠ; vyznačena budova ZŠ"}},{"type":"Feature","geometry":{"type":"Polygon","coordinates":[[[14.768946,50.085522],[14.769129,50.085614],[14.769215,50.085613],[14.769214,50.085536],[14.76924,50.085529],[14.769299,50.085478],[14.769297,50.085462],[14.769357,50.085452],[14.769333,50.0854],[14.769218,50.08535],[14.769149,50.085351],[14.76915,50.085408],[14.769094,50.085456],[14.769008,50.08547],[14.768946,50.085522]]]},"properties":{"nazev":"Fara č.p. 19 – výstavba sociálního zařízení","kategorie":"budova","roky":[2015,2016],"stav":"dokončeno","naklady_kc":null,"naklady_pozn":"financováno z vlastních zdrojů, cena neuvedena","dotace":null,"dodavatel":null,"lokalita":{"ulice":["Na Valech"],"parcely":[],"adresa":"č.p. 19","cast_obce":"Tuklaty","popis_mista":"budova bývalé fary (sídlo OÚ, Spolkový dům), kulturní památka"},"popis":"Rekonstrukce/výstavba sociálního zařízení v budově fary dle PD.","zdroje":[{"url":"https://www.tuklaty.cz/obecni-urad/zastupitelstvo/zapisy-zastupitelstva/zapis-c-11-2015-986.html","doc":"Zápis ZO 11/2015","datum":"2015-09-21"},{"url":"https://www.tuklaty.cz/obecni-urad/zastupitelstvo/zapisy-zastupitelstva/zapis-c-3-2016-996.html","doc":"Zápis ZO 3/2016","datum":"2016-02-29"},{"url":"https://www.tuklaty.cz/nase-obec/projekty-obce/na-cem-pracujeme/rekonstrukce-byvale-fary-523cs.html","doc":"Web obce: Rekonstrukce bývalé fary","datum":"2025-06-03"}],"confidence":"high","priblizne":false,"poloha":"budova fary, Na Valech 19"}},{"type":"Feature","geometry":{"type":"Polygon","coordinates":[[[14.768946,50.085522],[14.769129,50.085614],[14.769215,50.085613],[14.769214,50.085536],[14.76924,50.085529],[14.769299,50.085478],[14.769297,50.085462],[14.769357,50.085452],[14.769333,50.0854],[14.769218,50.08535],[14.769149,50.085351],[14.76915,50.085408],[14.769094,50.085456],[14.769008,50.08547],[14.768946,50.085522]]]},"properties":{"nazev":"Fara č.p. 19 – záchrana dřevěných konstrukcí a oprava stropu napadeného dřevomorkou","kategorie":"budova","roky":[2015,2016],"stav":"dokončeno","naklady_kc":null,"naklady_pozn":"cena neuvedena","dotace":null,"dodavatel":null,"lokalita":{"ulice":["Na Valech"],"parcely":[],"adresa":"č.p. 19","cast_obce":"Tuklaty","popis_mista":"budova bývalé fary (sídlo OÚ, Spolkový dům), kulturní památka"},"popis":"Sanace dřevěných konstrukcí v 1. NP, oprava stropní konstrukce v prostoru bývalé knihovny.","zdroje":[{"url":"https://www.tuklaty.cz/obecni-urad/uredni-deska/vyzva-k-podani-nabidek-s-nazvem-tuklaty-cp-19-zachrana-a-sanace-drevenych-konstrukci-565.html","doc":"Výzva k podání nabídek: Tuklaty č.p. 19 – záchrana a sanace dřevěných konstrukcí","datum":"2015-07-31"},{"url":"https://www.tuklaty.cz/obecni-urad/zastupitelstvo/zapisy-zastupitelstva/zapis-c-10-2015-985.html","doc":"Zápis ZO 10/2015","datum":"2015-09-07"},{"url":"https://www.tuklaty.cz/nase-obec/projekty-obce/na-cem-pracujeme/rekonstrukce-byvale-fary-523cs.html","doc":"Web obce: Rekonstrukce bývalé fary","datum":"2025-06-03"}],"confidence":"medium","priblizne":false,"poloha":"budova fary, Na Valech 19"}},{"type":"Feature","geometry":{"type":"Polygon","coordinates":[[[14.768946,50.085522],[14.769129,50.085614],[14.769215,50.085613],[14.769214,50.085536],[14.76924,50.085529],[14.769299,50.085478],[14.769297,50.085462],[14.769357,50.085452],[14.769333,50.0854],[14.769218,50.08535],[14.769149,50.085351],[14.76915,50.085408],[14.769094,50.085456],[14.769008,50.08547],[14.768946,50.085522]]]},"properties":{"nazev":"Fara č.p. 19 – statické zesílení stropu mezi velkými sály","kategorie":"budova","roky":[2016,2017],"stav":"dokončeno","naklady_kc":null,"naklady_pozn":"cena neuvedena","dotace":null,"dodavatel":null,"lokalita":{"ulice":["Na Valech"],"parcely":[],"adresa":"č.p. 19","cast_obce":"Tuklaty","popis_mista":"budova bývalé fary (sídlo OÚ, Spolkový dům), kulturní památka"},"popis":"Náhrada kovových podpěr zesílením průvlaku dvěma I profily dle návrhu NPÚ.","zdroje":[{"url":"https://www.tuklaty.cz/obecni-urad/zastupitelstvo/zapisy-zastupitelstva/zapis-c-11-2016-1004.html","doc":"Zápis ZO 11/2016","datum":"2016-09-19"},{"url":"https://www.tuklaty.cz/nase-obec/projekty-obce/na-cem-pracujeme/rekonstrukce-byvale-fary-523cs.html","doc":"Web obce: Rekonstrukce bývalé fary","datum":"2025-06-03"}],"confidence":"high","priblizne":false,"poloha":"budova fary, Na Valech 19"}},{"type":"Feature","geometry":{"type":"Polygon","coordinates":[[[14.768946,50.085522],[14.769129,50.085614],[14.769215,50.085613],[14.769214,50.085536],[14.76924,50.085529],[14.769299,50.085478],[14.769297,50.085462],[14.769357,50.085452],[14.769333,50.0854],[14.769218,50.08535],[14.769149,50.085351],[14.76915,50.085408],[14.769094,50.085456],[14.769008,50.08547],[14.768946,50.085522]]]},"properties":{"nazev":"Fara č.p. 19 (Spolkový dům) – rekonstrukce elektroinstalace a osvětlení","kategorie":"budova","roky":[2017,2018],"stav":"dokončeno","naklady_kc":1205845,"naklady_pozn":"cena dle smlouvy vč. DPH (996 556 Kč bez DPH); v 1/2018 schváleny vícepráce a méněpráce","dotace":null,"dodavatel":"LIFOS s.r.o.","lokalita":{"ulice":["Na Valech"],"parcely":[],"adresa":"č.p. 19","cast_obce":"Tuklaty","popis_mista":"budova bývalé fary (sídlo OÚ, Spolkový dům), kulturní památka"},"popis":"Silnoproudá elektroinstalace v 1. a 2. NP obecního domu Na Valech 19.","zdroje":[{"url":"https://www.e-zakazky.cz/Profil-Zadavatele/fc8a11e3-fa7f-486b-a54f-c57bc69af69d/Zakazka/P19V00000005","doc":"Profil zadavatele (e-zakazky.cz) P19V00000005: Elektroinstalace v 1. a 2. NP objektu Spolkový dům, Na Valech 19","datum":null},{"url":"https://www.tuklaty.cz/obecni-urad/zastupitelstvo/zapisy-zastupitelstva/zapis-ze-zasedani-zo-c-6-2017-1043.html","doc":"Zápis ZO 6/2017","datum":"2017-05-29"},{"url":"https://www.tuklaty.cz/obecni-urad/zastupitelstvo/zapisy-zastupitelstva/zapis-ze-zasedani-zo-c-1-2018-1052.html","doc":"Zápis ZO 1/2018","datum":"2018-01-29"},{"url":"https://www.tuklaty.cz/nase-obec/projekty-obce/na-cem-pracujeme/rekonstrukce-byvale-fary-523cs.html","doc":"Web obce: Rekonstrukce bývalé fary","datum":"2025-06-03"}],"confidence":"high","priblizne":false,"poloha":"budova fary, Na Valech 19"}},{"type":"Feature","geometry":{"type":"Polygon","coordinates":[[[14.768946,50.085522],[14.769129,50.085614],[14.769215,50.085613],[14.769214,50.085536],[14.76924,50.085529],[14.769299,50.085478],[14.769297,50.085462],[14.769357,50.085452],[14.769333,50.0854],[14.769218,50.08535],[14.769149,50.085351],[14.76915,50.085408],[14.769094,50.085456],[14.769008,50.08547],[14.768946,50.085522]]]},"properties":{"nazev":"Obecní knihovna ve faře – znovuotevření a mobiliář","kategorie":"budova","roky":[2017,2021],"stav":"dokončeno","naklady_kc":null,"naklady_pozn":"mobiliář knihovny 57 112 Kč (2021)","dotace":"Středočeský kraj 49 000 Kč na mobiliář (2021); MK 29 000 Kč knihovní systém (2024)","dodavatel":null,"lokalita":{"ulice":["Na Valech"],"parcely":[],"adresa":"č.p. 19","cast_obce":"Tuklaty","popis_mista":"knihovna v budově fary"},"popis":"Znovuotevření obecní knihovny s čítárnou (2017), dovybavení mobiliářem (2021).","zdroje":[{"url":"https://www.tuklaty.cz/nase-obec/projekty-obce/na-cem-pracujeme/rekonstrukce-byvale-fary-523cs.html","doc":"Web obce: Rekonstrukce bývalé fary","datum":"2025-06-03"},{"url":"https://www.tuklaty.cz/obecni-urad/zastupitelstvo/zapisy-zastupitelstva/zapis-ze-zasedani-zo-c-6-2017-1043.html","doc":"Zápis ZO 6/2017","datum":"2017-05-29"},{"url":"https://www.tuklaty.cz/obecni-urad/zastupitelstvo/zapisy-zastupitelstva/zapis-ze-zo-c-9-2021-1207.html","doc":"Zápis ZO 9/2021","datum":"2021-10-26"},{"url":"https://www.tuklaty.cz/modules/file_storage/download.php?file=3487a148%7C147&inline=1","doc":"Zpravodaj Tuklat a Tlustovous č. 3/2021","datum":null},{"url":"https://www.hlidacstatu.cz/dotace/hledat?Q=ico%3A00235822","doc":"Hlídač státu – dotace obce Tuklaty (CEDR/IS ReD)","datum":null}],"confidence":"medium","priblizne":false,"poloha":"budova fary, Na Valech 19"}},{"type":"Feature","geometry":{"type":"Polygon","coordinates":[[[14.768946,50.085522],[14.769129,50.085614],[14.769215,50.085613],[14.769214,50.085536],[14.76924,50.085529],[14.769299,50.085478],[14.769297,50.085462],[14.769357,50.085452],[14.769333,50.0854],[14.769218,50.08535],[14.769149,50.085351],[14.76915,50.085408],[14.769094,50.085456],[14.769008,50.08547],[14.768946,50.085522]]]},"properties":{"nazev":"Fara č.p. 19 – obnova čtyř komínových těles","kategorie":"budova","roky":[2018],"stav":"dokončeno","naklady_kc":390500.88,"naklady_pozn":"celková cena dle webu obce; nabídka BAU Pro CZ 322 728 Kč","dotace":"137 000 Kč (ZÚ 2018; dle zápisu 8/2018 doporučeno k přidělení přes ORP)","dodavatel":"BAU Pro CZ s.r.o.","lokalita":{"ulice":["Na Valech"],"parcely":[],"adresa":"č.p. 19","cast_obce":"Tuklaty","popis_mista":"budova bývalé fary (sídlo OÚ, Spolkový dům), kulturní památka"},"popis":"Obnova dvou komínů, dva nepoužívané ubourány pod střechu.","zdroje":[{"url":"https://www.e-zakazky.cz/Profil-Zadavatele/fc8a11e3-fa7f-486b-a54f-c57bc69af69d/Zakazka/P19V00000019","doc":"Profil zadavatele (e-zakazky.cz) P19V00000019: Oprava komínových těles v obci Tuklaty","datum":null},{"url":"https://www.tuklaty.cz/obecni-urad/zastupitelstvo/zapisy-zastupitelstva/zapis-ze-zasedani-zo-c-7-2018-1058.html","doc":"Zápis ZO 7/2018","datum":"2018-07-30"},{"url":"https://www.tuklaty.cz/obecni-urad/zastupitelstvo/zapisy-zastupitelstva/zapis-ze-zasedani-zo-c-8-2018-1059.html","doc":"Zápis ZO 8/2018","datum":"2018-08-27"},{"url":"https://www.tuklaty.cz/obecni-urad/zastupitelstvo/zapisy-zastupitelstva/zapis-ze-zasedani-zo-c-9-2018-1060.html","doc":"Zápis ZO 9/2018","datum":"2018-10-01"},{"url":"https://www.tuklaty.cz/obecni-urad/uredni-deska/zaverecny-ucet-za-rok-2018-815.html","doc":"Závěrečný účet za rok 2018 – příloha (ostatní doplňující údaje)","datum":"2019-05-29"},{"url":"https://www.tuklaty.cz/nase-obec/projekty-obce/na-cem-pracujeme/rekonstrukce-byvale-fary-523cs.html","doc":"Web obce: Rekonstrukce bývalé fary","datum":"2025-06-03"}],"confidence":"high","priblizne":false,"poloha":"budova fary, Na Valech 19"}},{"type":"Feature","geometry":{"type":"Polygon","coordinates":[[[14.768946,50.085522],[14.769129,50.085614],[14.769215,50.085613],[14.769214,50.085536],[14.76924,50.085529],[14.769299,50.085478],[14.769297,50.085462],[14.769357,50.085452],[14.769333,50.0854],[14.769218,50.08535],[14.769149,50.085351],[14.76915,50.085408],[14.769094,50.085456],[14.769008,50.08547],[14.768946,50.085522]]]},"properties":{"nazev":"Energetické úspory objektu č.p. 19 (sídlo OÚ)","kategorie":"budova","roky":[2016,2017,2018,2019,2020,2021],"stav":"dokončeno","naklady_kc":4561558,"naklady_pozn":"celkové způsobilé výdaje dle webu obce; součet cen 3 částí zakázky BAU Pro CZ vč. DPH 5 758 088,44 Kč; vícepráce 2019 (kuchyňka OÚ, projektor, dešťová kanalizace) cca 212 tis. bez DPH","dotace":"OPŽP (Fond soudržnosti) – 2 280 779 Kč (50 %) dle webu; Hlídač uvádí 4 561 558 Kč","dodavatel":"BAU Pro CZ s.r.o.","lokalita":{"ulice":["Na Valech"],"parcely":[],"adresa":"č.p. 19","cast_obce":"Tuklaty","popis_mista":"budova bývalé fary (sídlo OÚ, Spolkový dům), kulturní památka"},"popis":"Výměna/repase oken, zateplení půdy a stropu, nový zdroj tepla a otopná soustava v památkově chráněné budově; ukončeno 31. 1. 2021.","zdroje":[{"url":"https://www.e-zakazky.cz/Profil-Zadavatele/fc8a11e3-fa7f-486b-a54f-c57bc69af69d/Zakazka/P19V00000020","doc":"Profil zadavatele (e-zakazky.cz) P19V00000020: Energetické úspory objektu č.p. 19, obec Tuklaty (opakování)","datum":null},{"url":"https://www.tuklaty.cz/obecni-urad/zastupitelstvo/zapisy-zastupitelstva/zapis-c-11-2016-1004.html","doc":"Zápis ZO 11/2016","datum":"2016-09-19"},{"url":"https://www.tuklaty.cz/obecni-urad/zastupitelstvo/zapisy-zastupitelstva/zapis-c-12-2016-1006.html","doc":"Zápis ZO 12/2016","datum":"2016-10-31"},{"url":"https://www.tuklaty.cz/obecni-urad/zastupitelstvo/zapisy-zastupitelstva/zapis-ze-zasedani-zo-c-1-2018-1052.html","doc":"Zápis ZO 1/2018","datum":"2018-01-29"},{"url":"https://www.tuklaty.cz/obecni-urad/zastupitelstvo/zapisy-zastupitelstva/zapis-ze-zasedani-zo-c-8-2018-1059.html","doc":"Zápis ZO 8/2018","datum":"2018-08-27"},{"url":"https://www.tuklaty.cz/obecni-urad/zastupitelstvo/zapisy-zastupitelstva/zapis-ze-zo-c-9-2019-1071.html","doc":"Zápis ZO 9/2019","datum":"2019-07-01"},{"url":"https://www.tuklaty.cz/obecni-urad/uredni-deska/zaverecny-ucet-za-rok-2019-762.html","doc":"Závěrečný účet za rok 2019 – příloha (ostatní doplňující údaje)","datum":"2020-05-28"},{"url":"https://www.tuklaty.cz/obecni-urad/uredni-deska/zaverecny-ucet-pro-rok-2020-1178.html","doc":"Závěrečný účet za rok 2020 – příloha (ostatní doplňující údaje)","datum":"2021-06-30"},{"url":"https://www.tuklaty.cz/nase-obec/projekty-obce/na-cem-pracujeme/rekonstrukce-byvale-fary-523cs.html","doc":"Web obce: Rekonstrukce bývalé fary","datum":"2025-06-03"}],"confidence":"high","priblizne":false,"poloha":"budova fary, Na Valech 19"}},{"type":"Feature","geometry":{"type":"Polygon","coordinates":[[[14.768946,50.085522],[14.769129,50.085614],[14.769215,50.085613],[14.769214,50.085536],[14.76924,50.085529],[14.769299,50.085478],[14.769297,50.085462],[14.769357,50.085452],[14.769333,50.0854],[14.769218,50.08535],[14.769149,50.085351],[14.76915,50.085408],[14.769094,50.085456],[14.769008,50.08547],[14.768946,50.085522]]]},"properties":{"nazev":"Fara č.p. 19 – oprava jižní stěny (průčelí)","kategorie":"budova","roky":[2016,2020,2021],"stav":"dokončeno","naklady_kc":674213.51,"naklady_pozn":"celkové náklady dle webu; SoD PETRAlaan 530 340,36 Kč bez DPH + vícepráce/méněpráce 174 086,51 Kč vč. DPH; dřívější zakázka z r. 2016 (Meridien CS, 699 314 Kč bez DPH) je v profilu zadavatele, realizace proběhla až 2021","dotace":"Středočeský kraj – Program 2018 pro společenské využití památek (výše neuvedena)","dodavatel":"PETRAlaan s.r.o.","lokalita":{"ulice":["Na Valech"],"parcely":[],"adresa":"č.p. 19","cast_obce":"Tuklaty","popis_mista":"budova bývalé fary (sídlo OÚ, Spolkový dům), kulturní památka"},"popis":"Oprava jižní fasády fary, dokončeno 31. 10. 2021.","zdroje":[{"url":"https://www.e-zakazky.cz/Profil-Zadavatele/fc8a11e3-fa7f-486b-a54f-c57bc69af69d/Zakazka/P21V00000003","doc":"Profil zadavatele (e-zakazky.cz) P21V00000003: Tuklaty, fara čp. 19, jižní průčelí – stavební práce","datum":"2021-02-26"},{"url":"https://www.e-zakazky.cz/Profil-Zadavatele/fc8a11e3-fa7f-486b-a54f-c57bc69af69d/Zakazka/P19V00000007","doc":"Profil zadavatele (e-zakazky.cz) P19V00000007: Stavební úpravy jižní fasády objektu č.p. 19","datum":null},{"url":"https://www.tuklaty.cz/obecni-urad/uredni-deska/vyzva-k-podani-nabidek-na-verejnou-zakazku-stavebni-upravy-jizni-fasady-objektu-cp-19-v-obci-tuklaty-621.html","doc":"Výzva k podání nabídek – Stavební úpravy jižní fasády objektu č.p. 19","datum":"2016-08-18"},{"url":"https://www.tuklaty.cz/obecni-urad/zastupitelstvo/zapisy-zastupitelstva/zapis-ze-zo-c-7-2020-1083.html","doc":"Zápis ZO 7/2020","datum":"2020-06-30"},{"url":"https://www.tuklaty.cz/obecni-urad/zastupitelstvo/zapisy-zastupitelstva/zapis-ze-zo-c-3-2021-1161.html","doc":"Zápis ZO 3/2021","datum":"2021-03-30"},{"url":"https://www.tuklaty.cz/obecni-urad/zastupitelstvo/zapisy-zastupitelstva/zapis-ze-zo-c-6-2021-1175.html","doc":"Zápis ZO 6/2021","datum":"2021-06-02"},{"url":"https://www.tuklaty.cz/nase-obec/projekty-obce/na-cem-pracujeme/rekonstrukce-byvale-fary-523cs.html","doc":"Web obce: Rekonstrukce bývalé fary","datum":"2025-06-03"}],"confidence":"high","priblizne":false,"poloha":"budova fary, Na Valech 19"}},{"type":"Feature","geometry":{"type":"Polygon","coordinates":[[[14.768946,50.085522],[14.769129,50.085614],[14.769215,50.085613],[14.769214,50.085536],[14.76924,50.085529],[14.769299,50.085478],[14.769297,50.085462],[14.769357,50.085452],[14.769333,50.0854],[14.769218,50.08535],[14.769149,50.085351],[14.76915,50.085408],[14.769094,50.085456],[14.769008,50.08547],[14.768946,50.085522]]]},"properties":{"nazev":"Fara č.p. 19 – oprava kamenných (pískovcových) ostění","kategorie":"budova","roky":[2022,2023],"stav":"dokončeno","naklady_kc":234315,"naklady_pozn":"celkové náklady dle webu (ZÚ 2023 uvádí 154 908 Kč za etapu 2023)","dotace":null,"dodavatel":null,"lokalita":{"ulice":["Na Valech"],"parcely":[],"adresa":"č.p. 19","cast_obce":"Tuklaty","popis_mista":"západní fasáda fary"},"popis":"Restaurátorská oprava kamenných ostění západní fasády (přízemí 2022, 1. patro 2023) z prostředků obce.","zdroje":[{"url":"https://www.tuklaty.cz/obecni-urad/zastupitelstvo/zapisy-zastupitelstva/zapis-ze-zo-c-2-2023-1334.html","doc":"Zápis ZO 2/2023","datum":"2023-03-14"},{"url":"https://www.tuklaty.cz/obecni-urad/uredni-deska/zaverecny-ucet-obce-za-rok-2022-1364.html","doc":"Závěrečný účet obce za rok 2022 – 6. Zhodnocení činnosti obce","datum":"2023-06-29"},{"url":"https://www.tuklaty.cz/obecni-urad/uredni-deska/zaverecny-ucet-obce-za-rok-2023-1442.html","doc":"Závěrečný účet obce za rok 2023 – 6. Zhodnocení činnosti obce","datum":"2024-06-25"},{"url":"https://www.tuklaty.cz/nase-obec/projekty-obce/na-cem-pracujeme/rekonstrukce-byvale-fary-523cs.html","doc":"Web obce: Rekonstrukce bývalé fary","datum":"2025-06-03"}],"confidence":"high","priblizne":false,"poloha":"budova fary, Na Valech 19"}},{"type":"Feature","geometry":{"type":"Polygon","coordinates":[[[14.768946,50.085522],[14.769129,50.085614],[14.769215,50.085613],[14.769214,50.085536],[14.76924,50.085529],[14.769299,50.085478],[14.769297,50.085462],[14.769357,50.085452],[14.769333,50.0854],[14.769218,50.08535],[14.769149,50.085351],[14.76915,50.085408],[14.769094,50.085456],[14.769008,50.08547],[14.768946,50.085522]]]},"properties":{"nazev":"Fara č.p. 19 – obnova podlah a schodů","kategorie":"budova","roky":[2022,2023],"stav":"dokončeno","naklady_kc":429008.85,"naklady_pozn":"celkové náklady dle webu","dotace":"SZIF – PRV přes MAS Pošembeří 347 409 Kč (80 %)","dodavatel":"Kvapex s.r.o.","lokalita":{"ulice":["Na Valech"],"parcely":[],"adresa":"č.p. 19","cast_obce":"Tuklaty","popis_mista":"budova bývalé fary (sídlo OÚ, Spolkový dům), kulturní památka"},"popis":"Nová podlaha v horním sále, renovace podlah dvou salonků, obnova schodů.","zdroje":[{"url":"https://www.tuklaty.cz/obecni-urad/zastupitelstvo/zapisy-zastupitelstva/zapis-ze-zo-c-3-2023-1346.html","doc":"Zápis ZO 3/2023","datum":"2023-04-27"},{"url":"https://www.tuklaty.cz/obecni-urad/zastupitelstvo/zapisy-zastupitelstva/zapis-ze-zo-c-4-2023-1355.html","doc":"Zápis ZO 4/2023","datum":"2023-05-15"},{"url":"https://www.tuklaty.cz/obecni-urad/uredni-deska/zaverecny-ucet-obce-za-rok-2022-1364.html","doc":"Závěrečný účet obce za rok 2022 – 6. Zhodnocení činnosti obce","datum":"2023-06-29"},{"url":"https://www.tuklaty.cz/obecni-urad/uredni-deska/zaverecny-ucet-obce-za-rok-2023-1442.html","doc":"Závěrečný účet obce za rok 2023 – 6. Zhodnocení činnosti obce","datum":"2024-06-25"},{"url":"https://www.tuklaty.cz/nase-obec/projekty-obce/na-cem-pracujeme/rekonstrukce-byvale-fary-523cs.html","doc":"Web obce: Rekonstrukce bývalé fary","datum":"2025-06-03"},{"url":"https://www.hlidacstatu.cz/dotace/hledat?Q=ico%3A00235822","doc":"Hlídač státu – dotace obce Tuklaty (CEDR/IS ReD)","datum":null}],"confidence":"high","priblizne":false,"poloha":"budova fary, Na Valech 19"}},{"type":"Feature","geometry":{"type":"GeometryCollection","geometries":[{"type":"Polygon","coordinates":[[[14.769435,50.085697],[14.769097,50.085665],[14.769296,50.085893],[14.769344,50.08587],[14.77032,50.086297],[14.770352,50.086302],[14.770238,50.085969],[14.770126,50.085917],[14.77033,50.08573],[14.769778,50.085518],[14.769632,50.085636],[14.769647,50.085644],[14.769521,50.085742],[14.769435,50.085697]]]},{"type":"Polygon","coordinates":[[[14.770636,50.085847],[14.77033,50.08573],[14.770283,50.085773],[14.770396,50.085824],[14.770238,50.085969],[14.770352,50.086302],[14.770404,50.086249],[14.770588,50.085943],[14.770636,50.085847]]]}]},"properties":{"nazev":"Úprava nádvoří a zahrady u objektu č.p. 19 (za farou)","kategorie":"zeleň","roky":[2023,2024,2025],"stav":"dokončeno","naklady_kc":3170747.77,"naklady_pozn":"konečná cena díla vč. DPH po dodatku č. 1 (+70 m² dlažby); vysoutěženo 2 281 466,20 Kč bez DPH; obec navíc koupila 600 t žulové dlažby z Davle za 980 000 Kč (2024)","dotace":"IROP 73. výzva (veřejná prostranství), 95 %: 3 035 618,45 Kč","dodavatel":"TES Čáslav, spol. s r.o.","lokalita":{"ulice":["Na Valech"],"parcely":[{"ku":"Tuklaty","parcela":"st. 4"},{"ku":"Tuklaty","parcela":"26/1"},{"ku":"Tuklaty","parcela":"26/4"}],"adresa":"č.p. 19","cast_obce":"Tuklaty","popis_mista":"nádvoří a louka za farou (parcely za farou dle zápisu 6/2020 – směna s farností)"},"popis":"Žulová dlažba, 5 historizujících lamp VO, lavičky, obnovená kamenná studna, výsadba 25 stromů; staveniště 28. 10. 2024, kolaudace 12. 3. 2025.","zdroje":[{"url":"https://www.tuklaty.cz/nase-obec/projekty-obce/dokoncene-projekty/uprava-nadvori-a-zahrady-u-objektu-cp-19-budova-ou-tuklaty/rekonstrukce-nadvori-na-fare-je-dokoncena-1274cs.html","doc":"Web obce: Rekonstrukce nádvoří na faře je dokončena","datum":"2025-04-28"},{"url":"https://www.e-zakazky.cz/Profil-Zadavatele/fc8a11e3-fa7f-486b-a54f-c57bc69af69d/Zakazka/P24V00000002","doc":"Profil zadavatele (e-zakazky.cz) P24V00000002: Úprava nádvoří a zahrady u objektu č.p. 19 – budova OÚ Tuklaty","datum":"2024-05-22"},{"url":"https://www.tuklaty.cz/obecni-urad/zastupitelstvo/zapisy-zastupitelstva/zapis-ze-zo-c-6-2020-1082.html","doc":"Zápis ZO 6/2020","datum":"2020-05-26"},{"url":"https://www.tuklaty.cz/obecni-urad/zastupitelstvo/zapisy-zastupitelstva/zapis-ze-zasedani-zo-c-10-2023-1409.html","doc":"Zápis ZO 10/2023","datum":"2023-12-11"},{"url":"https://www.tuklaty.cz/obecni-urad/zastupitelstvo/zapisy-zastupitelstva/zapis-ze-zasedani-zo-c-3-2024-1433.html","doc":"Zápis ZO 3/2024","datum":"2024-04-29"},{"url":"https://www.tuklaty.cz/obecni-urad/zastupitelstvo/zapisy-zastupitelstva/zapis-ze-zasedani-zo-c-4-2024-1446.html","doc":"Zápis ZO 4/2024","datum":"2024-06-24"},{"url":"https://www.tuklaty.cz/obecni-urad/uredni-deska/zapis-ze-zasedani-zo-c-1-2025-1557.html","doc":"Zápis ZO 1/2025","datum":"2025-02-18"},{"url":"https://www.tuklaty.cz/modules/file_storage/download.php?file=6fc7989f%7C226&inline=1","doc":"Zpravodaj Tuklat a Tlustovous č. 2/2024","datum":null},{"url":"https://www.tuklaty.cz/obecni-urad/uredni-deska/zaverecny-ucet-obce-za-rok-2024-1513.html","doc":"Závěrečný účet obce za rok 2024 – 6. Zhodnocení činnosti obce","datum":"2025-06-24"},{"url":"https://www.tuklaty.cz/obecni-urad/uredni-deska/zaverecny-ucet-obce-za-rok-2025-1610.html","doc":"Závěrečný účet obce za rok 2025 – 6. Zhodnocení činnosti obce","datum":"2026-07-03"}],"confidence":"high","priblizne":false,"poloha":"nádvoří a zahrada za farou, parcely 26/1 a 26/4"}},{"type":"Feature","geometry":{"type":"Polygon","coordinates":[[[14.768946,50.085522],[14.769129,50.085614],[14.769215,50.085613],[14.769214,50.085536],[14.76924,50.085529],[14.769299,50.085478],[14.769297,50.085462],[14.769357,50.085452],[14.769333,50.0854],[14.769218,50.08535],[14.769149,50.085351],[14.76915,50.085408],[14.769094,50.085456],[14.769008,50.08547],[14.768946,50.085522]]]},"properties":{"nazev":"Fara č.p. 19 – rekonstrukce střechy a stropu sálu ve 2. NP","kategorie":"budova","roky":[2024,2025,2026],"stav":"probíhá","naklady_kc":7441317.29,"naklady_pozn":"vysoutěžená cena bez DPH (11 nabídek); výkaz výměr 5 930 737 Kč; celkově cca 6 mil. Kč; první zakázka 2025 zrušena","dotace":"Středočeský kraj – Fond kultury a obnovy památek 2 906 061 Kč","dodavatel":"Realitní a stavební společnost s.r.o.","lokalita":{"ulice":["Na Valech"],"parcely":[],"adresa":"č.p. 19","cast_obce":"Tuklaty","popis_mista":"budova bývalé fary (sídlo OÚ, Spolkový dům), kulturní památka"},"popis":"Oprava krovů, střechy a stropu horního sálu; PD 2024, práce od poloviny 2026. Dodatek č. 2 ke smlouvě o dílo se zhotovitelem Realitní a stavební společnost s.r.o. (usn. 39/7/2026, 23. 9. 2026, změnové listy 1–4): cena 6 149 849 Kč bez DPH (7 441 317,29 Kč s DPH), o 189 318 Kč bez DPH více než původních 5 960 531 Kč; důvodem poškozený krov, požadavky památkářů, požadavky objednatele a neúplná dokumentace. Podle zprávy starostky má být hotovo koncem září 2026. Obec připravuje žádost o dotaci Ministerstva kultury a kraje na západní fasádu (program Záchrana architektonického dědictví). Zdroj: zápis ZO 7/2026.","zdroje":[{"url":"https://www.tuklaty.cz/obecni-urad/zastupitelstvo/zapisy-zastupitelstva/zapis-ze-zasedani-zo-c-7-2026-1626.html","doc":"Zápis ZO 7/2026, usn. 39/7/2026 a zpráva starostky","datum":"2026-09-23"},{"url":"https://www.e-zakazky.cz/Profil-Zadavatele/fc8a11e3-fa7f-486b-a54f-c57bc69af69d/Zakazka/P25V00000006","doc":"Profil zadavatele (e-zakazky.cz) P25V00000006: Rekonstrukce střechy a stropu sálu v 2 NP – obec Tuklaty","datum":"2025-12-21"},{"url":"https://www.e-zakazky.cz/Profil-Zadavatele/fc8a11e3-fa7f-486b-a54f-c57bc69af69d/Zakazka/P25V00000003","doc":"Profil zadavatele (e-zakazky.cz) P25V00000003: Rekonstrukce stropu a střechy bývalé fary (zrušena)","datum":"2025-06-25"},{"url":"https://www.tuklaty.cz/obecni-urad/uredni-deska/zapis-ze-zasedani-zo-c-1-2025-1557.html","doc":"Zápis ZO 1/2025","datum":"2025-02-18"},{"url":"https://www.tuklaty.cz/obecni-urad/uredni-deska/zapis-ze-zasedani-zo-c-2-2026-1570.html","doc":"Zápis ZO 2/2026","datum":"2026-02-17"},{"url":"https://www.tuklaty.cz/obecni-urad/uredni-deska/zaverecny-ucet-obce-za-rok-2024-1513.html","doc":"Závěrečný účet obce za rok 2024 – 6. Zhodnocení činnosti obce","datum":"2025-06-24"},{"url":"https://www.tuklaty.cz/obecni-urad/uredni-deska/zaverecny-ucet-obce-za-rok-2025-1610.html","doc":"Závěrečný účet obce za rok 2025 – 6. Zhodnocení činnosti obce","datum":"2026-07-03"},{"url":"https://www.tuklaty.cz/nase-obec/projekty-obce/na-cem-pracujeme/rekonstrukce-byvale-fary-523cs.html","doc":"Web obce: Rekonstrukce bývalé fary","datum":"2025-06-03"}],"confidence":"high","priblizne":false,"poloha":"budova fary, Na Valech 19"}},{"type":"Feature","geometry":{"type":"Polygon","coordinates":[[[14.769893,50.085314],[14.769562,50.085214],[14.769515,50.085277],[14.769845,50.085378],[14.769893,50.085314]]]},"properties":{"nazev":"Kovárna (Na Valech 260) – oprava pro ZŠ a přestavba na obecní hospodu","kategorie":"budova","roky":[2017,2019,2020],"stav":"dokončeno","naklady_kc":null,"naklady_pozn":"souhrnná částka neuvedena; smlouvy 2019 vč. DPH: stavební a demoliční práce 436 887 Kč, instalatérské 175 823 Kč, elektro 86 930 Kč; doplatek víceprací 36 875 Kč (2020)","dotace":null,"dodavatel":null,"lokalita":{"ulice":["Na Valech"],"parcely":[{"ku":"Tuklaty","parcela":"3/2"}],"adresa":"č.p. 260","cast_obce":"Tuklaty","popis_mista":"objekt kovárny v areálu fary"},"popis":"V r. 2017 oprava zdevastované kovárny jako dočasná učebna a družina ZŠ; 2019–2020 přestavba na restauraci Kovárna (otevřena 2020).","zdroje":[{"url":"https://www.tuklaty.cz/obecni-urad/uredni-deska/zapis-ze-zo-c-6-2019-726.html","doc":"Zápis ZO 6/2019","datum":"2019-04-15"},{"url":"https://www.tuklaty.cz/obecni-urad/zastupitelstvo/zapisy-zastupitelstva/zapis-ze-zo-c-10-2019-1072.html","doc":"Zápis ZO 10/2019","datum":"2019-09-02"},{"url":"https://www.tuklaty.cz/obecni-urad/zastupitelstvo/zapisy-zastupitelstva/zapis-ze-zo-c-1-2020-1077.html","doc":"Zápis ZO 1/2020","datum":"2020-01-28"},{"url":"https://www.tuklaty.cz/obecni-urad/zastupitelstvo/zapisy-zastupitelstva/zapis-ze-zo-c-2-2020-1078.html","doc":"Zápis ZO 2/2020","datum":"2020-02-18"},{"url":"https://www.tuklaty.cz/obecni-urad/uredni-deska/zaverecny-ucet-pro-rok-2020-1178.html","doc":"Závěrečný účet za rok 2020 – příloha (ostatní doplňující údaje)","datum":"2021-06-30"},{"url":"https://www.tuklaty.cz/nase-obec/projekty-obce/na-cem-pracujeme/rekonstrukce-byvale-fary-523cs.html","doc":"Web obce: Rekonstrukce bývalé fary","datum":"2025-06-03"}],"confidence":"medium","priblizne":false,"poloha":"budova kovárny, Na Valech 260"}},{"type":"Feature","geometry":{"type":"MultiLineString","coordinates":[[[14.766555,50.081519],[14.766733,50.081668],[14.766824,50.081767]],[[14.766824,50.081767],[14.766837,50.081877],[14.766931,50.082177],[14.76715,50.082739],[14.767627,50.082984]],[[14.767627,50.082984],[14.768313,50.08295],[14.768456,50.082934]],[[14.767755,50.083719],[14.767627,50.082984]],[[14.76817,50.081597],[14.766824,50.081767]],[[14.76817,50.081597],[14.768638,50.08153]],[[14.768456,50.082934],[14.768818,50.082923]],[[14.768456,50.082934],[14.768335,50.082146],[14.76817,50.081597]]]},"properties":{"nazev":"Infrastruktura a komunikace lokality V Obůrkách (spoluúčast a převzetí obcí)","kategorie":"komunikace","roky":[2012,2013,2014,2015,2016],"stav":"dokončeno","naklady_kc":null,"naklady_pozn":"spoluúčast obce dle dohody s Agro Tuklaty s.r.o. z r. 2005/2009 vypořádána zápočtem pohledávek; výše neuvedena","dotace":null,"dodavatel":null,"lokalita":{"ulice":["V Obůrkách"],"parcely":[],"adresa":null,"cast_obce":"Tuklaty","popis_mista":"nová stavební lokalita V Obůrkách"},"popis":"Vybudování sítí a komunikací v nové lokalitě se spoluúčastí obce; převod komunikací a sítí (vč. VO darem) do majetku obce 2014; následně reklamace vad komunikací.","zdroje":[{"url":"https://www.tuklaty.cz/obecni-urad/zastupitelstvo/zapisy-zastupitelstva/zapis-zo-za-rok-2012-962.html","doc":"Zápis ZO 10/2012","datum":"2012-12-03"},{"url":"https://www.tuklaty.cz/obecni-urad/zastupitelstvo/zapisy-zastupitelstva/zapisy-zo-za-rok-2013-963.html","doc":"Zápis ZO 1/2013","datum":"2013-01-29"},{"url":"https://www.tuklaty.cz/obecni-urad/zastupitelstvo/zapisy-zastupitelstva/zapis-c-4-2014-967.html","doc":"Zápis ZO 4/2014","datum":"2014-06-23"},{"url":"https://www.tuklaty.cz/obecni-urad/zastupitelstvo/zapisy-zastupitelstva/zapis-c-5-2014-969.html","doc":"Zápis ZO 5/2014","datum":"2014-09-18"},{"url":"https://www.tuklaty.cz/obecni-urad/zastupitelstvo/zapisy-zastupitelstva/zapis-c-6-2015-981.html","doc":"Zápis ZO 6/2015","datum":"2015-04-27"},{"url":"https://www.tuklaty.cz/obecni-urad/zastupitelstvo/zapisy-zastupitelstva/zapis-c-5-2016-998.html","doc":"Zápis ZO 5/2016","datum":"2016-04-25"}],"confidence":"medium","priblizne":false,"poloha":"ulice V Obůrkách (celá nová lokalita)"}},{"type":"Feature","geometry":{"type":"GeometryCollection","geometries":[{"type":"MultiLineString","coordinates":[[[14.770198,50.083328],[14.770374,50.082873]],[[14.770661,50.08209],[14.770972,50.081304]],[[14.770374,50.082873],[14.770661,50.08209]],[[14.769583,50.084929],[14.769689,50.084785],[14.770198,50.083328]],[[14.770972,50.081304],[14.77133,50.08037]]]},{"type":"MultiLineString","coordinates":[[[14.766919,50.085551],[14.767219,50.085385]],[[14.766919,50.085551],[14.766756,50.085641],[14.766334,50.085851]]]}]},"properties":{"nazev":"Opravy místních komunikací 2013–2014 ze sponzorských darů","kategorie":"komunikace","roky":[2013,2014],"stav":"dokončeno","naklady_kc":null,"naklady_pozn":"dar 100 000 Kč (DS Trans) na dokončení opravy ul. Na Rafandě","dotace":null,"dodavatel":null,"lokalita":{"ulice":["Na Rafandě","Ke Školce"],"parcely":[],"adresa":null,"cast_obce":"Tuklaty","popis_mista":"ul. Na Rafandě; komunikace mezi MŠ a ulicí Hlavní"},"popis":"Opravy komunikací (mezi MŠ a Hlavní, Na Rafandě) financované ze sponzorských darů.","zdroje":[{"url":"https://www.tuklaty.cz/obecni-urad/zastupitelstvo/zapisy-zastupitelstva/zapisy-zo-za-rok-2013-963.html","doc":"Zápis ZO 3/2013","datum":"2013-04-22"},{"url":"https://www.tuklaty.cz/obecni-urad/zastupitelstvo/zapisy-zastupitelstva/zapis-c-5-2014-969.html","doc":"Zápis ZO 5/2014","datum":"2014-09-18"}],"confidence":"low","priblizne":true,"poloha":"ulice Na Rafandě a Ke Školce; opravené úseky zdroj neupřesňuje"}},{"type":"Feature","geometry":{"type":"GeometryCollection","geometries":[{"type":"MultiLineString","coordinates":[[[14.770198,50.083328],[14.770374,50.082873]],[[14.770661,50.08209],[14.770972,50.081304]],[[14.770374,50.082873],[14.770661,50.08209]],[[14.769583,50.084929],[14.769689,50.084785],[14.770198,50.083328]],[[14.770972,50.081304],[14.77133,50.08037]]]},{"type":"MultiLineString","coordinates":[[[14.770938,50.084772],[14.770928,50.084718],[14.770941,50.084612],[14.770972,50.084436],[14.771018,50.084318]],[[14.771018,50.084318],[14.771087,50.084121],[14.771149,50.084023]],[[14.772077,50.083126],[14.771438,50.083652],[14.771316,50.083781],[14.771149,50.084023]],[[14.772356,50.082356],[14.772403,50.081689],[14.772438,50.081542]],[[14.772438,50.081542],[14.772469,50.081338],[14.772513,50.080698]],[[14.772077,50.083126],[14.772306,50.082875],[14.772356,50.082356]]]},{"type":"LineString","coordinates":[[14.770374,50.082873],[14.772077,50.083126]]},{"type":"MultiLineString","coordinates":[[[14.774598,50.081409],[14.774283,50.081336],[14.773791,50.081189],[14.77327,50.080993],[14.772973,50.080869],[14.772513,50.080698]],[[14.772513,50.080698],[14.771621,50.080457],[14.77133,50.08037]]]},{"type":"MultiLineString","coordinates":[[[14.77133,50.08037],[14.771289,50.08028],[14.771046,50.079156]],[[14.77066,50.077115],[14.770648,50.077194]],[[14.770648,50.077194],[14.770645,50.077244],[14.771046,50.079156]]]},{"type":"MultiLineString","coordinates":[[[14.766555,50.081519],[14.766813,50.08142],[14.767861,50.080975],[14.7681,50.080818]],[[14.765426,50.081979],[14.765535,50.081943],[14.766033,50.081717],[14.766555,50.081519]],[[14.771046,50.079156],[14.770936,50.079183],[14.77004,50.079648]],[[14.77004,50.079648],[14.769055,50.080155],[14.76864,50.080377],[14.76844,50.080565]],[[14.7681,50.080818],[14.76844,50.080565]]]},{"type":"MultiLineString","coordinates":[[[14.769058,50.086674],[14.768742,50.08653]],[[14.769643,50.086742],[14.769217,50.086707],[14.769058,50.086674]],[[14.770938,50.084772],[14.770974,50.084852],[14.770994,50.084998],[14.770958,50.085257],[14.770693,50.085846],[14.770451,50.086281],[14.770352,50.086398]],[[14.767994,50.086246],[14.7677,50.086278]],[[14.768742,50.08653],[14.768516,50.086426],[14.768154,50.086286],[14.767994,50.086246]],[[14.770352,50.086398],[14.770252,50.086515],[14.770143,50.086588],[14.769925,50.086668],[14.769643,50.086742]]]},{"type":"MultiLineString","coordinates":[[[14.758494,50.091452],[14.758358,50.091312],[14.758155,50.091005]],[[14.758119,50.090814],[14.758196,50.09042]],[[14.758196,50.09042],[14.757977,50.090293],[14.757803,50.090255],[14.757616,50.090226]],[[14.756356,50.089361],[14.75627,50.089324],[14.7554,50.089272],[14.755031,50.089238],[14.754775,50.089209],[14.754523,50.089161]],[[14.753442,50.08895],[14.753378,50.088936]],[[14.758119,50.090814],[14.75812,50.090908]],[[14.75812,50.090908],[14.758155,50.091005]],[[14.754523,50.089161],[14.753667,50.089],[14.753442,50.08895]],[[14.757616,50.090226],[14.75729,50.090048],[14.756808,50.089732],[14.756356,50.089361]]]},{"type":"LineString","coordinates":[[14.758777,50.089578],[14.758779,50.089366],[14.758798,50.089285],[14.758832,50.089192],[14.758971,50.088944],[14.759123,50.088603],[14.759145,50.08846],[14.759131,50.088342],[14.75915,50.088233],[14.7592,50.088072],[14.759284,50.087899],[14.759398,50.087747],[14.759492,50.087649]]},{"type":"MultiLineString","coordinates":[[[14.758129,50.093972],[14.757936,50.094289]],[[14.758129,50.093972],[14.758487,50.093367],[14.758645,50.092945],[14.758754,50.092698],[14.758897,50.092508]]]}]},"properties":{"nazev":"Opravy místních komunikací 2016","kategorie":"komunikace","roky":[2016],"stav":"dokončeno","naklady_kc":325000,"naklady_pozn":"odhad cca 700 m² oprav (zápis 4/2016); konečná cena neuvedena","dotace":null,"dodavatel":"DIPOS J&C spol. s r.o.","lokalita":{"ulice":["Na Rafandě","Úvozová","Růžová","Na Vyhlídce","Topolová","Spojovací","Sluneční","Ke Skalce","Na Kopečku","K Výmole"],"parcely":[],"adresa":null,"cast_obce":null,"popis_mista":"Tuklaty i Tlustovousy"},"popis":"Plošné opravy povrchů místních komunikací po místním šetření stavebního výboru.","zdroje":[{"url":"https://www.tuklaty.cz/obecni-urad/uredni-deska/zapis-c-4-2016-ze-zasedani-zastupitelstva-obce-596.html","doc":"Zápis ZO 4/2016","datum":"2016-03-21"},{"url":"https://www.tuklaty.cz/obecni-urad/zastupitelstvo/zapisy-zastupitelstva/zapis-c-5-2016-998.html","doc":"Zápis ZO 5/2016","datum":"2016-04-25"},{"url":"https://www.tuklaty.cz/obecni-urad/zastupitelstvo/zapisy-zastupitelstva/zapis-c-7-2016-1000.html","doc":"Zápis ZO 7/2016","datum":"2016-05-30"}],"confidence":"medium","priblizne":true,"poloha":"ulice, kde se opravovalo; opravené úseky zdroj neupřesňuje"}},{"type":"Feature","geometry":{"type":"MultiLineString","coordinates":[[[14.766555,50.081519],[14.766813,50.08142],[14.767861,50.080975],[14.7681,50.080818]],[[14.765426,50.081979],[14.765535,50.081943],[14.766033,50.081717],[14.766555,50.081519]],[[14.771046,50.079156],[14.770936,50.079183],[14.77004,50.079648]],[[14.77004,50.079648],[14.769055,50.080155],[14.76864,50.080377],[14.76844,50.080565]],[[14.7681,50.080818],[14.76844,50.080565]]]},"properties":{"nazev":"Rekonstrukce ulice Spojovací","kategorie":"komunikace","roky":[2015,2016,2017,2018,2019],"stav":"dokončeno","naklady_kc":4482261,"naklady_pozn":"náklady stavby dle webu obce; navíc přeložka NN 600 000 Kč (2017) z vlastních zdrojů; SoD M-SILNICE 2 650 506,89 Kč vč. DPH + vícepráce (přeložka CETIN); část dotace vrácena (165 722,75 Kč)","dotace":"MMR – Podpora rozvoje regionů 1 000 000 Kč","dodavatel":"M-SILNICE a.s.","lokalita":{"ulice":["Spojovací"],"parcely":[],"adresa":null,"cast_obce":"Tuklaty","popis_mista":"ulice vedoucí k nádraží"},"popis":"Zpevnění dosud nezpevněné komunikace k nádraží; PD 2015 (OPTIMA), SP 2/2018, stavba 2018, kolaudace 8. 1. 2019.","zdroje":[{"url":"https://www.tuklaty.cz/nase-obec/projekty-obce/dokoncene-projekty/rekonstrukce-pozemnich-komunikaci/rekonstrukce-ulice-spojovaci-v-obci-tuklaty-514cs.html","doc":"Web obce: Rekonstrukce ulice Spojovací","datum":"2022-05-04"},{"url":"https://www.e-zakazky.cz/Profil-Zadavatele/fc8a11e3-fa7f-486b-a54f-c57bc69af69d/Zakazka/P19V00000011","doc":"Profil zadavatele (e-zakazky.cz) P19V00000011: Rekonstrukce ul. Spojovací","datum":null},{"url":"https://www.tuklaty.cz/obecni-urad/uredni-deska/vyzva-k-podani-nabidek-ve-verejne-zakazce-rekonstrukce-ulice-spojovaci-v-obci-tuklaty-557.html","doc":"Výzva k podání nabídek: Rekonstrukce ulice Spojovací (2015)","datum":"2015-04-15"},{"url":"https://www.tuklaty.cz/obecni-urad/zastupitelstvo/zapisy-zastupitelstva/zapis-c-8-2015-983.html","doc":"Zápis ZO 8/2015","datum":"2015-06-02"},{"url":"https://www.tuklaty.cz/obecni-urad/zastupitelstvo/zapisy-zastupitelstva/zapis-ze-zasedani-zo-c-4-2017-1041.html","doc":"Zápis ZO 4/2017","datum":"2017-04-24"},{"url":"https://www.tuklaty.cz/obecni-urad/zastupitelstvo/zapisy-zastupitelstva/zapis-ze-zasedani-zo-c-3-2018-1054.html","doc":"Zápis ZO 3/2018","datum":"2018-03-12"},{"url":"https://www.tuklaty.cz/obecni-urad/zastupitelstvo/zapisy-zastupitelstva/zapis-ze-zasedani-zo-c-6-2018-1057.html","doc":"Zápis ZO 6/2018","datum":"2018-06-25"},{"url":"https://www.tuklaty.cz/obecni-urad/zastupitelstvo/zapisy-zastupitelstva/zapis-ze-zasedani-zo-c-8-2018-1059.html","doc":"Zápis ZO 8/2018","datum":"2018-08-27"},{"url":"https://www.tuklaty.cz/obecni-urad/zastupitelstvo/zapisy-zastupitelstva/zapis-ze-zasedani-zo-c-9-2018-1060.html","doc":"Zápis ZO 9/2018","datum":"2018-10-01"},{"url":"https://www.tuklaty.cz/obecni-urad/zastupitelstvo/zapisy-zastupitelstva/zapis-ze-zasedani-zo-c-12-2018-1062.html","doc":"Zápis ZO 12/2018","datum":"2018-12-03"},{"url":"https://www.tuklaty.cz/obecni-urad/uredni-deska/zaverecny-ucet-za-rok-2018-815.html","doc":"Závěrečný účet za rok 2018 – příloha (ostatní doplňující údaje)","datum":"2019-05-29"},{"url":"https://www.tuklaty.cz/obecni-urad/uredni-deska/zaverecny-ucet-pro-rok-2020-1178.html","doc":"Závěrečný účet za rok 2020 – příloha (ostatní doplňující údaje)","datum":"2021-06-30"}],"confidence":"high","priblizne":false,"poloha":"ulice Spojovací"}},{"type":"Feature","geometry":null,"properties":{"nazev":"Dostavba polní cesty Ve Slezkách (Slezská cesta) s alejí","kategorie":"komunikace","roky":[2016,2017,2019],"stav":"dokončeno","naklady_kc":null,"naklady_pozn":"cena neuvedena","dotace":null,"dodavatel":"Colas CZ, a.s. (v zápisu „Colas s.r.o.“)","lokalita":{"ulice":[],"parcely":[],"adresa":null,"cast_obce":"Tuklaty","popis_mista":"polní cesta Ve Slezkách (Slezská cesta), asfaltovaná v rámci pozemkových úprav"},"popis":"Dostavba úseku polní cesty a výsadba stromořadí podél cesty (obec zalévala stromy do 2019).","zdroje":[{"url":"https://www.tuklaty.cz/obecni-urad/zastupitelstvo/zapisy-zastupitelstva/zapis-c-10-2016-1003.html","doc":"Zápis ZO 10/2016","datum":"2016-08-29"},{"url":"https://www.tuklaty.cz/obecni-urad/zastupitelstvo/zapisy-zastupitelstva/zapis-ze-zasedani-zo-c-2-2017-1039.html","doc":"Zápis ZO 2/2017","datum":"2017-03-13"},{"url":"https://www.tuklaty.cz/obecni-urad/zastupitelstvo/zapisy-zastupitelstva/zapis-ze-zasedani-zo-c-11-2017-1048.html","doc":"Zápis ZO 11/2017","datum":"2017-09-25"},{"url":"https://www.tuklaty.cz/obecni-urad/zastupitelstvo/zapisy-zastupitelstva/zapis-ze-zasedani-zo-c-3-2018-1054.html","doc":"Zápis ZO 3/2018","datum":"2018-03-12"},{"url":"https://www.tuklaty.cz/obecni-urad/zastupitelstvo/zapisy-zastupitelstva/zapis-ze-zo-c-1-2020-1077.html","doc":"Zápis ZO 1/2020","datum":"2020-01-28"}],"confidence":"low","priblizne":false,"poloha":"polní cesta mimo uliční síť RÚIAN"}},{"type":"Feature","geometry":null,"properties":{"nazev":"Opravy místních komunikací 2021","kategorie":"komunikace","roky":[2021],"stav":"dokončeno","naklady_kc":679415,"naklady_pozn":"smluvní cena vč. DPH za cca 1000 m² (561 500 Kč bez DPH), fakturace dle skutečnosti; navíc oprava 3 vpustí Na Rafandě 33 250,80 Kč","dotace":null,"dodavatel":"DIPOS J&C spol. s r.o.","lokalita":{"ulice":["Na Rafandě"],"parcely":[],"adresa":null,"cast_obce":null,"popis_mista":"různé místní komunikace v obou částech obce"},"popis":"Opravy výtluků a povrchů místních komunikací po zimě.","zdroje":[{"url":"https://www.e-zakazky.cz/Profil-Zadavatele/fc8a11e3-fa7f-486b-a54f-c57bc69af69d/Zakazka/P21V00000007","doc":"Profil zadavatele (e-zakazky.cz) P21V00000007: Tuklaty – oprava komunikací 2021","datum":"2021-08-11"},{"url":"https://www.tuklaty.cz/obecni-urad/zastupitelstvo/zapisy-zastupitelstva/zapis-ze-zo-c-8-2021-1199.html","doc":"Zápis ZO 8/2021","datum":"2021-09-21"}],"confidence":"high","priblizne":false,"poloha":"zdroj neuvádí, které komunikace"}},{"type":"Feature","geometry":{"type":"GeometryCollection","geometries":[{"type":"MultiLineString","coordinates":[[[14.767124,50.083828],[14.767305,50.08377],[14.767443,50.08374],[14.767639,50.083721],[14.767755,50.083719]],[[14.767755,50.083719],[14.768025,50.083765],[14.768586,50.083825]]]},{"type":"MultiLineString","coordinates":[[[14.770972,50.081304],[14.772438,50.081542]],[[14.772438,50.081542],[14.773726,50.081587]]]}]},"properties":{"nazev":"Rekonstrukce ulic K Bytovkám a Liliová","kategorie":"komunikace","roky":[2019,2020,2021,2022,2023,2025],"stav":"dokončeno","naklady_kc":5676181.61,"naklady_pozn":"finální náklady vč. DPH (vysoutěženo 5 739 532,51 Kč); PD 2021 Timao 105 270 + 98 010 Kč vč. DPH; dřívější smlouva na opravu povrchu (2019, 1 264 004 Kč bez DPH) byla v r. 2020 zrušena","dotace":"Středočeský kraj – Fond obnovy venkova 1 051 000 Kč (přijato 2025); dotace SFDI 2022 nezískána","dodavatel":"SWIETELSKY stavební s.r.o.","lokalita":{"ulice":["K Bytovkám","Liliová"],"parcely":[],"adresa":null,"cast_obce":"Tuklaty","popis_mista":"K Bytovkám a část Liliové (úsek Úvozová – V Jezírkách)"},"popis":"Rekonstrukce dosud nezpevněných komunikací; SP 4/2022, stavba 4–8/2023, kolaudace 9/2023.","zdroje":[{"url":"https://www.tuklaty.cz/nase-obec/projekty-obce/dokoncene-projekty/rekonstrukce-pozemnich-komunikaci/rekonstrukce-ulice-k-bytovkam-a-liliova-995cs.html","doc":"Web obce: Rekonstrukce ulice K Bytovkám a Liliová","datum":"2024-02-05"},{"url":"https://www.e-zakazky.cz/Profil-Zadavatele/fc8a11e3-fa7f-486b-a54f-c57bc69af69d/Zakazka/P22V00000001","doc":"Profil zadavatele (e-zakazky.cz) P22V00000001: Rekonstrukce ulice K Bytovkám a Liliová, Tuklaty","datum":"2022-08-07"},{"url":"https://www.tuklaty.cz/obecni-urad/uredni-deska/zapis-ze-zo-c-6-2019-726.html","doc":"Zápis ZO 6/2019","datum":"2019-04-15"},{"url":"https://www.tuklaty.cz/obecni-urad/zastupitelstvo/zapisy-zastupitelstva/zapis-ze-zo-c-3-2020-1079.html","doc":"Zápis ZO 3/2020","datum":"2020-04-16"},{"url":"https://www.tuklaty.cz/obecni-urad/zastupitelstvo/zapisy-zastupitelstva/zapis-ze-zo-c-6-2020-1082.html","doc":"Zápis ZO 6/2020","datum":"2020-05-26"},{"url":"https://www.tuklaty.cz/obecni-urad/zastupitelstvo/zapisy-zastupitelstva/zapis-ze-zo-c-4-2021-1164.html","doc":"Zápis ZO 4/2021","datum":"2021-04-27"},{"url":"https://www.tuklaty.cz/obecni-urad/uredni-deska/zapis-ze-zo-c-5-2022-1274.html","doc":"Zápis ZO 5/2022","datum":"2022-06-21"},{"url":"https://www.tuklaty.cz/obecni-urad/zastupitelstvo/zapisy-zastupitelstva/zapis-ze-zo-c-9-2022-1306.html","doc":"Zápis ZO 9/2022","datum":"2022-10-31"},{"url":"https://www.tuklaty.cz/obecni-urad/zastupitelstvo/zapisy-zastupitelstva/zapis-ze-zo-c-6-2023-1369.html","doc":"Zápis ZO 6/2023","datum":"2023-07-27"},{"url":"https://www.tuklaty.cz/obecni-urad/uredni-deska/zaverecny-ucet-obce-za-rok-2022-1364.html","doc":"Závěrečný účet obce za rok 2022 – 6. Zhodnocení činnosti obce","datum":"2023-06-29"},{"url":"https://www.tuklaty.cz/obecni-urad/uredni-deska/zaverecny-ucet-obce-za-rok-2023-1442.html","doc":"Závěrečný účet obce za rok 2023 – 6. Zhodnocení činnosti obce","datum":"2024-06-25"},{"url":"https://www.tuklaty.cz/obecni-urad/uredni-deska/zaverecny-ucet-obce-za-rok-2025-1610.html","doc":"Závěrečný účet obce za rok 2025 – 6. Zhodnocení činnosti obce","datum":"2026-07-03"}],"confidence":"high","priblizne":true,"poloha":"K Bytovkám a úsek Liliové Úvozová – V Jezírkách; vyznačena celá Liliová"}},{"type":"Feature","geometry":{"type":"LineString","coordinates":[[14.758129,50.093972],[14.756058,50.093611],[14.756233,50.093213]]},"properties":{"nazev":"Rekonstrukce ulice Na Patnáctém","kategorie":"komunikace","roky":[2020,2021,2022,2023,2024],"stav":"dokončeno","naklady_kc":2725497.4,"naklady_pozn":"finální náklady vč. DPH (vysoutěženo 2 779 819,87 Kč); PD Timao 142 780 Kč vč. DPH (2021)","dotace":"MMR – Podpora rozvoje regionů, 50 %: 1 266 568 Kč (ZÚ 2023/2024; příjem 2024 v ZÚ 1 132 139 Kč)","dodavatel":"TES, spol. s r.o.","lokalita":{"ulice":["Na Patnáctém"],"parcely":[],"adresa":null,"cast_obce":"Tlustovousy","popis_mista":"dosud nezpevněná ulice v Tlustovousech"},"popis":"Nový povrch dosud nezpevněné ulice; stavba 10–11/2023, kolaudace 2/2024.","zdroje":[{"url":"https://www.tuklaty.cz/nase-obec/projekty-obce/dokoncene-projekty/rekonstrukce-pozemnich-komunikaci/rekonstrukce-ulice-na-patnactem-996cs.html","doc":"Web obce: Rekonstrukce ulice Na Patnáctém","datum":"2024-02-05"},{"url":"https://www.e-zakazky.cz/Profil-Zadavatele/fc8a11e3-fa7f-486b-a54f-c57bc69af69d/Zakazka/P23V00000001","doc":"Profil zadavatele (e-zakazky.cz) P23V00000001: Rekonstrukce ulice Na Patnáctém, Tuklaty","datum":"2023-03-14"},{"url":"https://www.tuklaty.cz/obecni-urad/zastupitelstvo/zapisy-zastupitelstva/zapis-ze-zo-c-6-2020-1082.html","doc":"Zápis ZO 6/2020","datum":"2020-05-26"},{"url":"https://www.tuklaty.cz/obecni-urad/zastupitelstvo/zapisy-zastupitelstva/zapis-ze-zo-c-4-2021-1164.html","doc":"Zápis ZO 4/2021","datum":"2021-04-27"},{"url":"https://www.tuklaty.cz/obecni-urad/zastupitelstvo/zapisy-zastupitelstva/zapis-ze-zo-c-1-2023-1323.html","doc":"Zápis ZO 1/2023","datum":"2023-01-17"},{"url":"https://www.tuklaty.cz/obecni-urad/zastupitelstvo/zapisy-zastupitelstva/zapis-ze-zo-c-4-2023-1355.html","doc":"Zápis ZO 4/2023","datum":"2023-05-15"},{"url":"https://www.tuklaty.cz/obecni-urad/zastupitelstvo/zapisy-zastupitelstva/zapis-ze-zasedani-zo-c-1-2024-1413.html","doc":"Zápis ZO 1/2024","datum":"2024-01-18"},{"url":"https://www.tuklaty.cz/obecni-urad/uredni-deska/zaverecny-ucet-obce-za-rok-2023-1442.html","doc":"Závěrečný účet obce za rok 2023 – 6. Zhodnocení činnosti obce","datum":"2024-06-25"},{"url":"https://www.tuklaty.cz/obecni-urad/uredni-deska/zaverecny-ucet-obce-za-rok-2024-1513.html","doc":"Závěrečný účet obce za rok 2024 – 6. Zhodnocení činnosti obce","datum":"2025-06-24"}],"confidence":"high","priblizne":false,"poloha":"ulice Na Patnáctém"}},{"type":"Feature","geometry":{"type":"LineString","coordinates":[[14.773726,50.081587],[14.7737,50.081863],[14.77362,50.082343],[14.773266,50.083242],[14.773207,50.083264],[14.772564,50.083197],[14.772013,50.083955],[14.771838,50.084253],[14.771812,50.084345],[14.771814,50.084404],[14.771854,50.084512],[14.77193,50.084585]]},"properties":{"nazev":"Rekonstrukce ulice V Jezírkách","kategorie":"komunikace","roky":[2021,2024,2025],"stav":"dokončeno","naklady_kc":6097170.6,"naklady_pozn":"konečná cena vč. DPH po dodatku č. 2 (vysoutěženo 6 197 205 Kč vč. DPH, 5 121 657 Kč bez DPH); PD Artendr 205 700 Kč vč. DPH (2021)","dotace":"bez dotace – vlastní prostředky obce","dodavatel":"Prostav, s.r.o.","lokalita":{"ulice":["V Jezírkách"],"parcely":[],"adresa":null,"cast_obce":"Tuklaty","popis_mista":""},"popis":"Rekonstrukce komunikace; SP 5/2024, staveniště 7/2024, dokončeno 25. 2. 2025, kolaudace 14. 5. 2025.","zdroje":[{"url":"https://www.tuklaty.cz/nase-obec/projekty-obce/dokoncene-projekty/rekonstrukce-pozemnich-komunikaci/rekonstrukce-ulice-v-jezirkach-1303cs.html","doc":"Web obce: Rekonstrukce ulice V Jezírkách","datum":"2025-06-03"},{"url":"https://www.e-zakazky.cz/Profil-Zadavatele/fc8a11e3-fa7f-486b-a54f-c57bc69af69d/Zakazka/P24V00000001","doc":"Profil zadavatele (e-zakazky.cz) P24V00000001: Rekonstrukce ulice V Jezírkách, Tuklaty","datum":"2024-04-08"},{"url":"https://www.tuklaty.cz/obecni-urad/zastupitelstvo/zapisy-zastupitelstva/zapis-ze-zo-c-4-2021-1164.html","doc":"Zápis ZO 4/2021","datum":"2021-04-27"},{"url":"https://www.tuklaty.cz/obecni-urad/zastupitelstvo/zapisy-zastupitelstva/zapis-ze-zasedani-zo-c-2-2024-1418.html","doc":"Zápis ZO 2/2024","datum":"2024-03-07"},{"url":"https://www.tuklaty.cz/obecni-urad/uredni-deska/zapis-ze-zasedani-zo-c-1-2025-1557.html","doc":"Zápis ZO 1/2025","datum":"2025-02-18"},{"url":"https://www.tuklaty.cz/modules/file_storage/download.php?file=6fc7989f%7C226&inline=1","doc":"Zpravodaj Tuklat a Tlustovous č. 2/2024","datum":null},{"url":"https://www.tuklaty.cz/obecni-urad/uredni-deska/zaverecny-ucet-obce-za-rok-2024-1513.html","doc":"Závěrečný účet obce za rok 2024 – 6. Zhodnocení činnosti obce","datum":"2025-06-24"},{"url":"https://www.tuklaty.cz/obecni-urad/uredni-deska/zaverecny-ucet-obce-za-rok-2025-1610.html","doc":"Závěrečný účet obce za rok 2025 – 6. Zhodnocení činnosti obce","datum":"2026-07-03"}],"confidence":"high","priblizne":false,"poloha":"ulice V Jezírkách"}},{"type":"Feature","geometry":{"type":"LineString","coordinates":[[14.758777,50.089578],[14.758779,50.089366],[14.758798,50.089285],[14.758832,50.089192],[14.758971,50.088944],[14.759123,50.088603],[14.759145,50.08846],[14.759131,50.088342],[14.75915,50.088233],[14.7592,50.088072],[14.759284,50.087899],[14.759398,50.087747],[14.759492,50.087649]]},"properties":{"nazev":"Rekonstrukce ulice Na Kopečku (příprava)","kategorie":"komunikace","roky":[2019,2020,2021],"stav":"plánováno","naklady_kc":250000,"naklady_pozn":"předpokládaná hodnota zakázky na PD a inženýrskou činnost (2021); stavba nenaceněna","dotace":null,"dodavatel":null,"lokalita":{"ulice":["Na Kopečku"],"parcely":[],"adresa":null,"cast_obce":"Tlustovousy","popis_mista":""},"popis":"Plánovaná rekonstrukce; zakázka na PD vyhlašována 3×; smlouva na opravu povrchu z 2019 zrušena 2020; realizace odložena kvůli nové výstavbě v horní části ulice.","zdroje":[{"url":"https://www.e-zakazky.cz/Profil-Zadavatele/fc8a11e3-fa7f-486b-a54f-c57bc69af69d/Zakazka/P21V00000006","doc":"Profil zadavatele (e-zakazky.cz) P21V00000006: PD a IČ – Rekonstrukce ulice Na Kopečku (opakování)","datum":"2021-05-27"},{"url":"https://www.tuklaty.cz/obecni-urad/uredni-deska/zapis-ze-zo-c-6-2019-726.html","doc":"Zápis ZO 6/2019","datum":"2019-04-15"},{"url":"https://www.tuklaty.cz/obecni-urad/zastupitelstvo/zapisy-zastupitelstva/zapis-ze-zo-c-6-2020-1082.html","doc":"Zápis ZO 6/2020","datum":"2020-05-26"},{"url":"https://www.tuklaty.cz/obecni-urad/zastupitelstvo/zapisy-zastupitelstva/zapis-ze-zo-c-5-2021-1171.html","doc":"Zápis ZO 5/2021","datum":"2021-05-25"},{"url":"https://www.tuklaty.cz/obecni-urad/zastupitelstvo/zapisy-zastupitelstva/zapis-ze-zo-c-9-2021-1207.html","doc":"Zápis ZO 9/2021","datum":"2021-10-26"}],"confidence":"medium","priblizne":false,"poloha":"ulice Na Kopečku"}},{"type":"Feature","geometry":{"type":"MultiLineString","coordinates":[[[14.766919,50.085551],[14.767219,50.085385]],[[14.766919,50.085551],[14.766756,50.085641],[14.766334,50.085851]]]},"properties":{"nazev":"Oprava komunikace Ke Školce a parkoviště u MŠ (žulová dlažba)","kategorie":"komunikace","roky":[2025],"stav":"dokončeno","naklady_kc":1892209.25,"naklady_pozn":"cena díla vč. DPH (1 563 809,30 Kč bez DPH); použita dříve koupená žulová dlažba","dotace":null,"dodavatel":"TES Čáslav, spol. s r.o.","lokalita":{"ulice":["Ke Školce"],"parcely":[],"adresa":null,"cast_obce":"Tuklaty","popis_mista":"příjezdová komunikace ke školce, chodník a parkoviště u MŠ a dětské skupiny"},"popis":"Rekonstrukce příjezdové cesty, chodníku a parkoviště u školky z žulové dlažby.","zdroje":[{"url":"https://www.e-zakazky.cz/Profil-Zadavatele/fc8a11e3-fa7f-486b-a54f-c57bc69af69d/Zakazka/P25V00000005","doc":"Profil zadavatele (e-zakazky.cz) P25V00000005: Oprava komunikace ke školce, Tuklaty","datum":"2025-10-06"},{"url":"https://www.tuklaty.cz/obecni-urad/uredni-deska/zapis-ze-zasedani-zo-c-4-2025-1559.html","doc":"Zápis ZO 4/2025","datum":"2025-08-26"},{"url":"https://www.tuklaty.cz/obecni-urad/uredni-deska/zaverecny-ucet-obce-za-rok-2025-1610.html","doc":"Závěrečný účet obce za rok 2025 – 6. Zhodnocení činnosti obce","datum":"2026-07-03"}],"confidence":"high","priblizne":true,"poloha":"příjezd a parkoviště u MŠ; vyznačena ulice Ke Školce"}},{"type":"Feature","geometry":{"type":"Polygon","coordinates":[[[14.769435,50.085697],[14.769097,50.085665],[14.769296,50.085893],[14.769344,50.08587],[14.77032,50.086297],[14.770352,50.086302],[14.770238,50.085969],[14.770126,50.085917],[14.77033,50.08573],[14.769778,50.085518],[14.769632,50.085636],[14.769647,50.085644],[14.769521,50.085742],[14.769435,50.085697]]]},"properties":{"nazev":"Rekonstrukce cesty za farou (účelová komunikace Sluneční – nádvoří OÚ)","kategorie":"komunikace","roky":[2026],"stav":"probíhá","naklady_kc":1364725,"naklady_pozn":"schválená nabídka (zápis 1/2026), DPH neuvedeno; ze zbylé žulové dlažby","dotace":null,"dodavatel":"TES Čáslav, spol. s r.o.","lokalita":{"ulice":["Sluneční","Na Valech"],"parcely":[],"adresa":null,"cast_obce":"Tuklaty","popis_mista":"cesta za farou směrem k ulici Sluneční"},"popis":"Pokračování dláždění od nádvoří fary k ulici Sluneční.","zdroje":[{"url":"https://www.e-zakazky.cz/Profil-Zadavatele/fc8a11e3-fa7f-486b-a54f-c57bc69af69d/Zakazka/P26V00000002","doc":"Profil zadavatele (e-zakazky.cz) P26V00000002: Oprava účelové komunikace mezi ul. Sluneční a nádvořím u Obecního úřadu, Tuklaty","datum":"2026-03-17"},{"url":"https://www.tuklaty.cz/obecni-urad/uredni-deska/zapis-ze-zasedani-zo-c-1-2026-1575.html","doc":"Zápis ZO 1/2026","datum":"2026-01-14"}],"confidence":"medium","priblizne":true,"poloha":"účelová komunikace od nádvoří fary k ulici Sluneční vede přes parcelu 26/1 (manipulační plocha); přesná trasa není v RÚIAN"}},{"type":"Feature","geometry":{"type":"MultiLineString","coordinates":[[[14.754159,50.090931],[14.755244,50.09113]],[[14.755244,50.09113],[14.756943,50.091441],[14.757427,50.091489],[14.757868,50.091501]],[[14.752859,50.090697],[14.752944,50.090712]],[[14.752944,50.090712],[14.753942,50.090892]],[[14.753942,50.090892],[14.754159,50.090931]],[[14.757868,50.091501],[14.758494,50.091452]],[[14.758494,50.091452],[14.758605,50.091462],[14.758667,50.091482]]]},"properties":{"nazev":"Výměna obrubníků v ulici Úvalská (při opravě silnice krajem)","kategorie":"komunikace","roky":[2024,2025],"stav":"dokončeno","naklady_kc":1213502.02,"naklady_pozn":"schválená nabídka vč. DPH (zápis 5/2024); opravu asfaltového povrchu prováděla KSÚS","dotace":null,"dodavatel":null,"lokalita":{"ulice":["Úvalská"],"parcely":[],"adresa":null,"cast_obce":"Tlustovousy","popis_mista":""},"popis":"Obec využila opravy silnice Krajskou správou a údržbou silnic k výměně obrubníků a úpravě chodníku po pravé straně (realizace jaro 2025).","zdroje":[{"url":"https://www.tuklaty.cz/obecni-urad/zastupitelstvo/zapisy-zastupitelstva/zapis-ze-zasedani-zo-c-5-2024-1456.html","doc":"Zápis ZO 5/2024","datum":"2024-09-24"},{"url":"https://www.tuklaty.cz/obecni-urad/zastupitelstvo/zapisy-zastupitelstva/zapis-ze-zasedani-zo-c-7-2024-1475.html","doc":"Zápis ZO 7/2024","datum":"2024-12-09"},{"url":"https://www.tuklaty.cz/obecni-urad/uredni-deska/zapis-ze-zasedani-zo-c-1-2025-1557.html","doc":"Zápis ZO 1/2025","datum":"2025-02-18"},{"url":"https://www.tuklaty.cz/obecni-urad/uredni-deska/zapis-ze-zasedani-zo-c-3-2025-1516.html","doc":"Zápis ZO 3/2025","datum":"2025-06-23"},{"url":"https://www.tuklaty.cz/obecni-urad/uredni-deska/zapis-ze-zasedani-zo-c-4-2026-1591.html","doc":"Zápis ZO 4/2026","datum":"2026-04-29"},{"url":"https://www.tuklaty.cz/modules/file_storage/download.php?file=f6580a22%7C258&inline=1","doc":"Zpravodaj Tuklat a Tlustovous č. 1/2025","datum":null}],"confidence":"medium","priblizne":true,"poloha":"ulice Úvalská; úsek zdroj neupřesňuje"}},{"type":"Feature","geometry":{"type":"MultiLineString","coordinates":[[[14.765426,50.081979],[14.765371,50.081911]],[[14.767124,50.083828],[14.767038,50.083748],[14.766672,50.083468],[14.766498,50.083313],[14.765476,50.082039]],[[14.767219,50.085385],[14.767342,50.084603]],[[14.765476,50.082039],[14.765426,50.081979]],[[14.767342,50.084603],[14.767338,50.084438],[14.767268,50.084081],[14.767215,50.083952],[14.767124,50.083828]],[[14.767515,50.085762],[14.767508,50.085692],[14.767484,50.085639]],[[14.767484,50.085639],[14.767436,50.085599],[14.767354,50.085554],[14.767286,50.085498],[14.767234,50.085434],[14.767219,50.085385]]]},"properties":{"nazev":"Oprava silnice v ulici Hlavní (investor Středočeský kraj / KSÚS)","kategorie":"komunikace","roky":[2023],"stav":"dokončeno","naklady_kc":null,"naklady_pozn":"náklady kraje neuvedeny","dotace":null,"dodavatel":null,"lokalita":{"ulice":["Hlavní"],"parcely":[],"adresa":null,"cast_obce":"Tuklaty","popis_mista":"průtah silnice ulicí Hlavní"},"popis":"Oprava silnice po pokládce kabelů NN do země (ČEZ, 2023); investorem kraj, obec koordinovala navazující projekt chodníku.","zdroje":[{"url":"https://www.tuklaty.cz/obecni-urad/zastupitelstvo/zapisy-zastupitelstva/zapis-ze-zo-c-3-2023-1346.html","doc":"Zápis ZO 3/2023","datum":"2023-04-27"},{"url":"https://www.tuklaty.cz/obecni-urad/zastupitelstvo/zapisy-zastupitelstva/zapis-ze-zo-c-5-2023-1365.html","doc":"Zápis ZO 5/2023","datum":"2023-06-27"},{"url":"https://www.tuklaty.cz/obecni-urad/zastupitelstvo/zapisy-zastupitelstva/zapis-ze-zasedani-zo-c-8-2023-1389.html","doc":"Zápis ZO 8/2023","datum":"2023-10-16"},{"url":"https://www.tuklaty.cz/nase-obec/projekty-obce/na-cem-pracujeme/rekonstrukce-chodniku-v-ulici-hlavni-998cs.html","doc":"Web obce: Rekonstrukce chodníku v ulici Hlavní","datum":"2025-06-03"}],"confidence":"low","priblizne":false,"poloha":"průtah silnice ulicí Hlavní"}},{"type":"Feature","geometry":{"type":"GeometryCollection","geometries":[{"type":"MultiLineString","coordinates":[[[14.768089,50.085614],[14.767515,50.085762]],[[14.769583,50.084929],[14.76911,50.085146],[14.768361,50.085513]],[[14.771155,50.084802],[14.771053,50.084781],[14.770938,50.084772]],[[14.770938,50.084772],[14.770299,50.084773],[14.770114,50.084783],[14.769854,50.084829],[14.769686,50.084883],[14.769583,50.084929]],[[14.768361,50.085513],[14.768089,50.085614]]]},{"type":"MultiLineString","coordinates":[[[14.765426,50.081979],[14.765371,50.081911]],[[14.767124,50.083828],[14.767038,50.083748],[14.766672,50.083468],[14.766498,50.083313],[14.765476,50.082039]],[[14.767219,50.085385],[14.767342,50.084603]],[[14.765476,50.082039],[14.765426,50.081979]],[[14.767342,50.084603],[14.767338,50.084438],[14.767268,50.084081],[14.767215,50.083952],[14.767124,50.083828]],[[14.767515,50.085762],[14.767508,50.085692],[14.767484,50.085639]],[[14.767484,50.085639],[14.767436,50.085599],[14.767354,50.085554],[14.767286,50.085498],[14.767234,50.085434],[14.767219,50.085385]]]},{"type":"MultiLineString","coordinates":[[[14.766919,50.085551],[14.767219,50.085385]],[[14.766919,50.085551],[14.766756,50.085641],[14.766334,50.085851]]]},{"type":"MultiLineString","coordinates":[[[14.758667,50.091482],[14.758879,50.091409],[14.759062,50.091318],[14.759103,50.09129],[14.759136,50.091239],[14.75914,50.091197],[14.759089,50.091023]],[[14.758878,50.090347],[14.758744,50.089762],[14.75875,50.089647],[14.758777,50.089578]],[[14.758989,50.090782],[14.758935,50.090617],[14.758878,50.090347]],[[14.758777,50.089578],[14.758825,50.089544],[14.758932,50.089508],[14.759127,50.089486],[14.759278,50.089484],[14.759444,50.089495],[14.75956,50.089517],[14.759896,50.089622]],[[14.759089,50.091023],[14.758989,50.090782]]]},{"type":"MultiLineString","coordinates":[[[14.758494,50.091452],[14.758358,50.091312],[14.758155,50.091005]],[[14.758119,50.090814],[14.758196,50.09042]],[[14.758196,50.09042],[14.757977,50.090293],[14.757803,50.090255],[14.757616,50.090226]],[[14.756356,50.089361],[14.75627,50.089324],[14.7554,50.089272],[14.755031,50.089238],[14.754775,50.089209],[14.754523,50.089161]],[[14.753442,50.08895],[14.753378,50.088936]],[[14.758119,50.090814],[14.75812,50.090908]],[[14.75812,50.090908],[14.758155,50.091005]],[[14.754523,50.089161],[14.753667,50.089],[14.753442,50.08895]],[[14.757616,50.090226],[14.75729,50.090048],[14.756808,50.089732],[14.756356,50.089361]]]},{"type":"MultiLineString","coordinates":[[[14.758897,50.092508],[14.758972,50.092007],[14.758968,50.091929],[14.758926,50.091828],[14.758878,50.09175],[14.75872,50.091583],[14.758667,50.091482]],[[14.759901,50.094314],[14.759725,50.094095],[14.759285,50.093691],[14.759207,50.0936],[14.759165,50.093534],[14.759123,50.093427],[14.758914,50.092712],[14.758895,50.092601],[14.758897,50.092508]]]},{"type":"Polygon","coordinates":[[[14.768381,50.08545],[14.768157,50.085547],[14.767784,50.085657],[14.767791,50.085667],[14.768164,50.085556],[14.768409,50.085456],[14.768999,50.085169],[14.769423,50.084977],[14.76952,50.084921],[14.76955,50.084888],[14.769465,50.084927],[14.769423,50.084962],[14.768983,50.085155],[14.768381,50.08545]]]}]},"properties":{"nazev":"Výstavba chodníků a autobusových zastávek v Tuklatech a Tlustovousech (IROP)","kategorie":"chodník","roky":[2016,2017,2018,2019,2020],"stav":"dokončeno","naklady_kc":7544869,"naklady_pozn":"celkové náklady dle webu (4 projekty IROP); smluvní cena Tost.cz 8 500 000 Kč (DPH neuvedeno); dodatek č. 2 −57 211,14 Kč","dotace":"IROP (MMR) přes MAS Pošembeří 3 051 780 Kč","dodavatel":"Tost.cz, s.r.o.","lokalita":{"ulice":["Akátová","Hlavní","Ke Školce","Tuklatská","Ke Skalce","Ke Mlýnu"],"parcely":[{"ku":"Tuklaty","parcela":"866/4"}],"adresa":null,"cast_obce":null,"popis_mista":"chodník Akátová (pozemek 866/4 převeden od ÚZSVM), zastávky Hlavní a Akátová, chodník Ke Školce, Tlustovousy: U Studny – Ke Skalce – Ke Mlýnu, zastávky Tuklatská"},"popis":"Ucelená pěší trasa ZŠ – Akátová – park – zastávky Hlavní – MŠ – Tlustovousy; rekonstrukce zastávek (přístřešky), osvětlený přechod s ostrůvkem v Hlavní; kolaudace 6/2020.","zdroje":[{"url":"https://www.tuklaty.cz/nase-obec/projekty-obce/dokoncene-projekty/chodniky-a-autobusove-zastavky/vystavba-chodniku-a-autobusovych-zastavek-v-obci-tuklaty-a-tlustovousy-522cs.html","doc":"Web obce: Výstavba chodníků a autobusových zastávek","datum":"2022-05-04"},{"url":"https://www.e-zakazky.cz/Profil-Zadavatele/fc8a11e3-fa7f-486b-a54f-c57bc69af69d/Zakazka/P19V00000021","doc":"Profil zadavatele (e-zakazky.cz) P19V00000021: Výstavba chodníků a autobusových zastávek v obci Tuklaty a Tlustovousy","datum":null},{"url":"https://www.tuklaty.cz/obecni-urad/uredni-deska/zapis-c-4-2016-ze-zasedani-zastupitelstva-obce-596.html","doc":"Zápis ZO 4/2016","datum":"2016-03-21"},{"url":"https://www.tuklaty.cz/obecni-urad/zastupitelstvo/zapisy-zastupitelstva/zapis-ze-zasedani-zo-c-13-2016-1035.html","doc":"Zápis ZO 13/2016","datum":"2016-11-28"},{"url":"https://www.tuklaty.cz/obecni-urad/zastupitelstvo/zapisy-zastupitelstva/zapis-ze-zo-c-3-2019-1066.html","doc":"Zápis ZO 3/2019","datum":"2019-02-18"},{"url":"https://www.tuklaty.cz/obecni-urad/uredni-deska/zapis-ze-zo-c-6-2019-726.html","doc":"Zápis ZO 6/2019","datum":"2019-04-15"},{"url":"https://www.tuklaty.cz/obecni-urad/zastupitelstvo/zapisy-zastupitelstva/zapis-ze-zo-c-10-2019-1072.html","doc":"Zápis ZO 10/2019","datum":"2019-09-02"},{"url":"https://www.tuklaty.cz/obecni-urad/zastupitelstvo/zapisy-zastupitelstva/zapis-ze-zo-c-12-2019-1074.html","doc":"Zápis ZO 12/2019","datum":"2019-10-29"},{"url":"https://www.tuklaty.cz/obecni-urad/zastupitelstvo/zapisy-zastupitelstva/zapis-ze-zo-c-2-2020-1078.html","doc":"Zápis ZO 2/2020","datum":"2020-02-18"},{"url":"https://www.tuklaty.cz/obecni-urad/zastupitelstvo/zapisy-zastupitelstva/zapis-ze-zo-c-5-2020-1081.html","doc":"Zápis ZO 5/2020","datum":"2020-05-21"},{"url":"https://www.tuklaty.cz/obecni-urad/uredni-deska/zaverecny-ucet-za-rok-2019-762.html","doc":"Závěrečný účet za rok 2019 – příloha (ostatní doplňující údaje)","datum":"2020-05-28"},{"url":"https://www.tuklaty.cz/obecni-urad/uredni-deska/zaverecny-ucet-pro-rok-2020-1178.html","doc":"Závěrečný účet za rok 2020 – příloha (ostatní doplňující údaje)","datum":"2021-06-30"},{"url":"https://www.hlidacstatu.cz/dotace/hledat?Q=ico%3A00235822","doc":"Hlídač státu – dotace obce Tuklaty (CEDR/IS ReD)","datum":null}],"confidence":"high","priblizne":true,"poloha":"ulice s novými chodníky a zastávkami; přesné úseky zdroj neupřesňuje"}},{"type":"Feature","geometry":null,"properties":{"nazev":"Chodník mezi obcemi Tuklaty a Tlustovousy (původně cyklostezka)","kategorie":"chodník","roky":[2015,2016,2017,2018,2019,2020],"stav":"dokončeno","naklady_kc":4243470,"naklady_pozn":"celkové náklady dle webu; PD 385 000 Kč (2016)","dotace":"Středočeský kraj 952 000 Kč (SFDI nezískáno)","dodavatel":null,"lokalita":{"ulice":[],"parcely":[{"ku":"Tuklaty","parcela":"121"},{"ku":"Tuklaty","parcela":"126/1"},{"ku":"Tuklaty","parcela":"126/2"},{"ku":"Tlustovousy","parcela":"72"},{"ku":"Tlustovousy","parcela":"75/2"},{"ku":"Tlustovousy","parcela":"46/4"},{"ku":"Tlustovousy","parcela":"46/7"},{"ku":"Tlustovousy","parcela":"47/1"},{"ku":"Tlustovousy","parcela":"47/2"}],"adresa":null,"cast_obce":null,"popis_mista":"podél silnice III/10163 mezi obcemi, podél rybníka a přes potok, s přechodem; parcely dle návrhu ÚP (zápis 2/2017)"},"popis":"Bezpečné propojení obou částí obce pro pěší (původně plánovaná cyklostezka změněna 2016 na chodník); ÚR 1/2018, SP 5/2018, kolaudace 6/2020. Realizováno v rámci společné zakázky s chodníky IROP (zhotovitel pravděpodobně Tost.cz – nepotvrzeno).","zdroje":[{"url":"https://www.tuklaty.cz/nase-obec/projekty-obce/dokoncene-projekty/chodniky-a-autobusove-zastavky/chodnik-mezi-obcemi-tuklaty-a-tlustovousy-517cs.html","doc":"Web obce: Chodník mezi obcemi Tuklaty a Tlustovousy","datum":"2022-05-04"},{"url":"https://www.tuklaty.cz/obecni-urad/uredni-deska/vyzva-k-podani-nabidek-chodnik-mezi-obcemi-tuklaty-a-tlustovousy-592.html","doc":"Výzva k podání nabídek – Chodník mezi obcemi Tuklaty a Tlustovousy","datum":"2016-03-09"},{"url":"https://www.tuklaty.cz/obecni-urad/zastupitelstvo/zapisy-zastupitelstva/zapis-c-3-2016-996.html","doc":"Zápis ZO 3/2016","datum":"2016-02-29"},{"url":"https://www.tuklaty.cz/obecni-urad/zastupitelstvo/zapisy-zastupitelstva/zapis-c-5-2016-998.html","doc":"Zápis ZO 5/2016","datum":"2016-04-25"},{"url":"https://www.tuklaty.cz/obecni-urad/zastupitelstvo/zapisy-zastupitelstva/zapis-c-9-2016-1002.html","doc":"Zápis ZO 9/2016","datum":"2016-08-15"},{"url":"https://www.tuklaty.cz/obecni-urad/zastupitelstvo/zapisy-zastupitelstva/zapis-ze-zasedani-zo-c-2-2017-1039.html","doc":"Zápis ZO 2/2017","datum":"2017-03-13"},{"url":"https://www.tuklaty.cz/obecni-urad/uredni-deska/zaverecny-ucet-pro-rok-2020-1178.html","doc":"Závěrečný účet za rok 2020 – příloha (ostatní doplňující údaje)","datum":"2021-06-30"},{"url":"https://www.hlidacstatu.cz/dotace/hledat?Q=ico%3A00235822","doc":"Hlídač státu – dotace obce Tuklaty (CEDR/IS ReD)","datum":null}],"confidence":"high","priblizne":false,"poloha":"podél silnice III/10163 mezi obcemi; parcely z návrhu ÚP 2017 nejdou spolehlivě spárovat s dnešním katastrem"}},{"type":"Feature","geometry":{"type":"MultiLineString","coordinates":[[[14.758897,50.092508],[14.758972,50.092007],[14.758968,50.091929],[14.758926,50.091828],[14.758878,50.09175],[14.75872,50.091583],[14.758667,50.091482]],[[14.759901,50.094314],[14.759725,50.094095],[14.759285,50.093691],[14.759207,50.0936],[14.759165,50.093534],[14.759123,50.093427],[14.758914,50.092712],[14.758895,50.092601],[14.758897,50.092508]]]},"properties":{"nazev":"Chodník v ulici Ke Mlýnu (opatření ke zvýšení bezpečnosti chodců, Tuklatská – Ke Mlýnu)","kategorie":"chodník","roky":[2015,2016,2017,2019,2020,2021,2022],"stav":"dokončeno","naklady_kc":2355363.33,"naklady_pozn":"celkové náklady dle webu; SoD TES 2 244 172,50 Kč vč. DPH; dodatky: dešťová kanalizace 126 696,70 Kč, další práce 111 191 Kč","dotace":"SFDI 1 454 460 Kč (85 % uznatelných nákladů)","dodavatel":"TES, spol. s r.o.","lokalita":{"ulice":["Ke Mlýnu","Tuklatská"],"parcely":[],"adresa":null,"cast_obce":"Tlustovousy","popis_mista":"od bývalé hospody ulicí Ke Mlýnu"},"popis":"Dostavba chodníku v Tlustovousech navazující na chodníky z r. 2020, vč. zatrubnění a osvětlení přechodu; stavba 5–8/2022 koordinovaná s kabelizací ČEZ, kolaudace 12/2022.","zdroje":[{"url":"https://www.tuklaty.cz/nase-obec/projekty-obce/dokoncene-projekty/chodniky-a-autobusove-zastavky/chodnik-v-ulici-ke-mlynu-853cs.html","doc":"Web obce: Chodník v ulici Ke Mlýnu","datum":"2023-06-12"},{"url":"https://www.e-zakazky.cz/Profil-Zadavatele/fc8a11e3-fa7f-486b-a54f-c57bc69af69d/Zakazka/P21V00000008","doc":"Profil zadavatele (e-zakazky.cz) P21V00000008: Opatření ke zvýšení bezpečnosti chodců ul. Tuklatská, Ke Mlýnu, Tlustovousy","datum":"2021-09-06"},{"url":"https://www.tuklaty.cz/obecni-urad/zastupitelstvo/zapisy-zastupitelstva/zapis-c-2-2015-975.html","doc":"Zápis ZO 2/2015","datum":"2015-02-11"},{"url":"https://www.tuklaty.cz/obecni-urad/zastupitelstvo/zapisy-zastupitelstva/zapis-ze-zo-c-10-2019-1072.html","doc":"Zápis ZO 10/2019","datum":"2019-09-02"},{"url":"https://www.tuklaty.cz/obecni-urad/zastupitelstvo/zapisy-zastupitelstva/zapis-ze-zo-c11-2020-1087.html","doc":"Zápis ZO 11/2020","datum":"2020-10-15"},{"url":"https://www.tuklaty.cz/obecni-urad/zastupitelstvo/zapisy-zastupitelstva/zapis-ze-zo-c-9-2021-1207.html","doc":"Zápis ZO 9/2021","datum":"2021-10-26"},{"url":"https://www.tuklaty.cz/obecni-urad/uredni-deska/zapis-ze-zo-c-5-2022-1274.html","doc":"Zápis ZO 5/2022","datum":"2022-06-21"},{"url":"https://www.tuklaty.cz/obecni-urad/uredni-deska/zapis-ze-zo-c-6-2022-1291.html","doc":"Zápis ZO 6/2022","datum":"2022-08-16"},{"url":"https://www.tuklaty.cz/obecni-urad/uredni-deska/zaverecny-ucet-obce-za-rok-2022-1364.html","doc":"Závěrečný účet obce za rok 2022 – 6. Zhodnocení činnosti obce","datum":"2023-06-29"}],"confidence":"high","priblizne":true,"poloha":"ulice Ke Mlýnu; přesný úsek zdroj neupřesňuje"}},{"type":"Feature","geometry":{"type":"MultiLineString","coordinates":[[[14.765426,50.081979],[14.765371,50.081911]],[[14.767124,50.083828],[14.767038,50.083748],[14.766672,50.083468],[14.766498,50.083313],[14.765476,50.082039]],[[14.767219,50.085385],[14.767342,50.084603]],[[14.765476,50.082039],[14.765426,50.081979]],[[14.767342,50.084603],[14.767338,50.084438],[14.767268,50.084081],[14.767215,50.083952],[14.767124,50.083828]],[[14.767515,50.085762],[14.767508,50.085692],[14.767484,50.085639]],[[14.767484,50.085639],[14.767436,50.085599],[14.767354,50.085554],[14.767286,50.085498],[14.767234,50.085434],[14.767219,50.085385]]]},"properties":{"nazev":"Rekonstrukce chodníku v ulici Hlavní","kategorie":"chodník","roky":[2023,2024,2025,2026],"stav":"plánováno – dotace SFDI schválena","naklady_kc":9981887,"naklady_pozn":"cena dle projektové dokumentace","dotace":"SFDI – cca 65 % (cca 6,5 mil. Kč) přiznáno 2026 (dle zprávy starostky 4/2026)","dodavatel":null,"lokalita":{"ulice":["Hlavní","K Bytovkám","V Obůrkách"],"parcely":[],"adresa":null,"cast_obce":"Tuklaty","popis_mista":"podél ulice Hlavní; nový přechod a napojení chodníku z ulice K Bytovkám"},"popis":"Nový chodník místo dožilého, rekonstrukce vjezdů, zatrubnění dešťové vody, zelený pás, nový bezpečný přechod; SP 1/2025, žádost SFDI 31. 5. 2025. Obec má stavební povolení. Výbor SFDI 21. 4. 2026 schválil akci „Chodníky Hlavní – Tuklaty“ příspěvek 6 488 226 Kč (65 % z uznatelných nákladů 9 981 887 Kč); starostka o tom informovala na ZO 29. 4. 2026. Zahájení stavby ve zdrojích zatím není.","zdroje":[{"url":"https://sfdi.gov.cz/wp-content/uploads/2026/04/prehled-zadostii-bezpecnost-2026-web.pdf","doc":"SFDI: Schválené příspěvky – Bezpečnost 2026 (str. 10)","datum":"2026-04-21"},{"url":"https://www.tuklaty.cz/obecni-urad/zastupitelstvo/zapisy-zastupitelstva/zapis-ze-zasedani-zo-c-4-2026-1592.html","doc":"Zápis ZO 4/2026 – zpráva starostky","datum":"2026-04-29"},{"url":"https://www.tuklaty.cz/nase-obec/projekty-obce/na-cem-pracujeme/rekonstrukce-chodniku-v-ulici-hlavni-998cs.html","doc":"Web obce: Rekonstrukce chodníku v ulici Hlavní","datum":"2025-06-03"},{"url":"https://www.tuklaty.cz/obecni-urad/zastupitelstvo/zapisy-zastupitelstva/zapis-ze-zo-c-5-2023-1365.html","doc":"Zápis ZO 5/2023","datum":"2023-06-27"},{"url":"https://www.tuklaty.cz/obecni-urad/uredni-deska/zapis-ze-zasedani-zo-c-4-2026-1591.html","doc":"Zápis ZO 4/2026","datum":"2026-04-29"},{"url":"https://www.tuklaty.cz/obecni-urad/uredni-deska/zaverecny-ucet-obce-za-rok-2023-1442.html","doc":"Závěrečný účet obce za rok 2023 – 6. Zhodnocení činnosti obce","datum":"2024-06-25"},{"url":"https://www.tuklaty.cz/obecni-urad/uredni-deska/zaverecny-ucet-obce-za-rok-2024-1513.html","doc":"Závěrečný účet obce za rok 2024 – 6. Zhodnocení činnosti obce","datum":"2025-06-24"},{"url":"https://www.tuklaty.cz/obecni-urad/uredni-deska/zaverecny-ucet-obce-za-rok-2025-1610.html","doc":"Závěrečný účet obce za rok 2025 – 6. Zhodnocení činnosti obce","datum":"2026-07-03"}],"confidence":"high","priblizne":true,"poloha":"chodník podél ulice Hlavní; přesný úsek zdroj neupřesňuje"}},{"type":"Feature","geometry":{"type":"MultiLineString","coordinates":[[[14.765426,50.081979],[14.765371,50.081911]],[[14.767124,50.083828],[14.767038,50.083748],[14.766672,50.083468],[14.766498,50.083313],[14.765476,50.082039]],[[14.767219,50.085385],[14.767342,50.084603]],[[14.765476,50.082039],[14.765426,50.081979]],[[14.767342,50.084603],[14.767338,50.084438],[14.767268,50.084081],[14.767215,50.083952],[14.767124,50.083828]],[[14.767515,50.085762],[14.767508,50.085692],[14.767484,50.085639]],[[14.767484,50.085639],[14.767436,50.085599],[14.767354,50.085554],[14.767286,50.085498],[14.767234,50.085434],[14.767219,50.085385]]]},"properties":{"nazev":"Zpomalovací semafor a přechod se semaforem v ulici Hlavní","kategorie":"doprava","roky":[2021,2022,2026],"stav":"nerealizováno – nahrazeno radary","naklady_kc":null,"naklady_pozn":"nenaceněno","dotace":null,"dodavatel":null,"lokalita":{"ulice":["Hlavní"],"parcely":[],"adresa":null,"cast_obce":"Tuklaty","popis_mista":"Hlavní ulice, příjezd od kolínské silnice"},"popis":"Záměr zklidnění dopravy – analýza, zpomalovací semafor/přechod se semaforem a výměna radarů; poptáván projektant. Realizace ve zdrojích nedoložena. Semafor ve zdrojích realizován není. Místo něj zastupitelstvo usnesením č. 4/2/2026 (17. 2. 2026) schválilo nákup a montáž radarových měřičů rychlosti od Empesort s.r.o. za 412 520 Kč bez DPH.","zdroje":[{"url":"https://www.tuklaty.cz/obecni-urad/uredni-deska/zapis-ze-zasedani-zo-c-2-2026-1570.html","doc":"Zápis ZO 2/2026, usn. 4/2/2026","datum":"2026-02-17"},{"url":"https://www.tuklaty.cz/obecni-urad/zastupitelstvo/zapisy-zastupitelstva/zapis-ze-zo-c-9-2021-1207.html","doc":"Zápis ZO 9/2021","datum":"2021-10-26"},{"url":"https://www.tuklaty.cz/modules/file_storage/download.php?file=45ab8df4%7C185&inline=1","doc":"Zpravodaj Tuklat a Tlustovous č. 2/2022","datum":null}],"confidence":"low","priblizne":true,"poloha":"ulice Hlavní u příjezdu od kolínské silnice; přesné místo zdroj neupřesňuje"}},{"type":"Feature","geometry":{"type":"GeometryCollection","geometries":[{"type":"MultiLineString","coordinates":[[[14.758129,50.093972],[14.757936,50.094289]],[[14.758129,50.093972],[14.758487,50.093367],[14.758645,50.092945],[14.758754,50.092698],[14.758897,50.092508]]]},{"type":"MultiLineString","coordinates":[[[14.765426,50.081979],[14.765371,50.081911]],[[14.767124,50.083828],[14.767038,50.083748],[14.766672,50.083468],[14.766498,50.083313],[14.765476,50.082039]],[[14.767219,50.085385],[14.767342,50.084603]],[[14.765476,50.082039],[14.765426,50.081979]],[[14.767342,50.084603],[14.767338,50.084438],[14.767268,50.084081],[14.767215,50.083952],[14.767124,50.083828]],[[14.767515,50.085762],[14.767508,50.085692],[14.767484,50.085639]],[[14.767484,50.085639],[14.767436,50.085599],[14.767354,50.085554],[14.767286,50.085498],[14.767234,50.085434],[14.767219,50.085385]]]},{"type":"LineString","coordinates":[[14.767342,50.084603],[14.767599,50.084701],[14.767809,50.084824],[14.767903,50.084897]]},{"type":"MultiLineString","coordinates":[[[14.766555,50.081519],[14.766813,50.08142],[14.767861,50.080975],[14.7681,50.080818]],[[14.765426,50.081979],[14.765535,50.081943],[14.766033,50.081717],[14.766555,50.081519]],[[14.771046,50.079156],[14.770936,50.079183],[14.77004,50.079648]],[[14.77004,50.079648],[14.769055,50.080155],[14.76864,50.080377],[14.76844,50.080565]],[[14.7681,50.080818],[14.76844,50.080565]]]}]},"properties":{"nazev":"Rekonstrukce veřejného osvětlení (LED) v Tuklatech a Tlustovousech","kategorie":"osvětlení","roky":[2016,2017,2022,2023],"stav":"dokončeno","naklady_kc":null,"naklady_pozn":"souhrn ve zdroji neuveden (součet složek 3 116 779,15 Kč); dle webu: 1. fáze 1 128 810,11 Kč + 2. fáze 1 679 732,40 Kč (splácena ve 120 měsíčních splátkách z úspor) + nové světelné body 308 236,64 Kč; studie VO od ČEZ 2016–2017","dotace":"NPO (MPO) 722 550 Kč na 1. fázi","dodavatel":"ČEZ Energetické služby, s.r.o.","lokalita":{"ulice":["K Výmole","Hlavní","U Lávky","Spojovací","Ke Mlýnu"],"parcely":[],"adresa":null,"cast_obce":null,"popis_mista":"celá obec; nové body: 4× K Výmole, 2× Hlavní, 2× „K Lávce“ (zdroj; v RÚIAN U Lávky), 1× Spojovací (2022)"},"popis":"Výměna 74 svítidel + 4 nová (1. fáze) a všech zbývajících svítidel (2. fáze) za LED, úspora 31,88 % energie; realizace 2–5/2023; přípolože kabelů VO při kabelizaci ČEZ 2022.","zdroje":[{"url":"https://www.tuklaty.cz/nase-obec/projekty-obce/dokoncene-projekty/verejne-osvetleni/rekonstrukce-verejneho-osvetleni-847cs.html","doc":"Web obce: Rekonstrukce veřejného osvětlení","datum":"2023-06-07"},{"url":"https://www.e-zakazky.cz/Profil-Zadavatele/fc8a11e3-fa7f-486b-a54f-c57bc69af69d/Zakazka/P22V00000002","doc":"Profil zadavatele (e-zakazky.cz) P22V00000002: Tuklaty – dodávka a realizace veřejného osvětlení","datum":"2022-11-01"},{"url":"https://www.e-zakazky.cz/Profil-Zadavatele/fc8a11e3-fa7f-486b-a54f-c57bc69af69d/Zakazka/P22V00000003","doc":"Profil zadavatele (e-zakazky.cz) P22V00000003: Provozování a údržba části osvětlení v obci Tuklaty","datum":"2022-11-11"},{"url":"https://www.tuklaty.cz/obecni-urad/zastupitelstvo/zapisy-zastupitelstva/zapis-c-5-2016-998.html","doc":"Zápis ZO 5/2016","datum":"2016-04-25"},{"url":"https://www.tuklaty.cz/obecni-urad/zastupitelstvo/zapisy-zastupitelstva/zapis-ze-zasedani-zo-c-13-2016-1035.html","doc":"Zápis ZO 13/2016","datum":"2016-11-28"},{"url":"https://www.tuklaty.cz/obecni-urad/uredni-deska/zapis-ze-zo-c-4-2022-1257.html","doc":"Zápis ZO 4/2022","datum":"2022-05-24"},{"url":"https://www.tuklaty.cz/obecni-urad/zastupitelstvo/zapisy-zastupitelstva/zapis-ze-zo-c-7-2022-1293.html","doc":"Zápis ZO 7/2022","datum":"2022-09-13"},{"url":"https://www.tuklaty.cz/obecni-urad/zastupitelstvo/zapisy-zastupitelstva/zapis-ze-zo-c-10-2022-1312.html","doc":"Zápis ZO 10/2022","datum":"2022-11-30"},{"url":"https://www.tuklaty.cz/obecni-urad/zastupitelstvo/zapisy-zastupitelstva/zapis-ze-zo-c-1-2023-1323.html","doc":"Zápis ZO 1/2023","datum":"2023-01-17"},{"url":"https://www.tuklaty.cz/obecni-urad/zastupitelstvo/zapisy-zastupitelstva/zapis-ze-zo-c-2-2023-1334.html","doc":"Zápis ZO 2/2023","datum":"2023-03-14"},{"url":"https://www.tuklaty.cz/obecni-urad/zastupitelstvo/zapisy-zastupitelstva/zapis-ze-zo-c-3-2023-1346.html","doc":"Zápis ZO 3/2023","datum":"2023-04-27"},{"url":"https://www.tuklaty.cz/obecni-urad/uredni-deska/zaverecny-ucet-obce-za-rok-2022-1364.html","doc":"Závěrečný účet obce za rok 2022 – 6. Zhodnocení činnosti obce","datum":"2023-06-29"},{"url":"https://www.tuklaty.cz/obecni-urad/uredni-deska/zaverecny-ucet-obce-za-rok-2023-1442.html","doc":"Závěrečný účet obce za rok 2023 – 6. Zhodnocení činnosti obce","datum":"2024-06-25"}],"confidence":"high","priblizne":true,"poloha":"celá obec; vyznačeny ulice s novými světelnými body"}},{"type":"Feature","geometry":{"type":"MultiLineString","coordinates":[[[14.768737,50.085572],[14.768906,50.085495],[14.769461,50.085066],[14.769583,50.084929]],[[14.767994,50.086246],[14.768165,50.086105],[14.768205,50.086006],[14.768219,50.085924],[14.768453,50.085737],[14.768737,50.085572]]]},"properties":{"nazev":"Veřejné osvětlení v ulici Na Valech (historizující lampy)","kategorie":"osvětlení","roky":[2025],"stav":"dokončeno","naklady_kc":544255.58,"naklady_pozn":"celkové náklady dle ZÚ 2025 (nabídka 449 798 Kč bez DPH, projektová cena 685 087 Kč bez DPH)","dotace":null,"dodavatel":"TES Čáslav, spol. s r.o.","lokalita":{"ulice":["Na Valech"],"parcely":[],"adresa":null,"cast_obce":"Tuklaty","popis_mista":"okolí fary"},"popis":"Doplnění 5 lamp stejného typu jako na nádvoří fary.","zdroje":[{"url":"https://www.tuklaty.cz/obecni-urad/uredni-deska/zapis-ze-zasedani-zo-c-5-2025-1533.html","doc":"Zápis ZO 5/2025","datum":"2025-10-07"},{"url":"https://www.tuklaty.cz/obecni-urad/uredni-deska/zaverecny-ucet-obce-za-rok-2025-1610.html","doc":"Závěrečný účet obce za rok 2025 – 6. Zhodnocení činnosti obce","datum":"2026-07-03"}],"confidence":"high","priblizne":false,"poloha":"ulice Na Valech u fary"}},{"type":"Feature","geometry":{"type":"Polygon","coordinates":[[[14.765503,50.087921],[14.765587,50.088015],[14.765868,50.087912],[14.765784,50.087817],[14.765503,50.087921]]]},"properties":{"nazev":"Výstavba hasičské zbrojnice SDH Tuklaty","kategorie":"budova","roky":[2020,2021,2022,2023,2024],"stav":"dokončeno","naklady_kc":12580963.52,"naklady_pozn":"konečná cena díla vč. DPH po dodatku č. 1 (SoD 12 807 850 Kč vč. DPH); PD CreoPlan 512 314 Kč vč. DPH (2020)","dotace":"HZS ČR / MV 4 500 000 Kč + Středočeský kraj (Fond JSDH) 3 000 000 Kč","dodavatel":"KWEKU s.r.o.","lokalita":{"ulice":["Ke Hřišti"],"parcely":[{"ku":"Tuklaty","parcela":"127/2"}],"adresa":null,"cast_obce":"Tuklaty","popis_mista":"na rozhraní Tuklat a Tlustovous u silnice III/10163, naproti příjezdu k hasičské nádrži"},"popis":"Nová zbrojnice pro JSDH; staveniště 5/2023, kolaudace 19. 3. 2024, slavnostní otevření 4. 5. 2024. Vytěžená zemina použita na pumptrack.","zdroje":[{"url":"https://www.tuklaty.cz/nase-obec/projekty-obce/dokoncene-projekty/hasicska-zbrojnice/vystavba-hasicske-zbrojnice-1112cs.html","doc":"Web obce: Výstavba hasičské zbrojnice","datum":"2024-07-29"},{"url":"https://www.e-zakazky.cz/Profil-Zadavatele/fc8a11e3-fa7f-486b-a54f-c57bc69af69d/Zakazka/P23V00000002","doc":"Profil zadavatele (e-zakazky.cz) P23V00000002: Tuklaty – Výstavba požární zbrojnice","datum":"2023-03-23"},{"url":"https://www.e-zakazky.cz/Profil-Zadavatele/fc8a11e3-fa7f-486b-a54f-c57bc69af69d/Zakazka/P20V00000001","doc":"Profil zadavatele (e-zakazky.cz) P20V00000001: PD a IČ – Hasičská zbrojnice SDH Tuklaty","datum":"2020-07-06"},{"url":"https://www.tuklaty.cz/obecni-urad/zastupitelstvo/zapisy-zastupitelstva/zapis-ze-zo-c9-2020-1085.html","doc":"Zápis ZO 9/2020","datum":"2020-08-25"},{"url":"https://www.tuklaty.cz/obecni-urad/zastupitelstvo/zapisy-zastupitelstva/zapis-ze-zo-c-7-2021-1182.html","doc":"Zápis ZO 7/2021","datum":"2021-06-29"},{"url":"https://www.tuklaty.cz/obecni-urad/zastupitelstvo/zapisy-zastupitelstva/zapis-ze-zo-c-1-2023-1323.html","doc":"Zápis ZO 1/2023","datum":"2023-01-17"},{"url":"https://www.tuklaty.cz/obecni-urad/zastupitelstvo/zapisy-zastupitelstva/zapis-ze-zo-c-4-2023-1355.html","doc":"Zápis ZO 4/2023","datum":"2023-05-15"},{"url":"https://www.tuklaty.cz/obecni-urad/zastupitelstvo/zapisy-zastupitelstva/zapis-ze-zasedani-zo-c-2-2024-1418.html","doc":"Zápis ZO 2/2024","datum":"2024-03-07"},{"url":"https://www.tuklaty.cz/obecni-urad/uredni-deska/zaverecny-ucet-obce-za-rok-2022-1364.html","doc":"Závěrečný účet obce za rok 2022 – 6. Zhodnocení činnosti obce","datum":"2023-06-29"},{"url":"https://www.tuklaty.cz/obecni-urad/uredni-deska/zaverecny-ucet-obce-za-rok-2023-1442.html","doc":"Závěrečný účet obce za rok 2023 – 6. Zhodnocení činnosti obce","datum":"2024-06-25"},{"url":"https://www.tuklaty.cz/obecni-urad/uredni-deska/zaverecny-ucet-obce-za-rok-2024-1513.html","doc":"Závěrečný účet obce za rok 2024 – 6. Zhodnocení činnosti obce","datum":"2025-06-24"},{"url":"https://kolinsky.denik.cz/zpravy-region/sdh-tuklaty-slavnostni-otevreni-zbrojnice/","doc":"Kolínský deník: Tuklatští dobrovolní hasiči mají novou zbrojnici","datum":"2024-05-07"}],"confidence":"high","priblizne":false,"poloha":"hasičská zbrojnice, Hlavní 267"}},{"type":"Feature","geometry":null,"properties":{"nazev":"Dopravní automobil pro JSDH Tuklaty","kategorie":"jiné","roky":[2016,2017],"stav":"dokončeno","naklady_kc":899030,"naklady_pozn":"cena vč. DPH (743 000 Kč bez DPH)","dotace":"MV – dle ZÚ 2017 dotace 439 500 Kč; Hlídač státu uvádí 879 000 Kč","dodavatel":"PROGRES SERVIS SIBŘINA spol. s r.o.","lokalita":{"ulice":[],"parcely":[],"adresa":null,"cast_obce":null,"popis_mista":""},"popis":"Nákup dopravního automobilu (Fiat Ducato) pro jednotku SDH.","zdroje":[{"url":"https://www.e-zakazky.cz/Profil-Zadavatele/fc8a11e3-fa7f-486b-a54f-c57bc69af69d/Zakazka/P19V00000006","doc":"Profil zadavatele (e-zakazky.cz) P19V00000006: Tuklaty – dopravní automobil","datum":null},{"url":"https://www.tuklaty.cz/obecni-urad/uredni-deska/vyberove-rizeni-hasicske-vozidlo-629.html","doc":"Výběrové řízení – hasičské vozidlo","datum":"2016-12-06"},{"url":"https://www.tuklaty.cz/obecni-urad/zastupitelstvo/zapisy-zastupitelstva/zapis-c-10-2016-1003.html","doc":"Zápis ZO 10/2016","datum":"2016-08-29"},{"url":"https://www.tuklaty.cz/obecni-urad/zastupitelstvo/zapisy-zastupitelstva/zapis-ze-zasedani-zo-c-6-2017-1043.html","doc":"Zápis ZO 6/2017","datum":"2017-05-29"},{"url":"https://www.tuklaty.cz/obecni-urad/uredni-deska/zaverecny-ucet-2017-1118.html","doc":"Závěrečný účet 2017 – příloha (ostatní doplňující údaje)","datum":"2018-06-26"},{"url":"https://www.hlidacstatu.cz/dotace/hledat?Q=ico%3A00235822","doc":"Hlídač státu – dotace obce Tuklaty (CEDR/IS ReD)","datum":null}],"confidence":"high","priblizne":false,"poloha":"vozidlo, bez polohy"}},{"type":"Feature","geometry":null,"properties":{"nazev":"Hřiště pro hasičské sporty (požární útok, 100m dráha)","kategorie":"sport","roky":[2024,2025],"stav":"neznámo","naklady_kc":486000,"naklady_pozn":"rozpočet hasičů cca 486 tis. Kč, z toho cca 350 tis. Kč získali hasiči (zápis 5/2024); budováno převážně svépomocí","dotace":null,"dodavatel":null,"lokalita":{"ulice":[],"parcely":[],"adresa":null,"cast_obce":null,"popis_mista":"u staré trafostanice mezi Tuklaty a Tlustovousy (směrem na Tlustovousy)"},"popis":"Hřiště pro požární útok a běžeckou dráhu budované SDH; 2025 dokupován pozemek pro prodloužení dráhy. Dokončení plánováno 2025, ve zdrojích nepotvrzeno. V únoru 2025 obec schválila dokoupení sousedního pozemku (cca 15 m), aby 100m dráha splňovala parametry pro oficiální soutěže (zápis 2/2025).","zdroje":[{"url":"https://www.tuklaty.cz/obecni-urad/zastupitelstvo/zapisy-zastupitelstva/zapis-ze-zasedani-zo-c-5-2024-1456.html","doc":"Zápis ZO 5/2024","datum":"2024-09-24"},{"url":"https://www.tuklaty.cz/obecni-urad/zastupitelstvo/zapisy-zastupitelstva/zapis-ze-zasedani-zo-c-7-2024-1475.html","doc":"Zápis ZO 7/2024","datum":"2024-12-09"},{"url":"https://www.tuklaty.cz/obecni-urad/uredni-deska/zapis-ze-zasedani-zo-c-2-2025-1558.html","doc":"Zápis ZO 2/2025","datum":"2025-03-27"},{"url":"https://www.tuklaty.cz/obecni-urad/uredni-deska/zaverecny-ucet-obce-za-rok-2024-1513.html","doc":"Závěrečný účet obce za rok 2024 – 6. Zhodnocení činnosti obce","datum":"2025-06-24"}],"confidence":"medium","priblizne":false,"poloha":"u staré trafostanice mezi obcemi; parcelu zdroj neuvádí"}},{"type":"Feature","geometry":{"type":"Polygon","coordinates":[[[14.763626,50.087105],[14.763957,50.087511],[14.764215,50.087423],[14.763886,50.087016],[14.763626,50.087105]]]},"properties":{"nazev":"Rekonstrukce hasičské nádrže u fotbalového hřiště","kategorie":"jiné","roky":[2022,2023,2024,2025,2026],"stav":"plánováno – podána žádost o dotaci","naklady_kc":null,"naklady_pozn":"zatím jen PD","dotace":"uvažována dotace MZe (drobné vodní toky a malé nádrže)","dodavatel":null,"lokalita":{"ulice":[],"parcely":[],"adresa":null,"cast_obce":"Tuklaty","popis_mista":"požární nádrž vedle fotbalového hřiště Čechie Tuklaty"},"popis":"Nádrž je v havarijním stavu a prosakuje; zpracovává se projektová dokumentace. V roce 2026 obec podala žádost o dotaci z Jednotného dotačního portálu a chystá žádost u Středočeského kraje (zpravodaj 3/2026, potvrzeno zprávou starostky k 23. 9. 2026); projektová dokumentace čekala na stavební povolení (zápis 5/2025).","zdroje":[{"url":"https://www.tuklaty.cz/obecni-urad/zastupitelstvo/zapisy-zastupitelstva/zapis-ze-zasedani-zo-c-7-2026-1626.html","doc":"Zápis ZO 7/2026 – zpráva starostky","datum":"2026-09-23"},{"url":"https://www.tuklaty.cz/obecni-urad/zastupitelstvo/zapisy-zastupitelstva/zapis-ze-zasedani-zo-c-5-2025-1534.html","doc":"Zápis ZO 5/2025","datum":"2025-10-07"},{"url":"https://www.tuklaty.cz/nase-obec/projekty-obce/na-cem-pracujeme/rekonstrukce-hasicske-nadrze-530cs.html","doc":"Web obce: Rekonstrukce hasičské nádrže","datum":"2024-08-13"},{"url":"https://www.tuklaty.cz/obecni-urad/zastupitelstvo/zapisy-zastupitelstva/zapis-ze-zasedani-zo-c-10-2023-1409.html","doc":"Zápis ZO 10/2023","datum":"2023-12-11"},{"url":"https://www.tuklaty.cz/modules/file_storage/download.php?file=45ab8df4%7C185&inline=1","doc":"Zpravodaj Tuklat a Tlustovous č. 2/2022","datum":null},{"url":"https://www.tuklaty.cz/obecni-urad/uredni-deska/zaverecny-ucet-obce-za-rok-2023-1442.html","doc":"Závěrečný účet obce za rok 2023 – 6. Zhodnocení činnosti obce","datum":"2024-06-25"},{"url":"https://www.tuklaty.cz/obecni-urad/uredni-deska/zaverecny-ucet-obce-za-rok-2024-1513.html","doc":"Závěrečný účet obce za rok 2024 – 6. Zhodnocení činnosti obce","datum":"2025-06-24"},{"url":"https://www.tuklaty.cz/obecni-urad/uredni-deska/zaverecny-ucet-obce-za-rok-2025-1610.html","doc":"Závěrečný účet obce za rok 2025 – 6. Zhodnocení činnosti obce","datum":"2026-07-03"}],"confidence":"medium","priblizne":true,"poloha":"požární nádrž u fotbalového hřiště; zdroj parcelu neuvádí, vyznačena parcela 121/4 vedená v katastru jako umělá vodní nádrž obce"}},{"type":"Feature","geometry":null,"properties":{"nazev":"Dětské hřiště v Třešňovce (revitalizace třešňového sadu vč. herních prvků)","kategorie":"sport","roky":[2012,2014],"stav":"dokončeno","naklady_kc":null,"naklady_pozn":"cena neuvedena; žádost 2012: dotace 350 tis. + spoluúčast obce 150 tis. Kč; sponzorský dar materiálu 100 000 Kč (KC Trans) na dětská hřiště","dotace":"MMR 262 849 Kč (Hlídač státu, 2014)","dodavatel":"Bonita s.r.o.","lokalita":{"ulice":[],"parcely":[],"adresa":null,"cast_obce":"Tuklaty","popis_mista":"pozemek mezi třešňovkou a koupalištěm/vodní nádrží"},"popis":"Dětské hřiště a revitalizace třešňového sadu.","zdroje":[{"url":"https://www.tuklaty.cz/obecni-urad/zastupitelstvo/zapisy-zastupitelstva/zapis-zo-za-rok-2012-962.html","doc":"Zápis ZO 2/2012","datum":"2012-02-13"},{"url":"https://www.tuklaty.cz/obecni-urad/zastupitelstvo/zapisy-zastupitelstva/zapis-zo-za-rok-2012-962.html","doc":"Zápis ZO 4/2012","datum":null},{"url":"https://www.tuklaty.cz/obecni-urad/zastupitelstvo/zapisy-zastupitelstva/zapis-c-5-2014-969.html","doc":"Zápis ZO 5/2014","datum":"2014-09-18"},{"url":"https://www.hlidacstatu.cz/dotace/hledat?Q=ico%3A00235822","doc":"Hlídač státu – dotace obce Tuklaty (CEDR/IS ReD)","datum":null}],"confidence":"medium","priblizne":false,"poloha":"parcelu zdroj neuvádí"}},{"type":"Feature","geometry":{"type":"Polygon","coordinates":[[[14.765124,50.086506],[14.764896,50.086579],[14.764932,50.086625],[14.764584,50.086739],[14.764545,50.086691],[14.763425,50.087047],[14.764054,50.087792],[14.7642,50.087735],[14.765361,50.08734],[14.76597,50.087116],[14.765787,50.086837],[14.765547,50.086395],[14.765124,50.086506]],[[14.764215,50.087423],[14.763957,50.087511],[14.763626,50.087105],[14.763886,50.087016],[14.764215,50.087423]]]},"properties":{"nazev":"Automatický závlahový systém fotbalového hřiště","kategorie":"sport","roky":[2015,2016],"stav":"dokončeno","naklady_kc":211098.42,"naklady_pozn":"cena díla vč. DPH dle dodatku č. 1 (174 461,50 Kč bez DPH)","dotace":null,"dodavatel":"Meandr AZS, s.r.o.","lokalita":{"ulice":["Ke Hřišti"],"parcely":[{"ku":"Tuklaty","parcela":"126/1"}],"adresa":null,"cast_obce":"Tuklaty","popis_mista":"fotbalové hřiště Čechie Tuklaty"},"popis":"Závlaha fotbalového hřiště.","zdroje":[{"url":"https://www.tuklaty.cz/obecni-urad/zastupitelstvo/zapisy-zastupitelstva/zapis-c-14-2015-989.html","doc":"Zápis ZO 14/2015","datum":"2015-11-11"},{"url":"https://www.tuklaty.cz/obecni-urad/uredni-deska/smlouva-1-16-dodatek-na-zavlazovani-fotbaloveho-hriste-898.html","doc":"Smlouva 1-16 – Dodatek na zavlažování fotbalového hřiště","datum":"2016-07-13"}],"confidence":"medium","priblizne":true,"poloha":"fotbalové hřiště; zdroj parcelu neuvádí, vyznačena parcela 121/1 vedená v katastru jako sportoviště"}},{"type":"Feature","geometry":{"type":"Polygon","coordinates":[[[14.766001,50.087166],[14.763849,50.087921],[14.764016,50.088101],[14.764418,50.08801],[14.76478,50.087902],[14.765204,50.087764],[14.765674,50.087599],[14.766002,50.087468],[14.766046,50.08744],[14.76606,50.087408],[14.765995,50.087247],[14.766001,50.087166]]]},"properties":{"nazev":"Oplocení tréninkového hřiště u fotbalového hřiště","kategorie":"sport","roky":[2020],"stav":"dokončeno","naklady_kc":95000,"naklady_pozn":"schválený rozpočet (zápis 12/2020)","dotace":null,"dodavatel":null,"lokalita":{"ulice":["Ke Hřišti"],"parcely":[{"ku":"Tuklaty","parcela":"126/1"}],"adresa":null,"cast_obce":"Tuklaty","popis_mista":"tréninkové hřiště Čechie"},"popis":"Oplocení tréninkového hřiště.","zdroje":[{"url":"https://www.tuklaty.cz/obecni-urad/zastupitelstvo/zapisy-zastupitelstva/zapis-ze-zo-c-12-2020-1088.html","doc":"Zápis ZO 12/2020","datum":"2020-11-24"}],"confidence":"low","priblizne":true,"poloha":"tréninkové hřiště 54×25 m na části parcely 126/1 vedle fotbalového hřiště (zápis 12/2020)"}},{"type":"Feature","geometry":{"type":"Polygon","coordinates":[[[14.757797,50.090716],[14.757942,50.09073],[14.757951,50.090688],[14.758003,50.090692],[14.75808,50.090416],[14.757902,50.090299],[14.757797,50.090716]]]},"properties":{"nazev":"Dětské hřiště Tlustovousy","kategorie":"sport","roky":[2016,2017,2018,2019,2020],"stav":"dokončeno","naklady_kc":null,"naklady_pozn":"souhrn neuveden; herní prvky 1. etapy 150 000 Kč; 2. etapa – smlouva Acer Woodway 564 441 Kč; odvoz cca 700 t odpadu 2017 na náklady obce","dotace":"MMR – Podpora obnovy a rozvoje venkova 2020: 395 108 Kč (2. etapa)","dodavatel":"Acer Woodway s.r.o. (2. etapa)","lokalita":{"ulice":[],"parcely":[{"ku":"Tlustovousy","parcela":"5/2"}],"adresa":null,"cast_obce":"Tlustovousy","popis_mista":"naproti truhlárně, blízko lokality Na Statku; pozemek darovaný obci 2017"},"popis":"Přírodní dětské hřiště z akátového dřeva s gabionovým plotem (svépomocí rodičů), náves; dovybaveno k 30. 9. 2020.","zdroje":[{"url":"https://www.tuklaty.cz/nase-obec/projekty-obce/dokoncene-projekty/detska-hriste/detske-hriste-tlustovousy-516cs.html","doc":"Web obce: Dětské hřiště Tlustovousy","datum":"2022-05-04"},{"url":"https://www.tuklaty.cz/obecni-urad/uredni-deska/vyhlaseni-verejna-zakazka-detske-hriste-tlustovousy-767.html","doc":"Vyhlášení – veřejná zakázka „Dětské hřiště Tlustovousy“","datum":"2020-08-27"},{"url":"https://www.tuklaty.cz/obecni-urad/zastupitelstvo/zapisy-zastupitelstva/zapis-c-3-2016-996.html","doc":"Zápis ZO 3/2016","datum":"2016-02-29"},{"url":"https://www.tuklaty.cz/obecni-urad/zastupitelstvo/zapisy-zastupitelstva/zapis-ze-zasedani-zo-c-6-2017-1043.html","doc":"Zápis ZO 6/2017","datum":"2017-05-29"},{"url":"https://www.tuklaty.cz/obecni-urad/zastupitelstvo/zapisy-zastupitelstva/zapis-ze-zo-c-10-2020-1086.html","doc":"Zápis ZO 10/2020","datum":"2020-09-22"},{"url":"https://www.tuklaty.cz/obecni-urad/uredni-deska/zaverecny-ucet-pro-rok-2020-1178.html","doc":"Závěrečný účet za rok 2020 – příloha (ostatní doplňující údaje)","datum":"2021-06-30"}],"confidence":"high","priblizne":false,"poloha":"parcela 5/2 v Tlustovousích (darována obci 2017)"}},{"type":"Feature","geometry":{"type":"Polygon","coordinates":[[[14.766001,50.087166],[14.763849,50.087921],[14.764016,50.088101],[14.764418,50.08801],[14.76478,50.087902],[14.765204,50.087764],[14.765674,50.087599],[14.766002,50.087468],[14.766046,50.08744],[14.76606,50.087408],[14.765995,50.087247],[14.766001,50.087166]]]},"properties":{"nazev":"Pumptrack mezi obcemi","kategorie":"sport","roky":[2022,2024],"stav":"dokončeno","naklady_kc":170000,"naklady_pozn":"celkové náklady dle webu; úspora cca 710 000 Kč na odvozu zeminy ze stavby zbrojnice","dotace":"dar TBG Metrostav 150 000 Kč","dodavatel":null,"lokalita":{"ulice":[],"parcely":[],"adresa":null,"cast_obce":null,"popis_mista":"mezi Tuklaty a Tlustovousy u fotbalového hřiště"},"popis":"Pumptracková dráha postavená z vytěžené zeminy za pomoci brigádníků; otevřena 2024.","zdroje":[{"url":"https://www.tuklaty.cz/nase-obec/projekty-obce/dokoncene-projekty/detska-hriste/pumptrack-1117cs.html","doc":"Web obce: Pumptrack","datum":"2024-08-12"},{"url":"https://www.tuklaty.cz/modules/file_storage/download.php?file=45ab8df4%7C185&inline=1","doc":"Zpravodaj Tuklat a Tlustovous č. 2/2022","datum":null},{"url":"https://www.tuklaty.cz/obecni-urad/uredni-deska/zaverecny-ucet-obce-za-rok-2024-1513.html","doc":"Závěrečný účet obce za rok 2024 – 6. Zhodnocení činnosti obce","datum":"2025-06-24"}],"confidence":"high","priblizne":true,"poloha":"na části obecní parcely 126/1 – louka mezi obcemi, na dráhu navazuje multifunkční hřiště (zpravodaj 3/2023)"}},{"type":"Feature","geometry":{"type":"Polygon","coordinates":[[[14.765124,50.086506],[14.764896,50.086579],[14.764932,50.086625],[14.764584,50.086739],[14.764545,50.086691],[14.763425,50.087047],[14.764054,50.087792],[14.7642,50.087735],[14.765361,50.08734],[14.76597,50.087116],[14.765787,50.086837],[14.765547,50.086395],[14.765124,50.086506]],[[14.764215,50.087423],[14.763957,50.087511],[14.763626,50.087105],[14.763886,50.087016],[14.764215,50.087423]]]},"properties":{"nazev":"Rozšíření antukového hřiště u požární nádrže","kategorie":"sport","roky":[2023],"stav":"dokončeno","naklady_kc":450000,"naklady_pozn":"maximální příspěvek obce vč. DPH; zbytek z darů a svépomocí (odhad 700 tis.–1 mil. Kč)","dotace":null,"dodavatel":null,"lokalita":{"ulice":[],"parcely":[],"adresa":null,"cast_obce":"Tuklaty","popis_mista":"antukové hřiště u požární nádrže"},"popis":"Rozšíření antukového hřiště pro nohejbal, volejbal a tenis, z velké části svépomocí.","zdroje":[{"url":"https://www.tuklaty.cz/obecni-urad/zastupitelstvo/zapisy-zastupitelstva/zapis-ze-zo-c-2-2023-1334.html","doc":"Zápis ZO 2/2023","datum":"2023-03-14"},{"url":"https://www.tuklaty.cz/modules/file_storage/download.php?file=c6de6a98%7C196&inline=1","doc":"Zpravodaj Tuklat a Tlustovous č. 1/2023","datum":null},{"url":"https://www.tuklaty.cz/zivot-v-obci/hriste/antukove-hriste/","doc":"Web obce: Antukové hřiště","datum":null}],"confidence":"medium","priblizne":true,"poloha":"u požární nádrže; zdroj parcelu neuvádí, vyznačen sportovní areál 121/1"}},{"type":"Feature","geometry":{"type":"Polygon","coordinates":[[[14.766001,50.087166],[14.763849,50.087921],[14.764016,50.088101],[14.764418,50.08801],[14.76478,50.087902],[14.765204,50.087764],[14.765674,50.087599],[14.766002,50.087468],[14.766046,50.08744],[14.76606,50.087408],[14.765995,50.087247],[14.766001,50.087166]]]},"properties":{"nazev":"Multifunkční hřiště s umělým povrchem","kategorie":"sport","roky":[2021,2022,2023,2024],"stav":"dokončeno","naklady_kc":3733832,"naklady_pozn":"konečné náklady dle webu (vysoutěženo 4 287 365,32 Kč vč. DPH); obec dofinancovala 2 131 989 Kč","dotace":"bez dotace; sponzorské dary 1 212 500 Kč + veřejná sbírka Donio 389 343 Kč (žádost MMR 2021 neúspěšná)","dodavatel":"Umělky s.r.o.","lokalita":{"ulice":[],"parcely":[],"adresa":null,"cast_obce":null,"popis_mista":"mezi obcemi u fotbalového hřiště a pumptracku"},"popis":"Hřiště cca 43×21 m (fotbal, basketbal, tenis, volejbal, nohejbal); SP 5. 8. 2024, stavba podzim 2024 – 12/2024; rezervace přes iSportSystem.","zdroje":[{"url":"https://www.tuklaty.cz/nase-obec/projekty-obce/dokoncene-projekty/detska-hriste/multifunkcni-hriste-1304cs.html","doc":"Web obce: Multifunkční hřiště","datum":"2025-06-03"},{"url":"https://www.e-zakazky.cz/Profil-Zadavatele/fc8a11e3-fa7f-486b-a54f-c57bc69af69d/Zakazka/P25V00000001","doc":"Profil zadavatele (e-zakazky.cz) P25V00000001: Novostavba multifunkčního hřiště v obci Tuklaty","datum":null},{"url":"https://www.tuklaty.cz/obecni-urad/zastupitelstvo/zapisy-zastupitelstva/zapis-ze-zo-c-9-2021-1207.html","doc":"Zápis ZO 9/2021","datum":"2021-10-26"},{"url":"https://www.tuklaty.cz/obecni-urad/zastupitelstvo/zapisy-zastupitelstva/zapis-ze-zo-c-10-2022-1312.html","doc":"Zápis ZO 10/2022","datum":"2022-11-30"},{"url":"https://www.tuklaty.cz/obecni-urad/zastupitelstvo/zapisy-zastupitelstva/zapis-ze-zo-c-4-2023-1355.html","doc":"Zápis ZO 4/2023","datum":"2023-05-15"},{"url":"https://www.tuklaty.cz/obecni-urad/zastupitelstvo/zapisy-zastupitelstva/zapis-ze-zo-c-6-2023-1369.html","doc":"Zápis ZO 6/2023","datum":"2023-07-27"},{"url":"https://www.tuklaty.cz/obecni-urad/zastupitelstvo/zapisy-zastupitelstva/zapis-ze-zasedani-zo-c-2-2024-1418.html","doc":"Zápis ZO 2/2024","datum":"2024-03-07"},{"url":"https://www.tuklaty.cz/obecni-urad/zastupitelstvo/zapisy-zastupitelstva/zapis-ze-zasedani-zo-c-3-2024-1433.html","doc":"Zápis ZO 3/2024","datum":"2024-04-29"},{"url":"https://www.tuklaty.cz/obecni-urad/zastupitelstvo/zapisy-zastupitelstva/zapis-ze-zasedani-zo-c-4-2024-1446.html","doc":"Zápis ZO 4/2024","datum":"2024-06-24"},{"url":"https://www.tuklaty.cz/obecni-urad/uredni-deska/zaverecny-ucet-obce-za-rok-2024-1513.html","doc":"Závěrečný účet obce za rok 2024 – 6. Zhodnocení činnosti obce","datum":"2025-06-24"}],"confidence":"high","priblizne":true,"poloha":"na části parcely 126/1 (stavba „multifunkční hřiště na pozemku parc. č. 126/1“, zábor i na 126/2)"}},{"type":"Feature","geometry":null,"properties":{"nazev":"Revitalizace farské stráně (zeleně historického centra)","kategorie":"zeleň","roky":[2015,2016,2017],"stav":"dokončeno","naklady_kc":null,"naklady_pozn":"souhrnné náklady neuvedeny","dotace":"MŽP / SFŽP 1. fáze cca 217 tis. Kč (Hlídač: SFŽP 216 965 Kč, 2016)","dodavatel":null,"lokalita":{"ulice":["Na Valech","Akátová"],"parcely":[],"adresa":null,"cast_obce":"Tuklaty","popis_mista":"stráň pod kostelem sv. Jana Křtitele, farou a zvonicí"},"popis":"Vykácení přemnoženého akátu (2015), ošetření lipové aleje a stromů u nádrže, výsadba (2016), výsadba keřů a trvalek s dobrovolníky (2017).","zdroje":[{"url":"https://www.tuklaty.cz/nase-obec/projekty-obce/dokoncene-projekty/farska-stran/revitalizace-farske-strane-505cs.html","doc":"Web obce: Revitalizace farské stráně","datum":"2022-04-27"},{"url":"https://www.e-zakazky.cz/Profil-Zadavatele/fc8a11e3-fa7f-486b-a54f-c57bc69af69d/Zakazka/P19V00000008","doc":"Profil zadavatele (e-zakazky.cz) P19V00000008: Revitalizace zeleně historického centra obce Tuklaty","datum":null},{"url":"https://www.tuklaty.cz/obecni-urad/uredni-deska/vyzva-k-podani-nabidek-ve-verejne-zakazce-kaceni-stromu-v-obci-tuklaty-556.html","doc":"Výzva k podání nabídek: Kácení stromů v obci Tuklaty","datum":"2015-04-14"},{"url":"https://www.tuklaty.cz/obecni-urad/zastupitelstvo/zapisy-zastupitelstva/zapis-c-6-2015-981.html","doc":"Zápis ZO 6/2015","datum":"2015-04-27"},{"url":"https://www.tuklaty.cz/obecni-urad/zastupitelstvo/zapisy-zastupitelstva/zapis-c-17-2015-992.html","doc":"Zápis ZO 17/2015","datum":"2015-12-21"},{"url":"https://www.tuklaty.cz/obecni-urad/zastupitelstvo/zapisy-zastupitelstva/zapis-c-3-2016-996.html","doc":"Zápis ZO 3/2016","datum":"2016-02-29"},{"url":"https://www.hlidacstatu.cz/dotace/hledat?Q=ico%3A00235822","doc":"Hlídač státu – dotace obce Tuklaty (CEDR/IS ReD)","datum":null}],"confidence":"high","priblizne":false,"poloha":"stráň pod kostelem, farou a zvonicí; parcely zdroj neuvádí"}},{"type":"Feature","geometry":null,"properties":{"nazev":"Stavba tří tůní v Tlustovousech","kategorie":"zeleň","roky":[2020,2021,2022,2023],"stav":"dokončeno","naklady_kc":4132588.63,"naklady_pozn":"celkové výdaje dle webu obce; SoD Zemprastav 2 055 790 Kč vč. DPH + vícepráce 130 669,11 Kč vč. DPH (2023)","dotace":"OPŽP – ochrana přírody a krajiny; dotace 2 240 811 Kč (ZÚ 2022)","dodavatel":"ZEMPRASTAV spol. s r.o.","lokalita":{"ulice":[],"parcely":[{"ku":"Tlustovousy","parcela":"400"}],"adresa":null,"cast_obce":"Tlustovousy","popis_mista":"podmáčený pozemek u mlýna mezi Výmolou a Tuklatským potokem"},"popis":"Tři neprůtočné tůně pro retenci vody a obnovu ekologické funkce místa bývalého rybníka; realizace 30. 11. 2021 – 31. 3. 2022.","zdroje":[{"url":"https://www.tuklaty.cz/nase-obec/projekty-obce/dokoncene-projekty/tune/stavba-tuni-v-tlustovousech-510cs.html","doc":"Web obce: Stavba tůní v Tlustovousech","datum":"2022-04-29"},{"url":"https://www.e-zakazky.cz/Profil-Zadavatele/fc8a11e3-fa7f-486b-a54f-c57bc69af69d/Zakazka/P21V00000004","doc":"Profil zadavatele (e-zakazky.cz) P21V00000004: Stavba tůní v k.ú. Tlustovousy","datum":null},{"url":"https://www.tuklaty.cz/obecni-urad/zastupitelstvo/zapisy-zastupitelstva/zapis-ze-zo-c-5-2021-1171.html","doc":"Zápis ZO 5/2021","datum":"2021-05-25"},{"url":"https://www.tuklaty.cz/obecni-urad/zastupitelstvo/zapisy-zastupitelstva/zapis-ze-zo-c-6-2021-1175.html","doc":"Zápis ZO 6/2021","datum":"2021-06-02"},{"url":"https://www.tuklaty.cz/obecni-urad/zastupitelstvo/zapisy-zastupitelstva/zapis-ze-zasedani-zo-c-10-2023-1409.html","doc":"Zápis ZO 10/2023","datum":"2023-12-11"},{"url":"https://www.tuklaty.cz/obecni-urad/uredni-deska/zaverecny-ucet-obce-za-rok-2022-1364.html","doc":"Závěrečný účet obce za rok 2022 – 6. Zhodnocení činnosti obce","datum":"2023-06-29"},{"url":"https://www.hlidacstatu.cz/dotace/hledat?Q=ico%3A00235822","doc":"Hlídač státu – dotace obce Tuklaty (CEDR/IS ReD)","datum":null}],"confidence":"high","priblizne":false,"poloha":"u mlýna mezi Výmolou a Tuklatským potokem; parcela 400 v dnešním katastru není (rozdělena)"}},{"type":"Feature","geometry":null,"properties":{"nazev":"Mlýnská alej – výsadba 170 dubů a jejich prořez","kategorie":"zeleň","roky":[2021,2025],"stav":"dokončeno","naklady_kc":null,"naklady_pozn":"náklady neuvedeny","dotace":"Nadace Tipsport 20 000 Kč na prořez (2025)","dodavatel":"Sázíme s.r.o. (prořez 2025)","lokalita":{"ulice":[],"parcely":[],"adresa":null,"cast_obce":"Tlustovousy","popis_mista":"historická mlýnská cesta z okraje Tlustovous k Úvalům, 1,3 km"},"popis":"Výsadba 170 dubů s Kulturním sdružením (11/2021), navazuje na Alej úvalských dětí; výchovný řez 3/2025.","zdroje":[{"url":"https://www.tuklaty.cz/nase-obec/projekty-obce/dokoncene-projekty/prorez-stromu-v-mlynske-aleji/prorez-stromu-v-mlynske-aleji-1305cs.html","doc":"Web obce: Prořez stromů v Mlýnské aleji","datum":"2025-06-03"},{"url":"https://www.tuklaty.cz/obecni-urad/zastupitelstvo/zapisy-zastupitelstva/zapis-ze-zo-c11-2020-1087.html","doc":"Zápis ZO 11/2020","datum":"2020-10-15"}],"confidence":"medium","priblizne":false,"poloha":"polní cesta k Úvalům mimo uliční síť RÚIAN"}},{"type":"Feature","geometry":{"type":"MultiLineString","coordinates":[[[14.765476,50.082039],[14.76503,50.082],[14.76438,50.081924]],[[14.743242,50.074809],[14.741298,50.074388]],[[14.761241,50.082035],[14.761129,50.082009],[14.761062,50.081985],[14.760894,50.081895],[14.760094,50.081252],[14.759971,50.081177],[14.759886,50.081138],[14.759603,50.081053],[14.756759,50.080357],[14.756394,50.080249],[14.755992,50.080094],[14.755372,50.07984],[14.754329,50.079438],[14.752167,50.078691],[14.750306,50.078057],[14.74758,50.07705],[14.747367,50.076963],[14.747182,50.076874],[14.744099,50.075041],[14.744005,50.074999],[14.743865,50.07495],[14.743242,50.074809]],[[14.76438,50.081924],[14.76374,50.081854],[14.763598,50.081843],[14.763448,50.081842],[14.763338,50.081848],[14.762062,50.081979],[14.761526,50.082039],[14.761358,50.082045],[14.761241,50.082035]]]},"properties":{"nazev":"Výsadba stromů v ulici K Úvalům","kategorie":"zeleň","roky":[2025],"stav":"dokončeno","naklady_kc":null,"naklady_pozn":"náklady neuvedeny","dotace":null,"dodavatel":null,"lokalita":{"ulice":["K Úvalům"],"parcely":[],"adresa":null,"cast_obce":null,"popis_mista":"směr Úvaly"},"popis":"Brigáda s Mysliveckým spolkem – 30 nových stromů (6. 4. 2025), náhrada pokácených.","zdroje":[{"url":"https://www.tuklaty.cz/nase-obec/projekty-obce/dokoncene-projekty/zelen-a-nova-vysadba-stromu/vysadba-stromu-v-ulici-k-uvalum-1307cs.html","doc":"Web obce: Výsadba stromů v ulici K Úvalům","datum":"2025-06-04"}],"confidence":"high","priblizne":true,"poloha":"ulice K Úvalům; úsek zdroj neupřesňuje"}},{"type":"Feature","geometry":{"type":"Polygon","coordinates":[[[14.76883,50.085582],[14.768594,50.085698],[14.768656,50.08575],[14.768594,50.08578],[14.768534,50.08573],[14.768419,50.085815],[14.768364,50.08589],[14.768347,50.085941],[14.768365,50.085964],[14.768364,50.086027],[14.768345,50.086043],[14.768342,50.086059],[14.768377,50.086115],[14.768539,50.086267],[14.769296,50.085893],[14.769077,50.085642],[14.769,50.085597],[14.768968,50.085588],[14.76883,50.085582]],[[14.76872,50.085725],[14.768809,50.085622],[14.769077,50.085718],[14.768994,50.085818],[14.76872,50.085725]]]},"properties":{"nazev":"Ošetření dřevin na hřbitově","kategorie":"zeleň","roky":[2021,2022],"stav":"dokončeno","naklady_kc":null,"naklady_pozn":"cena neuvedena","dotace":null,"dodavatel":null,"lokalita":{"ulice":[],"parcely":[],"adresa":null,"cast_obce":"Tuklaty","popis_mista":"hřbitov Tuklaty (u kostela)"},"popis":"Dendrologický posudek a odborné ošetření stromů na hřbitově.","zdroje":[{"url":"https://www.tuklaty.cz/obecni-urad/zastupitelstvo/zapisy-zastupitelstva/zapis-ze-zo-c-1-2022-1227.html","doc":"Zápis ZO 1/2022","datum":"2022-01-25"}],"confidence":"medium","priblizne":false,"poloha":"hřbitov, parcela 25"}},{"type":"Feature","geometry":{"type":"LineString","coordinates":[[14.773726,50.081587],[14.7737,50.081863],[14.77362,50.082343],[14.773266,50.083242],[14.773207,50.083264],[14.772564,50.083197],[14.772013,50.083955],[14.771838,50.084253],[14.771812,50.084345],[14.771814,50.084404],[14.771854,50.084512],[14.77193,50.084585]]},"properties":{"nazev":"Vodovodní řad v ulici V Jezírkách","kategorie":"vodovod","roky":[2020,2021,2022,2023,2024],"stav":"dokončeno","naklady_kc":null,"naklady_pozn":"obec hradila PD a právní zajištění; občané ulice složili 2 030 000 Kč, zbytek uhradila VaK Beroun","dotace":null,"dodavatel":"VaK Beroun, a.s.","lokalita":{"ulice":["V Jezírkách"],"parcely":[],"adresa":null,"cast_obce":"Tuklaty","popis_mista":""},"popis":"Zavedení vodovodu do ulice, kde byla jen kanalizace a studny; PD 9/2021, SP 3/2022, stavba podzim 2023 – začátek 2024.","zdroje":[{"url":"https://www.tuklaty.cz/nase-obec/projekty-obce/dokoncene-projekty/vodovodni-rad/vodovodni-rad-v-ulici-v-jezirkach-1113cs.html","doc":"Web obce: Vodovodní řad v ulici V Jezírkách","datum":"2024-07-29"},{"url":"https://www.tuklaty.cz/obecni-urad/zastupitelstvo/zapisy-zastupitelstva/zapis-ze-zo-c-8-2020-1084.html","doc":"Zápis ZO 8/2020","datum":"2020-07-24"},{"url":"https://www.tuklaty.cz/obecni-urad/zastupitelstvo/zapisy-zastupitelstva/zapis-ze-zo-c-5-2021-1171.html","doc":"Zápis ZO 5/2021","datum":"2021-05-25"},{"url":"https://www.tuklaty.cz/obecni-urad/zastupitelstvo/zapisy-zastupitelstva/zapis-ze-zo-c-8-2021-1199.html","doc":"Zápis ZO 8/2021","datum":"2021-09-21"},{"url":"https://www.tuklaty.cz/obecni-urad/zastupitelstvo/zapisy-zastupitelstva/zapis-ze-zasedani-zo-c-10-2023-1409.html","doc":"Zápis ZO 10/2023","datum":"2023-12-11"}],"confidence":"high","priblizne":false,"poloha":"ulice V Jezírkách"}},{"type":"Feature","geometry":{"type":"GeometryCollection","geometries":[{"type":"Polygon","coordinates":[[[14.761896,50.095124],[14.761411,50.095045],[14.761401,50.094986],[14.761488,50.094727],[14.7614,50.094691],[14.761182,50.094934],[14.761199,50.09497],[14.760405,50.095296],[14.760485,50.09541],[14.760559,50.095423],[14.760593,50.09542],[14.760641,50.095401],[14.760519,50.095278],[14.760861,50.095149],[14.761077,50.095385],[14.760746,50.095507],[14.760684,50.095445],[14.760623,50.095491],[14.760543,50.095587],[14.760513,50.095607],[14.760585,50.095587],[14.761417,50.095935],[14.761489,50.095942],[14.761649,50.095866],[14.761689,50.095804],[14.761896,50.095124]]]},{"type":"Polygon","coordinates":[[[14.76031,50.095316],[14.760277,50.095354],[14.760406,50.095381],[14.760419,50.0954],[14.760485,50.09541],[14.760405,50.095296],[14.760378,50.095307],[14.76031,50.095316]]]}]},"properties":{"nazev":"Rozšíření ČOV Tlustovousy (investor provozovatel; obec souhlas a prodej pozemku)","kategorie":"kanalizace","roky":[2014,2015,2018,2019],"stav":"neznámo","naklady_kc":null,"naklady_pozn":"investice provozovatele; obec prodala 993 m² pozemku pod a kolem ČOV za 700 000 Kč (2019)","dotace":"provozovatel zamýšlel žádat o dotaci","dodavatel":null,"lokalita":{"ulice":[],"parcely":[{"ku":"Tlustovousy","parcela":"59/6"},{"ku":"Tlustovousy","parcela":"289/3"}],"adresa":null,"cast_obce":"Tlustovousy","popis_mista":"stávající ČOV pro obec Tuklaty"},"popis":"Kapacita ČOV vyčerpána (2014); ZO souhlasilo s rozšířením ze 850 na 1 800 EO dle PD VHS (2015); 2019 odkup pozemků Energie AG Bohemia pro rozšíření. Realizace ve zdrojích nedoložena.","zdroje":[{"url":"https://www.tuklaty.cz/obecni-urad/zastupitelstvo/zapisy-zastupitelstva/zapis-c-2-2014-965.html","doc":"Zápis ZO 2/2014","datum":"2014-03-17"},{"url":"https://www.tuklaty.cz/obecni-urad/zastupitelstvo/zapisy-zastupitelstva/zapis-c-1-2015-974.html","doc":"Zápis ZO 1/2015","datum":"2015-01-26"},{"url":"https://www.tuklaty.cz/obecni-urad/zastupitelstvo/zapisy-zastupitelstva/zapis-ze-zasedani-zo-c-2-2018-1053.html","doc":"Zápis ZO 2/2018","datum":"2018-02-12"},{"url":"https://www.tuklaty.cz/obecni-urad/zastupitelstvo/zapisy-zastupitelstva/zapis-ze-zo-c-9-2019-1071.html","doc":"Zápis ZO 9/2019","datum":"2019-07-01"},{"url":"https://www.tuklaty.cz/obecni-urad/zastupitelstvo/zapisy-zastupitelstva/zapis-ze-zo-c-10-2019-1072.html","doc":"Zápis ZO 10/2019","datum":"2019-09-02"}],"confidence":"medium","priblizne":false,"poloha":"parcely ČOV 59/6 a 289/3"}},{"type":"Feature","geometry":{"type":"Polygon","coordinates":[[[14.766088,50.086178],[14.766216,50.0861],[14.76613,50.086043],[14.766045,50.086095],[14.766066,50.086109],[14.766024,50.086136],[14.766088,50.086178]]]},"properties":{"nazev":"Výměna oken v obecním domě Ke Školce 159","kategorie":"budova","roky":[2016],"stav":"dokončeno","naklady_kc":160242,"naklady_pozn":"celková cena oken dle smlouvy Vekra (DPH neuvedeno)","dotace":null,"dodavatel":"VEKRA (dle smlouvy)","lokalita":{"ulice":["Ke Školce"],"parcely":[{"ku":"Tuklaty","parcela":"206"}],"adresa":"č.p. 159","cast_obce":"Tuklaty","popis_mista":"obecní dům č.p. 159 na p.č. 206"},"popis":"Výměna oken obecního domu.","zdroje":[{"url":"https://www.tuklaty.cz/obecni-urad/uredni-deska/zapis-c-4-2016-ze-zasedani-zastupitelstva-obce-596.html","doc":"Zápis ZO 4/2016","datum":"2016-03-21"},{"url":"https://www.tuklaty.cz/obecni-urad/zastupitelstvo/zapisy-zastupitelstva/zapis-c-5-2016-998.html","doc":"Zápis ZO 5/2016","datum":"2016-04-25"},{"url":"https://www.tuklaty.cz/obecni-urad/zastupitelstvo/zapisy-zastupitelstva/zapis-c-7-2016-1000.html","doc":"Zápis ZO 7/2016","datum":"2016-05-30"},{"url":"https://www.tuklaty.cz/obecni-urad/uredni-deska/smlouva-10-16-vekra-vymena-oken-v-dome-cp-159-906.html","doc":"Smlouva 10-16 – Vekra – výměna oken v domě č.p. 159","datum":"2016-07-14"}],"confidence":"medium","priblizne":false,"poloha":"dům Ke Školce 159"}},{"type":"Feature","geometry":{"type":"Polygon","coordinates":[[[14.767005,50.086327],[14.767087,50.086353],[14.767283,50.086074],[14.7672,50.086049],[14.767005,50.086327]]]},"properties":{"nazev":"Rekonstrukce obecního domu Ke Hřišti 22 (3 byty)","kategorie":"budova","roky":[2017,2018,2019,2024],"stav":"plánováno","naklady_kc":null,"naklady_pozn":"nenaceněno; PD a SP hotovy (ZÚ 2019); 2019 vodovodní přípojka","dotace":"čeká se na vhodný dotační titul","dodavatel":null,"lokalita":{"ulice":["Ke Hřišti"],"parcely":[],"adresa":"č.p. 22","cast_obce":"Tuklaty","popis_mista":""},"popis":"Rekonstrukce domu v havarijním stavu na 3 byty (1+kk, 3+kk, 2+kk).","zdroje":[{"url":"https://www.tuklaty.cz/nase-obec/projekty-obce/na-cem-pracujeme/rekonstrukce-obecnich-nemovitosti-529cs.html","doc":"Web obce: Rekonstrukce obecních nemovitostí","datum":"2024-08-12"},{"url":"https://www.tuklaty.cz/obecni-urad/zastupitelstvo/zapisy-zastupitelstva/zapis-ze-zo-c-10-2019-1072.html","doc":"Zápis ZO 10/2019","datum":"2019-09-02"},{"url":"https://www.tuklaty.cz/obecni-urad/uredni-deska/zaverecny-ucet-za-rok-2018-815.html","doc":"Závěrečný účet za rok 2018 – příloha (ostatní doplňující údaje)","datum":"2019-05-29"},{"url":"https://www.tuklaty.cz/obecni-urad/uredni-deska/zaverecny-ucet-za-rok-2019-762.html","doc":"Závěrečný účet za rok 2019 – příloha (ostatní doplňující údaje)","datum":"2020-05-28"}],"confidence":"medium","priblizne":false,"poloha":"dům Ke Hřišti 22"}},{"type":"Feature","geometry":{"type":"Polygon","coordinates":[[[14.757493,50.091275],[14.757542,50.091281],[14.757538,50.091292],[14.757585,50.091297],[14.757589,50.091286],[14.757648,50.091293],[14.757689,50.09114],[14.757534,50.091122],[14.757493,50.091275]]]},"properties":{"nazev":"Rekonstrukce obecního domu Ke Skalce 29 v Tlustovousech (7 bytů, sociální/nájemní bydlení)","kategorie":"budova","roky":[2017,2018,2019,2020,2021,2024,2026],"stav":"nerealizováno – dům směněn","naklady_kc":6500000,"naklady_pozn":"odhad dle projektu z r. 2018 (zápis 9/2021); PD sociální bydlení AZ Project 1 173 700 Kč vč. DPH (2017)","dotace":"žádosti IROP sociální bydlení / MF nájemní bydlení nečerpány","dodavatel":null,"lokalita":{"ulice":["Ke Skalce"],"parcely":[],"adresa":"č.p. 29","cast_obce":"Tlustovousy","popis_mista":""},"popis":"Rekonstrukce domu v havarijním stavu na 7 bytů (1 pro obecní účely). Rekonstrukce se neuskutečnila. Zastupitelstvo usnesením č. 5/2/2026 (17. 2. 2026; 7 pro, 1 proti) schválilo směnnou smlouvu s FVE Tlustovousy s.r.o.: obec odevzdává parcelu st. 1/2 s domem č. p. 29, zahradu 5/1 a parcelu 200/1 a získává ornou půdu p. č. 398, 382 a 369 (celkem 72 774 m²), bez doplatku. Usnesením č. 30/5/2026 (2. 6. 2026) byla smlouva opravena po dělení parcely 200/1. V katastru (stav k 30. 9. 2026) jsou parcely 398 a 382 již na LV obce; zápis u st. 1/2 neověřen.","zdroje":[{"url":"https://www.tuklaty.cz/obecni-urad/uredni-deska/zapis-ze-zasedani-zo-c-2-2026-1570.html","doc":"Zápis ZO 2/2026, usn. 5/2/2026","datum":"2026-02-17"},{"url":"https://www.tuklaty.cz/obecni-urad/uredni-deska/zapis-ze-zasedani-zo-c-5-2026-1603.html","doc":"Zápis ZO 5/2026, usn. 30/5/2026","datum":"2026-06-02"},{"url":"https://www.tuklaty.cz/nase-obec/projekty-obce/na-cem-pracujeme/rekonstrukce-obecnich-nemovitosti-529cs.html","doc":"Web obce: Rekonstrukce obecních nemovitostí","datum":"2024-08-12"},{"url":"https://www.e-zakazky.cz/Profil-Zadavatele/fc8a11e3-fa7f-486b-a54f-c57bc69af69d/Zakazka/P19V00000001","doc":"Profil zadavatele (e-zakazky.cz) P19V00000001: Zpracovatel PD – Sociální bydlení v obci Tuklaty","datum":null},{"url":"https://www.tuklaty.cz/obecni-urad/zastupitelstvo/zapisy-zastupitelstva/zapis-ze-zasedani-zo-c-3-2017-1040.html","doc":"Zápis ZO 3/2017","datum":"2017-03-27"},{"url":"https://www.tuklaty.cz/obecni-urad/uredni-deska/zapis-ze-zo-c-6-2019-726.html","doc":"Zápis ZO 6/2019","datum":"2019-04-15"},{"url":"https://www.tuklaty.cz/obecni-urad/zastupitelstvo/zapisy-zastupitelstva/zapis-ze-zo-c-13-2019-1075.html","doc":"Zápis ZO 13/2019","datum":"2019-11-12"},{"url":"https://www.tuklaty.cz/obecni-urad/zastupitelstvo/zapisy-zastupitelstva/zapis-ze-zo-c-3-2020-1079.html","doc":"Zápis ZO 3/2020","datum":"2020-04-16"},{"url":"https://www.tuklaty.cz/obecni-urad/zastupitelstvo/zapisy-zastupitelstva/zapis-ze-zo-c-9-2021-1207.html","doc":"Zápis ZO 9/2021","datum":"2021-10-26"},{"url":"https://www.tuklaty.cz/obecni-urad/uredni-deska/zaverecny-ucet-za-rok-2018-815.html","doc":"Závěrečný účet za rok 2018 – příloha (ostatní doplňující údaje)","datum":"2019-05-29"},{"url":"https://www.tuklaty.cz/obecni-urad/uredni-deska/zaverecny-ucet-za-rok-2019-762.html","doc":"Závěrečný účet za rok 2019 – příloha (ostatní doplňující údaje)","datum":"2020-05-28"}],"confidence":"medium","priblizne":false,"poloha":"dům Ke Skalce 29, Tlustovousy"}},{"type":"Feature","geometry":{"type":"Polygon","coordinates":[[[14.770117,50.076646],[14.770118,50.076252],[14.76867,50.07621],[14.76867,50.07663],[14.769108,50.076636],[14.77008,50.07667],[14.770117,50.076646]]]},"properties":{"nazev":"Parkovací dům / parkoviště P+R u nádraží","kategorie":"doprava","roky":[2014,2016,2017,2018,2019,2024],"stav":"plánováno","naklady_kc":null,"naklady_pozn":"nenaceněno; PD/studie BASEPOINT 1 571 790 Kč vč. DPH (smlouva 2018)","dotace":"předpoklad financování Středočeským krajem (ITI)","dodavatel":null,"lokalita":{"ulice":[],"parcely":[{"ku":"Tuklaty","parcela":"1082"}],"adresa":null,"cast_obce":"Tuklaty","popis_mista":"u železniční zastávky Tuklaty – jižní varianta (severní varianta za ul. Topolová)"},"popis":"Dlouhodobý záměr parkoviště pro cestující; smlouva o budoucí směně pozemku (10/2017), změna ÚP, architektonická studie; podmínkou bezbariérový přístup na nástupiště.","zdroje":[{"url":"https://www.tuklaty.cz/nase-obec/projekty-obce/na-cem-pracujeme/parkovaci-dum-u-nadrazi-531cs.html","doc":"Web obce: Parkovací dům u nádraží","datum":"2024-08-12"},{"url":"https://www.e-zakazky.cz/Profil-Zadavatele/fc8a11e3-fa7f-486b-a54f-c57bc69af69d/Zakazka/P19V00000003","doc":"Profil zadavatele (e-zakazky.cz) P19V00000003: Zpracovatel PD – Parkovací dům Tuklaty","datum":null},{"url":"https://www.tuklaty.cz/obecni-urad/uredni-deska/zapis-c-2-2016-ze-zasedani-zastupitelstva-obce-589.html","doc":"Zápis ZO 2/2016","datum":"2016-02-17"},{"url":"https://www.tuklaty.cz/obecni-urad/zastupitelstvo/zapisy-zastupitelstva/zapis-ze-zasedani-zo-c-2-2017-1039.html","doc":"Zápis ZO 2/2017","datum":"2017-03-13"},{"url":"https://www.tuklaty.cz/obecni-urad/zastupitelstvo/zapisy-zastupitelstva/zapis-ze-zasedani-zo-c-13-2017-1050.html","doc":"Zápis ZO 13/2017","datum":"2017-10-30"},{"url":"https://www.tuklaty.cz/obecni-urad/zastupitelstvo/zapisy-zastupitelstva/zapis-ze-zo-c-10-2019-1072.html","doc":"Zápis ZO 10/2019","datum":"2019-09-02"},{"url":"https://www.tuklaty.cz/obecni-urad/uredni-deska/zaverecny-ucet-za-rok-2018-815.html","doc":"Závěrečný účet za rok 2018 – příloha (ostatní doplňující údaje)","datum":"2019-05-29"},{"url":"https://www.tuklaty.cz/obecni-urad/uredni-deska/zaverecny-ucet-za-rok-2019-762.html","doc":"Závěrečný účet za rok 2019 – příloha (ostatní doplňující údaje)","datum":"2020-05-28"}],"confidence":"medium","priblizne":true,"poloha":"parcela 1082/2 u zastávky (získána směnou); stavba zatím jen v přípravě"}},{"type":"Feature","geometry":{"type":"Polygon","coordinates":[[[14.75217,50.090619],[14.751079,50.090425],[14.750717,50.091293],[14.751779,50.091486],[14.75217,50.090619]]]},"properties":{"nazev":"Domov pro seniory (koncese, prodej obecního pozemku)","kategorie":"budova","roky":[2025,2026],"stav":"plánováno","naklady_kc":null,"naklady_pozn":"investice koncesionáře; obec očekává z prodeje pozemku min. cca 30 mil. Kč (na tělocvičnu ZŠ)","dotace":null,"dodavatel":null,"lokalita":{"ulice":["Úvalská"],"parcely":[{"ku":"Tlustovousy","parcela":"400/8"}],"adresa":null,"cast_obce":"Tlustovousy","popis_mista":"pozemek cca 8 000 m² u ulice Úvalská"},"popis":"Koncesní řízení na projektování, výstavbu a provoz domova pro seniory (cca 100 lůžek); urbanistická studie a manuál využití pozemku 2025, koncese vyhlášena 7/2026.","zdroje":[{"url":"https://www.tuklaty.cz/nase-obec/projekty-obce/na-cem-pracujeme/domov-pro-seniory-1325cs.html","doc":"Web obce: Domov pro seniory","datum":"2025-07-21"},{"url":"https://www.e-zakazky.cz/Profil-Zadavatele/fc8a11e3-fa7f-486b-a54f-c57bc69af69d/Zakazka/P26V00000003","doc":"Profil zadavatele (e-zakazky.cz) P26V00000003: Domov pro seniory Tuklaty (koncesní řízení)","datum":"2026-07-09"},{"url":"https://www.tuklaty.cz/obecni-urad/uredni-deska/zapis-ze-zasedani-zo-c-1-2025-1557.html","doc":"Zápis ZO 1/2025","datum":"2025-02-18"},{"url":"https://www.tuklaty.cz/obecni-urad/uredni-deska/zapis-ze-zasedani-zo-c-5-2026-1603.html","doc":"Zápis ZO 5/2026","datum":"2026-06-02"},{"url":"https://www.tuklaty.cz/obecni-urad/uredni-deska/zapis-ze-zasedani-zo-c-6-2026-1608.html","doc":"Zápis ZO 6/2026","datum":"2026-06-23"},{"url":"https://www.tuklaty.cz/obecni-urad/uredni-deska/zaverecny-ucet-obce-za-rok-2025-1610.html","doc":"Závěrečný účet obce za rok 2025 – 6. Zhodnocení činnosti obce","datum":"2026-07-03"},{"url":"https://kolinsky.denik.cz/zpravy-region/tuklaty-pozemek-domov-senioru-prodej-zastupitelstvo/","doc":"Kolínský deník: Tuklaty chystají prodej pozemku na stavbu domova seniorů","datum":"2025-02-24"}],"confidence":"high","priblizne":false,"poloha":"prodávaný pozemek 400/8, Tlustovousy"}},{"type":"Feature","geometry":null,"properties":{"nazev":"Změna systému svozu odpadu – kompostéry, nádoby a štěpkovač","kategorie":"jiné","roky":[2025],"stav":"dokončeno","naklady_kc":2949012,"naklady_pozn":"celkové náklady na vybavení dle ZÚ 2025 (zakázka 2 437 200 Kč bez DPH)","dotace":"MŽP/EU – předcházení vzniku odpadů 1 461 198,42 Kč","dodavatel":"Komunální technika, s.r.o.","lokalita":{"ulice":[],"parcely":[],"adresa":null,"cast_obce":null,"popis_mista":"celá obec – zmenšení kontejnerových hnízd"},"popis":"Domácí kompostéry, nádoby na papír a plast (svoz od domu), štěpkovač.","zdroje":[{"url":"https://www.tuklaty.cz/nase-obec/projekty-obce/na-cem-pracujeme/zmena-systemu-svozu-odpadu-1337cs.html","doc":"Web obce: Změna systému svozu odpadu","datum":"2025-07-16"},{"url":"https://www.e-zakazky.cz/Profil-Zadavatele/fc8a11e3-fa7f-486b-a54f-c57bc69af69d/Zakazka/P25V00000002","doc":"Profil zadavatele (e-zakazky.cz) P25V00000002: Podpora domácího kompostování a rozšíření systému separace odpadů","datum":"2025-05-29"},{"url":"https://www.tuklaty.cz/obecni-urad/uredni-deska/zapis-ze-zasedani-zo-c-3-2025-1516.html","doc":"Zápis ZO 3/2025","datum":"2025-06-23"},{"url":"https://www.tuklaty.cz/obecni-urad/uredni-deska/zaverecny-ucet-obce-za-rok-2025-1610.html","doc":"Závěrečný účet obce za rok 2025 – 6. Zhodnocení činnosti obce","datum":"2026-07-03"}],"confidence":"high","priblizne":false,"poloha":"celá obec"}},{"type":"Feature","geometry":null,"properties":{"nazev":"Traktor Kubota s příslušenstvím (lesní technika)","kategorie":"jiné","roky":[2025],"stav":"dokončeno","naklady_kc":1324769,"naklady_pozn":"celková cena dle ZÚ 2025 (zakázka 1 094 850 Kč bez DPH); financováno úvěrem PGRLF","dotace":"PGRLF – snížení jistiny úvěru 500 000 Kč","dodavatel":"VOBOSYSTÉM s.r.o.","lokalita":{"ulice":[],"parcely":[],"adresa":null,"cast_obce":null,"popis_mista":""},"popis":"Traktor pro údržbu komunikací a obecních ploch.","zdroje":[{"url":"https://www.e-zakazky.cz/Profil-Zadavatele/fc8a11e3-fa7f-486b-a54f-c57bc69af69d/Zakazka/P25V00000004","doc":"Profil zadavatele (e-zakazky.cz) P25V00000004: Obec Tuklaty – Lesní technika","datum":"2025-09-22"},{"url":"https://www.tuklaty.cz/obecni-urad/uredni-deska/zapis-ze-zasedani-zo-c-6-2025-1542.html","doc":"Zápis ZO 6/2025","datum":"2025-12-02"},{"url":"https://www.tuklaty.cz/obecni-urad/uredni-deska/zaverecny-ucet-obce-za-rok-2025-1610.html","doc":"Závěrečný účet obce za rok 2025 – 6. Zhodnocení činnosti obce","datum":"2026-07-03"}],"confidence":"high","priblizne":false,"poloha":"stroj, bez polohy"}},{"type":"Feature","geometry":null,"properties":{"nazev":"Nákup multikáry","kategorie":"jiné","roky":[2016],"stav":"dokončeno","naklady_kc":199000,"naklady_pozn":"kupní cena vozidla","dotace":null,"dodavatel":null,"lokalita":{"ulice":[],"parcely":[],"adresa":null,"cast_obce":null,"popis_mista":""},"popis":"Nákup užitkového vozidla pro údržbu obce.","zdroje":[{"url":"https://www.tuklaty.cz/obecni-urad/uredni-deska/smlouva-12-16-nakup-multikary-908.html","doc":"Smlouva 12-16 Nákup multikáry","datum":"2016-07-14"}],"confidence":"medium","priblizne":false,"poloha":"stroj, bez polohy"}},{"type":"Feature","geometry":null,"properties":{"nazev":"Úschovna kol v čekárně na nádraží","kategorie":"doprava","roky":[2021],"stav":"dokončeno","naklady_kc":null,"naklady_pozn":"bez investičních nákladů (využití čekárny)","dotace":null,"dodavatel":null,"lokalita":{"ulice":[],"parcely":[],"adresa":null,"cast_obce":"Tuklaty","popis_mista":"čekárna na železniční zastávce Tuklaty"},"popis":"Obec umožnila v letních měsících úschovu kol v uzamčené čekárně (klíč za poplatek na OÚ).","zdroje":[{"url":"https://www.tuklaty.cz/modules/file_storage/download.php?file=3487a148%7C147&inline=1","doc":"Zpravodaj Tuklat a Tlustovous č. 3/2021","datum":null}],"confidence":"medium","priblizne":true,"poloha":"čekárna na železniční zastávce Tuklaty (v RÚIAN není jako budova)"}},{"type":"Feature","geometry":null,"properties":{"nazev":"Pracovní vůz GAS se sundavacím kontejnerem (náhrada multikáry)","kategorie":"technika","roky":[2023],"stav":"dokončeno","naklady_kc":1013980,"naklady_pozn":"akontace 400 000 Kč + 613 980 Kč ve 48 splátkách leasingu UniCredit Leasing vč. pojištění","dotace":null,"dodavatel":"ELTRANS Liberec s.r.o.","popis":"V lednu 2023 zastupitelstvo schválilo cenový strop 600 000 Kč na náhradu dosluhující multikáry (usn. 4/1/2023, 8 pro). V červnu pak schválilo nákup nového vozu zn. GAS se sundavacím kontejnerem s financováním přes leasing (usn. 46/5/2023, 7 pro); celková částka 1 013 980 Kč strop převyšuje. Značka byla vybrána i na doporučení okolních obcí. Dodání bylo plánováno na přelom září a října 2023, vůz byl převzat 7. 12. 2023 (příspěvek obce na Facebooku z 8. 12. 2023 s fotografií vozu). Druh pohonu zdroje neuvádějí.","zdroje":[{"url":"https://www.tuklaty.cz/obecni-urad/zastupitelstvo/zapisy-zastupitelstva/zapis-ze-zo-c-1-2023-1323.html","doc":"Zápis ZO 1/2023, usn. 4/1/2023","datum":"2023-01-17"},{"url":"https://www.tuklaty.cz/obecni-urad/zastupitelstvo/zapisy-zastupitelstva/zapis-ze-zo-c-5-2023-1365.html","doc":"Zápis ZO 5/2023, usn. 46/5/2023","datum":"2023-06-27"},{"url":"https://www.facebook.com/photo.php?fbid=1354661818585492&set=pb.100021250611366.-2207520000&type=3","doc":"Facebook obce: převzetí vozu (8. 12. 2023)","datum":"2023-12-08"}],"priblizne":false,"poloha":"vozidlo, bez polohy"}}]}